date,state,event_id,event_active,deployment_fraction,P,S,G,E,R_proxy,target_asset_weight,executed_asset_weight,asset_return,cash_return,turnover,transaction_cost,gross_return,portfolio_return,equity,drawdown
2016-07-25,DATA_GUARD,0,False,0.0,3.851095993953143,77.5586266854815,66.28618636582884,30.493579203693017,18.647355671803695,0.35,0.35,0.0,7.738095238095238e-06,0.0,0.0,5.029761904761905e-06,5.029761904761905e-06,100000.50297619047,0.0
2016-07-26,DATA_GUARD,0,False,0.0,5.468631897203331,73.87405150669305,66.47797758799264,30.80174595488802,31.155264937760645,0.35,0.35,0.0011437620974839025,7.3412698412698415e-06,0.0,0.0,0.00040508855951619125,0.00040508855951619125,100041.012035892,0.0
2016-07-27,DATA_GUARD,0,False,0.0,6.50415721844294,70.31712228119206,67.52307640547485,36.07538034686679,44.47269529645439,0.35,0.35,0.006942613586431001,6.944444444444444e-06,0.0,0.0,0.002434428644139739,0.002434428644139739,100284.5547411809,0.0
2016-07-28,DATA_GUARD,0,False,0.0,4.542705971277406,70.54101072924267,70.03188776730246,33.497054174958045,51.51156765453916,0.35,0.35,0.0034910106475825042,6.944444444444444e-06,0.0,0.0,0.0012263676155427653,0.0012263676155427653,100407.54047145462,0.0
2016-07-29,DATA_GUARD,0,False,0.0,1.9614512471655383,73.57160218537092,73.79587260298322,32.09428924790484,49.70358973453873,0.35,0.35,0.0021742911810749277,4.563492063492064e-06,0.0,0.0,0.0007639681832174945,0.0007639681832174945,100484.24863772994,0.0
2016-08-01,DATA_GUARD,0,False,0.0,0.0,76.91407481483638,75.5279296412806,28.43815937102858,50.1186023012217,0.35,0.35,0.005293760305475903,5.7539682539682555e-06,0.0,0.0,0.0018565561862816451,0.0018565561862816451,100670.80329116216,0.0
2016-08-02,DATA_GUARD,0,False,0.0,0.0,74.06223865417668,74.35430512029757,34.766897135052275,52.32756544097243,0.35,0.35,-0.007596685082873034,6.15079365079365e-06,0.0,0.0,-0.0026548417631325457,-0.0026548417631325457,100403.53823825667,-0.002654841763132576
2016-08-03,DATA_GUARD,0,False,0.0,0.4421768707483044,68.79934879934878,72.6965618433892,41.11396971785505,56.45309853709376,0.35,0.35,0.0033054975643702633,6.15079365079365e-06,0.0,0.0,0.0011609221634026078,0.0011609221634026078,100520.09893108152,-0.0014970016643729434
2016-08-04,DATA_GUARD,0,False,0.0,0.45918367346939265,62.8174603174603,72.15791105341405,49.30114638447969,55.91931216931216,0.35,0.35,0.002861106294433924,5.7539682539682555e-06,0.0,0.0,0.0010051272824169526,0.0010051272824169526,100621.1344249484,-0.0004933790591707954
2016-08-05,DATA_GUARD,0,False,0.0,0.45918367346939265,64.512617012617,75.37828540269369,44.3959435626102,51.593915343915334,0.35,0.35,0.00959626523731294,4.9603174603174595e-06,0.0,0.0,0.0033619170394087352,0.0033619170394087352,100959.41433129627,0.0
2016-08-08,DATA_GUARD,0,False,0.0,0.01700680272109303,66.05311355311353,77.12260387764704,43.209876543209845,48.69708994708994,0.35,0.35,-0.0011132043158074145,5.7539682539682555e-06,0.0,0.0,-0.0003858814311675157,-0.0003858814311675157,100920.45596800427,-0.00038588143116757845
2016-08-09,DATA_GUARD,0,False,0.0,0.0,69.35083435083435,77.46334953044892,36.69091710758375,48.73677248677247,0.35,0.35,0.0023146163737677306,6.944444444444444e-06,0.0,0.0,0.0008146296197075945,0.0008146296197075945,101002.66876067022,0.0
2016-08-10,DATA_GUARD,0,False,0.0,0.0,66.60256410256409,75.44046495364303,39.6869488536155,51.19708994708994,0.35,0.35,-0.0025658569962366817,6.15079365079365e-06,0.0,0.0,-0.0008940519328098226,-0.0008940519328098226,100912.36712944577,-0.0008940519328100027
2016-08-11,DATA_GUARD,0,False,0.0,0.0,65.82214082214081,74.82889337363305,35.65476190476188,52.0701058201058,0.35,0.35,0.004287429257417319,5.7539682539682555e-06,0.0,0.0,0.0015043403194611408,0.0015043403194611408,101064.17367205088,0.0
2016-08-12,DATA_GUARD,0,False,0.0,1.007180650037798,61.730769230769205,75.08413867228691,39.77513227513225,51.68650793650793,0.35,0.35,0.000683060109289535,5.7539682539682555e-06,0.0,0.0,0.00024281111761641658,0.00024281111761641658,101088.71317701116,0.0
2016-08-15,DATA_GUARD,0,False,0.0,1.1621315192743815,61.89560439560437,76.16419695883293,37.506613756613724,50.2116402116402,0.35,0.35,0.00426621160409546,6.15079365079365e-06,0.0,0.0,0.0014971720773064268,0.0014971720773064268,101240.06037571063,0.0
2016-08-16,DATA_GUARD,0,False,0.0,3.473167044595622,57.61294261294259,74.5354683615317,45.864197530864175,52.123015873015866,0.35,0.35,-0.005522514868309347,6.944444444444444e-06,0.0,0.0,-0.0019283663150193825,-0.0019283663150193825,101044.83245355159,-0.0019283663150193586
2016-08-17,DATA_GUARD,0,False,0.0,3.287981859410437,55.878103378103354,72.39380695212151,48.97045855379185,54.953703703703695,0.35,0.35,0.0017941050832979144,5.357142857142857e-06,0.0,0.0,0.0006314189220114129,0.0006314189220114129,101108.63407273423,-0.0012981649999878053
2016-08-18,DATA_GUARD,0,False,0.0,3.4939531368102856,53.35673585673584,71.05992246859078,55.414462081128725,55.78042328042327,0.35,0.35,0.0002558417192564111,6.547619047619047e-06,0.0,0.0,9.380055412069626e-05,9.380055412069626e-05,101118.11811863663,-0.0012044862144635626
2016-08-19,DATA_GUARD,0,False,0.0,1.6761148904006102,54.9165649165649,71.44004071225187,55.04188712522043,52.29497354497354,0.35,0.35,-0.0002557762810129205,6.547619047619047e-06,0.0,0.0,-8.526574597356979e-05,-8.526574597356979e-05,101109.4962068638,-0.0012896492590215303
2016-08-22,DATA_GUARD,0,False,0.0,2.020030234315954,53.827838827838804,72.43265022436016,57.8769841269841,50.05291005291005,0.35,0.35,0.0007675251577690112,6.547619047619047e-06,0.0,0.0,0.00027288975760010625,0.00027288975760010625,101137.08795277476,-0.0010171114334951437
2016-08-23,DATA_GUARD,0,False,0.0,1.7365835222978132,53.423890923890916,72.73695771728019,56.66446208112871,50.27116402116402,0.35,0.35,0.001789518534299095,6.15079365079365e-06,0.0,0.0,0.000630329502877699,0.000630329502877699,101200.83764314653,-0.00038742304596162125
2016-08-24,DATA_GUARD,0,False,0.0,3.478835978835985,43.226495726495706,69.6372149603841,59.66049382716046,55.224867724867714,0.35,0.35,-0.006464783940115737,6.547619047619047e-06,0.0,0.0,-0.0022584184266595557,-0.0022584184266595557,100972.28380661986,-0.0026449665092753705
2016-08-25,DATA_GUARD,0,False,0.0,5.958049886621322,33.07997557997556,63.95605061881192,62.5617283950617,59.19312169312169,0.35,0.35,-0.0016267123287670993,6.944444444444444e-06,0.0,0.0,-0.0005648354261795958,-0.0005648354261795958,100915.25108366364,-0.0032083079646693102
2016-08-26,DATA_GUARD,0,False,0.0,10.149281934996228,27.126577126577107,58.261849977512554,67.54409171075834,61.944444444444436,0.35,0.35,0.0014578509561786746,7.738095238095238e-06,0.0,0.0,0.0005152775965672979,0.0005152775965672979,100967.25045169902,-0.0026946835373190536
2016-08-29,DATA_GUARD,0,False,0.0,11.014739229024952,31.77960927960926,56.928293094062816,66.22795414462077,61.269841269841265,0.35,0.35,0.0013700976194552794,8.134920634920636e-06,0.0,0.0,0.00048482186522204616,0.00048482186522204616,101016.20158238933,-0.002211168113595896
2016-08-30,DATA_GUARD,0,False,0.0,10.68594104308391,37.35551485551483,57.114118594674856,66.7085537918871,60.84656084656084,0.35,0.35,-0.003249529673336693,7.738095238095238e-06,0.0,0.0,-0.0011323056237630806,-0.0011323056237630806,100901.8203692464,-0.0033409700192689185
2016-08-31,DATA_GUARD,0,False,0.0,7.666288737717317,33.35571835571834,56.20814226191913,66.41534391534388,61.772486772486765,0.35,0.35,-0.0010295126973233204,7.738095238095238e-06,0.0,0.0,-0.0003552996821584002,-0.0003552996821584002,100865.96998454,-0.0036950826558413974
2016-09-01,DATA_GUARD,0,False,0.0,5.304232804232812,34.39458689458687,55.026491220152906,65.44532627865958,63.16137566137565,0.35,0.35,0.002576434215046275,7.738095238095238e-06,0.0,0.0,0.000906781737170958,0.000906781737170958,100957.433404024,-0.0027916515521402285
2016-09-02,DATA_GUARD,0,False,0.0,2.1560846560846625,39.078144078144064,56.643042729847956,59.45987654320984,61.21693121693121,0.35,0.35,0.00325509679629965,7.738095238095238e-06,0.0,0.0,0.0011443136406096394,0.0011443136406096394,101072.96037218918,-0.0016505324364815
2016-09-06,DATA_GUARD,0,False,0.0,0.9070294784580563,49.877899877899864,60.89131675368393,49.63624338624336,58.39285714285713,0.35,0.35,0.006232923497267562,7.738095238095238e-06,0.0,0.0,0.0021865529859484084,0.0021865529859484084,101293.96175548964,0.0
2016-09-07,DATA_GUARD,0,False,0.0,0.1681783824641027,56.06532356532355,64.69248249502756,39.46428571428569,54.279100529100525,0.35,0.35,0.0005939753924479874,7.3412698412698415e-06,0.0,0.0,0.00021266321275362096,0.00021266321275362096,101315.50325482912,0.0
2016-09-08,DATA_GUARD,0,False,0.0,0.0,56.77146927146925,64.46859332698008,36.71296296296293,54.52380952380952,0.35,0.35,-0.005851424694708229,8.134920634920636e-06,0.0,0.0,-0.0020427109447351817,-0.0020427109447351817,101108.54496745914,-0.002042710944735071
2016-09-09,DATA_GUARD,0,False,0.0,12.550018979235853,40.81298331298329,52.58503467789355,51.48567019400349,61.2037037037037,0.35,0.35,-0.02516420711421996,8.53174603174603e-06,0.0,0.0,-0.008801926855056352,-0.008801926855056352,100218.5949502344,-0.010826658007469736
2016-09-12,DATA_GUARD,0,False,0.0,15.90413840478385,34.76190476190474,46.82068265238669,63.90630511463841,57.1031746031746,0.35,0.35,0.01793839691984589,8.53174603174603e-06,0.0,0.0,0.006283984556866696,0.006283984556866696,100848.36705321257,-0.004610708002324215
2016-09-13,DATA_GUARD,0,False,0.0,27.52889034857424,25.912698412698393,37.82879811254853,76.1241181657848,60.74074074074074,0.35,0.35,-0.008940084243101443,9.325396825396825e-06,0.0,0.0,-0.003122967977148997,-0.003122967977148997,100533.42083235762,-0.007719276886030024
2016-09-14,DATA_GUARD,0,False,0.0,26.30983537887384,32.67602767602766,40.004381822297354,75.44091710758373,59.11375661375661,0.35,0.35,0.004770578541070325,8.928571428571428e-06,0.0,0.0,0.0016755060608031852,0.0016755060608031852,100701.86518827551,-0.006056704520434386
2016-09-15,DATA_GUARD,0,False,0.0,27.065693277588878,35.551485551485534,41.54189645306699,70.50925925925922,60.29761904761904,0.35,0.35,0.015538674033149125,7.738095238095238e-06,0.0,0.0,0.005443565673506955,0.005443565673506955,101250.04240487254,-0.0006461089157493438
2016-09-16,DATA_GUARD,0,False,0.0,15.440941333798486,50.64407814407813,49.6287910710509,54.609788359788325,47.65873015873015,0.35,0.35,-0.00047713362801760084,6.15079365079365e-06,0.0,0.0,-0.0001629987539331444,-0.0001629987539331444,101233.53877412487,-0.0008090023547343561
2016-09-19,DATA_GUARD,0,False,0.0,5.995842781557073,57.65059015059014,54.05865517459542,43.30467372134035,37.347883597883595,0.35,0.35,-0.004348196777218871,6.547619047619047e-06,0.0,0.0,-0.0015176129196456524,-0.0015176129196456524,101079.9054477798,-0.002325387521954436
2016-09-20,DATA_GUARD,0,False,0.0,1.8858654572940339,60.35816035816035,52.808504357473595,37.61684303350967,37.857142857142854,0.35,0.35,0.0018838842267512312,6.547619047619047e-06,0.0,0.0,0.0006636154317438833,0.0006636154317438833,101146.98363287415,-0.0016633152532550266
2016-09-21,DATA_GUARD,0,False,0.0,1.8858654572940339,61.54761904761904,55.30891992648602,31.220238095238063,36.67328042328042,0.35,0.35,0.009829059829059794,6.547619047619047e-06,0.0,0.0,0.00344442689255188,0.00344442689255188,101495.37702339975,0.0
2016-09-22,DATA_GUARD,0,False,0.0,0.0,72.12148962148962,63.472096990505406,22.34457671957669,27.400793650793645,0.35,0.35,0.007955988150655902,3.3730158730158734e-06,0.0,0.0,0.0027867883130470255,0.0027867883130470255,101778.22315391684,0.0
2016-09-23,DATA_GUARD,0,False,0.0,0.0,77.45726495726494,70.93400793118765,22.889109347442652,17.149470899470895,0.35,0.35,-0.006381728104794759,1.7857142857142853e-06,0.0,0.0,-0.0022324441223924513,-0.0022324441223924513,101551.00895784934,-0.0022324441223924296
2016-09-26,DATA_GUARD,0,False,0.0,1.0336356764928243,69.62454212454212,68.14437397614581,33.34215167548498,21.223544973544968,0.35,0.35,-0.008366432857263573,1.7857142857142853e-06,0.0,0.0,-0.002927090785756536,-0.002927090785756536,101253.75993524455,-0.005153000341528435
2016-09-27,DATA_GUARD,0,False,0.0,1.0336356764928243,66.67073667073666,66.58629529095987,37.746913580246876,25.178571428571427,0.35,0.35,0.009885801943071426,4.563492063492064e-06,0.0,0.0,0.0034629969499162683,0.0034629969499162683,101604.40139706785,-0.001707848216077834
2016-09-28,DATA_GUARD,0,False,0.0,1.6402116402116453,63.130850630850624,66.5582727046013,38.359788359788325,28.379629629629623,0.35,0.35,0.0016877637130801038,4.9603174603174595e-06,0.0,0.0,0.0005939415059272425,0.0005939415059272425,101664.74846824247,-0.001114921072091879
2016-09-29,DATA_GUARD,0,False,0.0,5.975056689342408,59.73341473341472,67.18928128037678,43.21428571428569,27.109788359788354,0.35,0.35,-0.007245155855096885,5.357142857142857e-06,0.0,0.0,-0.002532322406426767,-0.002532322406426767,101407.3005477526,-0.0036444201389063124
2016-09-30,DATA_GUARD,0,False,0.0,9.064625850340141,53.75457875457874,66.02723586193333,47.17151675485005,28.08201058201057,0.35,0.35,0.00746775288526802,4.9603174603174595e-06,0.0,0.0,0.002616937716193013,0.002616937716193013,101672.67713725334,-0.0010370196432284429
2016-10-03,DATA_GUARD,0,False,0.0,8.45804988662132,52.67297517297516,63.08719032652772,47.35449735449732,30.27116402116401,0.35,0.35,-0.0014319407008086538,6.15079365079365e-06,0.0,0.0,-0.000497181229410013,-0.000497181229410013,101622.12739063683,-0.0015336852859373362
2016-10-04,DATA_GUARD,0,False,0.0,6.160241874527595,55.04985754985754,62.660415423191814,43.81393298059962,30.310846560846553,0.35,0.35,-0.0015183466891606212,7.3412698412698415e-06,0.0,0.0,-0.000526649515809392,-0.000526649515809392,101568.60814645104,-0.002059527087133528
2016-10-05,DATA_GUARD,0,False,0.0,5.476190476190482,53.98962148962148,61.00934184592308,44.38712522045852,31.593915343915338,0.35,0.35,0.003548196333530429,7.738095238095238e-06,0.0,0.0,0.001246898478640412,0.001246898478640412,101695.25388942646,-0.0008151966296848778
2016-10-06,DATA_GUARD,0,False,0.0,5.476190476190482,52.395197395197386,59.82258559652533,44.61419753086417,31.48148148148147,0.35,0.35,-0.0005050930212980864,7.3412698412698415e-06,0.0,0.0,-0.00017201073205750484,-0.00017201073205750484,101677.76121435816,-0.0009870671391732921
2016-10-07,DATA_GUARD,0,False,0.0,3.8964474678760452,52.847985347985336,60.422622393636026,46.569664902998205,35.350529100529094,0.35,0.35,-0.002189842499789485,7.738095238095238e-06,0.0,0.0,-0.0007614151130215578,-0.0007614151130215578,101600.34223031136,-0.001747730684357407
2016-10-10,DATA_GUARD,0,False,0.0,1.4909297052154245,55.95136345136344,60.14909918630777,42.88029100529098,42.347883597883595,0.35,0.35,0.006330716637123368,7.738095238095238e-06,0.0,0.0,0.0022207805848979407,0.0022207805848979407,101825.97429775541,0.0
2016-10-11,DATA_GUARD,0,False,0.0,6.269841269841277,44.374236874236864,54.29727759587365,52.329144620811256,53.63756613756613,0.35,0.35,-0.014259352457641317,7.738095238095238e-06,0.0,0.0,-0.0049857435982696985,-0.0049857435982696985,101318.29609826281,-0.004985743598269643
2016-10-12,DATA_GUARD,0,False,0.0,12.41723356009071,33.09625559625558,46.99275316942314,57.82297178130508,60.44973544973544,0.35,0.35,-0.0008509189925118843,8.53174603174603e-06,0.0,0.0,-0.00029227601245852456,-0.00029227601245852456,101288.68319069014,-0.005276562397469986
2016-10-13,DATA_GUARD,0,False,0.0,22.56538170823886,17.60480260480259,37.290830752563714,71.49691358024688,68.4126984126984,0.35,0.35,-0.0035769034236076136,9.325396825396825e-06,0.0,0.0,-0.0012458546903261567,-0.0012458546903261567,101162.49220966005,-0.006515843257784426
2016-10-14,DATA_GUARD,0,False,0.0,26.09448223733939,20.910663410663393,34.42226373188985,73.50529100529097,71.66666666666666,0.35,0.35,0.0011965811965812811,6.547619047619047e-06,0.0,0.0,0.00042305937118440075,0.00042305937118440075,101205.28995000174,-0.006095540475151262
2016-10-17,DATA_GUARD,0,False,0.0,28.24036281179139,19.908424908424895,32.648328063155276,76.58289241622572,74.48412698412697,0.35,0.35,-0.0027317739457060064,7.3412698412698415e-06,0.0,0.0,-0.0009513490556002768,-0.0009513490556002768,101109.00839298604,-0.0070410905440772
2016-10-18,DATA_GUARD,0,False,0.0,19.961073318216183,30.181115181115164,35.28197050547994,70.89726631393295,72.07010582010581,0.35,0.35,0.008902585173771627,8.134920634920636e-06,0.0,0.0,0.0031211925092327676,0.0031211925092327676,101424.58907259817,-0.003941874633907494
2016-10-19,DATA_GUARD,0,False,0.0,11.79856386999245,35.687830687830676,37.988896422554255,64.57451499118163,69.14021164021163,0.35,0.35,-8.484642796546815e-05,8.134920634920636e-06,0.0,0.0,-2.4408551375215438e-05,-2.4408551375215438e-05,101422.11344530508,-0.003966186969833307
2016-10-20,DATA_GUARD,0,False,0.0,2.0143613000755916,49.33658933658932,41.864306859553494,54.06084656084653,63.690476190476176,0.35,0.35,-0.0011879507848960857,8.53174603174603e-06,0.0,0.0,-0.0004102371397929951,-0.0004102371397929951,101380.50632757352,-0.004374797032427824
2016-10-21,DATA_GUARD,0,False,0.0,0.14550264550265032,54.13207163207162,44.80553458187928,49.131393298059926,59.84126984126983,0.35,0.35,0.003738000169909217,8.53174603174603e-06,0.0,0.0,0.0013138456943888608,0.0013138456943888608,101513.70466930696,-0.00306669914628388
2016-10-24,DATA_GUARD,0,False,0.0,0.0,62.58852258852258,50.5736487274443,36.837522045855344,54.57671957671957,0.35,0.35,0.012018620397799218,8.134920634920636e-06,0.0,0.0,0.004211804837642424,0.004211804837642424,101941.26058172015,0.0
2016-10-25,DATA_GUARD,0,False,0.0,0.0,65.82010582010581,52.560984902342334,30.468474426807727,55.9259259259259,0.35,0.35,-0.0031780546959939704,7.738095238095238e-06,0.0,0.0,-0.0011072893816931276,-0.0011072893816931276,101828.38210632159,-0.0011072893816932439
2016-10-26,DATA_GUARD,0,False,0.0,0.5782312925170114,62.94464794464793,50.09115631180091,29.73875661375658,59.43783068783068,0.35,0.35,-0.00679587213692423,8.134920634920636e-06,0.0,0.0,-0.002373267549510782,-0.002373267549510782,101586.71611144947,-0.003477929037246641
2016-10-27,DATA_GUARD,0,False,0.0,6.636054421768712,50.310075229430055,41.888328874568515,43.116903849662435,68.09523809523809,0.35,0.35,-0.004561581348200616,7.738095238095238e-06,0.0,0.0,-0.0015915237099654537,-0.0015915237099654537,101425.03844414056,-0.00506391754068769
2016-10-28,DATA_GUARD,0,False,0.0,18.106487283782037,35.25743391166777,33.761960145280845,54.20227262360879,74.23280423280421,0.35,0.35,-0.006279701289884643,6.547619047619047e-06,0.0,0.0,-0.0021936394990786728,-0.0021936394990786728,101202.54847361392,-0.007246448630229163
2016-10-31,DATA_GUARD,0,False,0.0,32.25486800359133,25.161788816022668,27.797131414032567,64.29247935174656,80.68783068783068,0.35,0.35,-0.0009393680614858679,6.547619047619047e-06,0.0,0.0,-0.0003245228691391014,-0.0003245228691391014,101169.70593221908,-0.007568619861067605
2016-11-01,DATA_GUARD,0,False,0.0,44.31400402965978,19.527411246161225,22.215191258347463,70.23242063651543,85.97751322751321,0.35,0.35,-0.007522010428241743,8.134920634920636e-06,0.0,0.0,-0.0026274159514719114,-0.0026274159514719114,100903.89103304704,-0.010176149899985942
2016-11-02,DATA_GUARD,0,False,0.0,53.005825669284604,17.28884847565635,18.2987935877352,76.95395671978274,89.53439153439153,0.35,0.35,-0.008009646025320727,8.53174603174603e-06,0.0,0.0,-0.0027978304739416193,-0.0027978304739416193,100621.5790517755,-0.01294550923163007
2016-11-03,DATA_GUARD,0,False,0.0,60.713407425790045,16.422812234857304,13.830013380787562,79.26432094799685,91.92724867724866,0.35,0.35,-0.009810731029692765,9.325396825396825e-06,0.0,0.0,-0.0034276943524559596,-0.0034276943524559596,100276.67903352453,-0.016328830335202937
2016-11-04,DATA_GUARD,0,False,0.0,65.5194473159924,15.403472372600191,11.039982482286126,80.94491066756707,93.19047619047619,0.35,0.35,-0.003507233669443166,9.722222222222223e-06,0.0,0.0,-0.0012212123398606636,-0.0012212123398606636,100154.21991568856,-0.017530101705962586
2016-11-07,DATA_GUARD,0,False,0.0,58.23972271277162,25.946379954506327,12.772689503139846,75.31165113055046,89.12433862433859,0.35,0.35,0.023757149142102918,9.722222222222223e-06,0.0,0.0,0.008321321644180465,0.008321321644180465,100987.63539362898,-0.009354653676532765
2016-11-08,DATA_GUARD,0,False,0.0,45.755921122669314,37.57475976319188,17.235866378723717,67.66620736133159,86.21560846560844,0.35,0.35,0.006532015470563035,1.091269841269841e-05,0.0,0.0,0.0022932986686653163,0.0022932986686653163,101219.23020342884,-0.0070828080226896795
2016-11-09,DATA_GUARD,0,False,0.0,23.841992371931386,57.123382469247964,26.327867120991396,53.513793488902735,74.14682539682538,0.35,0.35,0.004611049440696791,1.1706349206349205e-05,0.0,0.0,0.0016214764312280036,0.0016214764312280036,101383.35479959073,-0.00547281619773754
2016-11-10,DATA_GUARD,0,False,0.0,17.78496237044247,64.09385524617234,28.421426240984065,44.72525125208463,71.43518518518518,0.35,0.35,-0.01614959626009349,1.2500000000000002e-05,0.0,0.0,-0.005644233691032721,-0.005644233691032721,100811.12345272096,-0.01108616003520213
2016-11-11,DATA_GUARD,0,False,0.0,14.290781922545259,69.05636627410819,30.123581249000086,37.9289819376026,66.60714285714285,0.35,0.35,0.00043196544276447035,1.3690476190476188e-05,0.0,0.0,0.00016008671449137414,0.00016008671449137414,100827.26197425868,-0.010927848067647239
2016-11-14,DATA_GUARD,0,False,0.0,24.28137416670245,56.16743471582179,25.984018144111968,44.45083014048529,72.1031746031746,0.35,0.35,-0.01010362694300515,1.3690476190476188e-05,0.0,0.0,-0.0035273706205279933,-0.0035273706205279933,100471.6068526224,-0.014416672117955831
2016-11-15,DATA_GUARD,0,False,0.0,23.08643381705416,56.42686465267108,28.860926712470555,47.975734355044665,65.95238095238095,0.35,0.35,0.013870714472651091,1.646825396825397e-05,0.0,0.0,0.004865454430507247,0.004865454430507247,100960.44687732369,-0.00962136134867797
2016-11-16,DATA_GUARD,0,False,0.0,21.029142523962268,55.38697264503713,32.12177637142089,51.85433475924591,58.54497354497354,0.35,0.35,0.005937016004130102,1.4880952380952383e-05,0.0,0.0,0.0020876282204931548,0.0020876282204931548,101171.21475537839,-0.007553818953655811
2016-11-17,NORMAL_PARTICIPATION,0,False,0.0,10.309592029838425,71.03871979275202,38.37692255719046,42.46949701557196,45.01322751322751,0.35,0.35,0.007270549995723297,1.329365079365079e-05,0.0,0.0,0.0025533333715190266,0.0025533333715190266,101429.5385942504,-0.00501977300015366
2016-11-18,NORMAL_PARTICIPATION,0,False,0.0,5.379099851277885,76.27285589982574,41.331425188288705,37.403388861226205,36.977513227513214,0.35,0.35,-0.0037364130434783815,1.2103174603174605e-05,0.0,0.0,-0.0012998775017253699,-0.0012998775017253699,101297.69261902137,-0.0063131254118922175
2016-11-21,NORMAL_PARTICIPATION,0,False,0.0,0.9801794135375715,81.07347659409562,45.256048134787825,31.495094591663,27.67195767195766,0.35,0.35,0.010398908966928078,1.2103174603174605e-05,0.0,0.0,0.0036474852019168905,0.0036474852019168905,101667.17445383758,-0.0026886672414930812
2016-11-22,NORMAL_PARTICIPATION,0,False,0.0,0.7000673687196445,80.73277254505825,48.8238731856711,28.66279797842733,21.40873015873015,0.35,0.35,0.0030369495528934642,1.2896825396825396e-05,0.0,0.0,0.0010713152800206488,0.0010713152800206488,101776.09205130649,-0.0016202323717711131
2016-11-23,NORMAL_PARTICIPATION,0,False,0.0,0.0,81.41629288866234,51.54984085638756,26.06905838981882,16.891534391534382,0.35,0.35,-0.004037005887300271,1.4087301587301586e-05,0.0,0.0,-0.0014037953145233488,-0.0014037953145233488,101633.21925015436,-0.0030217532116826318
2016-11-25,NORMAL_PARTICIPATION,0,False,0.0,0.0,82.9567500604869,52.82764425073686,24.255505163248596,15.859788359788348,0.35,0.35,0.0032089174125990994,1.4880952380952383e-05,0.0,0.0,0.0011327937134573036,0.0011327937134573036,101748.34872199935,-0.0018923825212672218
2016-11-28,NORMAL_PARTICIPATION,0,False,0.0,0.0,81.01470495449252,51.515486876999006,28.107761939107473,19.589947089947078,0.35,0.35,-0.002272727272727204,1.4087301587301586e-05,0.0,0.0,-0.0007862977994227754,-0.0007862977994227754,101668.34421930434,-0.002677192344477941
2016-11-29,NORMAL_PARTICIPATION,0,False,0.0,0.8512293806411498,77.48122493424351,52.57550071300924,29.54970982177765,22.513227513227502,0.35,0.35,0.0034590399055092202,1.3690476190476188e-05,0.0,0.0,0.0012195627764520366,0.0012195627764520366,101792.3351474577,-0.0014608945721547029
2016-11-30,NORMAL_PARTICIPATION,0,False,0.0,4.377217553688147,67.0775603471695,49.052649401987274,40.28160786662207,24.94047619047618,0.35,0.35,-0.012106944677988896,1.3690476190476188e-05,0.0,0.0,-0.004228531827772304,-0.004228531827772304,101361.90301846342,-0.0056832489607316905
2016-12-01,NORMAL_PARTICIPATION,0,False,0.0,13.534378123880714,55.567149828222604,42.569417066469576,52.5207777882116,30.436507936507933,0.35,0.35,-0.017276595744680878,1.3690476190476188e-05,0.0,0.0,-0.006037909701114497,-0.006037909701114497,100749.8890009048,-0.011686843717812367
2016-12-02,NORMAL_PARTICIPATION,0,False,0.0,21.336980779292656,48.120924589476225,35.509654503614904,63.7463879202441,36.57407407407407,0.35,0.35,0.001991859357408865,1.3690476190476188e-05,0.0,0.0,0.0007060495846169122,0.0007060495846169122,100821.02341818408,-0.010989045624347993
2016-12-05,NORMAL_PARTICIPATION,0,False,0.0,22.647423235845167,50.5093806030431,34.95516901540042,64.60694908280708,38.66402116402116,0.35,0.35,0.007778738115816752,1.4087301587301586e-05,0.0,0.0,0.0027317150865676094,0.0027317150865676094,101096.43772889872,-0.008287349479499495
2016-12-06,RANGE_CARRY,0,False,0.0,17.306007565024863,57.61210478658625,38.58782354532099,59.91060376499752,35.879629629629626,0.35,0.35,0.002401372212692987,1.4087301587301586e-05,0.0,0.0,0.0008496370204742914,0.0008496370204742914,101182.33300503125,-0.007444753697944728
2016-12-07,RANGE_CARRY,0,False,0.0,9.09724244462693,64.90528275154233,43.45468764304286,49.88669170753733,32.10978835978835,0.35,0.35,0.012662559890485925,1.4087301587301586e-05,0.0,0.0,0.004441052707701819,0.004441052707701819,101631.68907899485,-0.0030367635338111043
2016-12-08,RANGE_CARRY,0,False,0.0,4.260811815027419,72.06775472070092,46.858603101062585,38.95799019714921,30.760582010582002,0.35,0.35,0.001774248056775951,1.5277777777777777e-05,0.0,0.0,0.0006309173754271384,0.0006309173754271384,101695.81027752878,-0.002407762105262612
2016-12-09,RANGE_CARRY,0,False,0.0,0.44506691565515594,78.77452766698998,53.23971795396074,26.78526255019524,27.526455026455015,0.35,0.35,0.00784346799359037,1.4880952380952383e-05,0.0,0.0,0.0027548864168042485,0.0027548864168042485,101975.97068390826,0.0
2016-12-12,RANGE_CARRY,0,False,0.0,0.0,78.30665572322646,57.212021917243476,28.23914995375006,23.703703703703695,0.35,0.35,-0.004518828451882895,1.6071428571428572e-05,0.0,0.0,-0.0015711435295875844,-0.0015711435295875844,101815.75179739484,-0.0015711435295874265
2016-12-13,GREED_TREND,0,False,0.0,2.4019607843137303,72.0480287230019,63.0432357569976,31.401508382011585,23.399470899470888,0.35,0.35,0.012609280430396774,1.4880952380952383e-05,0.0,0.0,0.00442292076968649,0.00442292076968649,102266.07480070078,0.0
2016-12-14,GREED_EXHAUSTING,0,False,0.0,5.40365528927621,63.756198273773386,64.30263031729781,41.59828505618393,25.681216931216923,0.35,0.35,-0.0020753777187447753,1.6071428571428572e-05,0.0,0.0,-0.0007159357729892427,-0.0007159357729892427,102192.85885938776,-0.0007159357729892291
2016-12-15,GREED_EXHAUSTING,0,False,0.0,7.555735633609065,60.67350962541664,66.32445676358063,41.854192760459235,28.234126984126974,0.35,0.35,0.0015805673404876153,1.646825396825397e-05,0.0,0.0,0.0005639029342500304,0.0005639029342500304,102250.48571235797,-0.0001524365570223507
2016-12-16,GREED_EXHAUSTING,0,False,0.0,5.267375845249277,60.758587682303464,63.94257504570501,47.19493017887752,25.515873015873,0.35,0.35,-0.003696511627907073,1.4880952380952383e-05,0.0,0.0,-0.0012841064507198565,-0.0012841064507198565,102119.18520406549,-0.0014363472629760343
2016-12-19,GREED_EXHAUSTING,0,False,0.0,2.7792200891196637,63.356686310784035,64.6375236506919,43.238251020925304,20.667989417989407,0.35,0.35,0.004096989966555276,1.4880952380952383e-05,0.0,0.0,0.0014436191073419653,0.0014436191073419653,102266.60641105227,0.0
2016-12-20,GREED_EXHAUSTING,0,False,0.0,1.9682905842075449,64.71865474314343,64.97101502509926,41.89035533141964,17.817460317460306,0.35,0.35,0.003830460487967313,1.5277777777777777e-05,0.0,0.0,0.001350591726344115,0.001350591726344115,102404.72684355233,0.0
2016-12-21,GREED_TREND,0,False,0.0,3.450676820355751,65.59602042299856,65.45685172213972,38.19333927526009,18.743386243386237,0.35,0.35,-0.0007465781833264629,1.5277777777777777e-05,0.0,0.0,-0.00025137180860870643,-0.00025137180860870643,102378.98518215558,-0.00025137180860879127
2016-12-22,GREED_EXHAUSTING,0,False,0.0,6.67888764491546,62.436941648681454,64.31713823013213,43.25892211759242,20.436507936507926,0.35,0.35,-0.0028225136974928677,1.5277777777777777e-05,0.0,0.0,-0.0009779492385669482,-0.0009779492385669482,102278.86373155144,-0.001229075218306841
2016-12-23,GREED_EXHAUSTING,0,False,0.0,8.847201197312057,57.6085661004137,63.33527688396717,47.16583648842269,21.058201058201046,0.35,0.35,0.0006660006660006434,1.4880952380952383e-05,0.0,0.0,0.00024277285214784424,0.00024277285214784424,102303.694263014,-0.0009866007522552067
2016-12-27,GREED_EXHAUSTING,0,False,0.0,11.120781767361985,54.1469456271447,63.275582585157004,47.31498951410558,24.993386243386237,0.35,0.35,0.005158069883527405,1.5277777777777777e-05,0.0,0.0,0.0018152550147901472,0.0018152550147901472,102489.40155705648,0.0
2016-12-28,RANGE_CARRY,0,False,0.0,13.679997024346006,45.455946238883655,59.72877727731275,51.126819699921555,32.96957671957671,0.35,0.35,-0.007780168846217461,1.4880952380952383e-05,0.0,0.0,-0.002713386477128492,-0.002713386477128492,102211.30820082258,-0.0027133864771284877
2016-12-29,RANGE_CARRY,0,False,0.0,17.342717745890255,37.16980241465478,56.16829995940273,56.84379901901254,43.8558201058201,0.35,0.35,-0.001418084751418136,1.5674603174603176e-05,0.0,0.0,-0.00048614117093285554,-0.00048614117093285554,102161.61907577126,-0.0031982085591819587
2016-12-30,RANGE_CARRY,0,False,0.0,22.029147544066564,26.470828471548643,49.32974101297404,68.32293199244317,56.07142857142856,0.35,0.35,-0.010274830841199512,1.329365079365079e-05,0.0,0.0,-0.003587549921403956,-0.003587549921403956,101795.10916728547,-0.0067742847477209045
2017-01-03,RANGE_CARRY,0,False,0.0,22.557946877419976,29.41167801925303,49.394384281888854,67.71589006483674,61.08465608465608,0.35,0.35,0.008946657663740698,1.4880952380952383e-05,0.0,0.0,0.003141002801356863,0.003141002801356863,102114.84789034433,-0.0036545599937338746
2017-01-04,RANGE_CARRY,0,False,0.0,19.39086735239302,37.34804038328942,50.35541021805313,63.69018876574716,60.49603174603174,0.35,0.35,0.005437510456750783,1.5674603174603176e-05,0.0,0.0,0.001913317151926266,0.001913317151926266,102310.22598027928,-0.0017482351741262558
2017-01-05,RANGE_CARRY,0,False,0.0,14.75643837951562,47.503982875155224,56.83521403210659,53.78124187717588,51.977513227513214,0.35,0.35,0.005657708628005631,1.5674603174603176e-05,0.0,0.0,0.0019903865118654626,0.0019903865118654626,102513.86287409635,0.0
2017-01-06,GREED_EXHAUSTING,0,False,0.0,12.072916045850969,54.95447221097721,63.229831802376886,44.914068086607195,43.61772486772486,0.35,0.35,0.00876975262678914,1.5277777777777777e-05,0.0,0.0,0.0030793439749317543,0.0030793439749317543,102829.53832008466,0.0
2017-01-09,GREED_TREND,0,False,0.0,12.921661276194333,57.91829101422408,69.13263734889597,37.2967792473917,39.900793650793645,0.35,0.35,0.003280570819322426,1.5674603174603176e-05,0.0,0.0,0.0011583882788263411,0.0011583882788263411,102948.65485199179,0.0
2017-01-10,GREED_TREND,0,False,0.0,13.902053433057077,59.62385953493333,72.60465342392281,32.21299030640375,39.00132275132274,0.35,0.35,0.0022071446088449687,1.4484126984126985e-05,0.0,0.0,0.0007819152956354215,0.0007819152956354215,103029.15197988565,0.0
2017-01-11,GREED_TREND,0,False,0.0,13.083203165677398,57.97816633126316,73.66440829325636,30.94258894575128,40.218253968253954,0.35,0.35,0.00269168026101152,1.5277777777777777e-05,0.0,0.0,0.0009520186469095874,0.0009520186469095874,103127.23765374579,0.0
2017-01-12,GREED_TREND,0,False,0.0,9.817587641117058,58.03942736357836,72.89473647609626,32.62795946013797,41.23677248677247,0.35,0.35,-0.0015455950540959051,1.5277777777777777e-05,0.0,0.0,-0.0005310277133780112,-0.0005310277133780112,103072.47423254752,-0.0005310277133780961
2017-01-13,GREED_TREND,0,False,0.0,6.196931457851672,59.36746147123756,73.0715575786514,32.377111977703926,40.55555555555554,0.35,0.35,0.003421867361903308,1.5277777777777777e-05,0.0,0.0,0.0012075841322217132,0.0012075841322217132,103196.94291689958,0.0
2017-01-17,GREED_TREND,0,False,0.0,4.7169062927054,61.46218185233565,71.51913973509409,33.98990165956992,41.81878306878306,0.35,0.35,-0.0030042221500485855,1.5674603174603176e-05,0.0,0.0,-0.0010412892604535126,-0.0010412892604535126,103089.48504852857,-0.0010412892604536594
2017-01-18,GREED_TREND,0,False,0.0,4.546832653756833,62.54531151493682,71.73771000343193,33.30909309157332,40.87962962962962,0.35,0.35,0.002035996416646313,1.646825396825397e-05,0.0,0.0,0.0007233031109055746,0.0007233031109055746,103164.04999376583,-0.0003187393173094133
2017-01-19,GREED_TREND,0,False,0.0,5.240856645684144,59.98383564826557,69.66442329450845,38.299469830178346,43.73677248677247,0.35,0.35,-0.0004876462938881998,1.5674603174603176e-05,0.0,0.0,-0.00016048771079737786,-0.00016048771079737786,103147.49343154575,-0.00047917587436341336
2017-01-20,GREED_TREND,0,False,0.0,4.680449476280435,58.97432276191444,70.30638144139392,37.812194653438326,41.494708994708986,0.35,0.35,0.0021954789396649854,1.5277777777777777e-05,0.0,0.0,0.0007783481844383005,0.0007783481844383005,103227.77809578757,0.0
2017-01-23,GREED_TREND,0,False,0.0,5.800735617751804,55.37260616718413,69.1763437774361,39.54411109194402,41.666666666666664,0.35,0.35,0.0008113590263691961,1.4484126984126985e-05,0.0,0.0,0.0002933903417689012,0.0002933903417689012,103258.06412888314,0.0
2017-01-24,GREED_TREND,0,False,0.0,5.104305204805665,60.00416444503153,69.77329444051873,33.84707575192953,37.063492063492056,0.35,0.35,0.006728820429671822,1.4880952380952383e-05,0.0,0.0,0.002364759769432757,0.002364759769432757,103502.24464480462,0.0
2017-01-25,GREED_TREND,0,False,0.0,4.32091972585775,64.28341418693371,69.99799417844413,30.540962656321927,35.09920634920634,0.35,0.35,0.010066033177645428,1.4880952380952383e-05,0.0,0.0,0.003532784231223519,0.003532784231223519,103867.89574258204,0.0
2017-01-26,GREED_TREND,0,False,0.0,2.4584738606513916,70.75498738288684,71.9201108067522,25.72394157507834,31.798941798941787,0.35,0.35,0.0010364346647531164,1.4484126984126985e-05,0.0,0.0,0.00037216681520327327,0.00037216681520327327,103906.55192654241,0.0
2017-01-27,GREED_TREND,0,False,0.0,1.4826059836521817,70.87759788016409,74.71248320210974,25.80615109181112,31.879629629629623,0.35,0.35,0.0019114367633004115,1.4880952380952383e-05,0.0,0.0,0.000678675486202763,0.000678675486202763,103977.0707561908,0.0
2017-01-30,GREED_TREND,0,False,0.0,1.9439821467827307,66.73578468194846,73.26782857095263,32.34492331217691,35.47751322751322,0.35,0.35,-0.007790143084260737,1.5277777777777777e-05,0.0,0.0,-0.002716619523935702,-0.002716619523935702,103694.6046157329,-0.0027166195239356483
2017-01-31,GREED_EXHAUSTING,0,False,0.0,4.319706753917285,59.399467343340355,70.37393395979619,41.74431697367401,43.00396825396825,0.35,0.35,-0.0020028841531806174,1.4880952380952383e-05,0.0,0.0,-0.000691336834565597,-0.000691336834565597,103622.91671601633,-0.0034060782593587913
2017-02-01,GREED_EXHAUSTING,0,False,0.0,6.599571742212642,52.50584695973448,69.78313740116054,50.07810376189667,46.67989417989417,0.35,0.35,0.006903748896203155,1.5277777777777777e-05,0.0,0.0,0.0024262426692266597,0.0024262426692266597,103874.33105806245,-0.000988099562539757
2017-02-02,GREED_EXHAUSTING,0,False,0.0,10.679910490141417,47.10516731961175,71.89223415048887,54.041803781830396,48.7632275132275,0.35,0.35,-0.000876983177868218,1.4880952380952383e-05,0.0,0.0,-0.00029727149320625724,-0.00029727149320625724,103843.452180563,-0.0012850773219137412
2017-02-03,GREED_EXHAUSTING,0,False,0.0,10.090559697701378,48.504348184702195,75.20369273012882,52.39149684067839,45.25132275132274,0.35,0.35,0.002872646026173209,1.5277777777777777e-05,0.0,0.0,0.0010153566647161786,0.0010153566647161786,103948.89032182169,-0.0002710254690209135
2017-02-06,GREED_EXHAUSTING,0,False,0.0,9.42841455761589,49.66366531282489,75.80969825333626,50.016098036333965,45.67460317460316,0.35,0.35,0.0011935073201780888,1.4880952380952383e-05,0.0,0.0,0.0004274001811099501,0.0004274001811099501,103993.31809637143,0.0
2017-02-07,GREED_EXHAUSTING,0,False,0.0,5.432758525948778,53.019684845787516,77.72978541394168,44.45918635115468,44.97354497354497,0.35,0.35,0.0036557259794962604,1.5674603174603176e-05,0.0,0.0,0.0012896925848871832,0.0012896925848871832,104127.43750759812,0.0
2017-02-08,GREED_EXHAUSTING,0,False,0.0,4.3530768030137486,53.10075472969745,78.82789618506241,40.84432722966489,45.634920634920626,0.35,0.35,0.0016628394963971171,1.5674603174603176e-05,0.0,0.0,0.000592182315802483,0.000592182315802483,104189.09993467994,0.0
2017-02-09,GREED_TREND,0,False,0.0,3.0515216982132074,55.36413823329071,79.14328132295516,37.835023946429736,45.07936507936507,0.35,0.35,0.0036363636363636598,1.6071428571428572e-05,0.0,0.0,0.0012831737012987095,0.0012831737012987095,104322.79264767807,0.0
2017-02-10,GREED_TREND,0,False,0.0,2.3966259117384734,58.42612370152619,78.64632727095388,34.92466219617006,44.128306878306866,0.35,0.35,0.0033081285444234165,1.6071428571428572e-05,0.0,0.0,0.0011682914191196243,0.0011682914191196243,104444.67207114694,0.0
2017-02-13,GREED_TREND,0,False,0.0,2.6664526798216683,63.23541984088015,80.57164546784615,32.16160854061496,42.88624338624337,0.35,0.35,0.005652378709373629,1.646825396825397e-05,0.0,0.0,0.001989036913360135,0.001989036913360135,104652.41637930025,0.0
2017-02-14,GREED_TREND,0,False,0.0,5.593527333363473,66.72071778755688,83.69410550894713,31.264495985825658,41.68386243386242,0.35,0.35,0.003356752537080565,1.5277777777777777e-05,0.0,0.0,0.0011847939435337533,0.0011847939435337533,104776.40792840261,0.0
2017-02-15,GREED_TREND,0,False,0.0,10.788730789157432,66.77292736438868,86.02191431047419,32.1969844349756,41.5648148148148,0.35,0.35,0.00591301641640074,1.6071428571428572e-05,0.0,0.0,0.0020800021743116875,0.0020800021743116875,104994.34308471027,0.0
2017-02-16,GREED_TREND,0,False,0.0,15.420414136263256,62.305696114186276,87.0012780549435,37.40325713707845,42.806878306878296,0.35,0.35,-0.00030938200943608773,1.6071428571428572e-05,0.0,0.0,-9.783727473120212e-05,-9.783727473120212e-05,104984.07072432067,-9.783727473122728e-05
2017-02-17,GREED_TREND,0,False,0.0,17.605595013945496,57.99235327293479,87.50843380851269,38.95395613639581,43.203703703703695,0.35,0.35,0.004332688588007727,1.5674603174603176e-05,0.0,0.0,0.0015266294978661965,0.0015266294978661965,105144.3425034945,0.0
2017-02-21,GREED_TREND,0,False,0.0,17.415063546019468,56.43019843549285,88.4300791019673,39.344115057578534,44.55820105820104,0.35,0.35,0.004930282720899681,1.5674603174603176e-05,0.0,0.0,0.0017357874443783804,0.0017357874443783804,105326.85073305947,0.0
2017-02-22,GREED_TREND,0,False,0.0,19.35676099449992,55.83019297255081,89.79400793284172,37.65647247031043,44.359788359788354,0.35,0.35,0.00038328861632819233,1.5674603174603176e-05,0.0,0.0,0.00014433950777835937,0.00014433950777835937,105342.05355885011,0.0
2017-02-23,GREED_EXHAUSTING,0,False,0.0,23.51415886557247,50.58673269729366,89.46255162323428,44.73009803180482,46.92460317460316,0.35,0.35,-0.0037547892720307674,1.5277777777777777e-05,0.0,0.0,-0.001304245689655213,-0.001304245689655213,105204.66163955655,-0.001304245689655148
2017-02-24,GREED_EXHAUSTING,0,False,0.0,25.503829970578845,47.347910346854235,89.30047375305897,48.94466043583177,46.97089947089946,0.35,0.35,0.0019229290054612047,1.4880952380952383e-05,0.0,0.0,0.0006826977709590407,0.0006826977709590407,105276.48462755239,-0.000622438324321184
2017-02-27,GREED_EXHAUSTING,0,False,0.0,25.301217523157387,45.47136345370699,87.44178417243984,51.8738394394256,48.3068783068783,0.35,0.35,0.0012283126055581128,1.5277777777777777e-05,0.0,0.0,0.000439839967500895,0.000439839967500895,105322.78943312958,-0.0001828721300725089
2017-02-28,GREED_EXHAUSTING,0,False,0.0,24.57722991184126,40.801276665408444,85.82666268695841,55.16107093711751,49.451058201058196,0.35,0.35,-0.003067014261616152,1.4484126984126985e-05,0.0,0.0,-0.0010640403090259706,-0.0010640403090259706,105210.72173971368,-0.0012467178557806768
2017-03-01,GREED_EXHAUSTING,0,False,0.0,24.814997142443335,40.10148770736575,86.03973335144322,57.93988642079015,49.662698412698404,0.35,0.35,0.010921396708198694,1.5674603174603176e-05,0.0,0.0,0.0038326773399330345,0.0038326773399330345,105613.96048884348,0.0
2017-03-02,GREED_EXHAUSTING,0,False,0.0,23.113066955939647,40.218607633129054,85.87367060158424,63.805608240947045,48.58465608465607,0.35,0.35,-0.005021302495435198,1.964285714285714e-05,0.0,0.0,-0.001744688016259462,-0.001744688016259462,105429.69707762891,-0.001744688016259377
2017-03-03,GREED_EXHAUSTING,0,False,0.0,20.803927511554377,47.36065722108204,87.78392142900712,61.65498039549818,44.703703703703695,0.35,0.35,0.001835142988224625,2.1230158730158732e-05,0.0,0.0,0.0006560996490532219,0.0006560996490532219,105498.86946488131,-0.0010897330564014762
2017-03-06,GREED_EXHAUSTING,0,False,0.0,20.74590982708292,45.658475254019116,86.92233256021386,66.32414725150161,42.97222222222221,0.35,0.35,-0.0022134025339644037,2.2817460317460315e-05,0.0,0.0,-0.000759859537681192,-0.000759859537681192,105418.70514270384,-0.0018487645500262495
2017-03-07,GREED_EXHAUSTING,0,False,0.0,21.863057270855748,43.651617064424705,86.1830920199014,67.7859212650137,41.57804232804232,0.35,0.35,-0.0016828577985160686,2.4007936507936506e-05,0.0,0.0,-0.0005733950707504653,-0.0005733950707504653,105358.25857681011,-0.0024210995482967235
2017-03-08,GREED_EXHAUSTING,0,False,0.0,23.023119456800814,40.421087241956606,84.02256154764055,70.07161958929777,41.94708994708994,0.35,0.35,0.0017623170638265684,2.48015873015873e-05,0.0,0.0,0.0006329320040853306,0.0006329320040853306,105424.94319055809,-0.0017896999356005194
2017-03-09,GREED_EXHAUSTING,0,False,0.0,22.74731722981628,39.518315666337635,82.86473639378357,69.1204187061363,42.488095238095234,0.35,0.35,0.0007648768548262908,2.3611111111111114e-05,0.0,0.0,0.00028305412141142397,0.00028305412141142397,105454.78415522774,-0.0015071523961319722
2017-03-10,GREED_EXHAUSTING,0,False,0.0,24.154099514441185,38.56336384577387,83.35488070384447,66.38055764425745,42.06481481481481,0.35,0.35,0.004203607459492442,2.3611111111111114e-05,0.0,0.0,0.0014866098330445767,0.0014866098330445767,105611.5542742945,-2.2783110659285732e-05
2017-03-13,GREED_EXHAUSTING,0,False,0.0,23.950346010649266,41.908168921622455,84.00285114734992,60.946198833017455,39.98941798941798,0.35,0.35,0.001674404444782951,2.4404761904761902e-05,0.0,0.0,0.000601904650912128,0.000601904650912128,105675.12236000225,0.0
2017-03-14,GREED_EXHAUSTING,0,False,0.0,24.817790858765033,43.26010423408247,82.97014581183196,58.56179883253049,38.46957671957671,0.35,0.35,-0.0024314261834208484,2.5992063492063493e-05,0.0,0.0,-0.0008341043229274556,-0.0008341043229274556,105586.9782836159,-0.0008341043229272982
2017-03-15,GREED_EXHAUSTING,0,False,0.0,23.459155216343373,48.1071800801632,82.3935920126053,51.72140699636359,36.974867724867714,0.35,0.35,0.006169548328128549,2.55952380952381e-05,0.0,0.0,0.0021759788196068965,0.0021759788196068965,105816.73331198735,0.0
2017-03-16,GREED_EXHAUSTING,0,False,0.0,23.07762446639157,50.80710044226709,81.0038720368339,49.25829813835842,36.5515873015873,0.35,0.35,-0.0006813020439061512,2.3611111111111114e-05,0.0,0.0,-0.00022310849314493067,-0.00022310849314493067,105793.12470006861,-0.00022310849314477466
2017-03-17,GREED_EXHAUSTING,0,False,0.0,21.011393053883285,55.61687099629824,80.44456809725894,44.98589242341206,34.19708994708994,0.35,0.35,-0.00034732217256272513,2.3611111111111114e-05,0.0,0.0,-0.00010621553817473156,-0.00010621553817473156,105781.88782639342,-0.0003293003337307976
2017-03-20,GREED_EXHAUSTING,0,False,0.0,20.403829218708882,55.66776906564407,79.04914033866882,46.24514403782461,32.94047619047618,0.35,0.35,0.0009112309211025682,2.3611111111111114e-05,0.0,0.0,0.00033427804460812104,0.00033427804460812104,105817.24838901096,0.0
2017-03-21,GREED_EXHAUSTING,0,False,0.0,23.418054145177177,44.9640189090984,74.511415464165,54.179095694508185,32.56878306878306,0.35,0.35,-0.015173355587588144,2.48015873015873e-05,0.0,0.0,-0.005294553423909818,-0.005294553423909818,105256.9933142442,-0.005294553423909831
2017-03-22,GREED_EXHAUSTING,0,False,0.0,28.027220324264448,36.16779562855627,71.4441834200473,59.98986142478364,33.18253968253968,0.35,0.35,0.006779138741237256,2.5198412698412697e-05,0.0,0.0,0.0023890775276870077,0.0023890775276870077,105508.46043160316,-0.0029181249948270205
2017-03-23,RISK_WARNING,0,False,0.0,31.145496907364347,29.30189823963126,66.27118160011089,67.06096514394748,37.14285714285713,0.35,0.35,-0.0025250593006349575,2.5198412698412697e-05,0.0,0.0,-0.0008673917869682668,-0.0008673917869682668,105416.94325956912,-0.003782985624141477
2017-03-24,RISK_WARNING,0,False,0.0,31.058371907542774,32.21955410905477,65.51353664622589,64.9336066671165,37.16931216931216,0.35,0.35,0.0020711874808221342,2.48015873015873e-05,0.0,0.0,0.0007410366500337787,0.0007410366500337787,105495.06107805899,-0.0030447523051017056
2017-03-27,RISK_WARNING,0,False,0.0,30.67297970154766,33.05671884026713,64.97751226007584,63.64891383948768,37.334656084656075,0.35,0.35,0.0016075939676951645,2.55952380952381e-05,0.0,0.0,0.0005792947934552123,0.0005792947934552123,105556.17381767677,-0.002467221320804125
2017-03-28,GREED_EXHAUSTING,0,False,0.0,25.459618321112966,39.727820161377664,68.08169326160072,55.364940723294914,32.44708994708994,0.35,0.35,0.0061143381228980775,2.55952380952381e-05,0.0,0.0,0.0021566552477762318,0.0021566552477762318,105783.82209387585,-0.00031588701883678016
2017-03-29,GREED_EXHAUSTING,0,False,0.0,18.444649546921166,49.9115099464886,69.74559109633388,43.801800410573115,31.218253968253958,0.35,0.35,0.004633849893649344,2.55952380952381e-05,0.0,0.0,0.0016384843675391753,0.0016384843675391753,105957.14723271522,0.0
2017-03-30,GREED_TREND,0,False,0.0,11.244083883897817,60.18884332933669,71.58969294476556,32.76216211914041,30.187830687830683,0.35,0.35,0.0016635160680529282,2.55952380952381e-05,0.0,0.0,0.0005988675285804295,0.0005988675285804295,106020.6015276139,0.0
2017-03-31,GREED_TREND,0,False,0.0,10.842192280658475,63.74451316164312,69.6341261112417,28.96372609905913,31.406084656084648,0.35,0.35,-0.0006793991092323148,2.55952380952381e-05,0.0,0.0,-0.0002211527834694054,-0.0002211527834694054,105997.15477648098,-0.00022115278346923617
2017-04-03,GREED_TREND,0,False,0.0,12.235797553634375,61.31896062092837,68.72122817468151,30.54980094114433,33.944444444444436,0.35,0.35,-0.000604320894394772,2.48015873015873e-05,0.0,0.0,-0.00019539128129213845,-0.00019539128129213845,105976.44385659588,-0.0004165008534355863
2017-04-04,GREED_TREND,0,False,0.0,13.47088806007478,57.53660231660799,68.33719573852579,32.410719412869014,35.53042328042327,0.35,0.35,0.0015873015873013596,2.5992063492063493e-05,0.0,0.0,0.0005724503968253171,0.0005724503968253171,106037.11011393573,0.0
2017-04-05,GREED_TREND,0,False,0.0,17.978249940004016,46.690127355570944,67.11863910124099,39.88850604295737,39.06084656084656,0.35,0.35,-0.004075164138555576,2.5992063492063493e-05,0.0,0.0,-0.0014094126072246103,-0.0014094126072246103,105887.66007410748,-0.0014094126072247137
2017-04-06,GREED_EXHAUSTING,0,False,0.0,20.85988400298936,44.03275221600125,66.05933917532683,43.1251227655351,39.78835978835978,0.35,0.35,0.0005304235811167679,2.638888888888889e-05,0.0,0.0,0.00020280103116864653,0.00020280103116864653,105909.13420075853,-0.0012068974063862425
2017-04-07,GREED_EXHAUSTING,0,False,0.0,24.237956539758468,37.70237199705864,62.09841101444325,48.49102422960792,43.49867724867724,0.35,0.35,-0.0005301423810966099,2.5992063492063493e-05,0.0,0.0,-0.0001686549921139722,-0.0001686549921139722,105891.27209656511,-0.0013753488492276311
2017-04-10,NORMAL_PARTICIPATION,0,False,0.0,23.62589279854842,43.6265593320821,59.55749132225892,44.08026130814179,47.38095238095237,0.35,0.35,0.00037887398651226256,2.7182539682539677e-05,0.0,0.0,0.0001502745460729427,0.0001502745460729427,105907.18485941249,-0.0012252809830788358
2017-04-11,NORMAL_PARTICIPATION,0,False,0.0,25.546514468661595,39.29165783535729,54.19444475372421,46.94305413707937,55.628306878306866,0.35,0.35,-0.004317527647326291,2.7182539682539677e-05,0.0,0.0,-0.0014934660257705512,-0.0014934660257705512,105749.01607693994,-0.0027169170933293296
2017-04-12,NORMAL_PARTICIPATION,0,False,0.0,27.786644458655672,38.58542266901889,48.33820806174065,48.29523318714195,62.962962962962955,0.35,0.35,-0.004031951312286064,2.7182539682539677e-05,0.0,0.0,-0.0013935143085064717,-0.0013935143085064717,105601.65330992626,-0.004106645338991077
2017-04-13,RISK_WARNING,0,False,0.0,30.594933451679896,30.990721850325453,42.79781323172301,55.79956977288263,68.58465608465609,0.35,0.35,-0.003971891231286162,2.6785714285714288e-05,0.0,0.0,-0.0013727512166644422,-0.0013727512166644422,105456.68851186328,-0.005473759153269975
2017-04-17,RISK_WARNING,0,False,0.0,30.33224182837991,32.799147888220254,42.528473903911014,55.884960859761115,68.63756613756613,0.35,0.35,0.008282208588956896,2.6785714285714288e-05,0.0,0.0,0.002916183720420628,0.002916183720420628,105764.21959011104,-0.0025735379201816677
2017-04-18,RANGE_CARRY,0,False,0.0,29.42282465911511,34.97458449126986,43.58220497509192,57.636542909102,67.90343915343914,0.35,0.35,-0.0015211439002128513,2.7579365079365076e-05,0.0,0.0,-0.0005144737777729106,-0.0005144737777729106,105709.8066725053,-0.0030866876801786125
2017-04-19,RANGE_CARRY,0,False,0.0,24.86778226890715,41.475650716670366,46.15471816955775,53.32360083010291,67.38095238095237,0.35,0.35,0.0015996343692870063,2.7182539682539677e-05,0.0,0.0,0.000577540680044103,0.000577540680044103,105770.8583861383,-0.002510929687836172
2017-04-20,RANGE_CARRY,0,False,0.0,20.1574460320877,48.602032906968475,48.708110267161096,45.82213796667387,65.84656084656082,0.35,0.35,0.008365655182903664,2.6785714285714288e-05,0.0,0.0,0.0029453900283019966,0.0029453900283019966,106082.39481771378,0.0
2017-04-21,RANGE_CARRY,0,False,0.0,16.200409667372302,55.96492731750633,51.02721643283565,36.32810024907752,64.8743386243386,0.35,0.35,-0.00022626140734594014,2.5992063492063493e-05,0.0,0.0,-6.229665130123777e-05,-6.229665130123777e-05,106075.78623975463,-6.229665130119688e-05
2017-04-24,RANGE_CARRY,0,False,0.0,11.449513821461458,66.10529063439358,59.888690610876175,27.617970135956778,53.43253968253967,0.35,0.35,0.012070006035002967,2.5992063492063493e-05,0.0,0.0,0.004241396953520879,0.004241396953520879,106525.69575635424,0.0
2017-04-25,GREED_TREND,0,False,0.0,9.481093988394198,72.18031034277891,67.51104743666609,24.630509362971083,44.497354497354486,0.35,0.35,0.007230172927847445,2.6785714285714288e-05,0.0,0.0,0.0025479712390323195,0.0025479712390323195,106797.12016535935,0.0
2017-04-26,GREED_TREND,0,False,0.0,7.055033405650789,76.7843608789186,75.05338697993196,24.684327613613416,34.391534391534385,0.35,0.35,-0.0014060534300303074,2.7182539682539677e-05,0.0,0.0,-0.0004744500497169568,-0.0004744500497169568,106746.45026638726,-0.0004744500497170234
2017-04-27,GREED_TREND,0,False,0.0,7.5566534558067575,75.86302587268321,77.4767517099303,25.817546014423453,32.104497354497354,0.35,0.35,0.006002667852378796,2.7579365079365076e-05,0.0,0.0,0.0021188603356341656,0.0021188603356341656,106972.63108582645,0.0
2017-04-28,GREED_TREND,0,False,0.0,9.038615539183626,71.40119757208653,79.17838681994795,28.74902033229508,31.28571428571428,0.35,0.35,0.0017679558011050034,2.6785714285714288e-05,0.0,0.0,0.0006361952446724654,0.0006361952446724654,107040.68656503336,0.0
2017-05-01,GREED_TREND,0,False,0.0,13.19190295887111,65.88521994778435,84.19834851303885,29.793461931512713,31.067460317460313,0.35,0.35,0.008897713067137047,2.638888888888889e-05,0.0,0.0,0.003131352351275744,0.003131352351275744,107375.86867059095,0.0
2017-05-02,GREED_TREND,0,False,0.0,17.654147953551842,60.895332966014394,86.9546040803998,32.16181061018434,34.80291005291005,0.35,0.35,0.00167638483965038,2.7579365079365076e-05,0.0,0.0,0.0006046612811792203,0.0006046612811792203,107440.79470090904,0.0
2017-05-03,GREED_TREND,0,False,0.0,18.69483092158418,58.171510901877134,88.5483327918356,38.281314106226155,34.70238095238094,0.35,0.35,-0.0032016299206868437,2.7182539682539677e-05,0.0,0.0,-0.0011029018214467445,-0.0011029018214467445,107322.29805273571,-0.001102901821446789
2017-05-04,GREED_EXHAUSTING,0,False,0.0,18.91065890667425,56.820983415971796,88.00447103876711,42.14521662767177,34.80820105820106,0.35,0.35,0.0003649901452660309,2.8373015873015875e-05,0.0,0.0,0.00014618901116057113,0.00014618901116057113,107337.98739336351,-0.0009568740424130695
2017-05-05,GREED_EXHAUSTING,0,False,0.0,18.329149900170172,56.80872943933622,87.9723201024654,43.201838347124664,33.10185185185185,0.35,0.35,0.0036485697606538636,2.8769841269841267e-05,0.0,0.0,0.001295699813054249,0.001295699813054249,107477.0652035627,0.0
2017-05-08,GREED_EXHAUSTING,0,False,0.0,18.8299244743631,56.694154810649515,89.48232638645807,41.1802643359255,33.45238095238095,0.35,0.35,0.0021811836556639985,3.035714285714286e-05,0.0,0.0,0.0007831464223395423,0.0007831464223395423,107561.23548266043,0.0
2017-05-09,GREED_EXHAUSTING,0,False,0.0,17.187242441560752,57.65832166378619,90.54770960520095,40.159222904377714,35.12566137566137,0.35,0.35,0.0034822983168891763,3.075396825396826e-05,0.0,0.0,0.001238794490276291,0.001238794490276291,107694.48174854365,0.0
2017-05-10,GREED_TREND,0,False,0.0,16.998757775559053,59.99586657373155,91.35508684133514,39.65028296643859,36.084656084656075,0.35,0.35,0.0005783689994216523,3.075396825396826e-05,0.0,0.0,0.00022241922916265767,0.00022241922916265767,107718.43507215923,0.0
2017-05-11,GREED_EXHAUSTING,0,False,0.0,18.164267162011274,60.16464720257852,90.60634347580566,41.73149595433128,39.841269841269835,0.35,0.35,-0.0007947976878613927,3.035714285714286e-05,0.0,0.0,-0.0002584470478943446,-0.0002584470478943446,107690.59556061105,-0.0002584470478942391
2017-05-12,GREED_EXHAUSTING,0,False,0.0,19.368295174419274,58.965900025347736,90.74164817005159,44.1078071995474,40.859788359788354,0.35,0.35,0.0022416660640682817,2.9960317460317458e-05,0.0,0.0,0.0008040573287731049,0.0008040573287731049,107777.1849732115,0.0
2017-05-15,GREED_EXHAUSTING,0,False,0.0,20.013930234567997,55.68687677699027,90.72705494123677,47.46029926919676,41.98412698412698,0.35,0.35,0.0031746031746031633,2.9563492063492062e-05,0.0,0.0,0.0011303273809523768,0.0011303273809523768,107899.00847642869,0.0
2017-05-16,GREED_EXHAUSTING,0,False,0.0,19.639780671037546,55.54418171852745,90.98559375327686,47.7772605105852,40.92724867724868,0.35,0.35,0.004171461449942626,3.035714285714286e-05,0.0,0.0,0.001479743650337062,0.001479743650337062,108058.67134909934,0.0
2017-05-17,GREED_EXHAUSTING,0,False,0.0,29.244297750487863,43.00896468974901,80.26446830070472,58.918527691933356,47.65343915343916,0.35,0.35,-0.025426156711072956,3.035714285714286e-05,0.0,0.0,-0.008879422706018391,-0.008879422706018391,107099.17272913997,-0.00887942270601838
2017-05-18,RISK_WARNING,0,False,0.0,36.864999035198444,34.47184628549213,71.46999929205782,68.29093335948194,51.370370370370374,0.35,0.35,0.008745498640405636,3.035714285714286e-05,0.0,0.0,0.0030806566669991154,0.0030806566669991154,107429.1085096381,-0.005826120491777553
2017-05-19,RISK_WARNING,0,False,0.0,39.99255493604637,28.991631527053784,66.07977858325815,74.47648479917781,47.51322751322751,0.35,0.35,0.00422555733644181,3.154761904761905e-05,0.0,0.0,0.0014994510201355856,0.0014994510201355856,107590.19319598514,-0.00433540545395672
2017-05-22,RISK_WARNING,0,False,0.0,31.720605808651754,40.273451200036114,73.15890734174094,66.70532057305635,33.5515873015873,0.35,0.35,0.008415554265815306,3.115079365079365e-05,0.0,0.0,0.002965692008908373,0.002965692008908373,107909.27257218337,-0.0013825709223586058
2017-05-23,GREED_EXHAUSTING,0,False,0.0,27.20598359526444,45.304496919035046,78.75344458172293,62.771303895760006,22.77777777777777,0.35,0.35,0.0010071942446041593,3.154761904761905e-05,0.0,0.0,0.00037302393799240813,0.00037302393799240813,107949.52531398414,-0.001010062716416238
2017-05-24,GREED_EXHAUSTING,0,False,0.0,23.487456997026083,50.839527997731246,82.12399752730599,55.127830566472994,19.179894179894177,0.35,0.35,0.0045996837717408035,3.115079365079365e-05,0.0,0.0,0.001630137335982297,0.001630137335982297,108125.49786560005,0.0
2017-05-25,GREED_EXHAUSTING,0,False,0.0,22.412209497435267,55.28096754909527,84.57862845467702,48.176015391338105,18.465608465608458,0.35,0.35,0.008513378165688978,3.154761904761905e-05,0.0,0.0,0.0030001883103720948,0.0030001883103720948,108449.89472034958,0.0
2017-05-26,GREED_EXHAUSTING,0,False,0.0,18.77685411376787,60.93942703645276,86.88252746526989,40.42085414928439,17.030423280423275,0.35,0.35,0.0017734269702773808,3.1944444444444434e-05,0.0,0.0,0.0006414633284859721,0.0006414633284859721,108519.46135079085,0.0
2017-05-30,GREED_TREND,0,False,0.0,18.72266442294262,59.477936281288656,87.13954861791656,38.95893197832415,18.630952380952376,0.35,0.35,0.0008497379974508057,3.1944444444444434e-05,0.0,0.0,0.0003181721879966709,0.0003181721879966709,108553.98922524904,0.0
2017-05-31,GREED_TREND,0,False,0.0,16.562599694317175,57.73378269559296,84.73284164270534,39.42594408918339,20.152116402116395,0.35,0.35,-0.0003537568982595607,3.154761904761905e-05,0.0,0.0,-0.00010330896200989387,-0.00010330896200989387,108542.77462530012,-0.00010330896201005135
2017-06-01,GREED_TREND,0,False,0.0,13.238404252421967,59.59420229534164,82.8409395876639,35.577728862165635,21.673280423280417,0.35,0.35,0.0038927029513766698,3.353174603174603e-05,0.0,0.0,0.0013842416679024693,0.0013842416679024693,108693.02405668622,0.0
2017-06-02,GREED_TREND,0,False,0.0,11.419681034753756,63.633318658216474,83.78576394454447,31.700840672770212,20.94576719576719,0.35,0.35,0.011421319796954377,3.353174603174603e-05,0.0,0.0,0.004019257563854667,0.004019257563854667,109129.88931576429,0.0
2017-06-05,GREED_TREND,0,False,0.0,13.087539531760674,63.9052157100431,86.3026442993032,31.76137052973446,20.787037037037035,0.35,0.35,-0.0002091175240485077,3.353174603174603e-05,0.0,0.0,-5.139549849634276e-05,-5.139549849634276e-05,109124.28053070205,-5.1395498496420444e-05
2017-06-06,GREED_TREND,0,False,0.0,16.4369538718982,59.05667536057958,86.39963773286586,38.800554920912816,24.0542328042328,0.35,0.35,-0.003974064003346545,3.273809523809523e-05,0.0,0.0,-0.0013696426392665287,-0.0013696426392665287,108974.8192631079,-0.001420967744296897
2017-06-07,GREED_EXHAUSTING,0,False,0.0,19.270205539649428,53.534328120321966,85.26671052919875,43.3111649691156,27.9100529100529,0.35,0.35,0.003919921601567733,3.313492063492063e-05,0.0,0.0,0.0013935102589614048,0.0013935102589614048,109126.67679171952,-2.9437618464633886e-05
2017-06-08,GREED_EXHAUSTING,0,False,0.0,19.221425379067696,49.797885220709446,84.01138222923856,44.29397288329261,29.365079365079357,0.35,0.35,0.0010458792358110092,3.432539682539682e-05,0.0,0.0,0.0003883692404703611,0.0003883692404703611,109169.05823630016,0.0
2017-06-09,GREED_EXHAUSTING,0,False,0.0,24.408208916156866,39.87000757621107,74.66617306895246,52.73528074135553,40.694444444444436,0.35,0.35,-0.025005223932576426,3.4722222222222215e-05,0.0,0.0,-0.008729258931957303,-0.008729258931957303,108216.09325959758,-0.008729258931957196
2017-06-12,GREED_EXHAUSTING,0,False,0.0,27.680711837818134,33.23699426412031,62.583416055451416,63.09154086031794,46.951058201058196,0.35,0.35,-0.005357908272610401,3.4722222222222215e-05,0.0,0.0,-0.0018526984509691959,-0.0018526984509691959,108015.60147124558,-0.010565784698425063
2017-06-13,NORMAL_PARTICIPATION,0,False,0.0,27.27290753613963,33.94532456222772,53.62151016747813,69.46403633208632,47.7116402116402,0.35,0.35,0.008116066939596545,3.353174603174603e-05,0.0,0.0,0.0028624190637794255,0.0028624190637794255,108324.78738808246,-0.007733609338190339
2017-06-14,NORMAL_PARTICIPATION,0,False,0.0,24.036920516410323,41.03059316996782,52.650271611535594,68.56406263180682,39.29232804232804,0.35,0.35,-0.0043459675121118035,3.432539682539682e-05,0.0,0.0,-0.0014987771213026233,-0.0014987771213026233,108162.43267507524,-0.009220795502751788
2017-06-15,NORMAL_PARTICIPATION,0,False,0.0,22.58190876254324,41.58276601990038,53.73259773842574,68.96592390912274,41.3558201058201,0.35,0.35,-0.00443649373881938,3.4722222222222215e-05,0.0,0.0,-0.0015302033641423386,-0.0015302033641423386,107996.92215672201,-0.01073688917459581
2017-06-16,NORMAL_PARTICIPATION,0,False,0.0,22.718612012497683,38.10183579982441,50.56703577321131,71.70169648420092,51.32936507936508,0.35,0.35,-0.004323869762092869,3.511904761904762e-05,0.0,0.0,-0.0014905270357801232,-0.0014905270357801232,107835.94982446638,-0.012211412586780934
2017-06-19,NORMAL_PARTICIPATION,0,False,0.0,16.430780345092884,42.0961604573699,53.62881253478972,67.4300505041714,48.58465608465608,0.35,0.35,0.01672095548317043,3.5515873015873014e-05,0.0,0.0,0.005875419736569968,0.005875419736569968,108469.53129237682,-0.006407740024734765
2017-06-20,NORMAL_PARTICIPATION,0,False,0.0,13.23600027641964,43.89019528578052,54.613836611781636,68.44613373342888,43.23412698412699,0.35,0.35,-0.007831411077886874,3.511904761904762e-05,0.0,0.0,-0.002718166496308025,-0.002718166496308025,108174.69304654763,-0.009108489216790638
2017-06-21,NORMAL_PARTICIPATION,0,False,0.0,10.379613041915471,46.29970572789966,59.15678367374829,65.80197806202459,33.988095238095234,0.35,0.35,0.009902411021813995,3.4722222222222215e-05,0.0,0.0,0.0034884133020793425,0.0034884133020793425,108552.05108471957,-0.005651850089656851
2017-06-22,NORMAL_PARTICIPATION,0,False,0.0,12.032086188327105,44.07738052938945,59.062506761840915,65.29385493390708,34.345238095238095,0.35,0.35,-0.0002842120221686617,3.3928571428571424e-05,0.0,0.0,-7.742063633046017e-05,-7.742063633046017e-05,108543.64691584962,-0.0057288331561569095
2017-06-23,GREED_EXHAUSTING,0,False,0.0,9.287653067291371,51.156928017083665,61.82936162718847,54.38152352004915,30.33730158730158,0.35,0.35,0.003837953091684554,3.273809523809523e-05,0.0,0.0,0.0013645633439943556,0.0013645633439943556,108691.76159765443,-0.004372087167891503
2017-06-26,GREED_EXHAUSTING,0,False,0.0,10.197209021635738,53.18210073957848,60.104407701709114,51.26980496571011,33.941798941798936,0.35,0.35,-0.004672897196261627,3.313492063492063e-05,0.0,0.0,-0.001613976320278871,-0.001613976320278871,108516.33566822643,-0.005979007043011131
2017-06-27,NORMAL_PARTICIPATION,0,False,0.0,16.96115446193162,47.47299315840602,53.55850059349132,52.86989372498167,41.7526455026455,0.35,0.35,-0.018139137857447807,3.3928571428571424e-05,0.0,0.0,-0.006326644678678161,-0.006326644678678161,107829.79137062139,-0.012267824668596883
2017-06-28,NORMAL_PARTICIPATION,0,False,0.0,20.635153077697137,45.56309462463207,50.52968699065553,54.860268937865044,44.689153439153436,0.35,0.35,0.014417155690791938,3.432539682539682e-05,0.0,0.0,0.005068315999713685,0.005068315999713685,108376.30682747088,-0.0072616858809329
2017-06-29,NORMAL_PARTICIPATION,0,False,0.0,28.90627527059525,38.386251427550114,44.11203644246391,60.071911632382346,49.338624338624335,0.35,0.35,-0.017354663619483013,3.511904761904762e-05,0.0,0.0,-0.006051304885866673,-0.006051304885866673,107720.48875245362,-0.013269048091548608
2017-06-30,NORMAL_PARTICIPATION,0,False,0.0,29.96914073298724,39.68282191343541,43.03828458185487,60.7497513385191,48.18121693121693,0.35,0.35,0.0003633985027979847,3.5912698412698406e-05,0.0,0.0,0.0001505327299475486,0.0001505327299475486,107736.70421169681,-0.013120512787634153
2017-07-03,RISK_WARNING,0,False,0.0,36.390337277041446,32.97419786991774,36.063427366947515,67.5895226031934,56.375661375661366,0.35,0.35,-0.010534728276663685,3.5515873015873014e-05,0.0,0.0,-0.003664069579371972,-0.003664069579371972,107341.94943121294,-0.016736507895235175
2017-07-05,RISK_WARNING,0,False,0.0,30.926911022515966,39.38821843733442,36.74367414328918,63.82706546712178,52.976190476190474,0.35,0.35,0.009839195241941434,3.6706349206349205e-05,0.0,0.0,0.0034675774616636287,0.0034675774616636287,107714.16595575165,-0.013326965571135885
2017-07-06,RISK_WARNING,0,False,0.0,31.546922862712353,40.531790719848765,34.76365231462854,68.09356312391724,53.00925925925926,0.35,0.35,-0.009016214644077758,3.630952380952381e-05,0.0,0.0,-0.0031320739349510246,-0.0031320739349510246,107376.79722413664,-0.016417298464589725
2017-07-07,NORMAL_PARTICIPATION,0,False,0.0,24.989405473734283,46.51102074350956,38.23134215423688,63.349658469808595,45.07275132275132,0.35,0.35,0.01078582434514641,3.5912698412698406e-05,0.0,0.0,0.0037983817747694972,0.0037983817747694972,107784.65529374592,-0.012681275857099106
2017-07-10,NORMAL_PARTICIPATION,0,False,0.0,23.434657337098468,46.173465698892784,41.318573187980355,62.77251558519185,44.74206349206349,0.35,0.35,0.006533101045296252,3.630952380952381e-05,0.0,0.0,0.002310186556329879,0.002310186556329879,108033.6579553842,-0.010400385413771196
2017-07-11,NORMAL_PARTICIPATION,0,False,0.0,17.217595000139976,50.30822332848104,48.70378935285754,53.99440531993361,41.45502645502645,0.35,0.35,0.0028126352228472484,3.5912698412698406e-05,0.0,0.0,0.0010077655819647907,0.0010077655819647907,108142.53055756538,-0.009403100982265822
2017-07-12,NORMAL_PARTICIPATION,0,False,0.0,15.071732161384801,54.81858989270555,56.50057269397447,47.92933954898785,37.52645502645502,0.35,0.35,0.011866235167205863,3.630952380952381e-05,0.0,0.0,0.004176783498998242,0.004176783498998242,108594.21849473813,-0.005265592200289659
2017-07-13,GREED_TREND,0,False,0.0,11.754235583670642,62.59503492385787,63.186269593218846,38.287132689269626,29.79497354497354,0.35,0.35,0.0022032693674485238,3.630952380952381e-05,0.0,0.0,0.0007947454690831737,0.0007947454690831737,108680.52325785544,-0.004475031536749774
2017-07-14,GREED_TREND,0,False,0.0,7.4743268956166915,71.33423362313403,70.8097773481915,29.403748278543077,19.887566137566132,0.35,0.35,0.007871782143110462,3.630952380952381e-05,0.0,0.0,0.002778724940564852,0.002778724940564852,108982.5165383857,-0.0017087414779257681
2017-07-17,GREED_TREND,0,False,0.0,3.9616065812884393,76.31566713130537,73.2818495721909,23.573241037489584,17.910052910052908,0.35,0.35,0.000492541514213185,3.5912698412698406e-05,0.0,0.0,0.00019573278394286874,0.00019573278394286874,109003.84798974884,-0.0015133431507095008
2017-07-18,GREED_TREND,0,False,0.0,4.148190961778636,77.5255493793638,76.58932554874582,22.652412683317078,15.978835978835974,0.35,0.35,0.006681201209648879,3.7103174603174604e-05,0.0,0.0,0.002362537486869171,0.002362537486869171,109261.37366683761,0.0
2017-07-19,GREED_TREND,0,False,0.0,4.672991416997418,78.89241169227996,77.56304574561972,21.40080416359018,17.427248677248674,0.35,0.35,0.0058683806063992705,3.7103174603174604e-05,0.0,0.0,0.0020780502757318077,0.0020780502757318077,109488.42429451282,0.0
2017-07-20,GREED_TREND,0,False,0.0,6.310991925850515,78.36467076182845,78.76124296221036,22.069801327394373,18.31349206349206,0.35,0.35,0.0013196277260729694,3.869047619047619e-05,0.0,0.0,0.0004870185136493488,0.0004870185136493488,109541.74718417456,0.0
2017-07-21,GREED_TREND,0,False,0.0,7.046250249957782,78.26380107697467,78.32328095277579,22.684228175237866,20.853174603174597,0.35,0.35,-0.0004161753485466546,4.027777777777778e-05,0.0,0.0,-0.00011948081643577355,-0.00011948081643577355,109528.65904678719,-0.0001194808164358685
2017-07-24,GREED_TREND,0,False,0.0,7.083769376328068,74.71301206702562,77.21497951981264,24.801538926982616,23.96825396825396,0.35,0.35,0.004579834848379649,4.067460317460317e-05,0.0,0.0,0.0016293806889963692,0.0016293806889963692,109707.1229287297,0.0
2017-07-25,GREED_TREND,0,False,0.0,5.521459906246069,74.31158929726674,76.97689010428115,28.422045448993742,21.78571428571428,0.35,0.35,-0.00255577813082819,4.107142857142856e-05,0.0,0.0,-0.0008678259172184379,-0.0008678259172184379,109611.91624414868,-0.0008678259172184566
2017-07-26,GREED_TREND,0,False,0.0,5.307530763240867,71.07888003946933,78.80262589903361,31.989360235362202,22.863756613756607,0.35,0.35,0.0032548476454292707,4.146825396825396e-05,0.0,0.0,0.0011661510409796097,0.0011661510409796097,109739.74029438054,0.0
2017-07-27,GREED_EXHAUSTING,0,False,0.0,7.6958066637881375,62.521771180718154,76.54316023585773,40.86661051964046,33.24074074074073,0.35,0.35,-0.0062814937530198955,3.948412698412698e-05,0.0,0.0,-0.0021728581310172805,-0.0021728581310172805,109501.29140738616,-0.002172858131017308
2017-07-28,GREED_EXHAUSTING,0,False,0.0,11.30968509646903,50.04256810615855,74.0437909240827,48.789422468331985,50.978835978835974,0.35,0.35,-0.0008335648791331085,3.869047619047619e-05,0.0,0.0,-0.0002665988981727784,-0.0002665988981727784,109472.09848374846,-0.002438877747606427
2017-07-31,GREED_EXHAUSTING,0,False,0.0,13.276327935615713,39.54414283135878,67.40842303702065,58.845494327677066,64.97354497354497,0.35,0.35,-0.004240823136818728,3.7500000000000003e-05,0.0,0.0,-0.0014599130978865545,-0.0014599130978865545,109312.2787333189,-0.0038952302959252005
2017-08-01,GREED_EXHAUSTING,0,False,0.0,14.821605963462412,36.936690311670866,67.04333677730538,63.5227094136658,65.6547619047619,0.35,0.35,0.0023039865949872063,3.7103174603174604e-05,0.0,0.0,0.0008305123717375856,0.0008305123717375856,109403.06393318975,-0.003067952961139153
2017-08-02,GREED_EXHAUSTING,0,False,0.0,15.965206206305142,37.20673840580282,67.62716562967451,66.51887515185648,61.75264550264549,0.35,0.35,0.0027166341599329513,3.7500000000000003e-05,0.0,0.0,0.0009751969559765329,0.0009751969559765329,109509.75346811191,-0.002095747863551267
2017-08-03,GREED_EXHAUSTING,0,False,0.0,15.62004098167124,38.5306071850304,68.75755429521361,69.00503151143477,59.52380952380952,0.35,0.35,-0.0038902396665508876,3.7500000000000003e-05,0.0,0.0,-0.0013372088832928105,-0.0013372088832928105,109363.31605296714,-0.003430154294183918
2017-08-04,GREED_EXHAUSTING,0,False,0.0,15.159764495034002,39.72566228040415,69.23050885423726,69.60911940766886,58.4589947089947,0.35,0.35,0.0018132366273799772,3.7500000000000003e-05,0.0,0.0,0.0006590078195829919,0.0006590078195829919,109435.38733342158,-0.002773406973103132
2017-08-07,GREED_EXHAUSTING,0,False,0.0,14.15308509510057,41.55144722155816,69.32012053193067,66.55418969569372,58.247354497354486,0.35,0.35,0.0063348416289592535,3.7500000000000003e-05,0.0,0.0,0.0022415695701357386,0.0022415695701357386,109680.69436756418,-0.000538054187643966
2017-08-08,GREED_EXHAUSTING,0,False,0.0,15.21111546431181,40.963914306080746,68.62175266195571,62.84303671545788,60.60185185185184,0.35,0.35,-0.001729385722191501,3.511904761904762e-05,0.0,0.0,-0.0005824576218146444,-0.0005824576218146444,109616.81001116388,-0.0011201984156959943
2017-08-09,GREED_EXHAUSTING,0,False,0.0,17.852517329727487,38.048658831469794,65.80391232359038,61.21953557287037,65.90608465608464,0.35,0.35,-0.0013166100755318544,3.6706349206349205e-05,0.0,0.0,-0.000436954399452022,-0.000436954399452022,109568.9124637756,-0.0015566633395220908
2017-08-10,RISK_WARNING,0,False,0.0,33.97095772651692,26.060773912777986,54.11023391771018,70.37095713713843,76.9179894179894,0.35,0.35,-0.02144046627810159,3.6706349206349205e-05,0.0,0.0,-0.007480304070351428,-0.007480304070351428,108749.30368188884,-0.009025323094758786
2017-08-11,RISK_WARNING,0,False,0.0,45.36269306898486,21.492443372112263,46.36964927485179,74.25236210555768,82.03703703703702,0.35,0.35,0.007587038218818565,3.630952380952381e-05,0.0,0.0,0.002679064567062688,0.002679064567062688,109040.65008807572,-0.006370437951005559
2017-08-14,RISK_WARNING,0,False,0.0,46.511254798612775,22.81815923058002,45.102375964286715,75.54241731951807,74.07407407407406,0.35,0.35,0.01287825475017601,3.5515873015873014e-05,0.0,0.0,0.004530474480021921,0.004530474480021921,109534.65597058476,-0.0018688245775471124
2017-08-15,RISK_WARNING,0,False,0.0,32.88600149721072,33.43990283736605,52.5063783875926,69.64800236173899,57.215608465608454,0.35,0.35,0.0006947821857847813,3.511904761904762e-05,0.0,0.0,0.0002660011459770544,0.0002660011459770544,109563.79231459711,-0.0016033205410495022
2017-08-16,RANGE_CARRY,0,False,0.0,23.529214197312523,40.48572590169832,59.51559040419486,65.25015351445937,42.08333333333332,0.35,0.35,0.001735749496632577,3.5912698412698406e-05,0.0,0.0,0.0006308555777896559,0.0006308555777896559,109632.91124410256,-0.0009734764269662133
2017-08-17,NORMAL_PARTICIPATION,0,False,0.0,29.383843520792936,37.899121430810105,52.49975113459431,67.19613490699324,52.559523809523796,0.35,0.35,-0.020446354311061787,3.511904761904762e-05,0.0,0.0,-0.007133396627919244,-0.007133396627919244,108850.85620472493,-0.008099928861423855
2017-08-18,RISK_WARNING,0,False,0.0,37.88064392857214,30.113284628898242,45.98725167051334,69.60816398348585,63.465608465608454,0.35,0.35,-0.0007075638576382604,3.432539682539682e-05,0.0,0.0,-0.0002253358422368832,-0.0002253358422368832,108826.32820536382,-0.008323439499368757
2017-08-21,RISK_WARNING,0,False,0.0,46.71593901109318,20.193380013680066,38.47244985041227,76.08389170668272,73.09523809523809,0.35,0.35,-0.0012745167457337558,3.511904761904762e-05,0.0,0.0,-0.00042325348005443355,-0.00042325348005443355,108780.26708322934,-0.008743170054689164
2017-08-22,RISK_WARNING,0,False,0.0,41.22742347543805,23.00689261922251,44.27225086260459,73.48700856220445,58.253968253968246,0.35,0.35,0.015242821694434472,3.432539682539682e-05,0.0,0.0,0.005357299100988573,0.005357299100988573,109363.03551027962,-0.0034327107307744464
2017-08-23,RISK_WARNING,0,False,0.0,36.51524844899003,28.401316930579455,47.49031266038107,72.75773167290292,48.10185185185184,0.35,0.35,-0.0035614525139664455,3.432539682539682e-05,0.0,0.0,-0.0012241968719517479,-0.0012241968719517479,109229.15362430079,-0.004652705288987202
2017-08-24,NORMAL_PARTICIPATION,0,False,0.0,26.953861074077512,39.76714837551699,49.48037832092252,66.19420142333924,40.62169312169311,0.35,0.35,-0.0029434438292801346,3.432539682539682e-05,0.0,0.0,-0.001007893832311539,-0.001007893832311539,109119.06223405423,-0.005655909688334515
2017-08-25,NORMAL_PARTICIPATION,0,False,0.0,23.335661856747397,43.714796624833674,46.81513799295937,63.75670887101189,42.18253968253967,0.35,0.35,-0.0021086666198074644,3.511904761904762e-05,0.0,0.0,-0.0007152059359802315,-0.0007152059359802315,109041.01963301585,-0.006367070484132209
2017-08-28,NORMAL_PARTICIPATION,0,False,0.0,18.6702622211736,48.529688266176436,47.032838285697714,56.882957257263854,39.93386243386242,0.35,0.35,0.003099246319645088,3.5515873015873014e-05,0.0,0.0,0.0011078215293360983,0.0011078215293360983,109161.81762214605,-0.005266302532557443
2017-08-29,NORMAL_PARTICIPATION,0,False,0.0,21.06643130698713,45.485028671072236,48.89472710172824,55.112818333071196,39.98677248677248,0.35,0.35,0.003932308124429573,3.353174603174603e-05,0.0,0.0,0.0013981034784709854,0.0013981034784709854,109314.43713907978,-0.0038755618899759536
2017-08-30,NORMAL_PARTICIPATION,0,False,0.0,21.18513237340796,46.83905993319286,53.77526040123436,48.60228449879716,37.28835978835978,0.35,0.35,0.011750716933622396,3.5515873015873014e-05,0.0,0.0,0.0041358362442281554,0.0041358362442281554,109766.54375021697,0.0
2017-08-31,GREED_EXHAUSTING,0,False,0.0,20.59019733350159,52.117754395964766,60.59217089447304,41.80099416281982,32.3015873015873,0.35,0.35,0.010715520221223462,3.5515873015873014e-05,0.0,0.0,0.003773517394888529,0.003773517394888529,110180.74971243521,0.0
2017-09-01,GREED_TREND,0,False,0.0,14.006095388941695,61.5665619112732,65.75989989327165,33.98498414968318,23.002645502645493,0.35,0.35,-0.001367989056087482,3.4722222222222215e-05,0.0,0.0,-0.0004562267251861742,-0.0004562267251861742,110130.48230981534,-0.0004562267251861929
2017-09-05,GREED_TREND,0,False,0.0,12.160621569448857,62.21276264268565,62.361532246240536,35.29304248623905,26.243386243386237,0.35,0.35,-0.008972602739725999,3.511904761904762e-05,0.0,0.0,-0.0031175835779517188,-0.0031175835779517188,109787.14132673437,-0.0035723879781915935
2017-09-06,NORMAL_PARTICIPATION,0,False,0.0,8.632535557969584,61.476481579259634,57.33164844512223,35.456712974530554,31.230158730158717,0.35,0.35,0.0030409841730596465,3.5515873015873014e-05,0.0,0.0,0.0010874297780311937,0.0010874297780311937,109906.52713345799,-0.0024888429212264196
2017-09-07,NORMAL_PARTICIPATION,0,False,0.0,8.219252979441164,59.018627576589836,54.13362688555055,35.76415418111336,36.52777777777777,0.35,0.35,0.0023427272100875474,3.7103174603174604e-05,0.0,0.0,0.000844071587022705,0.000844071587022705,109999.29611023967,-0.0016468720957982796
2017-09-08,RANGE_CARRY,0,False,0.0,9.5329404137878,54.6487787283973,54.993515099644675,39.477454231490746,40.099206349206334,0.35,0.35,-0.008661579707156086,3.630952380952381e-05,0.0,0.0,-0.0030079517070284393,-0.0030079517070284393,109668.42353973295,-0.004649870091094854
2017-09-11,GREED_EXHAUSTING,0,False,0.0,10.138050128251022,56.28584104848816,60.14123780344233,42.273199444388325,35.83333333333332,0.35,0.35,0.011510990916025143,3.5912698412698406e-05,0.0,0.0,0.0040521900745770535,0.0040521900745770535,110112.82083709518,-0.0006165221739489191
2017-09-12,GREED_EXHAUSTING,0,False,0.0,10.634664991364998,61.24716922433646,64.36331836445527,40.29427978715352,30.760582010582002,0.35,0.35,0.002399396723109515,3.630952380952381e-05,0.0,0.0,0.0008633900435645206,0.0008633900435645206,110207.89115027474,0.0
2017-09-13,GREED_TREND,0,False,0.0,7.57083383850036,71.8167693783442,70.15885833607592,31.972647680587368,17.916666666666657,0.35,0.35,0.0013678019422787013,3.5515873015873014e-05,0.0,0.0,0.0005018159972578628,0.0005018159972578628,110263.19523307799,0.0
2017-09-14,GREED_TREND,0,False,0.0,7.229636483135388,71.99916117253396,68.32527777707911,33.891723933157245,16.216931216931208,0.35,0.35,-0.005873514547192871,3.5912698412698406e-05,0.0,0.0,-0.0020323868375492506,-0.0020323868375492506,110039.09776642016,-0.0020323868375492493
2017-09-15,GREED_TREND,0,False,0.0,6.666674947484154,71.12471160742179,68.38360299871506,35.9510747628813,17.804232804232797,0.35,0.35,0.0034350096180268963,3.630952380952381e-05,0.0,0.0,0.0012258545567856041,0.0012258545567856041,110173.9896958417,-0.0008090236914296556
2017-09-18,GREED_EXHAUSTING,0,False,0.0,5.799561716208355,67.38703343412764,66.3043580928201,42.247468454456516,24.50396825396825,0.35,0.35,-0.0013050801040668247,3.630952380952381e-05,0.0,0.0,-0.00043317684594719816,-0.00043317684594719816,110126.26487447984,-0.0012418500870459148
2017-09-19,GREED_EXHAUSTING,0,False,0.0,5.922231691205929,63.92303843392077,67.86700727554235,43.2558559091372,28.862433862433857,0.35,0.35,0.00171762281003085,3.630952380952381e-05,0.0,0.0,0.0006247691739869879,0.0006247691739869879,110195.06837001971,-0.0006178567827122006
2017-09-20,GREED_EXHAUSTING,0,False,0.0,5.885226549865059,58.08939243100394,64.7459972885584,50.1953536274498,33.78306878306878,0.35,0.35,-0.0030864197530865445,3.5912698412698406e-05,0.0,0.0,-0.0010569036596120365,-0.0010569036596120365,110078.60279898823,-0.0016741074272296208
2017-09-21,GREED_EXHAUSTING,0,False,0.0,5.872328808435461,51.27867813814427,61.53117686671202,54.69136662266632,35.77380952380952,0.35,0.35,-0.006123151014791772,3.5912698412698406e-05,0.0,0.0,-0.0021197596012088663,-0.0021197596012088663,109845.2626238174,-0.0037903183231462467
2017-09-22,RANGE_CARRY,0,False,0.0,6.784461152882216,46.5774911800566,56.267857862000604,58.08937059047063,39.29894179894179,0.35,0.35,-0.0009691264017722689,3.5912698412698406e-05,0.0,0.0,-0.00031585098665204013,-0.00031585098665204013,109810.56788923862,-0.0041049721340161716
2017-09-25,RANGE_CARRY,0,False,0.0,10.702589807852979,40.38592333521177,49.72215715695347,62.326891910007966,47.94973544973544,0.35,0.35,-0.010532150776053073,3.5515873015873014e-05,0.0,0.0,-0.0036631674541582576,-0.0036631674541582576,109408.31339082413,-0.007753102387852873
2017-09-26,RANGE_CARRY,0,False,0.0,14.525480367585642,42.595749430558676,46.201669019723134,61.90282929484339,54.345238095238095,0.35,0.35,0.002591036414565595,3.630952380952381e-05,0.0,0.0,0.0009304639355741486,0.0009304639355741486,109510.11388068627,-0.006829852434439565
2017-09-27,RANGE_CARRY,0,False,0.0,14.718184349763307,46.735055956844775,44.187620928270896,59.11984462533572,59.42460317460316,0.35,0.35,0.009010267514144132,3.6706349206349205e-05,0.0,0.0,0.003177452756934573,0.003177452756934573,109858.07709394868,-0.00367410121095213
2017-09-28,RANGE_CARRY,0,False,0.0,11.11417432470065,53.887780187493156,46.819399133178,53.215934425205,57.056878306878296,0.35,0.35,-0.0003461165720615167,3.7103174603174604e-05,0.0,0.0,-9.702373672946734e-05,-9.702373672946734e-05,109847.4182527991,-0.0037707684726531188
2017-09-29,RANGE_CARRY,0,False,0.0,6.58263802967335,59.78857335779342,50.82633981192013,45.43967088998962,50.93253968253967,0.35,0.35,0.00720171733259467,3.6706349206349205e-05,0.0,0.0,0.0025444601933922615,0.0025444601933922615,110126.92063589027,-0.0012359028495378954
2017-10-02,RANGE_CARRY,0,False,0.0,5.1385867249409305,64.16461819797922,54.88548236491413,39.70274534569459,45.76719576719575,0.35,0.35,0.0008937779305604465,3.6706349206349205e-05,0.0,0.0,0.00033668140268028324,0.00033668140268028324,110163.99832200281,-0.0008996375523627753
2017-10-03,RANGE_CARRY,0,False,0.0,2.937026338619478,67.80665954652365,58.644264394572424,33.4760623596508,40.58862433862433,0.35,0.35,0.0021294133809588445,3.4722222222222215e-05,0.0,0.0,0.00076786412778004,0.00076786412778004,110248.58930448709,-0.00013246422398716096
2017-10-04,GREED_TREND,0,False,0.0,2.0486238979185694,68.83738679586848,60.09735902075392,31.547222424868764,40.32407407407406,0.35,0.35,0.0009596271163205827,3.7103174603174604e-05,0.0,0.0,0.0003599865542042674,0.0003599865542042674,110288.2773142567,0.0
2017-10-05,GREED_TREND,0,False,0.0,0.146810540996853,71.51075929750128,63.28562334370728,29.109430193699097,37.010582010582006,0.35,0.35,0.009792508388687393,3.7500000000000003e-05,0.0,0.0,0.0034517529360405873,0.0034517529360405873,110668.96519928703,0.0
2017-10-06,GREED_TREND,0,False,0.0,0.0,71.50659905404932,66.78477655548696,28.950718740974082,36.17724867724867,0.35,0.35,0.0013563000135630165,3.7103174603174604e-05,0.0,0.0,0.0004988220682391192,0.0004988220682391192,110724.16932139764,0.0
2017-10-09,GREED_TREND,0,False,0.0,1.2194065410439776,68.78717481768517,68.84380631550685,32.11287859839633,40.529100529100525,0.35,0.35,-0.0011512935121223977,3.7103174603174604e-05,0.0,0.0,-0.0003788356657507757,-0.0003788356657507757,110682.22305699806,-0.0003788356657508096
2017-10-10,GREED_TREND,0,False,0.0,2.9953399994623364,62.84062107966145,67.50945562498435,35.430999727501664,49.08068783068782,0.35,0.35,0.0007458132754762925,3.7103174603174604e-05,0.0,0.0,0.0002851517099087658,0.0002851517099087658,110713.78428215925,-9.379198148007362e-05
2017-10-11,GREED_TREND,0,False,0.0,6.1138505615819225,58.68653728743198,67.30880101544709,36.654337500172176,53.994708994708986,0.35,0.35,0.0029810298102981303,3.7500000000000003e-05,0.0,0.0,0.0010677354336043456,0.0010677354336043456,110831.99731262574,0.0
2017-10-12,GREED_TREND,0,False,0.0,8.05712715112866,55.73678236984724,66.80672870137236,38.56419634284334,55.760582010582006,0.35,0.35,-0.0018238313969196618,3.8293650793650795e-05,0.0,0.0,-0.0006134501159060086,-0.0006134501159060086,110764.00741102823,-0.0006134501159058559
2017-10-13,GREED_TREND,0,False,0.0,9.120607792512212,54.80503639572462,68.41028437966632,38.6624813884157,54.68253968253967,0.35,0.35,0.003857345875346807,3.7896825396825396e-05,0.0,0.0,0.0013747039928793188,0.0013747039928793188,110916.27513428348,0.0
2017-10-16,GREED_TREND,0,False,0.0,7.5262031942269445,55.38218439916941,67.6200201493437,38.48509512148577,56.93783068783068,0.35,0.35,0.0034380477281918953,3.7896825396825396e-05,0.0,0.0,0.0012279496413750996,0.0012279496413750996,111052.4747345573,0.0
2017-10-17,GREED_TREND,0,False,0.0,6.858076400931956,57.28626237349221,68.17934502634783,34.38536848413474,57.26851851851851,0.35,0.35,0.0012764528048370138,3.8293650793650795e-05,0.0,0.0,0.00047164935470882783,0.00047164935470882783,111104.85256260468,0.0
2017-10-18,GREED_TREND,0,False,0.0,6.214262412519628,57.84908314530537,66.99426275485199,36.665737735530485,58.76322751322751,0.35,0.35,-0.0012077294685989282,3.7896825396825396e-05,0.0,0.0,-0.00039807237750168835,-0.00039807237750168835,111060.6247897931,-0.00039807237750166813
2017-10-19,GREED_EXHAUSTING,0,False,0.0,7.060026176124761,55.34332276443954,65.10859637748443,42.87754185635918,59.834656084656075,0.35,0.35,-0.003694746741905175,3.7896825396825396e-05,0.0,0.0,-0.0012685284231588748,-0.0012685284231588748,110919.74123055348,-0.0016660958345351418
2017-10-20,GREED_EXHAUSTING,0,False,0.0,5.92128994464915,54.41547008622917,63.763308181533546,46.40564548338336,59.953703703703695,0.35,0.35,0.002697053469085109,3.8293650793650795e-05,0.0,0.0,0.000968859587195661,0.000968859587195661,111027.20688525398,-0.0006988504602617462
2017-10-23,RANGE_CARRY,0,False,0.0,8.557222382183417,47.19089004824891,59.63909078054863,52.823436591027246,65.73412698412697,0.35,0.35,-0.006522762423508799,3.869047619047619e-05,0.0,0.0,-0.00225781803870427,-0.00225781803870427,110776.52765476149,-0.002955090621790668
2017-10-24,RANGE_CARRY,0,False,0.0,10.524150517132382,45.986096072404884,57.028143857609514,54.56870150430663,69.2526455026455,0.35,0.35,0.0016921619060512594,3.7896825396825396e-05,0.0,0.0,0.0006168896036258773,0.0006168896036258773,110844.86454299749,-0.0023400239828471614
2017-10-25,RANGE_CARRY,0,False,0.0,16.366906560638526,36.56180127538618,52.804091282990775,63.453135434369806,75.85846560846561,0.35,0.35,-0.003784039462125799,3.9087301587301594e-05,0.0,0.0,-0.0012990070657122835,-0.0012990070657122835,110700.87628075822,-0.0036359913408716693
2017-10-26,RANGE_CARRY,0,False,0.0,17.011790743634123,34.25154569937642,50.939176819868095,66.72573248667031,76.09656084656083,0.35,0.35,-0.003187953605100713,3.9087301587301594e-05,0.0,0.0,-0.0010903770157535033,-0.0010903770157535033,110580.17058963791,-0.004722403755237581
2017-10-27,RANGE_CARRY,0,False,0.0,19.069035868090253,36.0830138454279,59.131014111909515,63.76105856212666,63.82804232804231,0.35,0.35,0.029123571039738616,3.869047619047619e-05,0.0,0.0,0.010218398673432326,0.010218398673432326,111710.122858099,0.0
2017-10-30,GREED_EXHAUSTING,0,False,0.0,18.43930431086441,44.20585193239373,67.6568733604526,53.72759585469538,53.33994708994708,0.35,0.35,0.0022480825178523567,3.8293650793650795e-05,0.0,0.0,0.0008117197542641978,0.0008117197542641978,111800.80017157421,0.0
2017-10-31,GREED_EXHAUSTING,0,False,0.0,18.548494472498877,52.12336485489087,77.0062447647969,41.789215448649976,43.94841269841269,0.35,0.35,0.0037603905528433845,3.9087301587301594e-05,0.0,0.0,0.0013415434395269306,0.0013415434395269306,111950.78580157824,0.0
2017-11-01,GREED_TREND,0,False,0.0,18.420060354233495,52.45929769233455,77.00665477415633,38.11302288165755,47.1031746031746,0.35,0.35,-0.000328623069339562,4.027777777777778e-05,0.0,0.0,-8.883751871329113e-05,-8.883751871329113e-05,111940.84037154964,-8.883751871313628e-05
2017-11-02,GREED_TREND,0,False,0.0,18.31847646657619,52.34547943362501,77.53292154247045,39.288794632082194,46.01190476190475,0.35,0.35,-0.0019066403681787802,4.146825396825396e-05,0.0,0.0,-0.0006403697637832079,-0.0006403697637832079,111869.15684204322,-0.0007291503936355248
2017-11-03,GREED_EXHAUSTING,0,False,0.0,19.533219967215746,52.58000686664664,80.26948174079193,40.17703008807745,40.29761904761904,0.35,0.35,0.009617284763849598,4.107142857142856e-05,0.0,0.0,0.0033927460959187875,0.0033927460959187875,112248.7004871728,0.0
2017-11-06,GREED_TREND,0,False,0.0,18.599656295253457,55.45921858650669,82.35308018536945,38.730111686951155,35.165343915343904,0.35,0.35,0.003392705682781827,4.146825396825396e-05,0.0,0.0,0.0012144013540530043,0.0012144013540530043,112385.0154610351,0.0
2017-11-07,GREED_TREND,0,False,0.0,17.704255108323913,57.24063701834998,84.4739598243596,36.26721193271201,31.752645502645493,0.35,0.35,0.0005852136029651511,4.186507936507936e-05,0.0,0.0,0.00023203706262510447,0.00023203706262510447,112411.09294990577,0.0
2017-11-08,GREED_TREND,0,False,0.0,16.70066612881639,59.20354528070245,85.38850259557636,34.4957505525768,32.63888888888888,0.35,0.35,0.004029113595009237,4.305555555555555e-05,0.0,0.0,0.0014381758693643438,0.0014381758693643438,112572.75987123519,0.0
2017-11-09,GREED_TREND,0,False,0.0,17.32452409147518,56.123662962059036,83.17886333896541,39.36663868015722,37.89021164021163,0.35,0.35,-0.005242718446601957,4.345238095238095e-05,0.0,0.0,-0.0018067074086916372,-0.0018067074086916372,112369.37383195898,-0.001806707408691488
2017-11-10,GREED_EXHAUSTING,0,False,0.0,17.12310353943938,53.918728237893276,79.6496076603626,43.23485948185487,42.02380952380951,0.35,0.35,-6.506604203260213e-05,4.3849206349206344e-05,0.0,0.0,5.728869415573379e-06,5.728869415573379e-06,112370.01758142798,-0.0018009888896667325
2017-11-13,GREED_EXHAUSTING,0,False,0.0,16.34470859066813,50.40959902994597,74.51534689427605,48.04521870346546,45.62169312169311,0.35,0.35,0.0012363352420614593,4.345238095238095e-05,0.0,0.0,0.0004609613823405583,0.0004609613823405583,112421.81582006594,-0.0013408576936543293
2017-11-14,GREED_EXHAUSTING,0,False,0.0,15.82996560866375,45.18640348987759,70.47814297310654,50.97746467993332,45.2579365079365,0.35,0.35,-0.0036394358874374255,4.3849206349206344e-05,0.0,0.0,-0.0012453005764761146,-0.0012453005764761146,112281.81686801673,-0.002584488499271509
2017-11-15,GREED_EXHAUSTING,0,False,0.0,20.21940974878717,37.87660370699234,64.82362660769773,57.09490745726337,49.246031746031726,0.35,0.35,-0.004696366838431887,4.464285714285714e-05,0.0,0.0,-0.001614710536308303,-0.001614710536308303,112100.51423528409,-0.004195025834769162
2017-11-16,GREED_EXHAUSTING,0,False,0.0,17.814641848604417,40.67651404993487,65.36444430320931,56.70990185295272,44.662698412698404,0.35,0.35,0.012779343338357618,4.4246031746031744e-05,0.0,0.0,0.004501530089060087,0.004501530089060087,112605.13807311332,0.0
2017-11-17,GREED_EXHAUSTING,0,False,0.0,14.65919595704741,47.27941247880807,66.31787561317968,55.64024530926715,36.818783068783056,0.35,0.35,-0.003817781804063669,4.5039682539682535e-05,0.0,0.0,-0.0013069478377714906,-0.0013069478377714906,112457.96903138669,-0.0013069478377716326
2017-11-20,GREED_EXHAUSTING,0,False,0.0,7.174317086614283,55.885048845681695,70.20882840435034,51.88100602233666,25.324074074074066,0.35,0.35,-0.0007794738551476499,4.5833333333333334e-05,0.0,0.0,-0.00024302418263501074,-0.00024302418263501074,112430.63902538204,-0.0015496544004766077
2017-11-21,GREED_EXHAUSTING,0,False,0.0,7.063347332659419,57.85803907532824,71.59664698699588,49.660829808317025,19.404761904761894,0.35,0.35,0.010856139894688921,4.623015873015873e-05,0.0,0.0,0.003829698566315725,0.003829698566315725,112861.2144824675,0.0
2017-11-22,GREED_EXHAUSTING,0,False,0.0,6.568097877422978,61.14081370244249,74.15545040520898,41.933790503176375,16.37566137566137,0.35,0.35,0.0012218649517685698,4.623015873015873e-05,0.0,0.0,0.0004577023362936026,0.0004577023362936026,112912.87132401306,0.0
2017-11-24,GREED_TREND,0,False,0.0,6.759133349673948,63.9387139805597,78.75835716713591,36.38792740379241,12.063492063492054,0.35,0.35,0.0036611214593100794,4.5833333333333334e-05,0.0,0.0,0.0013111841774251943,0.0013111841774251943,113060.92089432076,0.0
2017-11-27,GREED_TREND,0,False,0.0,5.96957803976953,62.02061107662141,77.50376430621354,36.729359075054,21.468253968253958,0.35,0.35,-0.0004479713298348731,4.5833333333333334e-05,0.0,0.0,-0.0001269982987755389,-0.0001269982987755389,113046.5623497092,-0.0001269982987753826
2017-11-28,GREED_TREND,0,False,0.0,5.152979599045927,60.210323264137664,75.69284239738231,36.66577763274557,31.977513227513214,0.35,0.35,0.0025609834176323343,4.5039682539682535e-05,0.0,0.0,0.0009256199898221106,0.0009256199898221106,113151.20050760076,0.0
2017-11-29,GREED_EXHAUSTING,0,False,0.0,10.198787142604594,51.231030145831674,64.1814609724103,43.45686583621864,52.24206349206347,0.35,0.35,-0.01743406347787213,4.623015873015873e-05,0.0,0.0,-0.006071872614080642,-0.006071872614080642,112464.16083198834,-0.006071872614080376
2017-11-30,NORMAL_PARTICIPATION,0,False,0.0,13.013827225347066,50.157069598134626,56.99993116431805,45.79704198027321,60.37698412698412,0.35,0.35,0.008384245417912384,4.5833333333333334e-05,0.0,0.0,0.0029642775629360007,0.0029642775629360007,112797.53582057702,-0.0031255937668994704
2017-12-01,NORMAL_PARTICIPATION,0,False,0.0,19.223102630741792,45.28431775436741,49.28242219920232,56.089026901242256,69.43783068783068,0.35,0.35,-0.004253947792458912,4.5039682539682535e-05,0.0,0.0,-0.0014596059337098255,-0.0014596059337098255,112632.89586798544,-0.004580637565400836
2017-12-04,NORMAL_PARTICIPATION,0,False,0.0,22.752374544287523,44.503293117113124,46.213102912150056,59.12761434932952,73.53835978835978,0.35,0.35,-0.01152178134507087,4.5039682539682535e-05,0.0,0.0,-0.0040033476771240105,-0.0040033476771240105,112181.98722594458,-0.00856564735776777
2017-12-05,NORMAL_PARTICIPATION,0,False,0.0,28.269316423826982,41.10948487750247,42.72471460330493,64.11794619715812,77.07010582010581,0.35,0.35,0.0006548359635911716,4.5833333333333334e-05,0.0,0.0,0.0002589842539235767,0.0002589842539235767,112211.04059420996,-0.008308881471634444
2017-12-06,NORMAL_PARTICIPATION,0,False,0.0,26.86819036820523,39.68628637337362,41.92098081677659,64.64642772235341,76.71957671957671,0.35,0.35,0.004515411295072269,4.623015873015873e-05,0.0,0.0,0.0016104435564498973,0.0016104435564498973,112391.75014149745,-0.006711818899811761
2017-12-07,NORMAL_PARTICIPATION,0,False,0.0,19.062932764801104,45.53687617487092,46.04563965136444,61.98654154519888,68.8558201058201,0.35,0.35,0.0033876221498372328,4.623015873015873e-05,0.0,0.0,0.0012157173556176346,0.0012157173556176346,112528.3867427727,-0.00550426121891856
2017-12-08,RANGE_CARRY,0,False,0.0,9.857748804803729,52.171897293821246,50.891857623455955,58.601320273820214,57.23544973544972,0.35,0.35,0.004415011037527394,4.5833333333333334e-05,0.0,0.0,0.0015750455298012547,0.0015750455298012547,112705.62407528763,-0.003937885151145126
2017-12-11,RANGE_CARRY,0,False,0.0,4.109403098946555,60.208119364845345,57.91943548060997,53.16490478895087,39.193121693121675,0.35,0.35,0.007756948933419716,4.5436507936507935e-05,0.0,0.0,0.002744465856855631,0.002744465856855631,113014.94081243785,-0.0012042266856351347
2017-12-12,GREED_EXHAUSTING,0,False,0.0,0.8735415378272617,64.93872372141423,62.35926972621562,48.58556251560419,25.383597883597872,0.35,0.35,-0.0013470173187941636,4.7420634920634924e-05,0.0,0.0,-0.00044063264887954454,-0.00044063264887954454,112965.14273970471,-0.0016443287129203066
2017-12-13,GREED_EXHAUSTING,0,False,0.0,0.5947261392806041,66.39561652602124,65.78986098518406,44.188888924574506,17.923280423280413,0.35,0.35,0.0019269060312159247,4.7817460317460317e-05,0.0,0.0,0.0007054984601319228,0.0007054984601319228,113044.83947395616,-0.0009399903241632535
2017-12-14,GREED_EXHAUSTING,0,False,0.0,1.200114027629953,65.00652780115665,65.90595576307446,45.08096308973074,17.982804232804224,0.35,0.35,-0.0007051734085519179,4.623015873015873e-05,0.0,0.0,-0.00021676108981856805,-0.00021676108981856805,113020.33575135341,-0.0011565476606547609
2017-12-15,GREED_EXHAUSTING,0,False,0.0,2.5560913932869886,65.87019454195463,69.84117446450135,40.523381650297345,16.1111111111111,0.35,0.35,0.011354888375673555,4.7023809523809525e-05,0.0,0.0,0.004004776407676221,0.004004776407676221,113472.9569255581,0.0
2017-12-18,GREED_TREND,0,False,0.0,3.056512851019663,65.67898116308872,74.39118262612986,38.06967470873496,16.005291005290996,0.35,0.35,0.008369235648588491,4.6626984126984126e-05,0.0,0.0,0.0029595400166885113,0.0029595400166885113,113808.78468239124,0.0
2017-12-19,GREED_TREND,0,False,0.0,2.9620977861431386,67.57768215069056,77.06483044103526,36.26817964060788,17.103174603174594,0.35,0.35,-0.005925365607665101,4.94047619047619e-05,0.0,0.0,-0.00204176486744469,-0.00204176486744469,113576.41390422016,-0.002041764867444673
2017-12-20,GREED_TREND,0,False,0.0,1.9632632776289596,68.52846240765011,75.45751460715431,38.2985507913351,20.224867724867718,0.35,0.35,-0.0010779961953074624,4.900793650793651e-05,0.0,0.0,-0.00034544350962745305,-0.00034544350962745305,113537.17966919017,-0.0023865030626506467
2017-12-21,GREED_TREND,0,False,0.0,1.623647897686369,69.43027151097697,72.50749335119957,38.362150141468284,21.302910052910043,0.35,0.35,0.0001269599441375835,4.94047619047619e-05,0.0,0.0,7.654907568624945e-05,7.654907568624945e-05,113545.87083534987,-0.002310136671567986
2017-12-22,GREED_TREND,0,False,0.0,2.9107112726922213,65.56087981477269,70.44840415170152,38.01889210171486,21.494708994708986,0.35,0.35,-0.0011424944462076203,4.8214285714285716e-05,0.0,0.0,-0.00036853377045838133,-0.00036853377045838133,113504.02534745092,-0.0026778190786486133
2017-12-26,GREED_EXHAUSTING,0,False,0.0,5.9003938123747615,58.897461896143206,66.91482525315772,43.366646882001966,24.39814814814814,0.35,0.35,-0.005401283599161144,4.7420634920634924e-05,0.0,0.0,-0.0018596258470079876,-0.0018596258470079876,113292.95032817534,-0.004532465184084455
2017-12-27,GREED_EXHAUSTING,0,False,0.0,8.978771353407389,54.38383631300579,62.321379484309624,49.164886248337815,31.051587301587293,0.35,0.35,0.0001277791975464737,5.297619047619047e-05,0.0,0.0,7.91572429507896e-05,7.91572429507896e-05,113301.9182857691,-0.004453666718581162
2017-12-28,GREED_EXHAUSTING,0,False,0.0,11.06044579516567,53.20881249502867,60.22517702789207,52.98068542407708,43.62433862433861,0.35,0.35,0.0012137472850388686,5.178571428571428e-05,0.0,0.0,0.00045847226404931824,0.00045847226404931824,113353.86407276671,-0.00399723633719562
2017-12-29,RANGE_CARRY,0,False,0.0,14.656277778752758,48.171821571911345,56.94924326333287,56.73543676541532,57.36772486772486,0.35,0.35,-0.006188987430613135,4.98015873015873e-05,0.0,0.0,-0.0021337745689685656,-0.0021337745689685656,113111.99248031391,-0.0061224817049218005
2018-01-02,GREED_EXHAUSTING,0,False,0.0,13.610006308287737,49.591660365572785,60.39634738681051,53.46156238764966,61.01851851851851,0.35,0.35,0.01752696456086289,4.98015873015873e-05,0.0,0.0,0.006166808628048043,0.006166808628048043,113809.5324914772,0.0
2018-01-03,GREED_EXHAUSTING,0,False,0.0,11.719975070773662,52.58497327362439,66.09268584663306,47.31862144781832,56.507936507936506,0.35,0.35,0.009716701369171465,5.178571428571428e-05,0.0,0.0,0.003434506193495727,0.003434506193495727,114200.41203569804,0.0
2018-01-04,GREED_TREND,0,False,0.0,5.029102984497528,62.86030408110103,76.36337544315329,35.88998220357235,46.30291005291004,0.35,0.35,0.0017496719365119873,5.059523809523809e-05,0.0,0.0,0.0006452720825411003,0.0006452720825411003,114274.10237339936,0.0
2018-01-05,GREED_TREND,0,False,0.0,2.4452330671489206,66.04998920127902,82.16434624334285,32.063979124992656,40.224867724867714,0.35,0.35,0.010043041606886627,5.059523809523809e-05,0.0,0.0,0.0035479514671722242,0.0035479514671722242,114679.54134257486,0.0
2018-01-08,GREED_TREND,0,False,0.0,0.46977635106252036,69.72461736789556,83.39843822810087,28.221033809596253,37.962962962962955,0.35,0.35,0.0038908102766799235,4.98015873015873e-05,0.0,0.0,0.001394154628584005,0.001394154628584005,114839.42235594148,0.0
2018-01-09,GREED_TREND,0,False,0.0,1.306816271825883,68.64568532877033,83.39489900448736,28.06299326668513,40.767195767195766,0.35,0.35,6.15195324515927e-05,5.2182539682539675e-05,0.0,0.0,5.5450487151708234e-05,5.5450487151708234e-05,114845.79025785535,0.0
2018-01-10,GREED_TREND,0,False,0.0,3.5605274590157605,63.79071650112248,80.88653325436015,33.909524070192205,49.92063492063491,0.35,0.35,-0.002337598425196874,5.178571428571428e-05,0.0,0.0,-0.0007844987345331916,-0.0007844987345331916,114755.69388073159,-0.0007844987345332344
2018-01-11,GREED_TREND,0,False,0.0,4.848613574688083,61.59218036946735,78.96523846922986,35.22750606741101,54.94708994708994,0.35,0.35,0.006844247132815395,5.0992063492063484e-05,0.0,0.0,0.0024286313377552293,0.0024286313377552293,115034.39315507619,0.0
2018-01-12,GREED_TREND,0,False,0.0,5.46084656084657,64.14182046972887,78.3134699896607,33.71925570130653,54.30555555555554,0.35,0.35,0.007348888480617433,5.138888888888889e-05,0.0,0.0,0.002605513745993879,0.002605513745993879,115334.11684770383,0.0
2018-01-16,GREED_TREND,0,False,0.0,7.635518006485758,64.49447551569216,76.52784154105179,34.800554358139856,57.93650793650793,0.35,0.35,-0.002857316554197853,5.138888888888889e-05,0.0,0.0,-0.0009666580161914707,-0.0009666580161914707,115222.62819911265,-0.0009666580161913352
2018-01-17,GREED_TREND,0,False,0.0,11.130710282292782,62.76906987626061,75.63646664240741,36.98749852829909,64.14682539682539,0.35,0.35,0.010791366906474753,5.2182539682539675e-05,0.0,0.0,0.003810897068059814,0.003810897068059814,115661.72977509077,0.0
2018-01-18,GREED_TREND,0,False,0.0,16.30301763065647,58.54410675976494,74.00909313179835,39.26964342658762,74.39153439153438,0.35,0.35,0.0001809518065021276,5.178571428571428e-05,0.0,0.0,9.699384656145895e-05,9.699384656145895e-05,115672.9482511616,0.0
2018-01-19,GREED_TREND,0,False,0.0,15.365570487971922,59.61491961869424,75.30961521897423,34.5201169973435,74.8611111111111,0.35,0.35,0.003135930527077724,5.2182539682539675e-05,0.0,0.0,0.0011314943352708539,0.0011314943352708539,115803.83153685188,0.0
2018-01-22,GREED_TREND,0,False,0.0,15.502930383776642,58.90221729438363,76.92643602646184,35.360229590673235,75.52910052910053,0.35,0.35,0.010700973908861267,5.178571428571428e-05,0.0,0.0,0.0037790015823871573,0.0037790015823871573,116241.45439947613,0.0
2018-01-23,GREED_TREND,0,False,0.0,12.986249531821576,61.98496047619699,78.90162911967711,33.189414676592804,74.87433862433862,0.35,0.35,0.008267903878182103,5.178571428571428e-05,0.0,0.0,0.0029274270716494505,0.0029274270716494505,116581.74277993308,0.0
2018-01-24,GREED_TREND,0,False,0.0,16.04749235592438,63.20248531453558,78.92462180278382,37.3886729248244,78.90873015873015,0.35,0.35,-0.0064892926670993,5.178571428571428e-05,0.0,0.0,-0.0022375917191990403,-0.0022375917191990403,116320.88043767889,-0.002237591719199128
2018-01-25,GREED_EXHAUSTING,0,False,0.0,19.038561101308947,63.86533802730528,78.12239692092737,41.247446742470025,83.82936507936506,0.35,0.35,-0.0003562733804406415,5.138888888888889e-05,0.0,0.0,-9.129290537644673e-05,-9.129290537644673e-05,116310.26116654779,-0.0023286803483265617
2018-01-26,GREED_EXHAUSTING,0,False,0.0,22.84212814485747,61.57548267289178,78.50683641410991,45.101058860509916,85.33068783068782,0.35,0.35,0.015325215325215469,5.0992063492063484e-05,0.0,0.0,0.005396970205095255,0.005396970205095255,116937.9841806105,0.0
2018-01-29,GREED_EXHAUSTING,0,False,0.0,28.997520581604338,57.85307086703642,77.54609402762543,48.87487387222556,86.81878306878305,0.35,0.35,-0.004855788919440829,5.059523809523809e-05,0.0,0.0,-0.0016666392170423853,-0.0016666392170423853,116743.0907502132,-0.0016666392170424649
2018-01-30,RISK_WARNING,0,False,0.0,34.56407413660068,51.85727224226053,74.11321844275965,57.37028678081682,88.49867724867725,0.35,0.35,-0.008230452674897193,5.178571428571428e-05,0.0,0.0,-0.002846997721928303,-0.002846997721928303,116410.72343679648,-0.004508892020916422
2018-01-31,RISK_WARNING,0,False,0.0,36.92871047047341,46.53697110915059,69.82985928326133,66.98962018127601,92.12962962962963,0.35,0.35,0.004149377593361203,5.178571428571428e-05,0.0,0.0,0.0014859428719621354,0.0014859428719621354,116583.70312150737,-0.0030296491049131014
2018-02-01,RISK_WARNING,0,False,0.0,35.87142987311108,38.756540770875255,66.35924459870296,74.32327889754397,92.3478835978836,0.35,0.35,-0.00850059031877215,5.257936507936508e-05,0.0,0.0,-0.0029410300242686646,-0.0029410300242686646,116240.82695028659,-0.005961768840201276
2018-02-02,RISK_WARNING,0,False,0.0,41.08152862516214,30.25142143918669,59.2554010986116,79.24133875128926,91.60052910052907,0.35,0.35,-0.019945225053584204,5.337301587301587e-05,0.0,0.0,-0.00694613630843701,-0.00694613630843701,115433.40232168447,-0.012866493889634789
2018-02-05,NORMAL_PARTICIPATION,0,False,0.0,51.64195837101423,21.85546175468059,44.37697177841587,83.57583549952417,93.69444444444444,0.35,0.35,-0.03942652329749108,5.337301587301587e-05,0.0,0.0,-0.013764590693804415,-0.013764590693804415,113844.50878633323,-0.026453982561383982
2018-02-06,PANIC_ACCELERATING,1,True,0.0,60.93741414117221,21.659932031226514,34.79095689432736,84.00808657243194,91.75,0.35,0.35,0.02649886162408288,5.4563492063492063e-05,0.0,0.0,0.009310067838270278,0.009310067838270278,114904.40888614855,-0.017390203095352552
2018-02-07,PANIC_ACCELERATING,1,True,0.0,62.38697960599157,28.065536429086638,28.938411713485873,82.1590650015839,84.9973544973545,0.35,0.35,-0.012938204670075781,5.4960317460317456e-05,0.0,0.0,-0.004492647428177317,-0.004492647428177317,114388.18388907994,-0.02180472247231824
2018-02-08,PANIC_ACCELERATING,1,True,0.0,62.480554964144595,28.627250421728306,26.25538629852692,81.84042636826418,83.98015873015873,0.35,0.35,-0.04219461956182524,5.615079365079365e-05,0.0,0.0,-0.014731618830765817,-0.014731618830765817,112703.06076528247,-0.03621512244291125
2018-02-09,PANIC_ACCELERATING,1,True,0.0,63.70939474087197,29.164750295967142,21.328073741401276,79.54608044499896,79.23148148148147,0.35,0.35,0.01726946888237224,5.615079365079365e-05,0.0,0.0,0.0060808121247032994,0.0060808121247032994,113388.38690367519,-0.03035452767385627
2018-02-12,PANIC_ACCELERATING,1,True,0.0,60.33425309928658,30.70225820772326,20.717792872814872,74.91785911779753,72.49867724867725,0.35,0.35,0.017745035233824646,5.615079365079365e-05,0.0,0.0,0.006247260347711642,0.006247260347711642,114096.7536770695,-0.024296899963255014
2018-02-13,PANIC_STABILIZING_1,1,True,0.15,56.26641216375128,38.99734717855952,24.768341318301463,71.97020875471766,56.81878306878306,0.4175,0.35,0.005161452760118257,5.8928571428571435e-05,0.0,0.0,0.0018448120374699613,0.0018448120374699613,114307.24074168921,-0.022496911139310516
2018-02-14,PANIC_STABILIZING_1,1,True,0.15,46.79385697815503,49.22237346342282,29.423629309047076,65.3725525041478,48.46031746031745,0.4175,0.4175,0.01872377731855468,5.773809523809524e-05,0.0675,3.375e-05,0.00785080947097277,0.007817059470972769,115200.7872405298,-0.014855711360626911
2018-02-15,PANIC_STABILIZING_2,1,True,0.4,41.586831888549305,57.011068914910844,35.778039825796775,58.97736320004676,46.80820105820106,0.53,0.4175,0.01856405212687484,5.7341269841269845e-05,0.0,0.0,0.007783893052652786,0.007783893052652786,116097.4978479915,-0.007187453576426139
2018-02-16,PANIC_STABILIZING_2,1,True,0.4,37.232674838256834,63.60393083796735,41.30089606183145,51.78101998156058,45.54629629629628,0.53,0.53,-0.004465902232950958,5.7341269841269845e-05,0.11250000000000004,5.6250000000000026e-05,-0.002339977786638611,-0.002396227786638611,115819.30179768894,-0.00956645858708971
2018-02-20,PANIC_STABILIZING_2,1,True,0.4,37.33325520597716,67.21538145898957,44.598383502990686,45.87417403440605,45.82275132275132,0.53,0.53,0.0020004849660522073,5.8928571428571435e-05,0.0,0.0,0.0010879534605790985,0.0010879534605790985,115945.30780788157,-0.008488912988236064
2018-02-21,PANIC_STABILIZING_2,1,True,0.4,42.10667277422059,66.45965969088867,44.32943392833575,44.533920357131926,46.44312169312169,0.53,0.53,-0.0028434872043076043,6.051587301587301e-05,0.0,0.0,-0.0014786057579655699,-0.0014786057579655699,115773.87040814775,-0.009954966990578296
2018-02-22,PANIC_STABILIZING_2,1,True,0.4,46.17592861911362,63.414822892362785,45.39408253435952,44.672825149173356,46.66005291005291,0.53,0.53,-0.00012134449702694283,5.972222222222221e-05,0.0,0.0,-3.624313897983526e-05,-3.624313897983526e-05,115769.67439967232,-0.009990849330305918
2018-02-23,PANIC_STABILIZING_2,1,True,0.4,43.936044828078685,63.11986246249594,50.68412730040122,45.35763542300129,44.597883597883595,0.53,0.53,0.02044902912621338,5.932539682539682e-05,0.0,0.0,0.01086586837340103,0.01086586837340103,117027.61244333067,0.0
2018-02-26,PANIC_STABILIZING_2,1,True,0.4,38.29102265764919,65.2463795609591,57.59797425978932,39.83945049807242,42.15873015873016,0.53,0.53,0.013260391270738081,5.972222222222221e-05,0.0,0.0,0.007056076817935628,0.007056076817935628,117853.3682665504,0.0
2018-02-27,PANIC_STABILIZING_2,1,True,0.4,35.02517754584712,67.71626512422799,60.69030707141894,39.84861896553364,41.9021164021164,0.53,0.53,-0.012382629107981269,6.051587301587301e-05,0.0,0.0,-0.006534350966912613,-0.006534350966912613,117083.27299566397,-0.006534350966912572
2018-02-28,PANIC_STABILIZING_2,1,True,0.4,39.85529504936299,63.07085217432049,58.42553637222746,43.817768718827274,44.043650793650784,0.53,0.53,-0.006417493612216885,6.051587301587301e-05,0.0,0.0,-0.003372829154157489,-0.003372829154157489,116688.37111904,-0.009885140871625397
2018-03-01,PANIC_STABILIZING_2,1,True,0.4,49.554892564378896,50.86819597015245,49.57851754013348,52.8217139082391,47.03835978835978,0.53,0.53,-0.016326774714431114,6.011904761904762e-05,0.0,0.0,-0.008624934646267537,-0.008624934646267537,115681.94154415888,-0.018424816823905954
2018-03-02,PANIC_STABILIZING_1,1,True,0.4,54.45431170847392,45.97696918016454,46.359327319404834,53.29297966291799,47.4074074074074,0.53,0.53,0.009180447470817255,5.932539682539682e-05,0.0,0.0,0.0048935200960410815,0.0048935200960410815,116248.03344985428,-0.01362145893925848
2018-03-05,PANIC_STABILIZING_1,1,True,0.4,54.718479877772495,46.90034048920245,47.480387171561745,53.23887807935009,46.79232804232803,0.53,0.53,0.01108500512079047,6.011904761904762e-05,0.0,0.0,0.005903308666399902,0.005903308666399902,116934.28147317075,-0.0077985619494637115
2018-03-06,PANIC_STABILIZING_2,1,True,0.4,46.19352375588642,59.566477756264135,55.607834242198216,51.13291866968683,45.83994708994708,0.53,0.53,0.004230471310254336,6.210317460317461e-05,0.0,0.0,0.0022713382864982903,0.0022713382864982903,117199.87878368494,-0.005544936835300773
2018-03-07,PANIC_STABILIZING_2,1,True,0.4,38.29185638154572,68.60253934548814,60.75214151898238,46.50256639707292,46.150793650793645,0.53,0.53,0.002313990744037042,6.13095238095238e-05,0.0,0.0,0.0012552305705301086,0.0012552305705301086,117346.99165439664,-0.004296666438998065
2018-03-08,RECOVERY_RETESTED,1,True,1.0,31.539012705022316,74.4223007606874,65.10096650182159,38.77514693802289,46.02513227513227,0.8,0.53,0.0055052388563310295,6.13095238095238e-05,0.0,0.0,0.002946592070045922,0.002946592070045922,117692.76536944923,-0.001362734892208839
2018-03-09,RECOVERY_RETESTED,1,True,1.0,26.799939206629734,76.63133441129709,70.46683642669687,31.890172957149122,45.93253968253968,0.8,0.8,0.019427764040974793,6.091269841269841e-05,0.27,0.000135,0.015554393772462375,0.015419393772462375,119507.51646285078,0.0
2018-03-12,RECOVERY_RETESTED,1,True,1.0,24.344836335827512,75.54720542611209,75.46028912953294,29.603650496927298,47.189153439153436,0.8,0.8,0.005313005313005492,6.091269841269841e-05,0.0,0.0,0.004262586790086933,0.004262586790086933,120016.92762384142,0.0
2018-03-13,RECOVERY_RETESTED,1,True,1.0,23.776893265311838,71.77484501598909,75.51527913548968,36.489377467592426,53.03571428571428,0.8,0.8,-0.013614430147058876,6.25e-05,0.0,0.0,-0.010879044117647101,-0.010879044117647101,118711.25817335719,-0.010879044117647063
2018-03-14,RECOVERY_RETESTED,1,True,1.0,25.599692766088328,67.5343155737293,71.40098069108146,42.694944309326125,58.94841269841269,0.8,0.8,-0.0001747131791974832,6.329365079365079e-05,0.0,0.0,-0.0001271118131992564,-0.0001271118131992564,118696.16857008361,-0.011004773075822705
2018-03-15,PANIC_STABILIZING_2,1,True,1.0,28.151059479565372,62.59063201266738,67.94849603542879,50.47323362336491,62.043650793650784,0.8,0.8,-0.0008737185461323849,6.448412698412699e-05,0.0,0.0,-0.0006860780115090825,-0.0006860780115090825,118614.73373877729,-0.011683300954502873
2018-03-16,PANIC_STABILIZING_2,1,True,1.0,28.053161538579005,57.01191325322291,65.15179349864742,52.11130406242716,60.8068783068783,0.8,0.8,-0.0029732408325073845,6.488095238095238e-05,0.0,0.0,-0.0023656164755297172,-0.0023656164755297172,118334.13677040428,-0.014021279220805982
2018-03-19,PANIC_STABILIZING_2,1,True,1.0,36.524772963625544,46.018958067482664,55.44814365083872,59.40669902069002,65.97883597883597,0.8,0.8,-0.021304233422991592,6.527777777777778e-05,0.0,0.0,-0.01703033118283772,-0.01703033118283772,116318.86723096907,-0.030812823374906317
2018-03-20,PANIC_STABILIZING_1,1,True,1.0,41.78725469826649,40.267044260501315,46.22421736057178,63.866516084615604,72.57275132275132,0.8,0.8,0.0032914422501497675,6.607142857142857e-05,0.0,0.0,0.0026463680858341,0.0026463680858341,116626.68976898948,-0.028247997361486088
2018-03-21,PANIC_STABILIZING_1,1,True,1.0,49.4432549157585,35.13722124856826,37.512782307857385,69.08291399870882,79.39814814814815,0.8,0.8,-0.004354309573516346,6.646825396825397e-05,0.0,0.0,-0.0034701540080194263,-0.0034701540080194263,116221.97719404558,-0.03162012646824297
2018-03-22,PANIC_STABILIZING_1,1,True,1.0,52.93363174166165,33.4960448055622,31.53269023034215,69.65137154727883,84.04100529100528,0.8,0.8,-0.02468248262640771,6.369047619047618e-05,0.0,0.0,-0.019733248005888073,-0.019733248005888073,113928.54009434082,-0.05072940667655568
2018-03-23,PANIC_ACCELERATING,1,True,1.0,59.28279853825143,28.29795597510204,22.38466698083614,71.73733073049094,89.58333333333333,0.36,0.8,-0.02635135135135147,6.28968253968254e-05,0.0,0.0,-0.021068501716001813,-0.021068501716001813,111528.23645186161,-0.07072911580094077
2018-03-26,PANIC_ACCELERATING,1,True,1.0,61.37452913372706,30.752761286898888,18.638416819365016,68.27291664287968,83.66402116402115,0.36,0.36,0.037158538893445225,6.369047619047618e-05,0.44000000000000006,0.00022000000000000003,0.013417835906402185,0.013197835906402186,113000.1678154837,-0.058464751158684325
2018-03-27,PANIC_ACCELERATING,1,True,1.0,62.142317489359094,34.09360841318544,16.19628083235617,68.64982301953435,76.37566137566137,0.36,0.36,-0.0323600973236009,6.567460317460317e-05,0.0,0.0,-0.011607603290464577,-0.011607603290464577,111688.50669572563,-0.06939371881122325
2018-03-28,PANIC_ACCELERATING,1,True,1.0,61.90093236614581,34.40940600290036,15.82579641064428,68.73831535992026,69.82804232804232,0.36,0.36,-0.011503645964294762,6.488095238095238e-05,0.0,0.0,-0.004099788737622304,-0.004099788737622304,111230.60741385265,-0.07320900796200158
2018-03-29,PANIC_STABILIZING_1,1,True,1.0,60.156367068692624,36.57656591442642,13.454194082814693,69.20469867031771,68.06878306878306,0.8,0.36,0.018314785373608977,6.329365079365079e-05,0.0,0.0,0.0066338306710071685,0.0066338306710071685,111968.49242886942,-0.06706083345340674
2018-04-02,PANIC_STABILIZING_1,1,True,1.0,58.69395120666157,33.88583095126373,12.594419838746504,67.21730801570548,65.77380952380952,0.8,0.8,-0.02885155810903639,6.329365079365079e-05,0.44000000000000006,0.00022000000000000003,-0.023068587757070384,-0.023288587757070385,109360.90436691282,-0.08878766910553526
2018-04-03,PANIC_STABILIZING_1,1,True,1.0,57.02552389552661,38.452227322733656,13.233612320651217,64.73509219381413,58.89550264550264,0.8,0.8,0.011253295607999592,6.488095238095238e-05,0.0,0.0,0.009015612676875864,0.009015612676875864,110346.85992267776,-0.08057253166379752
2018-04-04,PANIC_STABILIZING_1,1,True,1.0,56.18068752125267,39.74379782495707,12.915348519011344,61.4132736078158,57.42724867724868,0.8,0.8,0.01577006231718192,6.40873015873016e-05,0.0,0.0,0.012628867314062996,0.012628867314062996,111740.41577516476,-0.06896120416127471
2018-04-05,PANIC_STABILIZING_1,1,True,1.0,50.16668069672635,49.26048981630575,15.454660272013797,56.50252455246019,52.47354497354497,0.8,0.8,0.005696757230499561,6.25e-05,0.0,0.0,0.004569905784399649,0.004569905784399649,112251.05894756693,-0.06470644458267072
2018-04-06,PANIC_STABILIZING_1,1,True,1.0,48.74423591204493,48.84602834163411,15.1551285250496,57.54128516026294,51.19047619047618,0.8,0.8,-0.025023342670401516,6.28968253968254e-05,0.0,0.0,-0.02000609477124185,-0.02000609477124185,110005.35362408965,-0.08341801609128152
2018-04-09,PANIC_STABILIZING_1,1,True,1.0,49.501739642281656,47.79963543158976,14.636593985666222,57.71078208679169,51.69312169312169,0.8,0.8,0.007022920257932608,6.329365079365079e-05,0.0,0.0,0.005630994936504817,0.005630994936504817,110624.79321333532,-0.07825674758099999
2018-04-10,PANIC_STABILIZING_1,1,True,1.0,49.709016819170266,48.09892258385408,15.424324877224931,54.93342534125052,51.54100529100529,0.8,0.8,0.022063019083243596,6.448412698412699e-05,0.0,0.0,0.017663312091991703,0.017663312091991703,112578.7934609745,-0.06197570884483572
2018-04-11,PANIC_STABILIZING_1,1,True,1.0,45.053407939206124,53.94130230211392,17.53124044992451,48.56187680909377,50.29761904761906,0.8,0.8,-0.0057688728987036475,6.369047619047618e-05,0.0,0.0,-0.004602360223724823,-0.004602360223724823,112060.66529991479,-0.06629283453133583
2018-04-12,PANIC_STABILIZING_2,1,True,1.0,41.332058707623894,60.158760157648324,21.427299160264266,46.00658933057358,48.260582010582006,0.8,0.8,0.01204142750187187,6.329365079365079e-05,0.0,0.0,0.009645800731656228,0.009645800731656228,113141.5801472546,-0.057286481271505485
2018-04-13,PANIC_STABILIZING_2,1,True,1.0,39.11778651050498,63.94572664149788,22.821837312134903,46.93424097381766,47.19576719576719,0.8,0.8,-0.005178472350656604,6.40873015873016e-05,0.0,0.0,-0.004129960420207824,-0.004129960420207824,112674.30989936666,-0.06117985079144905
2018-04-16,RECOVERY_RETESTED,1,True,1.0,36.25079365079366,71.76958036225788,26.459088054195835,41.71539729291166,45.629629629629626,0.8,0.8,0.007622234616099677,6.448412698412699e-05,0.0,0.0,0.006110684518276567,0.006110684518276567,113362.82706047622,-0.055443017040234244
2018-04-17,RECOVERY_RETESTED,1,True,1.0,33.23703703703705,76.87155454021622,31.73102232888172,37.39618073745672,44.056878306878296,0.8,0.8,0.021525215252152563,6.567460317460317e-05,0.0,0.0,0.01723330712235697,0.01723330712235697,115316.44347546806,-0.03916517645832163
2018-04-18,RECOVERY_RETESTED,1,True,1.0,30.959788359788373,81.73819008643908,36.85947042182556,30.23909539193241,42.74867724867724,0.8,0.8,0.00204695966285362,6.607142857142857e-05,0.0,0.0,0.0016507820159971818,0.0016507820159971818,115506.80578650611,-0.037579047611275174
2018-04-19,RECOVERY_RETESTED,1,True,1.0,30.36296296296298,81.37775519564543,38.964355008300096,30.909332193738134,42.563492063492056,0.8,0.8,-0.009192501802451347,6.646825396825397e-05,0.0,0.0,-0.007340707791167427,-0.007340707791167427,114658.90407733625,-0.044643898594857845
2018-04-20,RECOVERY_RETESTED,1,True,1.0,32.984656084656095,76.66103807172503,34.879722351768585,36.67710454459958,43.739417989417994,0.8,0.8,-0.015826814626159647,6.686507936507937e-05,0.0,0.0,-0.012648078685054702,-0.012648078685054702,113208.68923662398,-0.05672731773767703
2018-04-23,RECOVERY_RETESTED,1,True,1.0,37.57380952380954,65.65171176839988,31.46754304736341,46.701852811957224,45.43121693121693,0.8,0.8,-0.002526186075169634,6.646825396825397e-05,0.0,0.0,-0.0020076552093420564,-0.0020076552093420564,112981.40522193527,-0.05862108405205113
2018-04-24,RECOVERY_RETESTED,1,True,1.0,44.82777777777779,53.222517275138756,24.019915561640534,55.48142266693825,47.81746031746031,0.8,0.8,-0.021187225894125472,6.884920634920635e-05,0.0,0.0,-0.016936010874030537,-0.016936010874030537,111067.95091453331,-0.07456428760912881
2018-04-25,PANIC_STABILIZING_1,1,True,1.0,50.3835978835979,47.84255223875587,20.120353309685083,61.22099185843313,50.51587301587301,0.8,0.8,0.0011990407673860837,6.884920634920635e-05,0.0,0.0,0.0009730024551787082,0.0009730024551787082,111176.02030346483,-0.07366383638886231
2018-04-26,PANIC_STABILIZING_1,1,True,1.0,49.32880783519082,50.97583264887512,20.576543376549168,64.26958635784946,50.1058201058201,0.8,0.8,0.021052631578947434,6.805555555555556e-05,0.0,0.0,0.016855716374269056,0.016855716374269056,113049.97176932001,-0.05804977674780454
2018-04-27,PANIC_STABILIZING_2,1,True,1.0,42.38489249127548,59.25049000037645,26.02663718738188,61.84318535331269,49.02116402116402,0.8,0.8,0.0006173220569170024,6.686507936507937e-05,0.0,0.0,0.0005072306614066178,0.0005072306614066178,113107.31418127258,-0.05757199071305208
2018-04-30,PANIC_STABILIZING_2,1,True,1.0,36.998120004502994,61.12094598245346,29.516115948127947,62.861613275055824,48.95502645502645,0.8,0.8,-0.00709482386328586,6.686507936507937e-05,0.0,0.0,-0.005662486074755672,-0.005662486074755672,112466.8455897681,-0.06290847619209916
2018-05-01,PANIC_STABILIZING_2,1,True,1.0,34.329439600566374,61.86635861638579,30.115586670481918,57.296630191021514,49.48412698412698,0.8,0.8,0.011432832111345936,6.884920634920635e-05,0.0,0.0,0.00916003553034659,0.00916003553034659,113497.04589135636,-0.054324684538832324
2018-05-02,PANIC_STABILIZING_2,1,True,1.0,35.46098179850201,58.015925759085576,29.432715828578097,57.28963627677004,49.90740740740741,0.8,0.8,-0.005897530409141205,6.805555555555556e-05,0.0,0.0,-0.0047044132162018535,-0.0047044132162018535,112963.10888866519,-0.058773531991123784
2018-05-03,PANIC_STABILIZING_2,1,True,1.0,35.83854200223044,54.834991663917435,29.04703553455182,54.0748795460706,48.095238095238095,0.8,0.8,-0.00012359411691986733,6.765873015873016e-05,0.0,0.0,-8.534354750414784e-05,-8.534354750414784e-05,112953.46821621552,-0.058853859596908475
2018-05-04,PANIC_STABILIZING_2,1,True,1.0,35.55180044436212,55.37853457227422,33.04024606315496,53.90029220627283,47.36111111111111,0.8,0.8,0.018974042027193994,6.765873015873016e-05,0.0,0.0,0.015192765367786942,0.015192765367786942,114669.54375630227,-0.04455524710896608
2018-05-07,PANIC_STABILIZING_2,1,True,1.0,33.063798298106065,59.53692618373526,41.18690214084555,47.04732868143197,46.712962962962955,0.8,0.8,0.008309577242676003,6.765873015873016e-05,0.0,0.0,0.006661193540172548,0.006661193540172548,115433.37978042629,-0.03819084469301648
2018-05-08,PANIC_STABILIZING_2,1,True,1.0,30.00947555125779,65.19091717341716,47.3166575593575,41.06699486169069,47.56613756613756,0.8,0.8,-0.0010226179018287818,6.845238095238096e-05,0.0,0.0,-0.0008044038452725493,-0.0008044038452725493,115340.52472585812,-0.0389645276759637
2018-05-09,PANIC_STABILIZING_2,1,True,1.0,27.63948473960031,66.9747643885773,51.591650153868926,35.47769440368753,47.017195767195766,0.8,0.8,0.010899018486180578,6.884920634920635e-05,0.0,0.0,0.008732984630214304,0.008732984630214304,116347.79175552988,-0.030571819667067235
2018-05-10,PANIC_STABILIZING_2,1,True,1.0,22.452206525475862,68.55646758293307,56.21836412037021,33.35889765871278,42.73809523809524,0.8,0.8,0.010364546104360217,6.924603174603173e-05,0.0,0.0,0.008305486089837381,0.008305486089837381,117314.11672153871,-0.022520247400215854
2018-05-11,PANIC_STABILIZING_2,1,True,1.0,18.475780431445358,69.4995217039317,62.89429169124253,33.42114282875645,36.772486772486765,0.8,0.8,-0.0009432849899775331,7.003968253968254e-05,0.0,0.0,-0.0007406200554740899,-0.0007406200554740899,117227.2315339045,-0.02324418850881116
2018-05-14,PANIC_STABILIZING_2,1,True,1.0,16.406849883491823,69.22393707677554,64.53512982904913,34.91583039634809,33.00925925925925,0.8,0.8,0.0017113183052046566,7.083333333333332e-05,0.0,0.0,0.001383221310830392,0.001383221310830392,117389.38273877186,-0.021893119054879007
2018-05-15,PANIC_STABILIZING_2,1,True,1.0,20.890622510283077,66.06661993245443,57.640988181335274,42.063831781363206,37.51322751322751,0.8,0.8,-0.011075110456553738,7.123015873015872e-05,0.0,0.0,-0.008845842333496959,-0.008845842333496959,116350.97476743817,-0.03054529830902797
2018-05-16,PANIC_STABILIZING_2,1,True,1.0,21.52244977298281,65.90525341173468,53.06106168271945,41.532670496896756,39.42460317460317,0.8,0.8,0.006612259486507233,7.083333333333332e-05,0.0,0.0,0.005303974255872453,0.005303974255872453,116968.09734225033,-0.025403335529024407
2018-05-17,PANIC_STABILIZING_2,1,True,1.0,23.609884947545996,64.62430533130579,47.6184500578396,46.53703433814642,43.40608465608465,0.8,0.8,-0.0038466090661615215,7.083333333333332e-05,0.0,0.0,-0.0030631205862625506,-0.0030631205862625506,116609.8099553453,-0.028388642635268413
2018-05-18,PANIC_STABILIZING_2,1,True,1.0,23.173141994691573,59.811856671033674,47.29225636199396,49.061613176979684,42.705026455026456,0.8,0.8,-0.005168419176617367,7.083333333333332e-05,0.0,0.0,-0.004120568674627227,-0.004120568674627227,116129.31122528909,-0.03239223395833746
2018-05-21,PANIC_STABILIZING_2,1,True,1.0,25.90025132489015,56.46829154697922,46.301683327279136,53.938560543803284,45.125661375661366,0.8,0.8,0.0056132807834705645,7.043650793650793e-05,0.0,0.0,0.004504711928363753,0.004504711928363753,116652.44031879831,-0.028033439712672248
2018-05-22,NORMAL_PARTICIPATION,1,False,0.0,26.47045292151053,53.82166596384305,47.60948945672104,57.80362405146266,49.87433862433861,0.35,0.8,-0.001306413301662701,7.123015873015872e-05,0.0,0.0,-0.0010308846095841292,-0.0010308846095841292,116532.18511340325,-0.02903542508070278
2018-05-23,NORMAL_PARTICIPATION,0,False,0.0,24.58260109016413,55.3383316435189,51.68564816029385,56.84421432616518,51.712962962962955,0.35,0.35,0.008443334522535206,7.123015873015872e-05,0.45000000000000007,0.00022500000000000005,0.003001466686061925,0.002776466686061925,116855.73284322461,-0.026339574285093037
2018-05-24,RANGE_CARRY,0,False,0.0,20.906317345483092,54.14008381162216,52.568856258466276,56.53151026781706,54.31878306878307,0.35,0.35,-0.0002948113207545955,7.083333333333332e-05,0.0,0.0,-5.7142295597441757e-05,-5.7142295597441757e-05,116849.05543839623,-0.026395211476950786
2018-05-25,RANGE_CARRY,0,False,0.0,19.004867174415214,53.05877675176117,52.46076759464373,50.81422454163129,53.69708994708994,0.35,0.35,0.0010026540843408593,7.043650793650793e-05,0.0,0.0,0.0003967126596780309,0.0003967126596780309,116895.41093796006,-0.026008970131820575
2018-05-29,RANGE_CARRY,0,False,0.0,27.66036238484646,48.971920052041334,46.278861750350394,51.09488544624366,64.23280423280424,0.35,0.35,-0.004419043129860967,7.003968253968254e-05,0.0,0.0,-0.0015011393018005447,-0.0015011393018005447,116719.93464240096,-0.027471066346356876
2018-05-30,RISK_WARNING,0,False,0.0,31.664602909309284,49.20428285097785,44.22458441016257,45.31101817267671,70.27116402116401,0.35,0.35,0.007161034503166297,7.123015873015872e-05,0.0,0.0,0.002552661679282807,0.002552661679282807,117017.881146771,-0.024988529005425475
2018-05-31,RISK_WARNING,0,False,0.0,35.40083679003304,47.00790121096053,42.89026695634194,47.94188361084173,74.68253968253968,0.35,0.35,-0.0006463744270772676,7.162698412698412e-05,0.0,0.0,-0.00017967350979450396,-0.00017967350979450396,116996.85613335665,-0.025163712738509036
2018-06-01,NORMAL_PARTICIPATION,0,False,0.0,23.540304165201235,53.37225443191477,50.513779627098415,42.85630448139144,62.0568783068783,0.35,0.35,0.015699417886752665,7.123015873015872e-05,0.0,0.0,0.005541095863538035,0.005541095863538035,117645.14692892414,-0.019762051419537685
2018-06-04,NORMAL_PARTICIPATION,0,False,0.0,16.227670357423932,55.832733820358726,56.76797646488336,42.45238624637155,57.1031746031746,0.35,0.35,0.009030913511635985,7.083333333333332e-05,0.0,0.0,0.003206861395739261,0.003206861395739261,118022.41860900658,-0.016618564183596307
2018-06-05,GREED_TREND,0,False,0.0,7.144736946487242,62.53758905889549,62.968928019284476,34.72633856111903,52.38756613756613,0.35,0.35,0.003098106712564608,7.162698412698412e-05,0.0,0.0,0.0011308948890801525,0.0011308948890801525,118155.8895590084,-0.015506463143815097
2018-06-06,GREED_TREND,0,False,0.0,4.393440254481955,65.20266087635326,65.47892256780911,31.30038497879472,56.99074074074073,0.35,0.35,0.005833905284831964,7.162698412698412e-05,0.0,0.0,0.002088424389373727,0.002088424389373727,118402.64920051157,-0.013450422830263875
2018-06-07,GREED_TREND,0,False,0.0,3.8386192682006928,65.01535837168494,63.12989073600664,33.89384855816342,60.73412698412698,0.35,0.35,-0.008131468213351534,7.202380952380952e-05,0.0,0.0,-0.0027991983984825605,-0.0027991983984825605,118071.21669449341,-0.016211970826701005
2018-06-08,RANGE_CARRY,0,False,0.0,5.7912022512563235,63.09857143839779,58.98182941087376,36.28895617806641,65.83994708994709,0.35,0.35,5.732958780013675e-05,7.162698412698412e-05,0.0,0.0,6.662289541258754e-05,6.662289541258754e-05,118079.08294081446,-0.016146428019725434
2018-06-11,RANGE_CARRY,0,False,0.0,7.848858908596015,62.178810129393895,53.58614954504937,38.068530008099266,69.97354497354497,0.35,0.35,0.002694336161430888,7.123015873015872e-05,0.0,0.0,0.000989317259675414,0.000989317259675414,118195.90061557443,-0.01517308469997225
2018-06-12,RANGE_CARRY,0,False,0.0,7.6720676565835255,64.8917275561016,54.16973227050473,33.92066754671511,67.91666666666667,0.35,0.35,0.005259847921788463,7.162698412698412e-05,0.0,0.0,0.0018875043123085017,0.0018875043123085017,118418.99588768352,-0.013314219650465975
2018-06-13,RANGE_CARRY,0,False,0.0,7.026765337135161,65.46040806119753,55.74277183938815,35.7331447183532,68.6111111111111,0.35,0.35,-5.6873116078159924e-05,7.083333333333332e-05,0.0,0.0,2.613607603931069e-05,2.613607603931069e-05,118422.09089556454,-0.013288431555883773
2018-06-14,NORMAL_PARTICIPATION,0,False,0.0,5.2254512206285915,67.46885618754018,59.74714051692364,32.70831921537313,67.8968253968254,0.35,0.35,0.010123990444772968,7.162698412698412e-05,0.0,0.0,0.003589954195353078,0.003589954195353078,118847.22077759755,-0.009746182221144428
2018-06-15,GREED_TREND,0,False,0.0,4.856826153313567,66.87375157506474,61.43381975279154,35.775105608606246,68.10185185185185,0.35,0.35,-0.0034909909909910386,7.162698412698412e-05,0.0,0.0,-0.0011752893071643236,-0.0011752893071643236,118707.54090983144,-0.01091001694455862
2018-06-18,GREED_TREND,0,False,0.0,4.696702942235763,65.76513774789281,62.7431096849452,35.6666219212441,69.64285714285714,0.35,0.35,-0.0005742456774776583,7.162698412698412e-05,0.0,0.0,-0.00015442844743464074,-0.00015442844743464074,118689.20908858995,-0.011062760575014985
2018-06-19,NORMAL_PARTICIPATION,0,False,0.0,8.936304287060208,58.664001155437326,58.830384933857346,44.0870583148026,73.88888888888889,0.35,0.35,-0.0028328611898017497,7.162698412698412e-05,0.0,0.0,-0.0009449438767480726,-0.0009449438767480726,118577.05444722562,-0.011997250763897793
2018-06-20,NORMAL_PARTICIPATION,0,False,0.0,10.978303361263338,56.356446205613075,56.99072539658213,41.40310699763587,78.96825396825396,0.35,0.35,0.007102272727272707,7.162698412698412e-05,0.0,0.0,0.0025323529942279867,0.0025323529942279867,118877.33340610178,-0.009495279043564286
2018-06-21,NORMAL_PARTICIPATION,0,False,0.0,17.50236989023183,49.452360688560596,52.42100904274765,46.160180112418374,82.6058201058201,0.35,0.35,-0.0086882933709449,7.162698412698412e-05,0.0,0.0,-0.002994345140148175,-0.002994345140148175,118521.37364054345,-0.012461192041054003
2018-06-22,NORMAL_PARTICIPATION,0,False,0.0,19.96741425190029,45.23245197390079,51.29862441732393,48.48566023302263,84.25925925925925,0.35,0.35,-0.002219566330886158,7.162698412698412e-05,0.0,0.0,-0.0007302906761276156,-0.0007302906761276156,118434.81858645193,-0.013182382424820505
2018-06-25,RISK_WARNING,0,False,0.0,32.87037061968687,34.7737686331746,40.191104504882645,61.59994464656115,89.4973544973545,0.35,0.35,-0.022530230435774512,7.123015873015872e-05,0.0,0.0,-0.007839281049346475,-0.007839281049346475,117506.37475752436,-0.020918323073438994
2018-06-26,RISK_WARNING,0,False,0.0,37.17184137115762,37.042427974885335,35.78501179708537,64.54342766900737,89.72883597883599,0.35,0.35,0.004084728949057537,7.123015873015872e-05,0.0,0.0,0.001475954735344741,0.001475954735344741,117679.80884778094,-0.019473242836089866
2018-06-27,RISK_WARNING,0,False,0.0,47.49215868405611,33.25190223134635,28.651898277141303,70.25422551214697,92.53968253968254,0.35,0.35,-0.01359911663857738,7.123015873015872e-05,0.0,0.0,-0.00471339122032748,-0.00471339122032748,117125.13786994798,-0.024094849044602462
2018-06-28,RISK_WARNING,0,False,0.0,48.12101170627309,35.39400806548074,30.557387264913604,69.97926870787772,91.78571428571429,0.35,0.35,0.008601897130737113,7.123015873015872e-05,0.0,0.0,0.0030569635989325925,0.0030569635989325925,117483.18515293636,-0.021111542522121107
2018-06-29,NORMAL_PARTICIPATION,0,False,0.0,50.424969989792054,32.531002808618105,30.46432426383139,71.39359668423079,92.31481481481482,0.35,0.35,0.002687072843039928,7.123015873015872e-05,0.0,0.0,0.000986775098238578,0.000986775098238578,117599.11463450704,-0.020145599768328637
2018-07-02,RISK_WARNING,0,False,0.0,44.120348922210574,38.0855702721531,34.0251599011813,66.17275122118117,91.03835978835978,0.35,0.35,0.006699679580541851,7.123015873015872e-05,0.0,0.0,0.002391187456364251,0.002391187456364251,117880.31616230063,-0.017802584217431194
2018-07-03,RISK_WARNING,0,False,0.0,42.964984095469845,38.16918250123572,33.95946322184573,66.26152623546311,91.48809523809524,0.35,0.35,-0.01157407407407407,7.321428571428571e-05,0.0,0.0,-0.004003336640211639,-0.004003336640211639,117408.40157344837,-0.02173465111995465
2018-07-05,RISK_WARNING,0,False,0.0,37.19453409713113,43.12522276415913,34.77295949866983,60.17082230015029,89.44444444444444,0.35,0.35,0.012412177985948292,7.321428571428571e-05,0.0,0.0,0.004391851580796187,0.004391851580796187,117924.04184749746,-0.017438254901037897
2018-07-06,RISK_WARNING,0,False,0.0,31.404886542241837,50.544051663814685,39.4585919324583,53.14474886645262,81.83201058201058,0.35,0.35,0.015556326625029149,7.242063492063492e-05,0.0,0.0,0.005491787731458615,0.005491787731458615,118571.65565375956,-0.012042234363902726
2018-07-09,NORMAL_PARTICIPATION,0,False,0.0,20.256913953218067,60.892619922939765,49.1354052674205,39.29958170158799,70.92592592592591,0.35,0.35,0.008997209726097521,7.281746031746031e-05,0.0,0.0,0.0031963547533404814,0.0031963547533404814,118950.65272891989,-0.008884370863612379
2018-07-10,NORMAL_PARTICIPATION,0,False,0.0,14.30183819555613,67.07806683902048,56.808948673117094,30.45205943883073,62.55291005291005,0.35,0.35,0.0007336757153337814,7.321428571428571e-05,0.0,0.0,0.0003043757860811092,0.0003043757860811092,118986.85842734911,-0.008582699264896632
2018-07-11,NORMAL_PARTICIPATION,0,False,0.0,15.067899425048415,66.01455138054531,57.28154181565615,31.10031006656668,60.965608465608476,0.35,0.35,-0.0050755695916986365,7.361111111111111e-05,0.0,0.0,-0.0017286021348723005,-0.0017286021348723005,118781.17748984984,-0.01029646532749684
2018-07-12,GREED_TREND,0,False,0.0,15.90826868141081,65.6362677968453,60.12671476732354,31.254829343835144,56.17063492063493,0.35,0.35,0.01723160639383292,7.281746031746031e-05,0.0,0.0,0.006078393587047871,0.006078393587047871,119503.17623736615,-0.004280657709264779
2018-07-13,GREED_TREND,0,False,0.0,17.118497647171502,63.63436773547655,63.424203526832365,33.44640566990473,51.111111111111114,0.35,0.35,0.0008358408559010488,7.321428571428571e-05,0.0,0.0,0.0003401335852796528,0.0003401335852796528,119543.82328115207,-0.003941980119439137
2018-07-16,GREED_TREND,0,False,0.0,19.048551280758293,61.44145685192276,67.3859378747304,35.66717176233965,47.94973544973545,0.35,0.35,-0.002394076053671923,7.321428571428571e-05,0.0,0.0,-0.0007903373330708873,-0.0007903373330708873,119449.34333467494,-0.004729201958455498
2018-07-17,GREED_TREND,0,False,0.0,20.788561720067406,59.22269224796853,68.2651578580326,38.211938172219256,46.924603174603185,0.35,0.35,0.006083268221899862,7.440476190476188e-05,0.0,0.0,0.002177506972903047,0.002177506972903047,119709.44511269488,-0.0025619928557931715
2018-07-18,GREED_EXHAUSTING,0,False,0.0,22.200108817512646,58.29118362339804,68.54456833308109,42.91360557269303,45.78703703703704,0.35,0.35,-0.0018860597991900985,7.480158730158729e-05,0.0,0.0,-0.0006114998979705026,-0.0006114998979705026,119636.24279922235,-0.003171926095393851
2018-07-19,GREED_EXHAUSTING,0,False,0.0,20.36645297236357,55.38698943975748,66.07676199445218,44.23294234697462,44.411375661375665,0.35,0.35,-0.005001945200911462,7.40079365079365e-05,0.0,0.0,-0.0017025756615888527,-0.0017025756615888527,119432.55304398848,-0.004869101312812263
2018-07-20,GREED_EXHAUSTING,0,False,0.0,21.392099024813593,48.90239785695784,63.55754631601875,51.30538478618522,46.41534391534392,0.35,0.35,-0.00022342624141202805,7.40079365079365e-05,0.0,0.0,-3.0094025764051083e-05,-3.0094025764051083e-05,119428.95883766012,-0.004899048807715856
2018-07-23,GREED_EXHAUSTING,0,False,0.0,21.660067506614237,46.704777971162706,62.93703900463259,53.798729962826705,46.739417989417994,0.35,0.35,0.0031845354489077327,7.361111111111111e-05,0.0,0.0,0.0011624346293399284,0.0011624346293399284,119567.78719515904,-0.003742309002360722
2018-07-24,GREED_EXHAUSTING,0,False,0.0,23.97289454861936,47.75192652625612,67.71110998589535,55.259165033231454,51.25661375661377,0.35,0.35,0.0041211851191802484,7.361111111111111e-05,0.0,0.0,0.001490262013935309,0.001490262013935309,119745.97452650627,-0.0022576240093762356
2018-07-25,GREED_EXHAUSTING,0,False,0.0,23.937204341552185,54.567347141224325,73.25037186042623,51.6174533993587,53.53174603174603,0.35,0.35,0.013976705490848396,7.480158730158729e-05,0.0,0.0,0.00494046795354297,0.00494046795354297,120337.57567622024,0.0
2018-07-26,GREED_EXHAUSTING,0,False,0.0,24.98001604863073,53.626341929497926,74.03013829336881,57.76431353587637,58.452380952380956,0.35,0.35,-0.015151515151515027,7.440476190476188e-05,0.0,0.0,-0.005254667207792164,-0.005254667207792164,119705.24176344919,-0.0052546672077922185
2018-07-27,GREED_EXHAUSTING,0,False,0.0,29.972478942736334,47.91698875368115,68.02241769876423,64.79595770088383,60.35714285714286,0.35,0.35,-0.013496251041377416,7.361111111111111e-05,0.0,0.0,-0.004675840642259873,-0.004675840642259873,119145.5191289201,-0.009905937863560421
2018-07-30,RISK_WARNING,0,False,0.0,40.81834959037527,36.82009035359591,55.94388506464471,76.45777119991081,67.47354497354497,0.35,0.35,-0.014131291521225053,7.40079365079365e-05,0.0,0.0,-0.004897846873698609,-0.004897846873698609,118561.96262053933,-0.01475526697046281
2018-07-31,RISK_WARNING,0,False,0.0,45.899194491319086,34.92598613948669,47.481245553292275,76.33939488326708,71.0978835978836,0.35,0.35,0.0076523328193705,7.55952380952381e-05,0.0,0.0,0.0027274533915415794,0.0027274533915415794,118885.33484759653,-0.012068057881863048
2018-08-01,RISK_WARNING,0,False,0.0,46.98744859691417,38.270214591389625,47.333057774107374,75.7079832385903,70.19841269841271,0.35,0.35,0.003797109662794007,7.51984126984127e-05,0.0,0.0,0.0013778673502318707,0.0013778673502318707,119049.14306890442,-0.010706818714567357
2018-08-02,RISK_WARNING,0,False,0.0,36.66220175718266,45.40869936893126,55.21929126740912,73.56195349691723,58.74338624338625,0.35,0.35,0.01360659439927736,7.51984126984127e-05,0.0,0.0,0.004811187008001044,0.004811187008001044,119621.91075935119,-0.005947144213662825
2018-08-03,GREED_EXHAUSTING,0,False,0.0,29.27243175374932,49.32016204796508,62.839761114005206,71.64278899662668,49.675925925925924,0.35,0.35,0.0030635548376316546,7.480158730158729e-05,0.0,0.0,0.0011208652249171107,0.0011208652249171107,119755.99079925947,-0.004832944935882488
2018-08-06,GREED_EXHAUSTING,0,False,0.0,18.670288329072502,56.07832241731355,68.18019410223818,64.71419280302564,40.39021164021164,0.35,0.35,0.00588627276765874,7.440476190476188e-05,0.0,0.0,0.002108558563918654,0.002108558563918654,120008.50331923983,-0.002734576919397269
2018-08-07,GREED_EXHAUSTING,0,False,0.0,15.266567071379576,60.57246756033711,70.57780656711127,55.79944309760979,35.826719576719576,0.35,0.35,0.0036435905929117496,7.599206349206348e-05,0.0,0.0,0.0013246515487889536,0.0013246515487889536,120167.47276902951,-0.0014135477321597367
2018-08-08,GREED_EXHAUSTING,0,False,0.0,14.646229337938498,61.5622705279226,72.83162171601266,48.66236927139033,32.38756613756613,0.35,0.35,0.0012101210121011619,7.638888888888889e-05,0.0,0.0,0.0004731951320131844,0.0004731951320131844,120224.33543217013,-0.0009410214840523956
2018-08-09,GREED_EXHAUSTING,0,False,0.0,13.749323944203608,61.05848014729475,72.23602293410282,46.39306871918134,32.28174603174603,0.35,0.35,-0.0006043291945940776,7.638888888888889e-05,0.0,0.0,-0.00016186244033014938,-0.00016186244033014938,120204.87562785001,-0.0011027316083487282
2018-08-10,GREED_EXHAUSTING,0,False,0.0,13.784846399924637,56.391591346695456,66.32586153809484,50.49472152048707,40.324074074074076,0.35,0.35,-0.00764114122368198,7.638888888888889e-05,0.0,0.0,-0.002624746650510915,-0.002624746650510915,119889.36828317071,-0.0037245838677644194
2018-08-13,RANGE_CARRY,0,False,0.0,17.426472623891218,48.00878476920301,59.20575151297762,57.790933518375596,48.96825396825397,0.35,0.35,-0.0011079104808332518,7.599206349206348e-05,0.0,0.0,-0.00033837382702179685,-0.00033837382702179685,119848.80085880551,-0.0040616973930888145
2018-08-14,RANGE_CARRY,0,False,0.0,17.304229251562955,46.935053715888785,56.3680782377725,59.51652278305713,49.636243386243386,0.35,0.35,0.006266637089618499,7.638888888888889e-05,0.0,0.0,0.002242975759144252,0.002242975759144252,120117.61881389431,-0.0018278319227382767
2018-08-15,RANGE_CARRY,0,False,0.0,23.51859927575892,42.54120178930942,52.584542816040816,62.49102833667357,52.07010582010582,0.35,0.35,-0.012234775420225996,7.718253968253967e-05,0.0,0.0,-0.004232002746285448,-0.004232002746285448,119609.28072119666,-0.006052099279306833
2018-08-16,RANGE_CARRY,0,False,0.0,24.346085336719227,45.43820087919172,52.61906201149768,63.053227228876956,50.64814814814815,0.35,0.35,0.0032918596217150764,7.678571428571428e-05,0.0,0.0,0.001202061581885991,0.001202061581885991,119753.05844238862,-0.004857312693454241
2018-08-17,RANGE_CARRY,0,False,0.0,25.567385245332627,43.98504692764533,51.20201496018742,65.29267458948313,52.36111111111111,0.35,0.35,0.00022244466688925435,7.678571428571428e-05,0.0,0.0,0.0001277663476969533,0.0001277663476969533,119768.35885329134,-0.004730166946859793
2018-08-20,RANGE_CARRY,0,False,0.0,18.491122309513305,50.45225925007688,52.463699611956635,61.108028001498305,49.15343915343916,0.35,0.35,-0.0008895807850551884,7.599206349206348e-05,0.0,0.0,-0.00026195843349947467,-0.00026195843349947467,119736.98452162331,-0.0049908862732358505
2018-08-21,RANGE_CARRY,0,False,0.0,13.171775737405227,53.883056503751675,50.71488301124356,56.13947668088974,48.44576719576719,0.35,0.35,0.0036727879799667296,7.638888888888889e-05,0.0,0.0,0.001335128570766133,0.001335128570766133,119896.84879063551,-0.0036624211773265136
2018-08-22,RANGE_CARRY,0,False,0.0,9.670614678317214,57.12937998950105,49.072544310953504,49.57528944824006,49.563492063492056,0.35,0.35,0.003881126635617571,7.718253968253967e-05,0.0,0.0,0.0014085629732598006,0.0014085629732598006,120065.73105245252,-0.0022590169549296935
2018-08-23,RANGE_CARRY,0,False,0.0,8.834922325566552,56.88353029509184,50.98121796247282,47.38221554448713,51.15079365079365,0.35,0.35,-0.0014359880702529138,7.757936507936506e-05,0.0,0.0,-0.00045216923728693244,-0.00045216923728693244,120011.44102241824,-0.0027101647342431257
2018-08-24,RANGE_CARRY,0,False,0.0,8.186768486171793,58.5289241937204,57.42476202529622,42.380476949101734,51.81216931216932,0.35,0.35,0.00929203539822998,7.718253968253967e-05,0.0,0.0,0.003302381040174144,0.003302381040174144,120407.76452985464,0.0
2018-08-27,GREED_EXHAUSTING,0,False,0.0,12.240865001884336,56.63611407230888,65.99007888142212,41.473746131484056,57.308201058201064,0.35,0.35,0.010192897851819538,7.757936507936506e-05,0.0,0.0,0.003617940835438425,0.003617940835438425,120843.39269805107,0.0
2018-08-28,GREED_TREND,0,False,0.0,14.49335241953031,57.165544357599124,73.1649832754239,36.65255069847666,59.914021164021165,0.35,0.35,0.0014646848215253971,7.876984126984127e-05,0.0,0.0,0.0005638400843592857,0.0005638400843592857,120911.5290467842,0.0
2018-08-29,GREED_TREND,0,False,0.0,15.242987105477715,57.062488452292484,77.97186226644813,34.80031990453341,62.063492063492056,0.35,0.35,0.011537836520231881,7.916666666666666e-05,0.0,0.0,0.004089701115414492,0.004089701115414492,121406.02106199329,0.0
2018-08-30,GREED_TREND,0,False,0.0,15.646999279225382,55.99834103340839,76.3493396373715,36.33371906401938,63.875661375661366,0.35,0.35,-0.0017671629002892209,7.916666666666666e-05,0.0,0.0,-0.0005670486817678939,-0.0005670486817678939,121337.17793779139,-0.0005670486817679343
2018-08-31,GREED_TREND,0,False,0.0,16.015918769952755,55.207624693088995,74.79219860581453,36.55723792516924,66.48148148148147,0.35,0.35,0.0012874845770076693,7.837301587301586e-05,0.0,0.0,0.0005015620622701445,0.0005015620622701445,121398.03606298791,-6.577102960403369e-05
2018-09-04,GREED_EXHAUSTING,0,False,0.0,19.221534372013917,51.522849423996774,69.01753553264363,42.2857988276575,73.48544973544972,0.35,0.35,-0.00428609697294402,7.837301587301586e-05,0.0,0.0,-0.0014491914802129465,-0.0014491914802129465,121222.10706341086,-0.0015148671950011572
2018-09-05,GREED_EXHAUSTING,0,False,0.0,23.37025567941015,44.23951450331568,60.288470643748894,47.615181693877396,78.8425925925926,0.35,0.35,-0.012913640032284124,7.916666666666666e-05,0.0,0.0,-0.00446831567796611,-0.00446831567796611,120680.44842190333,-0.005976413968129757
2018-09-06,RISK_WARNING,0,False,0.0,30.543698272264482,36.71965601831077,48.622535967272164,57.67387996204286,84.4973544973545,0.35,0.35,-0.008939765603706684,7.956349206349207e-05,0.0,0.0,-0.0030772016914560694,-0.0030772016914560694,120309.09034189377,-0.009035225028414362
2018-09-07,RISK_WARNING,0,False,0.0,37.332340043226104,30.631806095119618,39.38016261248541,65.5765154489441,88.06878306878308,0.35,0.35,-0.003850173257796574,7.916666666666666e-05,0.0,0.0,-0.0012961023068954675,-0.0012961023068954675,120153.15745236115,-0.010319616759307149
2018-09-10,RISK_WARNING,0,False,0.0,38.95310933745156,35.169711161422335,37.22117412300054,68.08526046515168,88.48544973544972,0.35,0.35,0.0033681188228147363,7.956349206349207e-05,0.0,0.0,0.0012305578578264275,0.0012305578578264275,120301.0128644068,-0.009101757786973641
2018-09-11,RISK_WARNING,0,False,0.0,34.67114496238725,41.90700219129186,40.83740637746404,67.05163021388302,85.92592592592591,0.35,0.35,0.007704160246533087,7.956349206349207e-05,0.0,0.0,0.00274817235612785,0.00274817235612785,120631.62078237493,-0.006378598629988352
2018-09-12,RANGE_CARRY,0,False,0.0,26.626257253956453,49.20355093479592,42.8885984362858,65.36610033856643,81.69312169312168,0.35,0.35,-0.002948885976408855,7.996031746031745e-05,0.0,0.0,-0.0009801358853938928,-0.0009801358853938928,120513.38540193289,-0.007352482621966527
2018-09-13,RANGE_CARRY,0,False,0.0,18.293827258366676,53.51422964604638,48.06587186673602,62.64808101865168,75.55555555555554,0.35,0.35,0.010680249753532545,8.035714285714285e-05,0.0,0.0,0.0037903195565935333,0.0037903195565935333,120970.16964345313,-0.0035900313240444515
2018-09-14,RANGE_CARRY,0,False,0.0,13.071346020404265,58.02987946427024,49.98943311796111,59.37453265922577,70.61507936507935,0.35,0.35,-0.0029263534384652568,7.996031746031745e-05,0.0,0.0,-0.0009722494971136334,-0.0009722494971136334,120852.55645685154,-0.004558790415008618
2018-09-17,RANGE_CARRY,0,False,0.0,16.094980725968238,53.10855734446952,47.68545685619302,59.26703515397636,72.15608465608466,0.35,0.35,-0.014402956682428414,8.035714285714285e-05,0.0,0.0,-0.004988802695992801,-0.004988802695992801,120249.64689738197,-0.009524850205088642
2018-09-18,RANGE_CARRY,0,False,0.0,19.906758364117223,51.269415556704075,45.07179502117044,59.659279262584484,72.51984126984127,0.35,0.35,0.00827175471490027,8.035714285714285e-05,0.0,0.0,0.0029473462930722375,0.0029473462930722375,120604.06424840822,-0.006605576943960356
2018-09-19,RANGE_CARRY,0,False,0.0,23.958890522188568,46.59941344430791,44.11999833188165,63.31185552660819,72.5595238095238,0.35,0.35,-0.0007656967840735662,8.075396825396826e-05,0.0,0.0,-0.0002155037950606688,-0.0002155037950606688,120578.07361486295,-0.0068196572121210774
2018-09-20,RANGE_CARRY,0,False,0.0,19.803662884384853,53.28970157612065,51.9707849573057,60.278424428665566,63.32671957671957,0.35,0.35,0.01105637657361802,8.035714285714285e-05,0.0,0.0,0.00392196394362345,0.00392196394362345,121050.97647197201,-0.0029244397181914517
2018-09-21,RANGE_CARRY,0,False,0.0,18.49480354599584,56.31454254593689,53.52760853497106,59.56627787557207,59.96031746031745,0.35,0.35,-0.005467734950194814,8.075396825396826e-05,0.0,0.0,-0.0018612171532031054,-0.0018612171532031054,120825.67431815038,-0.004780213854027604
2018-09-24,RANGE_CARRY,0,False,0.0,17.93041389494324,57.468486326975636,55.46447432058823,55.79485587306558,60.91269841269841,0.35,0.35,0.002774753687877496,8.115079365079365e-05,0.0,0.0,0.0010239118066301394,0.0010239118066301394,120949.3891526288,-0.003761196564800673
2018-09-25,RANGE_CARRY,0,False,0.0,18.908328464241432,54.8124645336898,54.424479321112095,54.31743585736535,65.67460317460318,0.35,0.35,0.0013595084017619108,8.273809523809524e-05,0.0,0.0,0.0005296077025214307,0.0005296077025214307,121013.4448807393,-0.003233580820950599
2018-09-26,RANGE_CARRY,0,False,0.0,21.052850942030734,49.562890576437475,55.76965375934619,53.064563980488515,69.81481481481481,0.35,0.35,0.0007059845769523676,8.234126984126983e-05,0.0,0.0,0.00030061642733015403,0.00030061642733015403,121049.82351019829,-0.0029339364611341567
2018-09-27,RANGE_CARRY,0,False,0.0,21.19056461557198,48.27381019679882,57.680489508617285,50.77758651334051,69.3121693121693,0.35,0.35,0.00846583817224733,8.194444444444445e-05,0.0,0.0,0.0030163072491754543,0.0030163072491754543,121414.94697036353,0.0
2018-09-28,RANGE_CARRY,0,False,0.0,19.82358195438668,50.37887206122924,59.388373656175446,48.40325404262526,68.16137566137564,0.35,0.35,-0.00021525049776693894,8.115079365079365e-05,0.0,0.0,-2.258965834541274e-05,-2.258965834541274e-05,121412.20424819343,-2.2589658345451014e-05
2018-10-01,GREED_EXHAUSTING,0,False,0.0,18.65338538799423,53.44902831780892,62.08364385912218,44.156669722249454,67.4669312169312,0.35,0.35,0.0020453199849292947,8.154761904761904e-05,0.0,0.0,0.0007688679471062054,0.0007688679471062054,121505.55420042739,0.0
2018-10-02,GREED_EXHAUSTING,0,False,0.0,20.074227414335564,53.23097494677438,62.109349830640404,45.437006454853794,70.89947089947088,0.35,0.35,-0.0022560025782886184,8.313492063492064e-05,0.0,0.0,-0.000735563203988318,-0.000735563203988318,121416.17918567735,-0.0007355632039882654
2018-10-03,GREED_EXHAUSTING,0,False,0.0,24.060896089962473,51.319952947140074,63.629648203048106,45.68314164299455,76.02513227513226,0.35,0.35,0.0010767160161506695,8.313492063492064e-05,0.0,0.0,0.00043088830406543276,0.00043088830406543276,121468.49599721277,-0.0003049918455043654
2018-10-04,RISK_WARNING,0,False,0.0,34.4230785450618,39.78388813253233,56.72816503640876,58.72190335499452,82.30158730158729,0.35,0.35,-0.01919870933046519,8.313492063492064e-05,0.0,0.0,-0.006665510567250119,-0.006665510567250119,120658.84645355538,-0.006968469486385298
2018-10-05,RISK_WARNING,0,False,0.0,45.77587612884624,28.96241185631747,47.64164799276179,71.1082161218845,87.63227513227513,0.35,0.35,-0.012227217896699116,8.273809523809524e-05,0.0,0.0,-0.004225746501939929,-0.004225746501939929,120148.97275522616,-0.011164769002769193
2018-10-08,RANGE_CARRY,0,False,0.0,58.82348622334109,18.883563353258904,35.56512347131905,83.95876631792432,92.33465608465609,0.35,0.35,-0.006106022758812113,8.313492063492064e-05,0.0,0.0,-0.0020830702671715408,-0.0020830702671715408,119898.69400244855,-0.013224582271591179
2018-10-09,PANIC_ACCELERATING,2,True,0.0,63.31743718315037,20.96015701291325,31.56530217119462,85.23045002993443,93.69708994708994,0.35,0.35,0.003239318626081955,8.313492063492064e-05,0.0,0.0,0.0011877992175413825,0.0011877992175413825,120041.10957736889,-0.012052491202524385
2018-10-10,PANIC_ACCELERATING,2,True,0.0,68.92041795829421,20.825012830947497,26.916900532889855,85.13063640308961,94.39153439153438,0.35,0.35,-0.04397929076434892,8.392857142857143e-05,0.0,0.0,-0.01533819819609355,-0.01533819819609355,118199.89524699221,-0.02720582589979703
2018-10-11,PANIC_ACCELERATING,2,True,0.0,75.82696558198073,18.905297001949524,23.32585342606109,85.9933512965522,94.96031746031746,0.35,0.35,-0.012403191055726959,8.472222222222222e-05,0.0,0.0,-0.004286047425059991,-0.004286047425059991,117693.28489032648,-0.031375267864812484
2018-10-12,PANIC_ACCELERATING,2,True,0.0,78.44646396785971,17.19335259197783,20.759338620749087,87.06514444131476,86.05158730158729,0.35,0.35,0.02783018867924536,8.472222222222222e-05,0.0,0.0,0.00979563548218032,0.00979563548218032,118846.16540781251,-0.021886973069791704
2018-10-15,PANIC_ACCELERATING,2,True,0.0,77.7252488123523,19.76802258753235,20.775758010807298,87.16048424924954,80.93253968253968,0.35,0.35,-0.012104176227627272,8.51190476190476e-05,0.0,0.0,-0.004181134298717164,-0.004181134298717164,118349.2536293549,-0.02597659499471161
2018-10-16,PANIC_ACCELERATING,2,True,0.0,69.83184169170408,27.56468595097897,23.47680402291432,81.68436275209005,65.56878306878306,0.35,0.35,0.0290923872016724,8.630952380952381e-05,0.0,0.0,0.01023843671106153,0.01023843671106153,119560.96497244042,-0.016004118007472368
2018-10-17,PANIC_STABILIZING_1,2,True,0.15,64.31707870748748,35.470655081468486,24.979764061910714,73.96219727499978,60.324074074074055,0.4175,0.35,0.0003949892788623899,8.591269841269842e-05,0.0,0.0,0.00019408950157009044,0.00019408950157009044,119584.17050053917,-0.01581313473718937
2018-10-18,PANIC_STABILIZING_1,2,True,0.15,59.848321422627684,39.62496554740928,25.425878002172468,67.13568728349135,53.73677248677248,0.4175,0.4175,-0.02318235659089618,8.630952380952381e-05,0.0675,3.375e-05,-0.009628358579080107,-0.009662108579080108,118428.73526082374,-0.025322455091463025
2018-10-19,PANIC_STABILIZING_1,2,True,0.15,61.74203966583452,37.34154276362481,24.10549325127826,65.56789968843758,56.52116402116402,0.4175,0.4175,-0.0009238942141124307,8.67063492063492e-05,0.0,0.0,-0.00033521938597924134,-0.00033521938597924134,118389.0356529073,-0.025649185899595084
2018-10-22,PANIC_STABILIZING_1,2,True,0.15,63.26240804238852,33.001247627674424,23.027043906315942,64.94298044036911,58.00925925925926,0.4175,0.4175,0.005143913998381544,8.630952380952381e-05,0.0,0.0,0.0021978593919433423,0.0021978593919433423,118649.23810682018,-0.023507699811776694
2018-10-23,PANIC_ACCELERATING,2,True,0.15,67.3990624569476,28.28526233900224,23.235055707823943,68.78101758995517,56.68650793650793,0.36,0.4175,-0.0036800644011268924,8.749999999999999e-05,0.0,0.0,-0.0014854581374704775,-0.0014854581374704775,118472.98963056973,-0.02495823824526855
2018-10-24,PANIC_ACCELERATING,2,True,0.15,75.02475457586516,21.88029769663736,21.433267996230843,75.81804611504514,57.61111111111111,0.36,0.36,-0.045766722456282105,8.71031746031746e-05,0.057499999999999996,2.8749999999999997e-05,-0.016420274052515525,-0.016449024052515526,116524.22457456308,-0.040996723636579135
2018-10-25,PANIC_ACCELERATING,2,True,0.15,83.18530794413145,18.920513215719627,20.593836580348327,79.7993386610673,56.82407407407407,0.36,0.36,0.0345953792185798,8.749999999999999e-05,0.0,0.0,0.01251033651868873,0.01251033651868873,117981.98183657012,-0.02899926992674773
2018-10-26,PANIC_ACCELERATING,2,True,0.15,88.91038721237744,18.149929141271368,19.46988710069341,81.8767118663809,55.81878306878306,0.36,0.36,-0.025721968899801273,8.749999999999999e-05,0.0,0.0,-0.009203908803928457,-0.009203908803928457,116896.08643523959,-0.03793627209488981
2018-10-29,PANIC_ACCELERATING,2,True,0.15,87.21516253452826,21.674266247486894,18.25792988894827,78.03897617370973,53.70238095238094,0.36,0.36,-0.020580823232929313,8.71031746031746e-05,0.0,0.0,-0.00735335033210852,-0.00735335033210852,116036.50855922885,-0.04501066372799034
2018-10-30,PANIC_ACCELERATING,2,True,0.15,85.18466076747688,25.996622293935584,14.777638382242017,75.14986796104016,53.67460317460316,0.36,0.36,0.016479813759725515,8.749999999999999e-05,0.0,0.0,0.005988732953501184,0.005988732953501184,116731.42022184671,-0.03929148761961598
2018-10-31,PANIC_STABILIZING_1,2,True,0.15,76.8980693421948,36.44306884256392,13.722586475221354,62.18396269288956,52.92063492063492,0.4175,0.36,0.023505303760848584,8.71031746031746e-05,0.0,0.0,0.008517655385651522,0.008517655385651522,117725.69823197405,-0.0311085035850982
2018-11-01,PANIC_STABILIZING_1,2,True,0.15,65.87618743294946,50.49424732867598,15.715916303525221,49.683271824246866,50.64682539682539,0.4175,0.4175,0.013190436933223415,8.749999999999999e-05,0.057499999999999996,2.8749999999999997e-05,0.005557976169620775,0.005529226169620775,118376.63024347516,-0.02575128336759791
2018-11-02,PANIC_STABILIZING_2,2,True,0.4,57.478201454360935,58.67075967515805,16.94383854820204,42.00019912074152,49.11375661375661,0.53,0.4175,-0.015575961873764976,8.67063492063492e-05,0.0,0.0,-0.0064524576338841795,-0.0064524576338841795,117612.81005198717,-0.0320375819365345
2018-11-05,PANIC_STABILIZING_2,2,True,0.4,53.692564668505064,62.63173808450241,15.44844064126596,38.030726790955924,48.597883597883595,0.53,0.53,-0.0024796315975911254,8.71031746031746e-05,0.11250000000000004,5.6250000000000026e-05,-0.0012732662546598044,-0.0013295162546598045,117456.44190926682,-0.03332450370524975
2018-11-06,PANIC_STABILIZING_2,2,True,0.4,53.4266064325358,63.92013758070042,13.222618750787772,34.77711648927297,48.57142857142856,0.53,0.53,0.007575757575757569,8.829365079365078e-05,0.0,0.0,0.004056649531024527,0.004056649531024527,117932.92152925387,-0.029403040006552583
2018-11-07,RECOVERY_RETESTED,2,True,1.0,47.18586195060345,72.40090795769821,19.712674755445803,29.07870200435306,47.46164021164021,0.8,0.53,0.031367481203007586,8.789682539682539e-05,0.0,0.0,0.01666607654553053,0.01666607654553053,119898.40062669845,-0.013226996776442679
2018-11-08,RECOVERY_RETESTED,2,True,1.0,40.91228147145229,76.98451262543345,26.053078833692286,31.476437111131002,46.35185185185185,0.8,0.8,-0.006378858639936258,8.86904761904762e-05,0.27,0.000135,-0.0050853488167109115,-0.005220348816710911,119272.48915286132,-0.01837829605618313
2018-11-09,RECOVERY_RETESTED,2,True,1.0,40.09728339028774,75.90889462671363,27.920139025249075,36.936249330127524,46.04761904761904,0.8,0.8,-0.016852000458557836,8.789682539682539e-05,0.0,0.0,-0.013464021001766906,-0.013464021001766906,117666.60185397419,-0.03159487129387284
2018-11-12,RECOVERY_RETESTED,2,True,1.0,50.271715780948334,58.83997610252263,20.054908149196226,48.19303669792995,47.8584656084656,0.8,0.8,-0.030258861940298476,8.829365079365078e-05,0.0,0.0,-0.024189430822080055,-0.024189430822080055,114820.31372835826,-0.055020040162457096
2018-11-13,RECOVERY_RETESTED,2,True,1.0,60.84026519795547,47.88717155914181,13.335247998829685,51.072009133730326,49.629629629629626,0.8,0.8,0.000841700234473608,8.829365079365078e-05,0.0,0.0,0.0006910189177376166,0.0006910189177376166,114899.65673728513,-0.054367041133326466
2018-11-14,PANIC_STABILIZING_1,2,True,1.0,69.29860501217765,36.43913564157429,9.75998871130996,58.03746184600493,51.19047619047618,0.8,0.8,-0.007629002222622749,8.908730158730158e-05,0.0,0.0,-0.006085384317780739,-0.006085384317780739,114200.44816805766,-0.06012158111159038
2018-11-15,PANIC_STABILIZING_1,2,True,1.0,70.70951284800489,39.55541988314412,10.660763259816926,59.77225586856403,50.7010582010582,0.8,0.8,0.017493946731234944,8.908730158730158e-05,0.0,0.0,0.014012974845305417,0.014012974845305417,115800.73617555926,-0.046951088470061575
2018-11-16,PANIC_STABILIZING_1,2,True,1.0,68.9522648230892,41.81620064718401,12.159985517976915,64.82956156192125,49.38492063492063,0.8,0.8,-0.003510024391694899,8.86904761904762e-05,0.0,0.0,-0.002790281418117824,-0.002790281418117824,115477.61953320424,-0.0496103631384609
2018-11-19,PANIC_STABILIZING_1,2,True,1.0,65.58534933617369,43.51806575012114,12.191910554208862,65.26442106683191,48.82936507936507,0.8,0.8,-0.03247761194029852,8.829365079365078e-05,0.0,0.0,-0.02596443082208009,-0.02596443082208009,112479.30886933586,-0.07428668911877434
2018-11-20,PANIC_STABILIZING_1,2,True,1.0,65.58155826681642,38.84211281487761,9.342477637923642,68.66662023682848,49.517195767195766,0.8,0.8,-0.017894606935702884,8.908730158730158e-05,0.0,0.0,-0.014297868088244847,-0.014297868088244847,110871.09454846516,-0.08752241592528631
2018-11-21,PANIC_STABILIZING_1,2,True,1.0,66.31627416520213,37.85614254701624,6.519393917440183,68.19652167597053,50.9126984126984,0.8,0.8,0.007602412666499081,8.948412698412699e-05,0.0,0.0,0.0060998269585960906,0.0060998269585960906,111547.38903992093,-0.08195646055883288
2018-11-23,PANIC_STABILIZING_1,2,True,1.0,68.2581789271069,40.17874250337908,5.318560454968215,68.8399281493126,53.38624338624337,0.8,0.8,-0.00723327305605781,9.027777777777777e-05,0.0,0.0,-0.005768562889290692,-0.005768562889290692,110903.92091110797,-0.08725225245120627
2018-11-26,PANIC_STABILIZING_1,2,True,1.0,66.91454617530992,46.0258305092806,6.6765826411154015,65.05141397463753,53.650793650793645,0.8,0.8,0.0231141259971106,9.027777777777777e-05,0.0,0.0,0.01850935635324404,0.01850935635324404,112956.68110422368,-0.07035787913120461
2018-11-27,PANIC_STABILIZING_1,2,True,1.0,64.55428313160282,49.39592777942064,8.760193095712347,60.47211212693103,53.379629629629626,0.8,0.8,0.003376511756400191,9.027777777777777e-05,0.0,0.0,0.0027192649606757086,0.0027192649606757086,113263.84024922462,-0.06782993588595787
2018-11-28,PANIC_STABILIZING_2,2,True,1.0,59.14078275763123,57.461059233398394,14.677946068915995,50.59513519913679,50.257936507936506,0.8,0.8,0.03218306412139005,9.027777777777777e-05,0.0,0.0,0.025764506852667596,0.025764506852667596,116182.0272374852,-0.04381303388124014
2018-11-29,PANIC_STABILIZING_2,2,True,1.0,55.7204263442693,62.26693596491851,17.627212630797533,44.97038244793688,49.33201058201058,0.8,0.8,-0.003260225251926374,8.988095238095238e-05,0.0,0.0,-0.002590204011064909,-0.002590204011064909,115881.09208452102,-0.04628975319620887
2018-11-30,PANIC_STABILIZING_2,2,True,1.0,54.925024490860814,63.74494071874634,20.648398468399648,41.62710170829683,48.86904761904761,0.8,0.8,0.0072554267023490215,8.86904761904762e-05,0.0,0.0,0.005822079457117313,0.005822079457117313,116555.76101021463,-0.040737176360250316
2018-12-03,PANIC_STABILIZING_2,2,True,1.0,53.233868636398995,63.987700303128385,24.377932423807152,41.078540866746,47.98941798941798,0.8,0.8,0.01747653067249222,8.86904761904762e-05,0.0,0.0,0.01399896263323187,0.01399896263323187,118187.42075328455,-0.027308491936668733
2018-12-04,PANIC_STABILIZING_2,2,True,1.0,55.29124404494414,58.71721897167726,24.32152188755815,44.399746618349695,47.94973544973544,0.8,0.8,-0.03835664132768535,8.908730158730158e-05,0.0,0.0,-0.030667495601830817,-0.030667495601830817,114562.90854714146,-0.057138504482139196
2018-12-06,PANIC_STABILIZING_2,2,True,1.0,59.32100514722799,52.687766851768934,24.44186992408308,49.35003500468525,48.12830687830688,0.8,0.8,0.007060101375814476,9.067460317460317e-05,0.0,0.0,0.005666216021286501,0.005666216021286501,115212.04673499646,-0.0517960475703817
2018-12-07,PANIC_STABILIZING_1,2,True,1.0,67.68111111111114,38.68864483016606,16.816587033027,58.196338077810445,50.74074074074074,0.8,0.8,-0.0330157588830966,9.027777777777777e-05,0.0,0.0,-0.026394551550921727,-0.026394551550921727,112171.07642816237,-0.07682346567357312
2018-12-10,PANIC_STABILIZING_1,2,True,1.0,72.29308976973783,34.91514199900337,16.478234251912284,61.471469948464346,51.53439153439154,0.8,0.8,0.010472177469327049,8.988095238095238e-05,0.0,0.0,0.00839571816593783,0.00839571816593783,113112.8331722231,-0.06907273567396122
2018-12-11,PANIC_ACCELERATING,2,True,1.0,74.73087325157337,30.6599205366014,15.301533323482934,67.44419574037532,51.92460317460317,0.36,0.8,0.0033114613356228784,9.027777777777777e-05,0.0,0.0,0.0026672246240538582,0.0026672246240538582,113414.53050615653,-0.06658974355134784
2018-12-12,PANIC_ACCELERATING,2,True,1.0,72.9554293118879,34.120512787810874,19.930348995322095,67.48217088304064,51.40873015873015,0.36,0.36,0.008801418006234352,9.027777777777777e-05,0.44000000000000006,0.00022000000000000003,0.0032262882600221443,0.003006288260022144,113755.4872777331,-0.06378364325560204
2018-12-13,PANIC_ACCELERATING,2,True,1.0,72.4474448290714,31.898851624594414,23.83206537630457,70.30150666226616,51.23677248677248,0.36,0.36,0.0003029385034836185,9.107142857142857e-05,0.0,0.0,0.00016734357553981695,0.00016734357553981695,113774.52352771143,-0.06362697346298574
2018-12-14,PANIC_ACCELERATING,2,True,1.0,70.44333102105837,27.355975436041973,24.237415690697222,69.9350090006281,51.98412698412698,0.36,0.36,-0.024348879466989604,9.107142857142857e-05,0.0,0.0,-0.008707310893830544,-0.008707310893830544,112783.8533795582,-0.07178026451764052
2018-12-17,PANIC_ACCELERATING,2,True,1.0,75.61044671116098,18.93133588154728,21.858025355236265,76.60473367175386,54.07407407407407,0.36,0.36,-0.022659548050658063,9.067460317460317e-05,0.0,0.0,-0.008099405552205155,-0.008099405552205155,111870.37121129673,-0.0792982925968726
2018-12-18,PANIC_ACCELERATING,2,True,1.0,79.11899996389106,16.580212186510895,18.31233765190729,77.72748116192356,55.67460317460316,0.36,0.36,0.0062885091786824,8.988095238095238e-05,0.0,0.0,0.002321387113849473,0.002321387113849473,112130.06564944818,-0.07716098751760792
2018-12-19,PANIC_ACCELERATING,2,True,1.0,85.74786963194579,13.258522019151966,17.73125811530374,83.69326696163922,57.55291005291004,0.36,0.36,-0.02455498043176363,8.948412698412699e-05,0.0,0.0,-0.008782523114165065,-0.008782523114165065,111145.28075608907,-0.08526584247538771
2018-12-20,PANIC_ACCELERATING,2,True,1.0,86.91837905165215,13.572243492241777,17.130826945821422,83.40753689001892,60.25,0.36,0.36,-0.014495567203779314,8.988095238095238e-05,0.0,0.0,-0.005160880383836743,-0.005160880383836743,110571.67325687893,-0.08998667604538191
2018-12-21,PANIC_ACCELERATING,2,True,1.0,85.99684454969353,11.889879936790711,15.081315688634056,84.86932552112087,66.02910052910052,0.36,0.36,-0.030993499244861722,8.948412698412699e-05,0.0,0.0,-0.011100389886880379,-0.011100389886880379,109344.28457328284,-0.10008817874353404
2018-12-24,PANIC_ACCELERATING,2,True,1.0,85.75123642474755,13.156983672026383,12.89414515002535,83.33731653584677,77.3505291005291,0.36,0.36,-0.024729890899234164,8.948412698412699e-05,0.0,0.0,-0.008845490882454458,-0.008845490882454458,108377.08070104137,-0.10804834055347112
2018-12-26,PANIC_ACCELERATING,2,True,1.0,84.73794978367086,16.728697766360945,12.30352967907749,81.80898687224672,72.77380952380952,0.36,0.36,0.06243902439024396,9.186507936507937e-05,0.0,0.0,0.022536842431281474,0.022536842431281474,110819.55789196302,-0.08794656654820454
2018-12-27,PANIC_ACCELERATING,2,True,1.0,85.30798004313236,19.99045109058284,12.778632034335411,77.0951908605978,66.01455026455027,0.36,0.36,0.003869867506231195,9.146825396825396e-05,0.0,0.0,0.0014516919847829127,0.0014516919847829127,110980.43375591197,-0.08662254588916884
2018-12-28,PANIC_ACCELERATING,2,True,1.0,81.88708191059847,26.34229925433104,12.662116935143379,70.16001072284926,53.62037037037036,0.36,0.36,-0.0005227049983665966,9.027777777777777e-05,0.0,0.0,-0.00013039602163419697,-0.00013039602163419697,110965.96234887098,-0.08674164667543516
2018-12-31,PANIC_ACCELERATING,2,True,1.0,77.28143092812853,32.78151025946991,12.511184228252526,62.705916049779795,53.55555555555555,0.36,0.36,0.00843302608354568,8.988095238095238e-05,0.0,0.0,0.0030934131996002544,0.0030934131996002544,111309.22592150731,-0.08391656123061586
2019-01-02,PANIC_STABILIZING_1,2,True,1.0,72.58897162008098,40.313913698036174,12.816053639787933,56.62487222455354,52.97486772486772,0.8,0.36,0.004019188383248995,9.186507936507937e-05,0.0,0.0,0.001505701468763289,0.001505701468763289,111476.82438646424,-0.08253721305135098
2019-01-03,PANIC_STABILIZING_1,2,True,1.0,69.4002056781857,40.725469481412375,11.624803760655686,51.54948105045472,51.969576719576715,0.8,0.8,-0.032670454545454586,9.067460317460317e-05,0.44000000000000006,0.00022000000000000003,-0.026118228715728747,-0.02633822871572875,108540.72228927043,-0.10670155777217427
2019-01-04,PANIC_STABILIZING_1,2,True,1.0,66.96611237148893,48.56570025275582,12.536630527741622,44.911447426948605,50.792328042328045,0.8,0.8,0.04278467494326521,9.027777777777777e-05,0.0,0.0,0.03424579551016772,0.03424579551016772,112257.7856693147,-0.07610984199008863
2019-01-07,PANIC_STABILIZING_2,2,True,1.0,63.340233950225524,57.93904891964977,13.970837377821235,39.155337005763435,49.97354497354497,0.8,0.8,0.011905523907060234,9.067460317460317e-05,0.0,0.0,0.009542554046283108,0.009542554046283108,113329.01165618018,-0.06729357022445026
2019-01-08,RECOVERY_RETESTED,2,True,1.0,58.63703291187759,75.14049602553659,19.497754389789776,32.20021697023352,48.57275132275132,0.8,0.8,0.009045480422544161,9.186507936507937e-05,0.0,0.0,0.007254757353908345,0.007254757353908345,114151.18613690403,-0.06052701139399841
2019-01-09,RECOVERY_RETESTED,2,True,1.0,54.67889828691553,83.2018101505043,22.216377127369906,27.517941138517184,47.99867724867725,0.8,0.8,0.00814944834503506,9.226190476190476e-05,0.0,0.0,0.006538011056980429,0.006538011056980429,114897.50785403451,-0.05438472660675808
2019-01-10,RECOVERY_RETESTED,2,True,1.0,51.96632296031343,87.9513058599246,24.086338050947926,24.466542562012204,47.284391534391524,0.8,0.8,0.0028603407536376135,9.186507936507937e-05,0.0,0.0,0.0023066456187831067,0.0023066456187831067,115162.53568713513,-0.0522035272793312
2019-01-11,RECOVERY_RETESTED,2,True,1.0,51.24718074136842,89.05196835770153,24.077503364714463,24.554517070572444,46.373015873015866,0.8,0.8,-0.0036582341269841834,9.107142857142857e-05,0.0,0.0,-0.002908373015873061,-0.002908373015873061,114827.60007590313,-0.05496007296513172
2019-01-14,RECOVERY_RETESTED,2,True,1.0,52.28739354656178,85.74469423464366,22.77192988800338,26.473709297995487,46.161375661375665,0.8,0.8,-0.00883689090795936,9.107142857142857e-05,0.0,0.0,-0.007051298440653203,-0.007051298440653203,114017.91639854397,-0.06162383152898776
2019-01-15,RECOVERY_RETESTED,2,True,1.0,52.56999917513709,83.09215685025836,23.926599972149678,24.89178556960573,45.53968253968254,0.8,0.8,0.019526590067181493,9.186507936507937e-05,0.0,0.0,0.01563964506961821,0.01563964506961821,115801.11614259459,-0.046947961312312825
2019-01-16,RECOVERY_RETESTED,2,True,1.0,52.03922038230837,81.30381853951202,25.55889588000836,25.383998152068912,45.32804232804233,0.8,0.8,-0.0001847518167261697,9.186507936507937e-05,0.0,0.0,-0.0001294284375079199,-0.0001294284375079199,115786.12818507057,-0.047071313348543975
2019-01-17,RECOVERY_RETESTED,2,True,1.0,49.37841524262023,83.11133060413535,28.978302608996646,23.68258016738007,44.673280423280424,0.8,0.8,0.00788420080073915,9.107142857142857e-05,0.0,0.0,0.006325574926305606,0.006325574926305606,116518.54201433205,-0.04104349154170428
2019-01-18,RECOVERY_RETESTED,2,True,1.0,47.19779982614153,85.48317928260109,31.003493420141847,24.207044455140984,44.08465608465608,0.8,0.8,0.009900385014972812,9.067460317460317e-05,0.0,0.0,0.007938442932613171,0.007938442932613171,117443.51781070413,-0.03343087002445011
2019-01-22,RECOVERY_RETESTED,2,True,1.0,47.670112567115524,84.53232358047539,30.614331821469364,29.15766838612886,44.48677248677248,0.8,0.8,-0.020030257186081757,9.027777777777777e-05,0.0,0.0,-0.01600615019330985,-0.01600615019330985,115563.69922539534,-0.04890192069105559
2019-01-23,RECOVERY_RETESTED,2,True,1.0,49.66325189692151,79.07131128405179,30.959502654327917,37.885195687348016,45.054232804232804,0.8,0.8,0.001296776583920023,9.107142857142857e-05,0.0,0.0,0.001055635552850304,0.001055635552850304,115685.69237491657,-0.04789790774428926
2019-01-24,RECOVERY_RETESTED,2,True,1.0,50.6675689910003,75.22935725351158,29.74638954353203,45.15549761856852,45.95899470899471,0.8,0.8,0.006475485661424418,9.027777777777777e-05,0.0,0.0,0.005198444084695091,0.005198444084695091,116287.0779781268,-0.04294845825477689
2019-01-25,RECOVERY_RETESTED,2,True,1.0,47.94658317101266,78.1232160609161,31.400592840478584,39.06435677812293,46.79232804232803,0.8,0.8,0.011948529411764719,8.86904761904762e-05,0.0,0.0,0.00957656162464987,0.00957656162464987,117400.7083465348,-0.03378319518728756
2019-01-28,RECOVERY_RETESTED,2,True,1.0,48.57931935676723,79.6421294577203,30.334385051499442,38.5651945942111,48.61772486772486,0.8,0.8,-0.012352406902815583,8.948412698412699e-05,0.0,0.0,-0.009864028696855641,-0.009864028696855641,116242.66439037341,-0.04331398547734433
2019-01-29,RECOVERY_RETESTED,2,True,1.0,49.68014472552557,74.37702883005075,28.187735298702147,42.17244183046642,50.77380952380952,0.8,0.8,-0.009441481209000235,9.067460317460317e-05,0.0,0.0,-0.007535050046565269,-0.007535050046565269,115366.77009664584,-0.05052266247562176
2019-01-30,RECOVERY_RETESTED,2,True,1.0,49.74687144950116,75.56049424162597,28.109794227137126,40.58509549044223,49.338624338624335,0.8,0.8,0.025437890697530552,9.067460317460317e-05,0.0,0.0,0.020368447478659363,0.020368447478659363,117716.61209414195,-0.031183283194078926
2019-01-31,RECOVERY_RETESTED,2,True,1.0,44.36300816939033,81.74163042874173,31.62629751236351,31.099041518990663,46.12433862433861,0.8,0.8,0.014968614196040564,9.067460317460317e-05,0.0,0.0,0.011993026277467372,0.011993026277467372,119128.39051628143,-0.019564238851375815
2019-02-01,RECOVERY_RETESTED,2,True,1.0,40.240608279189395,88.74132853334065,35.86693854308962,28.069091058070608,43.478835978835974,0.8,0.8,-0.004222169362511963,9.027777777777777e-05,0.0,0.0,-0.003359679934454015,-0.003359679934454015,118728.15725304009,-0.022858189205127943
2019-02-04,RECOVERY_RETESTED,2,True,1.0,37.58790538854498,86.5687875053988,37.447129595684565,28.338713637986412,47.39417989417989,0.8,0.8,0.012421618393550382,8.988095238095238e-05,0.0,0.0,0.009955270905316496,0.009955270905316496,119910.12822258314,-0.013130477765753379
2019-02-05,RECOVERY_RETESTED,2,True,1.0,35.31126906056418,84.09459440577992,37.82444733612467,28.971510600654682,51.76587301587301,0.8,0.8,0.008847991505928077,9.067460317460317e-05,0.0,0.0,0.007096528125377382,0.007096528125377382,120761.07382003231,-0.006127130445140239
2019-02-06,RECOVERY_RETESTED,2,True,1.0,33.60364718644746,82.91697035061343,38.96697841505871,25.758864064898773,55.91931216931217,0.8,0.8,-0.002981932994211456,9.067460317460317e-05,0.0,0.0,-0.0023674114747342444,-0.0023674114747342444,120475.18266816954,-0.008480036480951414
2019-02-07,RECOVERY_RETESTED,2,True,1.0,36.65909863371997,78.00411745195088,37.06896112302116,34.09184312624686,57.42724867724868,0.8,0.8,-0.013429509734928624,9.067460317460317e-05,0.0,0.0,-0.01072547286730798,-0.01072547286730798,119183.02936527811,-0.019114556947069206
2019-02-08,RECOVERY_RETESTED,2,True,1.0,39.09852881120205,72.24651385612874,34.77224171577981,40.46367622797643,57.16931216931217,0.8,0.8,0.001961600190215851,9.067460317460317e-05,0.0,0.0,0.0015874150728076015,0.0015874150728076015,119372.22230251542,-0.01755748461006945
2019-02-11,RECOVERY_RETESTED,2,True,1.0,41.8717137572757,68.56600624455258,32.137711127751544,45.89532834699816,56.56746031746031,0.8,0.8,-0.0009492168960607561,9.107142857142857e-05,0.0,0.0,-0.0007411592311343193,-0.0007411592311343193,119283.74847801491,-0.01828563094940938
2019-02-12,RECOVERY_RETESTED,2,True,1.0,36.89077628945795,72.13536943078029,34.50894429291906,43.13428843349974,51.76587301587301,0.8,0.8,0.014786223277909682,9.186507936507937e-05,0.0,0.0,0.011847351638200762,0.011847351638200762,120696.94499095665,-0.006654915610992629
2019-02-13,RECOVERY_RETESTED,2,True,1.0,33.55857289443788,76.15264178112004,35.75012902304116,41.984230735964594,50.9589947089947,0.8,0.8,0.0007022060974897215,9.107142857142857e-05,0.0,0.0,0.0005799791637060629,0.0005799791637060629,120766.94670417436,-0.006078796159677324
2019-02-14,RECOVERY_RETESTED,2,True,1.0,29.606142234344322,79.09322011911404,37.93913022218603,35.838205866798276,50.019841269841265,0.8,0.8,0.0012279983626688473,9.146825396825396e-05,0.0,0.0,0.0010006923409287287,0.0010006923409287287,120887.79726277856,-0.0050841868235077525
2019-02-15,RECOVERY_RETESTED,2,True,1.0,26.077744222537632,79.9646197992768,39.200260834583624,31.140465004737973,48.974867724867714,0.8,0.8,0.004205116224740069,9.107142857142857e-05,0.0,0.0,0.003382307265506341,0.003382307265506341,121296.67693777151,-0.0017190758400338346
2019-02-19,RECOVERY_RETESTED,2,True,1.0,23.141041383243387,79.13550206079289,40.9571187116969,26.6311798454188,47.28835978835978,0.8,0.8,0.0019774339886007297,9.107142857142857e-05,0.0,0.0,0.0016001614765948696,0.0016001614765948696,121490.77120744629,-0.0001216651623736631
2019-02-20,RECOVERY_RETESTED,2,True,1.0,19.22395325734873,77.44676822774868,41.84165501795587,29.120664794034894,48.48544973544973,0.8,0.8,-0.00017413512885999793,9.186507936507937e-05,0.0,0.0,-0.00012093508721498249,-0.00012093508721498249,121476.0787104345,-0.00024258553600153832
2019-02-21,RECOVERY_RETESTED,2,True,1.0,21.416707346594773,72.82702982300029,40.39717599850713,36.14981101872929,52.86375661375661,0.8,0.8,-0.003657474600870847,9.186507936507937e-05,0.0,0.0,-0.002907606664823662,-0.002907606664823662,121122.8740543594,-0.003149486857504047
2019-02-22,RECOVERY_RETESTED,2,True,1.0,18.89745466944736,73.24037152273998,42.40030463395018,39.69353760166607,51.58730158730159,0.8,0.8,0.007400069921920327,9.186507936507937e-05,0.0,0.0,0.005938428953409278,0.005938428953409278,121842.15363656395,0.0
2019-02-25,RECOVERY_RETESTED,2,True,1.0,19.819417838986094,72.01827645871062,44.33180536813044,39.70185388199898,51.22354497354497,0.8,0.8,0.0036439354502864063,9.226190476190476e-05,0.0,0.0,0.0029336007411815065,0.0029336007411815065,122199.58986877932,0.0
2019-02-26,RECOVERY_RETESTED,2,True,1.0,18.4481180003903,70.34048411802263,47.927686621196834,39.16088306356891,53.33994708994709,0.8,0.8,0.0010373443983400232,9.265873015873017e-05,0.0,0.0,0.0008484072647037647,0.0008484072647037647,122303.26488856779,0.0
2019-02-27,RECOVERY_RETESTED,2,True,1.0,20.68296712184996,63.97851458209181,48.59382579837098,45.64953928969194,59.391534391534385,0.8,0.8,-0.0006332757628093599,9.186507936507937e-05,0.0,0.0,-0.00048824759437447214,-0.00048824759437447214,122243.5506137018,-0.0004882475943746023
2019-02-28,RANGE_CARRY,2,False,0.0,19.387286741895384,60.641335239460766,47.37464247831448,50.31251781098289,64.61640211640211,0.35,0.8,-0.002304280200472464,9.186507936507937e-05,0.0,0.0,-0.0018250511445049552,-0.0018250511445049552,122020.44988174592,-0.0023124076620484324
2019-03-01,RANGE_CARRY,0,False,0.0,15.92404329725642,61.9752635739977,46.85064405777508,48.49050955731274,64.58333333333333,0.35,0.35,0.006928806513078145,9.186507936507937e-05,0.45000000000000007,0.00022500000000000005,0.0024847945811646522,0.0022597945811646523,122296.19103317997,-5.783864718789111e-05
2019-03-04,RANGE_CARRY,0,False,0.0,15.092053175146988,62.61366494344096,43.78092524199126,45.50711700121667,69.58333333333333,0.35,0.35,0.00017202821262696233,9.146825396825396e-05,0.0,0.0,0.00011966423949880189,0.00011966423949880189,122310.82551387354,0.0
2019-03-05,RANGE_CARRY,0,False,0.0,15.347273328865475,62.25146842683328,42.570443014131705,42.14088284999061,72.50661375661376,0.35,0.35,0.0007453273707145325,9.226190476190476e-05,0.0,0.0,0.00032083481784532443,0.00032083481784532443,122350.0670852978,0.0
2019-03-06,NORMAL_PARTICIPATION,0,False,0.0,20.618719219293954,54.52912108137236,37.86838548012197,49.751588755131856,79.49074074074075,0.35,0.35,-0.005671727298768303,9.226190476190476e-05,0.0,0.0,-0.001925134316473668,-0.001925134316473668,122114.52677252903,-0.0019251343164736756
2019-03-07,RANGE_CARRY,0,False,0.0,29.625134873714302,42.66282127607216,32.42519404003224,59.148932605537766,83.22089947089948,0.35,0.35,-0.012272412998386661,9.265873015873017e-05,0.0,0.0,-0.004235116374832156,-0.004235116374832156,121597.3575405898,-0.006152097523438482
2019-03-08,RISK_WARNING,0,False,0.0,39.33578858467246,29.600495379389585,29.097376470084654,71.64663036323525,85.69444444444446,0.35,0.35,-0.0015166540278832574,9.186507936507937e-05,0.0,0.0,-0.0004711166081718385,-0.0004711166081718385,121540.07100594262,-0.006620315776291963
2019-03-11,RISK_WARNING,0,False,0.0,36.43351109743782,31.608756799553607,33.069945331932026,70.09287461707716,77.48015873015873,0.35,0.35,0.020798037039200912,9.226190476190476e-05,0.0,0.0,0.007339283201815557,0.007339283201815557,122432.088007424,0.0
2019-03-12,RANGE_CARRY,0,False,0.0,27.76360741602694,41.31462180344584,42.31690735618684,64.11680494915743,65.7010582010582,0.35,0.35,0.0054941910376009595,9.226190476190476e-05,0.0,0.0,0.001982937101255574,0.001982937101255574,122674.86313711811,0.0
2019-03-13,RANGE_CARRY,0,False,0.0,18.061669955716248,55.50363937393784,50.673606931370294,52.15871757918947,54.39814814814815,0.35,0.35,0.0075132335363423675,9.226190476190476e-05,0.0,0.0,0.0026896019758150666,0.0026896019758150666,123004.80969139456,0.0
2019-03-14,RANGE_CARRY,0,False,0.0,18.672676428977656,58.740283390826015,53.145789792729055,48.75736083112781,53.273809523809526,0.35,0.35,-0.0016948195017230105,9.186507936507937e-05,0.0,0.0,-0.000533474524015752,-0.000533474524015752,122939.1897590928,-0.0005334745240157535
2019-03-15,NORMAL_PARTICIPATION,0,False,0.0,17.625438623486378,64.2766928992095,54.66745469646897,39.33099683532372,51.55423280423281,0.35,0.35,0.009280742459396585,9.186507936507937e-05,0.0,0.0,0.0033079721623761062,0.0033079721623761062,123345.86917648093,0.0
2019-03-18,NORMAL_PARTICIPATION,0,False,0.0,17.7840035567965,62.93195691691654,55.57943921332937,36.161782456784024,53.99470899470899,0.35,0.35,0.002378525371460549,9.186507936507937e-05,0.0,0.0,0.0008921961815984938,0.0008921961815984938,123455.91788997615,0.0
2019-03-19,NORMAL_PARTICIPATION,0,False,0.0,18.748297634100506,60.98501566312649,57.79925877282937,32.35120277007032,57.427248677248684,0.35,0.35,0.0033622863547213555,9.146825396825396e-05,0.0,0.0,0.0012362545892318393,0.0012362545892318393,123608.54083503547,0.0
2019-03-20,NORMAL_PARTICIPATION,0,False,0.0,22.16235191493475,54.72866816906239,59.51772189493943,36.53506813222082,63.425925925925924,0.35,0.35,0.003965372800893485,9.226190476190476e-05,0.0,0.0,0.0014478507184079578,0.0014478507184079578,123787.50754968484,0.0
2019-03-21,GREED_TREND,0,False,0.0,23.257899351448287,54.33203139435318,62.495266116324636,36.39815549976509,63.82936507936508,0.35,0.35,0.01563195371606585,9.305555555555555e-05,0.0,0.0,0.005531669911734158,0.005531669911734158,124472.25918064601,0.0
2019-03-22,RISK_WARNING,0,False,0.0,32.026441071324946,47.68460091601681,59.72401926302376,47.15333866683267,67.18253968253968,0.35,0.35,-0.02196417812345941,9.345238095238095e-05,0.0,0.0,-0.007626718295591746,-0.007626718295591746,123522.94432425934,-0.0076267182955916946
2019-03-25,RISK_WARNING,0,False,0.0,39.74503331478568,38.14057943121417,55.69307140455887,56.47976373323783,69.80820105820106,0.35,0.35,-0.0019041218637992907,9.226190476190476e-05,0.0,0.0,-0.0006064724142345136,-0.0006064724142345136,123448.03106600167,-0.008228565315568703
2019-03-26,RISK_WARNING,0,False,0.0,45.506590988075324,32.336404752754305,52.17537964489009,65.84211747147883,71.42857142857143,0.35,0.35,0.004657165301312993,9.226190476190476e-05,0.0,0.0,0.0016899780935547856,0.0016899780935547856,123656.6555341957,-0.006552493317138475
2019-03-27,RISK_WARNING,0,False,0.0,43.9163961029873,30.41253406144949,51.39081710276299,65.91085247949768,68.07539682539682,0.35,0.35,-0.0064227869310249375,9.226190476190476e-05,0.0,0.0,-0.0021880051877634895,-0.0021880051877634895,123386.09413038539,-0.008726161615531303
2019-03-28,RISK_WARNING,0,False,0.0,40.74752346261831,36.503615894083275,51.66020070918042,65.64195819614655,64.0542328042328,0.35,0.35,0.0023046655424394658,9.146825396825396e-05,0.0,0.0,0.0008660873049331781,0.0008660873049331781,123492.957260117,-0.007867631928394236
2019-03-29,RISK_WARNING,0,False,0.0,34.654112669889834,42.348397700162984,52.13703577720253,63.505034690364845,57.36772486772487,0.35,0.35,0.007571084067074185,9.107142857142857e-05,0.0,0.0,0.002709075852047393,0.002709075852047393,123827.5090485283,-0.005179870088016902
2019-04-01,NORMAL_PARTICIPATION,0,False,0.0,24.619899108972646,55.5911759120188,56.651496367720796,54.11809622826587,48.52513227513227,0.35,0.35,0.013247244795725255,8.988095238095238e-05,0.0,0.0,0.004694958297551458,0.004694958297551458,124408.87403960084,-0.0005092310645151699
2019-04-02,GREED_EXHAUSTING,0,False,0.0,16.07153059764759,64.05993696795015,60.883956486349376,43.80951913311088,41.47486772486772,0.35,0.35,0.003790375741595131,9.107142857142857e-05,0.0,0.0,0.0013858279381297244,0.0013858279381297244,124581.28333299619,0.0
2019-04-03,GREED_TREND,0,False,0.0,12.251319463381371,68.70181347409648,62.55922167673259,34.522511765962484,41.07142857142857,0.35,0.35,0.005746182892792717,9.067460317460317e-05,0.0,0.0,0.002070102504540943,0.002070102504540943,124839.17935964273,0.0
2019-04-04,GREED_TREND,0,False,0.0,10.111547262205416,67.96819357386251,62.11173553530949,31.903298087399765,45.21825396825397,0.35,0.35,-0.0003808901947981447,9.146825396825396e-05,0.0,0.0,-7.385720309998554e-05,-7.385720309998554e-05,124829.95908701792,-7.385720310004729e-05
2019-04-05,GREED_TREND,0,False,0.0,6.782637014522258,70.849791698647,62.202204092644365,27.559580199742033,47.12962962962964,0.35,0.35,0.0051711937292471255,9.146825396825396e-05,0.0,0.0,0.0018693721703158589,0.0018693721703158589,125063.31273855687,0.0
2019-04-08,GREED_TREND,0,False,0.0,6.0234762848449845,70.58599448058133,62.464186873097965,27.38149748152807,52.16269841269841,0.35,0.35,0.0025452182389256173,9.146825396825396e-05,0.0,0.0,0.0009502807487033311,0.0009502807487033311,125182.1579970214,0.0
2019-04-09,GREED_TREND,0,False,0.0,8.653765912961624,68.38301864839373,61.51078216701696,31.297667388538645,57.810846560846564,0.35,0.35,-0.0035110462917949947,9.107142857142857e-05,0.0,0.0,-0.0011696697735568194,-0.0011696697735568194,125035.73621062367,-0.001169669773556814
2019-04-10,GREED_TREND,0,False,0.0,9.41451483179878,65.32615715179814,60.83140443425404,34.54492191086951,62.142857142857146,0.35,0.35,0.005366435385949719,9.067460317460317e-05,0.0,0.0,0.0019371908771458938,0.0019371908771458938,125277.95429812811,0.0
2019-04-11,NORMAL_PARTICIPATION,0,False,0.0,8.32071550125204,64.44263455446914,59.757569950688946,39.36752398497263,61.25661375661375,0.35,0.35,-0.0023723513236642013,9.107142857142857e-05,0.0,0.0,-0.0007711265347110418,-0.0007711265347110418,125181.3491433545,-0.0007711265347111196
2019-04-12,GREED_TREND,0,False,0.0,3.9853103486992096,67.93995492397109,61.81086005365802,36.83042674815763,54.25925925925926,0.35,0.35,0.004323623196238469,9.107142857142857e-05,0.0,0.0,0.0015724645472548926,0.0015724645472548926,125378.19237685994,0.0
2019-04-15,GREED_TREND,0,False,0.0,3.1669214325668853,67.81532711068161,61.86727594368076,39.15121005984407,51.61375661375661,0.35,0.35,0.00016143787332500992,9.146825396825396e-05,0.0,0.0,0.00011595762074311854,0.00011595762074311854,125392.73093374101,0.0
2019-04-16,GREED_TREND,0,False,0.0,2.846851149649387,69.79899757413375,62.61375817654358,36.13399531432521,49.19973544973545,0.35,0.35,0.0034434520606907437,9.107142857142857e-05,0.0,0.0,0.001264404649813189,0.001264404649813189,125551.27808578641,0.0
2019-04-17,GREED_TREND,0,False,0.0,2.8597252001332407,68.44088161907273,61.94168094359399,36.72720545972393,49.83465608465608,0.35,0.35,0.0034852546916890326,9.107142857142857e-05,0.0,0.0,0.0012790355706625899,0.0012790355706625899,125711.86263640028,0.0
2019-04-18,GREED_TREND,0,False,0.0,2.745813005328273,68.92608012816103,62.76126019266039,35.78778275158302,48.52513227513228,0.35,0.35,0.0012823938017632042,9.146825396825396e-05,0.0,0.0,0.0005082921956964865,0.0005082921956964865,125775.76099508483,0.0
2019-04-19,GREED_EXHAUSTING,0,False,0.0,2.825529676882321,65.11509811257896,64.05981135784846,40.059149239290484,53.19444444444445,0.35,0.35,0.0,9.067460317460317e-05,0.0,0.0,5.893849206349206e-05,5.893849206349206e-05,125783.17402877602,0.0
2019-04-22,GREED_EXHAUSTING,0,False,0.0,3.6521123273106197,63.05950835003798,66.07131687329318,41.82877352162013,59.76851851851851,0.35,0.35,0.0028283259512247305,9.067460317460317e-05,0.0,0.0,0.0010488525749921477,0.0010488525749921477,125915.10203474679,0.0
2019-04-23,GREED_EXHAUSTING,0,False,0.0,4.257932433130725,62.36187701929828,68.17405733438675,42.338890494037564,67.92989417989418,0.35,0.35,0.01271817794806318,9.146825396825396e-05,0.0,0.0,0.004510816646901478,0.004510816646901478,126483.0819731014,0.0
2019-04-24,GREED_EXHAUSTING,0,False,0.0,6.403922961474197,62.36060638466741,68.6773782484603,41.84898478456328,71.77910052910052,0.35,0.35,-0.003152750775051172,9.186507936507937e-05,0.0,0.0,-0.0010437504696806086,-0.0010437504696806086,126351.06519688532,-0.0010437504696806377
2019-04-25,GREED_EXHAUSTING,0,False,0.0,12.230032664040456,60.28935068679164,70.75597170469887,42.2540702838788,73.33994708994709,0.35,0.35,0.004058826630119583,9.146825396825396e-05,0.0,0.0,0.001480043685621219,0.001480043685621219,126538.0702931015,0.0
2019-04-26,GREED_EXHAUSTING,0,False,0.0,17.023148378104974,57.073303300383714,72.26126940655709,43.582892979418496,72.66534391534391,0.35,0.35,0.0008924821503570879,9.107142857142857e-05,0.0,0.0,0.0003715651811964093,0.0003715651811964093,126585.08743411818,0.0
2019-04-29,GREED_EXHAUSTING,0,False,0.0,21.22408594120436,54.44331146855679,74.44172185250771,42.76098335621896,72.32671957671958,0.35,0.35,0.0019407290847102132,9.067460317460317e-05,0.0,0.0,0.0007381936717120667,0.0007381936717120667,126678.53174459518,0.0
2019-04-30,GREED_EXHAUSTING,0,False,0.0,19.629411930825565,49.687187631247845,71.64084211448868,46.791800125467375,72.80291005291005,0.35,0.35,-0.00774787980316205,9.146825396825396e-05,0.0,0.0,-0.002652303566027352,-0.002652303566027352,126342.54182310989,-0.002652303566027303
2019-05-01,GREED_EXHAUSTING,0,False,0.0,24.43831940271944,39.66170299445388,65.87830866788495,54.90643802110469,77.6362433862434,0.35,0.35,-0.003218318033132772,9.107142857142857e-05,0.0,0.0,-0.0010672148830250415,-0.0010672148830250415,126207.70718211704,-0.0037166878712124873
2019-05-02,RANGE_CARRY,0,False,0.0,27.481207388839152,32.532647925136054,59.57319457273275,62.63039874196536,80.21031746031747,0.35,0.35,-0.004340231831895358,9.107142857142857e-05,0.0,0.0,-0.0014598847125919467,-0.0014598847125919467,126023.4584797906,-0.005171146647999669
2019-05-03,GREED_EXHAUSTING,0,False,0.0,27.786518230897688,36.82230805922823,60.75035148242006,61.122065737435825,77.3994708994709,0.35,0.35,0.015948115464355928,9.265873015873017e-05,0.0,0.0,0.005642068587127749,0.005642068587127749,126734.49147612062,0.0
2019-05-06,RANGE_CARRY,0,False,0.0,29.755709428128473,41.90774471172022,59.876632519736994,59.541994997105526,78.02910052910053,0.35,0.35,-0.0061221286170268785,9.107142857142857e-05,0.0,0.0,-0.0020835485873879787,-0.0020835485873879787,126470.43400543221,-0.0020835485873880177
2019-05-07,RISK_WARNING,0,False,0.0,37.97221002380494,36.63777841013201,54.402478833424034,62.646066438937034,81.63888888888889,0.35,0.35,-0.01947983573760126,9.146825396825396e-05,0.0,0.0,-0.006758488143081076,-0.006758488143081076,125615.68507675618,-0.008827955092045592
2019-05-08,RANGE_CARRY,0,False,0.0,51.28761315707005,25.875424950581706,44.1518422828325,69.16390081658881,90.1494708994709,0.35,0.35,-0.002523625429553311,9.107142857142857e-05,0.0,0.0,-0.0008240724717722304,-0.0008240724717722304,125512.16864866161,-0.009644752689044522
2019-05-09,RANGE_CARRY,0,False,0.0,58.37409375381689,18.392832820511355,37.768090190388534,72.84041359365555,92.27910052910055,0.35,0.35,-0.005383000484470046,9.107142857142857e-05,0.0,0.0,-0.0018248537409930874,-0.0018248537409930874,125283.12729816296,-0.011452006167011919
2019-05-10,RANGE_CARRY,0,False,0.0,58.97198079926961,22.8267910741702,38.18686229976905,73.78870185815211,88.76851851851852,0.35,0.35,0.0012447908210206915,9.107142857142857e-05,0.0,0.0,0.0004948732159286705,0.0004948732159286705,125345.1265622706,-0.010962800242203974
2019-05-13,PANIC_ACCELERATING,3,True,0.0,63.45269270482279,20.66189669813105,33.626312767733836,75.91450456231762,88.92857142857143,0.35,0.35,-0.03470270270270259,9.107142857142857e-05,0.0,0.0,-0.012086749517374477,-0.012086749517374477,123830.11141428884,-0.022917045139041914
2019-05-14,PANIC_ACCELERATING,3,True,0.0,62.137522162640856,26.067299699839754,31.105520144022773,76.60322192366735,84.07407407407408,0.35,0.35,0.01097547317728731,9.027777777777777e-05,0.0,0.0,0.003900096167606114,0.003900096167606114,124313.06075724994,-0.019106327651355448
2019-05-15,PANIC_ACCELERATING,3,True,0.0,59.43201181577707,29.30546471118821,29.33268496452429,75.40151742313012,75.95238095238095,0.35,0.35,0.01412429378531077,9.027777777777777e-05,0.0,0.0,0.005002183380414325,0.005002183380414325,124934.89748373831,-0.014199717625579367
2019-05-16,PANIC_STABILIZING_1,3,True,0.15,49.81581847689937,38.588196778084786,34.77482894161165,73.2108697022317,60.09920634920635,0.4175,0.35,0.010049702332186383,9.067460317460317e-05,0.0,0.0,0.003576334308328726,0.003576334308328726,125381.70644391695,-0.010674166254563522
2019-05-17,PANIC_STABILIZING_1,3,True,0.15,48.34587532039981,37.730119232549,37.11883354665324,75.34111716356256,51.42195767195767,0.4175,0.4175,-0.010220083274752656,8.988095238095238e-05,0.0675,3.375e-05,-0.004214529112447329,-0.004248279112447329,124849.04995934827,-0.014877098529468613
2019-05-20,PANIC_STABILIZING_1,3,True,0.15,48.43935736307672,36.94005501926942,35.39071986833084,74.69629135488769,52.8968253968254,0.4175,0.4175,-0.016881555944055937,8.948412698412699e-05,0.0,0.0,-0.006995925102675099,-0.006995925102675099,123975.61535669252,-0.02176894456508649
2019-05-21,PANIC_STABILIZING_1,3,True,0.15,47.918919383930444,37.799601362160594,32.8149991260119,70.97361559077102,54.37169312169311,0.4175,0.4175,0.0104473464851349,8.948412698412699e-05,0.0,0.0,0.004413891661512075,0.004413891661512075,124522.83029154627,-0.01745113866647008
2019-05-22,PANIC_STABILIZING_1,3,True,0.15,46.74169254342271,38.92243358233306,32.37766593181814,68.4251375877621,54.623015873015866,0.4175,0.4175,-0.004454710443821175,8.948412698412699e-05,0.0,0.0,-0.0018077171063270864,-0.0018077171063270864,124297.72824109998,-0.01922730905090486
2019-05-23,PANIC_ACCELERATING,3,True,0.15,50.280884979649834,33.52787878728056,31.42589835674627,71.62890750273766,53.664021164021165,0.36,0.4175,-0.015302176555076819,8.908730158730158e-05,0.0,0.0,-0.006336765358569968,-0.006336765358569968,123510.08270263282,-0.02544223546354263
2019-05-24,PANIC_ACCELERATING,3,True,0.15,55.15216122301584,26.4946378452148,29.208263410981942,76.90743036748512,55.55555555555555,0.36,0.36,-0.0005049088359045939,8.86904761904762e-05,0.057499999999999996,2.8749999999999997e-05,-0.00012500527616374901,-0.000153755276163749,123491.09237575786,-0.02559207886176651
2019-05-28,PANIC_ACCELERATING,3,True,0.15,57.8866671876992,22.496072688732568,26.057549649799984,76.59743186812976,59.576719576719576,0.36,0.36,-0.0037606645711718567,8.789682539682539e-05,0.0,0.0,-0.0012975852773679,-0.0012975852773679,123330.852152405,-0.02685645623438615
2019-05-29,PANIC_ACCELERATING,3,True,0.15,60.43793661517059,19.836234526991728,25.28506649258789,78.50367182101145,61.76587301587301,0.36,0.36,-0.008225815538903669,8.86904761904762e-05,0.0,0.0,-0.002904531689243416,-0.002904531689243416,122972.63378406696,-0.029682982495435883
2019-05-30,PANIC_ACCELERATING,3,True,0.15,62.75759137528493,21.230586764234854,24.479995856892184,78.38401278478403,63.77645502645502,0.36,0.36,0.004203828892802353,8.86904761904762e-05,0.0,0.0,0.0015701403061707515,0.0015701403061707515,123165.7180729273,-0.02815944863648856
2019-05-31,PANIC_ACCELERATING,3,True,0.15,68.07163263817847,18.87018832702535,23.119163650494006,80.5121464822368,65.39021164021163,0.36,0.36,-0.015952933190021,8.908730158730158e-05,0.0,0.0,-0.0056860400753916875,-0.0056860400753916875,122465.39286405023,-0.033685372958432325
2019-06-03,PANIC_ACCELERATING,3,True,0.15,69.0354884558584,22.867226035873,19.402588862528287,76.10612105275739,68.79629629629629,0.36,0.36,-0.022017821212992117,8.789682539682539e-05,0.0,0.0,-0.007870161668423194,-0.007870161668423194,121501.57042342318,-0.04129042529581162
2019-06-04,PANIC_ACCELERATING,3,True,0.15,63.136690127290564,29.623873267235258,16.655458754404343,68.44440673282254,64.41137566137564,0.36,0.36,0.028156595344462687,8.789682539682539e-05,0.0,0.0,0.010192628292260534,0.010192628292260534,122739.99076767506,-0.03151865496062056
2019-06-05,PANIC_STABILIZING_1,3,True,0.15,52.91609139716345,42.04821120315403,16.721511492188814,57.742609936981495,57.34126984126984,0.4175,0.36,0.0074323938025271374,8.789682539682539e-05,0.0,0.0,0.0027319157371637377,0.0027319157371637377,123075.30608003259,-0.028872845532958102
2019-06-06,PANIC_STABILIZING_1,3,True,0.15,42.78646703070342,52.74717459265005,20.704140096220367,48.180099156571885,46.98412698412698,0.4175,0.4175,0.007945065546790753,8.789682539682539e-05,0.057499999999999996,2.8749999999999997e-05,0.0033682647665787897,0.0033395147665787896,123486.31788208809,-0.025629752060389643
2019-06-07,PANIC_STABILIZING_2,3,True,0.4,41.00921225834997,59.976436938715665,26.808839342135297,42.116005409420644,45.20502645502645,0.53,0.4175,0.019311975677045012,8.71031746031746e-05,0.0,0.0,0.008113487444372642,0.008113487444372642,124488.2225717762,-0.01772421128756141
2019-06-10,PANIC_STABILIZING_2,3,True,0.4,40.527039550403,63.36838547452691,33.73848113283542,38.94926760061538,43.54497354497354,0.53,0.53,0.011654882898807006,8.51190476190476e-05,0.11250000000000004,5.6250000000000026e-05,0.006217093888748666,0.006160843888748666,125255.1750770287,-0.011672563497606703
2019-06-11,PANIC_STABILIZING_2,3,True,0.4,40.2200715065507,64.4814288089094,40.985479147295855,36.819255912582975,44.451058201058196,0.53,0.53,0.0013650013650012838,8.551587301587301e-05,0.0,0.0,0.0007636431837681408,0.0007636431837681408,125350.82533770797,-0.010917833987390546
2019-06-12,PANIC_STABILIZING_2,3,True,0.4,40.236713014890164,60.30137309385959,43.46504722268684,40.86935741916462,46.92460317460316,0.53,0.53,-0.00577971646673936,8.472222222222222e-05,0.0,0.0,-0.0030234302829274164,-0.0030234302829274164,124971.835856392,-0.013908254960416477
2019-06-13,PANIC_STABILIZING_2,3,True,0.4,38.91594196767425,60.30707972564459,43.47700156651839,39.863760728343344,49.107142857142854,0.53,0.53,0.005923000987166693,8.353174603174605e-05,0.0,0.0,0.003178450443833268,0.003178450443833268,125369.0526435364,-0.01077401121573518
2019-06-14,PANIC_STABILIZING_2,3,True,0.4,37.43765152332787,60.273547612195195,40.50035511049467,40.17176455916917,49.53703703703703,0.53,0.53,-0.0042525351651946375,8.154761904761904e-05,0.0,0.0,-0.002215516256600777,-0.002215516256600777,125091.29546933,-0.012965657475338732
2019-06-17,PANIC_STABILIZING_2,3,True,0.4,35.718761912457815,60.88691993221119,40.85088814274716,35.518610674289015,49.86111111111111,0.53,0.53,0.006022777047744343,8.194444444444445e-05,0.0,0.0,0.003230585724193391,0.003230585724193391,125495.41362269408,-0.009776958419089987
2019-06-18,PANIC_STABILIZING_2,3,True,0.4,31.62431292396754,61.474808684655166,43.815844920948614,33.836353886245234,50.09920634920635,0.53,0.53,0.014531403069554694,8.313492063492064e-05,0.0,0.0,0.0077407170395624005,0.0077407170395624005,126466.8381093102,-0.0021119220481572443
2019-06-19,PANIC_STABILIZING_2,3,True,0.4,26.671334085263165,64.27317429904065,48.49120540065099,29.37845541541603,48.94841269841269,0.53,0.53,0.0037551633496057946,8.273809523809524e-05,0.0,0.0,0.002029123480052976,0.002029123480052976,126723.45493996586,-8.708391872025434e-05
2019-06-20,PANIC_STABILIZING_2,3,True,0.4,20.261962170055593,67.57943664498741,52.76762416202738,27.317809193630875,46.81878306878306,0.53,0.53,0.009299342632675955,8.115079365079365e-05,0.0,0.0,0.0049667924683341295,0.0049667924683341295,127352.86404152295,0.0
2019-06-21,RECOVERY_RETESTED,3,True,1.0,17.237512946916983,71.57807531081431,53.50794721441647,25.679451071105557,47.99603174603174,0.8,0.53,-0.00148265819433413,7.956349206349207e-05,0.0,0.0,-0.0007484140017272477,-0.0007484140017272477,127257.55137491421,-0.0007484140017272045
2019-06-24,RECOVERY_RETESTED,3,True,1.0,19.127384161355433,69.44250549853719,55.280488897649064,29.986635914697647,51.19047619047618,0.8,0.8,2.9591133266171354e-05,7.837301587301586e-05,0.27,0.000135,3.9347509787540254e-05,-9.565249021245975e-05,127245.37887322687,-0.0008439949042765571
2019-06-25,PANIC_STABILIZING_2,3,True,1.0,26.33920919375939,60.85723669099934,51.2288670683618,39.30947982923473,55.87301587301587,0.8,0.8,-0.017166241496598622,7.916666666666666e-05,0.0,0.0,-0.013717159863945566,-0.013717159863945566,125499.93366927448,-0.014549577555195925
2019-06-26,PANIC_STABILIZING_2,3,True,1.0,33.68282986736195,52.933771374924845,49.83168349106902,48.22308539695422,57.67857142857142,0.8,0.8,0.004650408262585781,7.876984126984127e-05,0.0,0.0,0.0037360805783225935,0.0037360805783225935,125968.81153403703,-0.010867855371000101
2019-06-27,PANIC_STABILIZING_1,3,True,1.0,35.59465004882694,52.43333507609373,46.723596285267654,50.84469560911964,57.81746031746031,0.8,0.8,0.0038215189192098986,7.996031746031745e-05,0.0,0.0,0.0030732071988599824,0.0030732071988599824,126355.93979247526,-0.00782804734350262
2019-06-28,PANIC_STABILIZING_2,3,True,1.0,31.056838813221592,60.61675297559476,47.80374194621683,48.51272822269681,58.379629629629626,0.8,0.8,0.0012868632707774275,7.956349206349207e-05,0.0,0.0,0.0010454033150346404,0.0010454033150346404,126488.03271080863,-0.0067908274951110625
2019-07-01,PANIC_STABILIZING_2,3,True,1.0,23.040596260380955,67.73344952546816,50.99656873781934,44.62322968248542,57.30158730158729,0.8,0.8,0.013494698511299141,7.876984126984127e-05,0.0,0.0,0.010811512777293282,0.010811512777293282,127855.55969263622,0.0
2019-07-02,RECOVERY_RETESTED,3,True,1.0,18.177209744204593,70.76403628678862,57.10630467643227,40.575400343444834,55.72751322751322,0.8,0.8,0.003962802493923778,8.234126984126983e-05,0.0,0.0,0.0031867102491072766,0.0031867102491072766,128262.99831511409,0.0
2019-07-03,RECOVERY_RETESTED,3,True,1.0,14.668883434329613,73.47230680991316,64.18848122989,33.60432221905338,52.070105820105816,0.8,0.8,0.00752591968843741,8.194444444444445e-05,0.0,0.0,0.006037124639638817,0.006037124639638817,129037.33802259623,0.0
2019-07-05,RECOVERY_RETESTED,3,True,1.0,15.355110600207839,71.32491408432416,65.95550557053349,33.55619553781104,51.17724867724868,0.8,0.8,-0.002037191809444172,8.234126984126983e-05,0.0,0.0,-0.0016132851935870838,-0.0016132851935870838,128829.16399574449,-0.0016132851935870551
2019-07-08,RECOVERY_RETESTED,3,True,1.0,15.252736825019355,67.11580917824641,61.934641859864264,38.92357159379756,57.92989417989418,0.8,0.8,-0.007013870714472681,8.313492063492064e-05,0.0,0.0,-0.005594469587451161,-0.005594469587451161,128108.43315579355,-0.007198729306086671
2019-07-09,PANIC_STABILIZING_2,3,True,1.0,16.150434966923417,60.20422227410412,57.9911222655723,44.98804898333102,64.62962962962962,0.8,0.8,0.005007643244952842,8.432539682539682e-05,0.0,0.0,0.0040229796753273525,0.0040229796753273525,128623.81077861734,-0.0032047099724459294
2019-07-10,PANIC_STABILIZING_2,3,True,1.0,16.413985545746964,57.603038763643816,59.245962568025334,44.85203616273745,66.05820105820105,0.8,0.8,0.009965383405014183,8.432539682539682e-05,0.0,0.0,0.007989171803376428,0.007989171803376428,129651.40850093268,0.0
2019-07-11,PANIC_STABILIZING_2,3,True,1.0,17.018548779334033,57.20589010587552,63.24367245786916,45.83282097545324,62.691798941798936,0.8,0.8,-0.0007270461154965657,8.194444444444445e-05,0.0,0.0,-0.0005652480035083637,-0.0005652480035083637,129578.12330112548,-0.0005652480035083229
2019-07-12,PANIC_STABILIZING_2,3,True,1.0,16.686309908265667,60.290057293190614,67.55532393480915,44.07652985884939,58.161375661375665,0.8,0.8,0.005768631119426271,8.075396825396826e-05,0.0,0.0,0.004631055689191811,0.004631055689191811,130178.20680623395,0.0
2019-07-15,GREED_EXHAUSTING,3,False,0.0,16.052995968820074,62.42999125336784,68.38702078482127,42.75220602687609,58.31349206349207,0.35,0.8,0.0032036376789128518,7.956349206349207e-05,0.0,0.0,0.00257882284154298,0.00257882284154298,130513.91333941695,0.0
2019-07-16,GREED_EXHAUSTING,0,False,0.0,13.51122688512266,64.96327283389121,67.16149779357517,40.650446584402886,58.386243386243386,0.35,0.35,-0.005150656708730383,8.035714285714285e-05,0.45000000000000007,0.00022500000000000005,-0.0017504977051984911,-0.0019754977051984913,130256.08340311848,-0.001975497705198337
2019-07-17,GREED_EXHAUSTING,0,False,0.0,16.633248364524544,57.024741914357385,61.23392520951097,45.748757387903304,65.25132275132275,0.35,0.35,-0.004918457157649603,7.996031746031745e-05,0.0,0.0,-0.0016694857988281545,-0.0016694857988281545,130038.62272166598,-0.0036416854386621678
2019-07-18,NORMAL_PARTICIPATION,0,False,0.0,18.00030284678142,52.08739876075921,56.18271617924256,50.73432334303225,68.87566137566138,0.35,0.35,0.0011446409989595008,7.956349206349207e-05,0.0,0.0,0.00045234061947709513,0.00045234061947709513,130097.44447282386,-0.003190992101432255
2019-07-19,NORMAL_PARTICIPATION,0,False,0.0,24.05174398802197,41.676787471937445,50.29771913143432,57.556919237609286,73.03571428571428,0.35,0.35,-0.007327720611163047,7.599206349206348e-05,0.0,0.0,-0.0025153073726372245,-0.0025153073726372245,129770.20941158009,-0.005698273148110777
2019-07-22,NORMAL_PARTICIPATION,0,False,0.0,24.059815639092083,43.49698752809952,51.330293570642446,60.22399434647008,69.38492063492062,0.35,0.35,0.007957698549814207,7.638888888888889e-05,0.0,0.0,0.0028348472702127503,0.0028348472702127503,130138.08813548542,-0.0028795796119770456
2019-07-23,NORMAL_PARTICIPATION,0,False,0.0,20.275472891196443,46.582154267429246,51.95485453634111,59.51732835238488,64.64285714285714,0.35,0.35,0.006544434633563467,7.757936507936506e-05,0.0,0.0,0.0023409787090488006,0.0023409787090488006,130442.7386290469,-0.0005453419374910062
2019-07-24,NORMAL_PARTICIPATION,0,False,0.0,12.723713202028144,60.146676062516015,58.67315858276026,49.14952992212593,59.11375661375661,0.35,0.35,0.007017905980700734,7.638888888888889e-05,0.0,0.0,0.0025059198710230346,0.0025059198710230346,130769.6176798081,0.0
2019-07-25,NORMAL_PARTICIPATION,0,False,0.0,5.646804570912894,64.44512174853507,58.43503709621984,47.82433670367171,56.779100529100525,0.35,0.35,-0.009479887266205411,7.797619047619048e-05,0.0,0.0,-0.0032672760193623697,-0.0032672760193623697,130342.35724390169,-0.003267276019362275
2019-07-26,GREED_EXHAUSTING,0,False,0.0,6.595353452105317,64.98553236049283,61.207733288447606,44.90753490905369,55.476190476190474,0.35,0.35,0.010294878427314913,7.797619047619048e-05,0.0,0.0,0.003653891973369743,0.003653891973369743,130818.61413682527,0.0
2019-07-29,NORMAL_PARTICIPATION,0,False,0.0,9.090711809794776,56.85530496760632,59.38318638536751,51.011359497239646,56.21693121693121,0.35,0.35,-0.0034307952276101394,7.876984126984127e-05,0.0,0.0,-0.0011495779328381517,-0.0011495779328381517,130668.22794480913,-0.0011495779328379863
2019-07-30,NORMAL_PARTICIPATION,0,False,0.0,14.77801724999546,52.535573176337685,57.894518844627136,50.55817511413726,61.402116402116405,0.35,0.35,-0.004316103175418751,7.876984126984127e-05,0.0,0.0,-0.0014594357145711657,-0.0014594357145711657,130477.52606618675,-0.002607335912317321
2019-07-31,NORMAL_PARTICIPATION,0,False,0.0,21.394416843175517,40.66755731465029,48.01116694362583,61.3790427710132,71.1574074074074,0.35,0.35,-0.013830116627102984,7.718253968253967e-05,0.0,0.0,-0.004790372168692394,-0.004790372168692394,129852.49015667946,-0.007385217971620839
2019-08-01,RISK_WARNING,0,False,0.0,34.05012156640295,29.39236568095833,39.140732748512654,69.37463632173417,81.23015873015873,0.35,0.35,-0.004971219256933446,7.718253968253967e-05,0.0,0.0,-0.001689758089133055,-0.001689758089133055,129633.07086104315,-0.00906249682894622
2019-08-02,RISK_WARNING,0,False,0.0,46.73862823809491,18.61438150699847,31.75183976515626,78.49771358340466,86.12433862433862,0.35,0.35,-0.01472521693399953,7.678571428571428e-05,0.0,0.0,-0.005103915212614121,-0.005103915212614121,128971.43465861758,-0.014120157826130852
2019-08-05,NORMAL_PARTICIPATION,0,False,0.0,58.908165597884384,14.26549686037633,25.392567145014592,82.48383680921852,91.85846560846561,0.35,0.35,-0.035334934614358215,7.638888888888889e-05,0.0,0.0,-0.012317574337247597,-0.012317574337247597,127382.81942482859,-0.026263806069701467
2019-08-06,PANIC_ACCELERATING,4,True,0.0,63.782479541788526,16.00347866870581,21.686049297525443,84.42240860536721,89.94047619047619,0.35,0.35,0.013998782714546465,7.599206349206348e-05,0.0,0.0,0.004948968791361104,0.004948968791361104,128013.23302271766,-0.021444816034921654
2019-08-07,PANIC_ACCELERATING,4,True,0.0,63.65117354105447,20.14168446910081,19.36787817423879,82.67850310025581,87.25529100529099,0.35,0.35,0.005402160864345751,7.599206349206348e-05,0.0,0.0,0.001940151143790854,0.001940151143790854,128261.59804318704,-0.01954627107548934
2019-08-08,PANIC_ACCELERATING,4,True,0.0,56.17285241387386,28.241676489122643,24.30247478359828,77.68798316882946,74.06746031746032,0.35,0.35,0.02176390773405701,7.480158730158729e-05,0.0,0.0,0.007665988738665984,0.007665988738665984,129244.85000938944,-0.012030123830770845
2019-08-09,PANIC_ACCELERATING,4,True,0.0,52.11005664097217,31.918426903581217,26.5232005632454,75.43355092760675,66.36243386243385,0.35,0.35,-0.009401891001805884,7.480158730158729e-05,0.0,0.0,-0.003242040818886028,-0.003242040818886028,128825.83293002818,-0.01523316249714135
2019-08-12,PANIC_ACCELERATING,4,True,0.0,51.41585126377396,34.76016792373738,28.288680647446494,72.67082881232393,66.005291005291,0.35,0.35,-0.011475146120435542,7.40079365079365e-05,0.0,0.0,-0.003968195983422281,-0.003968195983422281,128314.62677723423,-0.019140910306327585
2019-08-13,PANIC_STABILIZING_1,4,True,0.15,53.426498972526396,36.31349347018428,30.330242654750606,69.75464900398771,64.29894179894178,0.4175,0.35,0.02191483590995391,7.40079365079365e-05,0.0,0.0,0.0077182977272140275,0.0077182977272140275,129304.99726945728,-0.011570347823627536
2019-08-14,PANIC_ACCELERATING,4,True,0.15,58.57978018660544,28.911084597007456,28.93886386249018,69.94912936583114,66.41534391534391,0.36,0.4175,-0.029884813418971312,7.40079365079365e-05,0.0675,3.375e-05,-0.01243379997940465,-0.01246754997940465,127692.88075341354,-0.023893643913261986
2019-08-15,PANIC_ACCELERATING,4,True,0.15,64.02167652949561,20.29808721285104,28.757784894178474,74.86467666177332,59.12698412698412,0.36,0.36,-0.0011490479317136648,7.242063492063492e-05,0.057499999999999996,2.8749999999999997e-05,-0.000367308049067713,-0.000396058049067713,127642.30696018251,-0.02428023869233631
2019-08-16,PANIC_ACCELERATING,4,True,0.15,65.58576943935732,17.215141555264218,27.39144922904553,78.41098051493121,57.14947089947089,0.36,0.36,0.016050397151465168,7.043650793650793e-05,0.0,0.0,0.005823222339606826,0.005823222339606826,128385.59649355199,-0.018598405581093824
2019-08-19,PANIC_ACCELERATING,4,True,0.15,57.76771679537142,32.66531625689009,33.347975701191594,71.13298094349217,48.88227513227512,0.36,0.36,0.015904679749838335,6.884920634920635e-05,0.0,0.0,0.005769748202005293,0.005769748202005293,129126.34905808404,-0.01293596549625009
2019-08-20,PANIC_STABILIZING_1,4,True,0.15,51.491504738868734,43.90688224719862,37.24132365528713,65.52139230866287,44.47751322751322,0.4175,0.36,-0.007748235418988503,7.162698412698412e-05,0.0,0.0,-0.002743523480994591,-0.002743523480994591,128772.08788742809,-0.015643998852156393
2019-08-21,PANIC_STABILIZING_1,4,True,0.15,47.96841051709658,52.09333433752187,40.568129220252914,57.77995434760728,42.58597883597883,0.4175,0.4175,0.008878429694603396,7.162698412698412e-05,0.057499999999999996,2.8749999999999997e-05,0.0037484671157508856,0.0037197171157508854,129251.08362677394,-0.011982472986694637
2019-08-22,PANIC_STABILIZING_1,4,True,0.15,48.30181075110146,52.319791706614375,40.00990143684039,54.72868992709431,43.08862433862433,0.4175,0.4175,-0.003233844033292632,7.281746031746031e-05,0.0,0.0,-0.001307713713264753,-0.001307713713264753,129082.06021226087,-0.013274517055715918
2019-08-23,PANIC_STABILIZING_1,4,True,0.15,53.039832943736975,43.953097840252696,36.757946569508945,54.41952056995291,44.55026455026454,0.4175,0.4175,-0.03164556962025322,7.40079365079365e-05,0.0,0.0,-0.013168915693439847,-0.013168915693439847,127382.18944379009,-0.02626862175317779
2019-08-26,PANIC_STABILIZING_1,4,True,0.15,60.686329313545855,34.190518008274104,33.40827736940722,60.710911619372474,46.87169312169311,0.4175,0.4175,0.015104080848025392,7.281746031746031e-05,0.0,0.0,0.006348369924685521,0.006348369924685521,128190.85870419565,-0.020087014756793087
2019-08-27,PANIC_ACCELERATING,4,True,0.15,67.57416030144707,23.859475941271356,30.754739460177387,68.26668316850116,48.69047619047618,0.36,0.4175,-0.00211016123796115,7.440476190476188e-05,0.0,0.0,-0.0008376515430392563,-0.0008376515430392563,128083.47943359855,-0.02090784038092619
2019-08-28,PANIC_ACCELERATING,4,True,0.15,67.29267383007601,28.978626474155103,33.362640113175665,68.50141532807946,48.04894179894179,0.36,0.36,0.0035785935043106676,7.321428571428571e-05,0.057499999999999996,2.8749999999999997e-05,0.001335150804408983,0.001306400804408983,128250.80779416212,-0.01962875359600924
2019-08-29,PANIC_ACCELERATING,4,True,0.15,62.12833581202822,34.99081110353376,37.56611751675174,63.98615718551019,46.51455026455025,0.36,0.36,0.015289858987519445,7.361111111111111e-05,0.0,0.0,0.005551460346618111,0.005551460346618111,128962.78706805313,-0.014186261496633046
2019-08-30,PANIC_STABILIZING_1,4,True,0.15,56.8338787241801,44.38914247408014,41.84099043912794,54.96779821206544,45.31084656084655,0.4175,0.36,-0.002394636015325635,7.361111111111111e-05,0.0,0.0,-0.0008149578544061175,-0.0008149578544061175,128857.68783180592,-0.014989658145807883
2019-09-03,PANIC_STABILIZING_1,4,True,0.15,52.90992066223283,47.836273754220976,43.58153760827835,50.41522018627609,46.68650793650793,0.4175,0.4175,-0.009708219981863775,7.361111111111111e-05,0.057499999999999996,2.8749999999999997e-05,-0.004010303370205904,-0.004039053370205904,128337.22475349192,-0.018968167486761778
2019-09-04,PANIC_STABILIZING_1,4,True,0.15,50.59425927764567,52.54922297460269,44.467917591914436,42.90196181609292,47.89021164021164,0.4175,0.4175,0.014435766226770896,7.321428571428571e-05,0.0,0.0,0.0060695797211054205,0.0060695797211054205,129116.17777031867,-0.013013716570380418
2019-09-05,PANIC_STABILIZING_2,4,True,0.4,43.237994451560375,59.573736837009534,48.90641722427903,36.24026466805538,46.150793650793645,0.53,0.4175,0.01831890829926186,7.281746031746031e-05,0.0,0.0,0.007690560385576747,0.007690560385576747,130109.15353221617,-0.005423238957928955
2019-09-06,RECOVERY_RETESTED,4,True,1.0,32.33425047499984,70.27734139317893,53.819531102771386,27.55868033804659,41.57407407407407,0.8,0.53,-0.0009907185316508915,7.281746031746031e-05,0.11250000000000004,5.6250000000000026e-05,-0.0004908566154257661,-0.0005471066154257661,130037.96995359125,-0.005967378483443753
2019-09-09,RECOVERY_RETESTED,4,True,1.0,22.85478776914481,77.78698293722351,53.70550732200778,26.44212077545866,39.47089947089947,0.8,0.8,-0.002087791638394565,7.242063492063492e-05,0.27,0.000135,-0.0016557491837315252,-0.0017907491837315251,129805.10456504275,-0.00774744158902696
2019-09-10,RECOVERY_RETESTED,4,True,1.0,17.63588555659394,82.17177102080457,48.34210055752096,27.48570919363806,39.74206349206349,0.8,0.8,-0.0028767194936973883,7.242063492063492e-05,0.0,0.0,-0.0022868914679737835,-0.0022868914679737835,129508.25437891351,-0.01001661549893229
2019-09-11,RECOVERY_RETESTED,4,True,1.0,12.88074939317197,87.3689540907473,45.93570289707363,22.32997246487362,40.06613756613756,0.8,0.8,0.009389425094418868,7.202380952380952e-05,0.0,0.0,0.007525944837439857,0.007525944837439857,130482.92635736233,-0.002566055157195324
2019-09-12,RECOVERY_RETESTED,4,True,1.0,10.234372845456306,88.31649982377303,48.32301534244732,21.49831972291807,39.87433862433861,0.8,0.8,0.0041573559216336875,7.242063492063492e-05,0.0,0.0,0.0033403688642910773,0.0033403688642910773,130918.78746188806,0.0
2019-09-13,RECOVERY_RETESTED,4,True,1.0,7.878552739636201,85.96260688792772,51.31409889334585,24.63013607780877,39.79497354497354,0.8,0.8,-0.003570874087874487,7.202380952380952e-05,0.0,0.0,-0.002842294508394828,-0.002842294508394828,130546.67771123942,-0.0028422945083949047
2019-09-16,RECOVERY_RETESTED,4,True,1.0,8.804743215826678,81.08961685480978,49.261843163662284,32.67255725938852,43.28703703703703,0.8,0.8,-0.004466604341954894,7.242063492063492e-05,0.0,0.0,-0.0035587993465797884,-0.0035587993465797884,130082.08827990251,-0.006390978699135297
2019-09-17,RECOVERY_RETESTED,4,True,1.0,8.735931724287912,77.55183122488447,45.758273369584344,34.94564252104302,46.24338624338623,0.8,0.8,0.004799666110183676,7.361111111111111e-05,0.0,0.0,0.003854455110369163,0.003854455110369163,130583.48384984047,-0.0025611573292733114
2019-09-18,RECOVERY_RETESTED,4,True,1.0,9.019794158150345,73.61266074440502,43.81855259197132,37.8898023953515,47.77116402116402,0.8,0.8,-0.0004153686396676237,7.361111111111111e-05,0.0,0.0,-0.00031757268951187675,-0.00031757268951187675,130542.01410166846,-0.0028779166651636823
2019-09-19,RECOVERY_RETESTED,4,True,1.0,7.702263269826024,70.21190491208945,45.20889409000086,39.14535006206077,45.27777777777777,0.8,0.8,0.0016621649698731478,7.202380952380952e-05,0.0,0.0,0.0013441367378032802,0.0013441367378032802,130717.48041864934,-0.001537648240878542
2019-09-20,NORMAL_PARTICIPATION,4,False,0.0,11.123691841254598,61.44232097632545,42.16015279513127,46.52404431118839,46.79894179894179,0.35,0.8,-0.010578718108276264,7.123015873015872e-05,0.0,0.0,-0.008448728454874979,-0.008448728454874979,129613.08392228674,-0.009973385523307177
2019-09-23,RANGE_CARRY,0,False,0.0,12.910464328027082,53.864790741606505,40.02843621941282,52.36334563423259,55.34391534391534,0.35,0.35,0.00044103773584902584,7.043650793650793e-05,0.45000000000000007,0.00022500000000000005,0.00020014693770588918,-2.485306229411087e-05,129609.86264023789,-0.009997990716429594
2019-09-24,RANGE_CARRY,0,False,0.0,21.81609045444664,43.808046049010386,33.930437403064595,62.68587836985598,68.99470899470899,0.35,0.35,-0.013280839895013163,7.162698412698412e-05,0.0,0.0,-0.004601736423572067,-0.004601736423572067,129013.43221447212,-0.014553719021959344
2019-09-25,RANGE_CARRY,0,False,0.0,23.031698920055106,45.102369269296254,33.71381854808425,64.83356109485453,75.03306878306877,0.35,0.35,0.011225195509921848,7.083333333333332e-05,0.0,0.0,0.003974860095139313,0.003974860095139313,129526.24255791838,-0.010636707923796451
2019-09-26,RANGE_CARRY,0,False,0.0,28.04262312065322,47.20433175586735,31.430897334304433,65.7865852014091,75.46957671957671,0.35,0.35,-0.0036826599326600373,6.964285714285715e-05,0.0,0.0,-0.0012436631192881558,-0.0012436631192881558,129365.15554706914,-0.011867142561728938
2019-09-27,RANGE_CARRY,0,False,0.0,29.895803108161562,46.714864476895364,30.211625815099506,65.59446082045771,75.89285714285712,0.35,0.35,-0.012408913296018564,6.726190476190477e-05,0.0,0.0,-0.00429939941551126,-0.00429939941551126,128808.96307292253,-0.016115520391446703
2019-09-30,RISK_WARNING,0,False,0.0,32.48966038006762,46.483287333218264,28.03445281183203,64.58741477227649,77.77116402116401,0.35,0.35,0.009517189755654076,6.607142857142857e-05,0.0,0.0,0.003373962843050355,0.003373962843050355,129243.5597281824,-0.012795930715393644
2019-10-01,RISK_WARNING,0,False,0.0,35.606754880559926,43.36520719273167,24.806311029560117,65.37095748669948,82.82407407407406,0.35,0.35,-0.008156347651077756,6.924603174603173e-05,0.0,0.0,-0.0028097117572422935,-0.0028097117572422935,128880.42257886627,-0.015569689595660074
2019-10-02,RISK_WARNING,0,False,0.0,40.1707206101973,39.84919832510153,22.51462585560526,67.44407912125688,85.68121693121691,0.35,0.35,-0.017194425161531468,6.686507936507937e-05,0.0,0.0,-0.005974586504948712,-0.005974586504948712,128110.41534537448,-0.02145125364326439
2019-10-03,RISK_WARNING,0,False,0.0,47.13700403649586,32.94895893338829,19.958307984843234,70.83974055952162,90.2116402116402,0.35,0.35,0.010975278456941018,6.567460317460317e-05,0.0,0.0,0.003884035951992848,0.003884035951992848,128608.00080440067,-0.01765053513163717
2019-10-04,RISK_WARNING,0,False,0.0,44.972016399157575,33.502317789453905,22.735486281937867,67.20774390116863,86.48809523809523,0.35,0.35,0.01472564088783801,6.210317460317461e-05,0.0,0.0,0.0051943413742353665,0.0051943413742353665,129276.03466403668,-0.012547876662313273
2019-10-07,RISK_WARNING,0,False,0.0,42.99105289713902,36.28660244087288,27.271913804436917,64.07976795880815,83.94179894179894,0.35,0.35,-0.0030189078968274607,6.25e-05,0.0,0.0,-0.0010159927638896111,-0.0010159927638896111,129144.69114827368,-0.013551120874311873
2019-10-08,RISK_WARNING,0,False,0.0,46.10282252792143,32.801063863032084,29.048321696803615,68.25315461299853,83.66402116402115,0.35,0.35,-0.01498087547811311,6.40873015873016e-05,0.0,0.0,-0.005201649671307842,-0.005201649671307842,128472.9257080111,-0.01868228236217795
2019-10-09,RANGE_CARRY,0,False,0.0,51.77993823084828,29.650473224526234,28.891216020812905,69.07910231504526,85.6679894179894,0.35,0.35,0.009761622262970615,6.28968253968254e-05,0.0,0.0,0.003457450728547652,0.003457450728547652,128917.1145185989,-0.015289424704394428
2019-10-10,RANGE_CARRY,0,False,0.0,50.4313474273989,32.79893245056552,30.52185746123097,63.27928452944476,82.71164021164019,0.35,0.35,0.007744485392298328,6.17063492063492e-05,0.0,0.0,0.002750679014288542,0.002750679014288542,129271.72412008785,-0.012580801989780843
2019-10-11,RISK_WARNING,0,False,0.0,38.822830918821104,44.47728533714555,36.13021306095212,49.68081496223374,73.20767195767193,0.35,0.35,0.01287894848420601,6.13095238095238e-05,0.0,0.0,0.004547483159948294,0.004547483159948294,129859.58510858145,-0.008090529815019565
2019-10-14,RISK_WARNING,0,False,0.0,32.12115684165594,51.87041805260153,41.440226797392285,44.28094749694592,64.02777777777777,0.35,0.35,-0.0001046517712313122,6.13095238095238e-05,0.0,0.0,3.2230705452312094e-06,3.2230705452312094e-06,129860.00365518522,-0.008087332820822635
2019-10-15,NORMAL_PARTICIPATION,0,False,0.0,24.484203654681792,61.96301961712584,48.65395869057212,35.36080162139834,51.77248677248676,0.35,0.35,0.012716521011042037,6.13095238095238e-05,0.0,0.0,0.004490633544340903,0.004490633544340903,130443.15734366742,-0.003633016524531296
2019-10-16,NORMAL_PARTICIPATION,0,False,0.0,23.0647552028081,66.46857457594326,52.14286161763593,33.567083475730314,46.07804232804232,0.35,0.35,-0.0024803637866888106,6.091269841269841e-05,0.0,0.0,-0.0008285340713728296,-0.0008285340713728296,130335.08074343074,-0.004458540517931708
2019-10-17,NORMAL_PARTICIPATION,0,False,0.0,19.453162563568835,71.32953025041752,54.58753464012678,28.186308220011608,41.56084656084655,0.35,0.35,0.0026419394944054986,6.051587301587301e-05,0.0,0.0,0.0009640141405022418,0.0009640141405022418,130460.7256042709,-0.0034988244735347784
2019-10-18,NORMAL_PARTICIPATION,0,False,0.0,17.823019497096197,67.13116315828718,50.51083442620553,35.77401639800812,43.82936507936506,0.35,0.35,-0.009609919917334064,6.051587301587301e-05,0.0,0.0,-0.003324136653606605,-0.003324136653606605,130027.05632443364,-0.006811330556464323
2019-10-21,NORMAL_PARTICIPATION,0,False,0.0,13.374500394568926,67.46084264484772,49.35538521402785,33.91190524929693,42.69179894179893,0.35,0.35,0.008868485575668883,6.051587301587301e-05,0.0,0.0,0.003143305268944426,0.003143305268944426,130435.77105568355,-0.003689435378746664
2019-10-22,RANGE_CARRY,0,False,0.0,12.75079494746898,64.69425168646724,45.48158628739913,40.772927989461635,46.09788359788359,0.35,0.35,-0.00796318320492262,6.091269841269841e-05,0.0,0.0,-0.0027475208677546627,-0.0027475208677546627,130077.39605280639,-0.00642681944580803
2019-10-23,RANGE_CARRY,0,False,0.0,10.78744264638083,66.75435965079909,44.72757690410651,37.90924013414178,47.18253968253967,0.35,0.35,0.001928590044305567,6.011904761904762e-05,0.0,0.0,0.0007140838964593294,0.0007140838964593294,130170.28222662109,-0.005717324837620219
2019-10-24,RANGE_CARRY,0,False,0.0,10.078788867145056,66.32913953209311,44.93832392951483,38.77422991382333,48.30026455026454,0.35,0.35,0.009728436166892118,6.011904761904762e-05,0.0,0.0,0.003444030039364622,0.003444030039364622,130618.59258884212,-0.0022929854367412794
2019-10-25,RANGE_CARRY,0,False,0.0,6.355177756033945,70.60626944892614,50.8859331719381,31.69137619305432,42.096560846560834,0.35,0.35,0.00798598588283772,6.091269841269841e-05,0.0,0.0,0.002834688312961456,0.002834688312961456,130988.85558670918,0.0
2019-10-28,RANGE_CARRY,0,False,0.0,6.444023398942616,73.19249915087977,58.69817684006014,28.506170819794146,39.04100529100528,0.35,0.35,0.009865058270292382,6.051587301587301e-05,0.0,0.0,0.0034921057120626507,0.0034921057120626507,131446.2825175201,0.0
2019-10-29,GREED_TREND,0,False,0.0,6.710868872309828,73.24260100390994,61.66692505954156,32.37061854219735,40.41666666666665,0.35,0.35,-0.007744090702029638,6.011904761904762e-05,0.0,0.0,-0.002671354364757992,-0.002671354364757992,131095.1429169857,-0.0026713543647580718
2019-10-30,GREED_TREND,0,False,0.0,6.238281153011582,70.96614953611758,63.67171577102323,36.763179586631246,45.44973544973544,0.35,0.35,0.004845949806162153,5.932539682539682e-05,0.0,0.0,0.0017346439400932614,0.0017346439400932614,131322.54631222232,-0.000941344273325484
2019-10-31,GREED_EXHAUSTING,0,False,0.0,6.075963150772393,67.58408270524683,63.03263884822585,41.27016362493449,50.8201058201058,0.35,0.35,0.0004568759835523739,5.8928571428571435e-05,0.0,0.0,0.0001982101656719023,0.0001982101656719023,131348.5757758833,-0.0007433206916579449
2019-11-01,GREED_TREND,0,False,0.0,5.643003025070056,68.82023394119928,66.88951624204914,37.32022959687464,50.44973544973544,0.35,0.35,0.00908260604830513,5.5753968253968254e-05,0.0,0.0,0.0032151521962718753,0.0032151521962718753,131770.8814377663,0.0
2019-11-04,GREED_TREND,0,False,0.0,5.594757411034969,72.40028205289316,67.61111733930103,33.499413105023216,51.19708994708993,0.35,0.35,0.006184944938904868,5.4960317460317456e-05,0.0,0.0,0.00220045493496591,0.00220045493496591,132060.83732411082,0.0
2019-11-05,GREED_TREND,0,False,0.0,3.7031504052861215,78.34490855069164,68.3235353693507,28.52627028010363,54.16666666666665,0.35,0.35,0.000549725137431345,5.535714285714286e-05,0.0,0.0,0.0002283859409581136,0.0002283859409581136,132090.99816270682,0.0
2019-11-06,GREED_TREND,0,False,0.0,3.0319634703196585,79.77896001363584,66.29510257373202,29.78436646000016,58.3201058201058,0.35,0.35,-0.0022476399780231304,5.654761904761905e-05,0.0,0.0,-0.0007499180399271432,-0.0007499180399271432,131991.9407402726,-0.0007499180399272998
2019-11-07,GREED_TREND,0,False,0.0,3.0319634703196585,78.71766333320411,65.04274114580183,28.768557543740993,62.1164021164021,0.35,0.35,0.003354024829795854,5.654761904761905e-05,0.0,0.0,0.0012106646428095013,0.0012106646428095013,132151.73871606268,0.0
2019-11-08,GREED_TREND,0,False,0.0,2.899688338044527,75.04972162794861,65.90326285227994,29.31025131436391,60.2116402116402,0.35,0.35,0.003991418450331796,5.654761904761905e-05,0.0,0.0,0.001433752409997081,0.001433752409997081,132341.21158993212,0.0
2019-11-11,GREED_TREND,0,False,0.0,3.0279952163514054,69.60882873888808,65.58893405601854,33.21369897575114,59.62301587301585,0.35,0.35,-0.0013417482482730447,5.615079365079365e-05,0.0,0.0,-0.0004331138710225497,-0.0004331138710225497,132283.8927754846,-0.00043311387102251686
2019-11-12,GREED_TREND,0,False,0.0,3.0279952163514054,64.4631188824559,66.77179589448023,38.53646483795385,58.79629629629628,0.35,0.35,0.0028861464968152895,5.615079365079365e-05,0.0,0.0,0.001046649289758367,0.001046649289758367,132422.3476179045,0.0
2019-11-13,GREED_EXHAUSTING,0,False,0.0,2.9936036819598706,60.51560807441445,65.52365340016327,43.021396794701964,60.112433862433846,0.35,0.35,0.00024808970923895224,5.773809523809524e-05,0.0,0.0,0.0001243611601383952,0.0001243611601383952,132438.81581468254,0.0
2019-11-14,GREED_EXHAUSTING,0,False,0.0,3.0099641983203873,58.886955864971874,65.32486844766093,43.859500463573035,60.75396825396823,0.35,0.35,-0.0007936901632025206,5.694444444444445e-05,0.0,0.0,-0.0002407776682319933,-0.0002407776682319933,132406.92750542727,-0.0002407776682320506
2019-11-15,GREED_EXHAUSTING,0,False,0.0,3.1572034621240683,58.998095559089386,66.20966510203395,45.12434204362518,57.36111111111111,0.35,0.35,0.007347465620811233,5.694444444444445e-05,0.0,0.0,0.0026086268561728203,0.0026086268561728203,132752.32777246129,0.0
2019-11-18,GREED_EXHAUSTING,0,False,0.0,4.5848995405554405,58.639973119183004,68.0197077204645,45.22866831045352,54.23280423280422,0.35,0.35,0.0007885269331231459,5.694444444444445e-05,0.0,0.0,0.00031299831548198997,0.00031299831548198997,132793.87902743038,0.0
2019-11-19,GREED_EXHAUSTING,0,False,0.0,7.324769069592658,56.54647003463675,71.3971049266013,44.69456772719668,54.4642857142857,0.35,0.35,0.0014773230905600343,5.694444444444445e-05,0.0,0.0,0.0005540769705849008,0.0005540769705849008,132867.4570576341,0.0
2019-11-20,GREED_EXHAUSTING,0,False,0.0,10.619124998606663,50.54110738781126,71.1183284939984,51.31509012546943,58.64417989417988,0.35,0.35,-0.0059989182278605835,5.694444444444445e-05,0.0,0.0,-0.002062607490862315,-0.002062607490862315,132593.4036454152,-0.0020626074908622893
2019-11-21,GREED_EXHAUSTING,0,False,0.0,12.965034943781314,44.78747828872695,69.42554330451573,58.678519716864876,62.69841269841269,0.35,0.35,-0.0022260697501855775,5.694444444444445e-05,0.0,0.0,-0.0007421105236760633,-0.0007421105236760633,132495.00468519994,-0.002803187331813062
2019-11-22,GREED_EXHAUSTING,0,False,0.0,14.843241599893455,40.455428638041276,66.9003027651116,64.3708952002524,63.61111111111111,0.35,0.35,0.0006445215666832649,5.7341269841269845e-05,0.0,0.0,0.0002628543737359681,0.0002628543737359681,132529.8315766796,-0.0025410697881277367
2019-11-25,GREED_EXHAUSTING,0,False,0.0,13.225878373512364,44.004725226467286,67.4583976306305,57.860359068121376,62.17592592592592,0.35,0.35,0.011841648912451097,5.7341269841269845e-05,0.0,0.0,0.0041818489447547095,0.0041818489447547095,133084.05131300705,0.0
2019-11-26,GREED_EXHAUSTING,0,False,0.0,11.802231798405934,49.03113501130261,70.63777418279187,51.472789604869796,59.00132275132273,0.35,0.35,0.001909705219861113,5.853174603174603e-05,0.0,0.0,0.0007064424618720245,0.0007064424618720245,133178.06753785253,0.0
2019-11-27,GREED_EXHAUSTING,0,False,0.0,7.719925642647506,57.842538149682476,73.84128578711254,42.117806815831585,56.984126984126966,0.35,0.35,0.00698890572308275,5.8134920634920636e-05,0.0,0.0,0.0024839047014916607,0.0024839047014916607,133508.8691659454,0.0
2019-11-29,GREED_EXHAUSTING,0,False,0.0,5.895693676210911,59.6648817855587,72.79872918685417,42.76752763848785,59.351851851851826,0.35,0.35,-0.004562220927975091,5.8928571428571435e-05,0.0,0.0,-0.0015584737533627104,-0.0015584737533627104,133300.79909750912,-0.0015584737533627102
2019-12-02,GREED_EXHAUSTING,0,False,0.0,9.06925515123224,55.70324480951597,65.09260478403964,47.41917600965689,67.32804232804232,0.35,0.35,-0.010238907849829282,5.773809523809524e-05,0.0,0.0,-0.0035460879855354864,-0.0035460879855354864,132828.10273536717,-0.005099035253845696
2019-12-03,NORMAL_PARTICIPATION,0,False,0.0,19.274123977734405,39.83946703342831,54.76971941173097,61.50305548097405,76.42857142857142,0.35,0.35,-0.007832512315270934,5.8134920634920636e-05,0.0,0.0,-0.002703591611932128,-0.002703591611932128,132468.98979098297,-0.0077888411568365346
2019-12-04,NORMAL_PARTICIPATION,0,False,0.0,27.8524302162583,30.55261003842499,48.47325566698654,69.1706686988254,81.96428571428571,0.35,0.35,0.005064296708207294,5.694444444444445e-05,0.0,0.0,0.0018095177367614419,0.0018095177367614419,132708.69477758062,-0.005993417466297224
2019-12-05,NORMAL_PARTICIPATION,0,False,0.0,29.372376051421526,28.69335469710926,48.46850902067143,72.22531075645301,81.6600529100529,0.35,0.35,0.001975991700834845,5.615079365079365e-05,0.0,0.0,0.0007280951111652115,0.0007280951111652115,132805.31932945727,-0.005269686133088536
2019-12-06,NORMAL_PARTICIPATION,0,False,0.0,22.335087916241193,39.74969537344678,55.790241907478126,65.7343446211163,75.49603174603173,0.35,0.35,0.0106986146033623,5.5753968253968254e-05,0.0,0.0,0.003780755190541884,0.003780755190541884,133307.42372984366,-0.0015088543357471007
2019-12-09,NORMAL_PARTICIPATION,0,False,0.0,20.89563563532786,44.403982076830026,58.2476501010323,63.00310215927303,74.93386243386242,0.35,0.35,-0.0045365853658536626,5.535714285714286e-05,0.0,0.0,-0.001551822735191639,-0.001551822735191639,133100.55423892988,-0.0030583355964762804
2019-12-10,NORMAL_PARTICIPATION,0,False,0.0,19.977634223608444,49.32460147592514,59.003882678004686,57.645187319032026,74.54365079365078,0.35,0.35,-0.000833047483706495,5.5753968253968254e-05,0.0,0.0,-0.00025532653993219385,-0.00025532653993219385,133066.570134953,-0.003312881262162559
2019-12-11,NORMAL_PARTICIPATION,0,False,0.0,19.823124901487557,50.64576977210475,55.89951342395539,53.242821036259244,77.32142857142856,0.35,0.35,0.00529671407552712,5.654761904761905e-05,0.0,0.0,0.0018906058788154443,0.0018906058788154443,133318.14657472397,-0.0014285387361371304
2019-12-12,NORMAL_PARTICIPATION,0,False,0.0,14.224120920435832,57.8451718344866,57.854045307932495,42.83738891048395,72.5727513227513,0.35,0.35,0.007464142843204291,5.694444444444445e-05,0.0,0.0,0.002649463884010391,0.002649463884010391,133671.3681891569,0.0
2019-12-13,GREED_TREND,0,False,0.0,11.744472169246313,61.924216898555414,64.70205866625706,37.67104801346115,62.8174603174603,0.35,0.35,0.003292818749697446,5.654761904761905e-05,0.0,0.0,0.0011892425147750584,0.0011892425147750584,133830.3358632156,0.0
2019-12-16,GREED_TREND,0,False,0.0,11.682039607362677,69.00290681556355,73.3450579520403,32.97585345872502,50.29761904761904,0.35,0.35,0.010039094550895467,5.694444444444445e-05,0.0,0.0,0.003550696981702302,0.003550696981702302,134305.52683282533,0.0
2019-12-17,GREED_TREND,0,False,0.0,12.850360809639383,71.93804220881867,79.61013974298567,32.411237569226905,42.149470899470884,0.35,0.35,0.0005734218951591874,5.694444444444445e-05,0.0,0.0,0.00023771155219460448,0.00023771155219460448,134337.45280807707,0.0
2019-12-18,GREED_TREND,0,False,0.0,10.510169738633271,76.56537703254175,80.60907432109042,28.409986649257217,40.58201058201057,0.35,0.35,0.0007641243612399595,5.654761904761905e-05,0.0,0.0,0.0003041994788149382,0.0003041994788149382,134378.3181912066,0.0
2019-12-19,GREED_TREND,0,False,0.0,9.554145918159106,76.69883361806518,81.15178269846045,28.160313050998223,42.6190476190476,0.35,0.35,0.006251491290861333,5.654761904761905e-05,0.0,0.0,0.0022247779041824184,0.0022247779041824184,134677.2801043196,0.0
2019-12-20,GREED_TREND,0,False,0.0,6.8459747393235615,79.35761886103177,81.05496445779299,24.65289402695478,43.57804232804231,0.35,0.35,0.0040311106895569715,5.694444444444445e-05,0.0,0.0,0.001447902630233829,0.001447902630233829,134872.27969241538,0.0
2019-12-23,GREED_TREND,0,False,0.0,8.982121601747172,77.78804679718503,83.3732633014698,25.176192093732414,45.8201058201058,0.35,0.35,0.002634027679372597,5.7341269841269845e-05,0.0,0.0,0.0009591815131772342,0.0009591815131772342,135001.64668973643,0.0
2019-12-24,GREED_TREND,0,False,0.0,8.91706640610608,76.91442517461506,82.81565740540076,24.0296029956985,49.80158730158729,0.35,0.35,0.0005193333648079168,5.773809523809524e-05,0.0,0.0,0.00021929643958753278,0.00021929643958753278,135031.25207019394,0.0
2019-12-26,GREED_TREND,0,False,0.0,12.623565638492778,71.8751112746664,84.77209998890123,28.256585191796134,52.38095238095237,0.35,0.35,0.008824084560211443,5.7341269841269845e-05,0.0,0.0,0.00312570142147083,0.00312570142147083,135453.3194467327,0.0
2019-12-27,GREED_TREND,0,False,0.0,15.137672904466195,67.8553361337719,84.04276719776824,32.927880442923,57.1164021164021,0.35,0.35,-0.0008419477056923474,5.7341269841269845e-05,0.0,0.0,-0.0002574098715954962,-0.0002574098715954962,135418.45242516676,-0.00025740987159528217
2019-12-30,GREED_EXHAUSTING,0,False,0.0,20.015748457644957,60.109856813768126,80.7435225448502,43.06127708005031,64.96031746031744,0.35,0.35,-0.006554000280885708,5.694444444444445e-05,0.0,0.0,-0.0022568862094211085,-0.0022568862094211085,135112.82838738724,-0.0025137151362271126
2019-12-31,GREED_EXHAUSTING,0,False,0.0,19.66787316804679,56.575948486085224,76.82146075954618,48.476274788304245,72.03703703703702,0.35,0.35,0.0018849253098345287,5.694444444444445e-05,0.0,0.0,0.0006967377473309738,0.0006967377473309738,135206.96659507338,-0.0018187287891175963
2020-01-02,GREED_EXHAUSTING,0,False,0.0,18.947333339407308,56.51106038448063,78.42996202751009,48.74906968173358,71.45502645502644,0.35,0.35,0.016697239076242765,5.615079365079365e-05,0.0,0.0,0.005880531692557983,0.005880531692557983,136002.05544719036,0.0
2020-01-03,GREED_EXHAUSTING,0,False,0.0,17.43106705736082,57.25810808460839,79.90947725110772,50.400968666817256,68.72354497354497,0.35,0.35,-0.009159881569207995,5.5753968253968254e-05,0.0,0.0,-0.0031697184698577185,-0.0031697184698577185,135570.96722010078,-0.0031697184698578074
2020-01-06,GREED_EXHAUSTING,0,False,0.0,19.74672889396472,54.95546498296892,81.26069576402567,52.77134836530044,68.44576719576719,0.35,0.35,0.006443178634793156,5.4960317460317456e-05,0.0,0.0,0.002290836728526811,0.002290836728526811,135881.5381711305,-0.0008861430488207311
2020-01-07,GREED_EXHAUSTING,0,False,0.0,17.14968006484749,53.337276377080684,77.29890562770989,55.31604915711612,71.2037037037037,0.35,0.35,-0.00013917238819816102,5.654761904761905e-05,0.0,0.0,-1.195438348840397e-05,-1.195438348840397e-05,135879.9137911142,-0.0008980868390153773
2020-01-08,GREED_EXHAUSTING,0,False,0.0,14.968966050139926,54.17575799123589,77.65507967113633,49.289792451068344,71.51455026455027,0.35,0.35,0.0075163550317820516,5.5753968253968254e-05,0.0,0.0,0.0026669643404887973,0.0026669643404887973,136242.3006757838,0.0
2020-01-09,GREED_EXHAUSTING,0,False,0.0,13.851365191939527,56.12337665089927,79.42159442867626,46.89745879960028,68.26719576719576,0.35,0.35,0.008473405480083018,5.5753968253968254e-05,0.0,0.0,0.003001931997394136,0.003001931997394136,136651.29079758102,0.0
2020-01-10,GREED_EXHAUSTING,0,False,0.0,15.941215741860313,55.90950719920485,81.55184923145741,47.56432869403343,66.22354497354497,0.35,0.35,-0.002557194392438067,5.5753968253968254e-05,0.0,0.0,-0.000858777957988244,-0.000858777957988244,136533.93768111343,-0.000858777957988166
2020-01-13,GREED_EXHAUSTING,0,False,0.0,18.026111672280607,58.316278067670936,84.40666800959782,45.3717148418419,60.9589947089947,0.35,0.35,0.01153687680263693,5.5753968253968254e-05,0.0,0.0,0.004074146960288005,0.004074146960288005,137090.1970082931,0.0
2020-01-14,GREED_EXHAUSTING,0,False,0.0,16.69676725168008,60.414909474113585,83.5473834285922,45.23810089068426,58.73015873015871,0.35,0.35,-0.003937542430413998,5.694444444444445e-05,0.0,0.0,-0.0013411259617560104,-0.0013411259617560104,136906.341785983,-0.0013411259617561733
2020-01-15,GREED_EXHAUSTING,0,False,0.0,15.322503696344006,62.72674601680376,83.26804127871627,41.66446072372697,54.7089947089947,0.35,0.35,0.00040894220283527183,5.694444444444445e-05,0.0,0.0,0.00018014365988123403,0.00018014365988123403,136931.00459545327,-0.0011612238972141808
2020-01-16,GREED_TREND,0,False,0.0,12.06491595254428,64.96958324474501,81.92111626864985,39.82813966593479,51.50132275132274,0.35,0.35,0.009583503656265702,5.694444444444445e-05,0.0,0.0,0.0033912401685818844,0.0033912401685818844,137395.37051856163,0.0
2020-01-17,GREED_TREND,0,False,0.0,13.540575364987703,66.34990748869365,83.65227450646965,34.65703604907687,48.20767195767195,0.35,0.35,0.00494871333453295,5.615079365079365e-05,0.0,0.0,0.0017685476829595484,0.0017685476829595484,137638.3607827416,0.0
2020-01-21,GREED_TREND,0,False,0.0,17.52155122825232,63.98873586960764,84.36130706149207,36.01306337624336,50.43650793650792,0.35,0.35,-0.00044766765153547716,5.654761904761905e-05,0.0,0.0,-0.00011992772565646461,-0.00011992772565646461,137621.85412716985,-0.00011992772565638798
2020-01-22,GREED_TREND,0,False,0.0,22.908667800768637,57.67994897159786,84.82926566899006,39.727487935520514,56.65343915343914,0.35,0.35,0.0026424220709422297,5.654761904761905e-05,0.0,0.0,0.0009616036772107327,0.0009616036772107327,137754.19180816307,0.0
2020-01-23,GREED_EXHAUSTING,0,False,0.0,26.29058463697115,51.96029640046669,83.9057611859112,42.28139474166553,61.712962962962955,0.35,0.35,0.003216152231205527,5.615079365079365e-05,0.0,0.0,0.00116215129679495,0.00116215129679495,137914.28302081188,0.0
2020-01-24,RISK_WARNING,0,False,0.0,32.17656036626599,44.744431295785624,81.35931972903758,49.45960271442451,67.01719576719576,0.35,0.35,-0.008415334609733316,5.615079365079365e-05,0.0,0.0,-0.0029088690975336445,-0.0029088690975336445,137513.10842482414,-0.0029088690975336284
2020-01-27,RISK_WARNING,0,False,0.0,43.909035726336846,32.2192584594714,72.88171411016471,62.970790093137474,74.65608465608464,0.35,0.35,-0.020655590480466945,5.5753968253968254e-05,0.0,0.0,-0.007193216588798351,-0.007193216588798351,136523.9468521255,-0.010081161560884788
2020-01-28,GREED_EXHAUSTING,0,False,0.0,50.901973675803106,25.541071079336714,67.19232739633439,73.83532489669541,78.65740740740739,0.35,0.35,0.015359926639156418,5.615079365079365e-05,0.0,0.0,0.0054124723395777615,0.0054124723395777615,137262.8789381526,-0.0047232532294061436
2020-01-29,GREED_EXHAUSTING,0,False,0.0,53.65351420529938,24.36958291818786,65.22728039735388,75.8561303186191,77.83068783068781,0.35,0.35,0.0016256491307293786,5.694444444444445e-05,0.0,0.0,0.0006059910846441714,0.0006059910846441714,137346.0590190417,-0.00412012439410947
2020-01-30,RISK_WARNING,0,False,0.0,47.50695813763499,31.613103965606516,69.85993058211704,72.36594974568,68.46560846560845,0.35,0.35,0.0035616067805779306,5.654761904761905e-05,0.0,0.0,0.001283318325583228,0.001283318325583228,137522.31773352748,-0.0028420934996649105
2020-01-31,GREED_EXHAUSTING,0,False,0.0,51.3737606555533,27.83028785887804,66.63331102991778,77.21191800302155,72.23544973544972,0.35,0.35,-0.015858041329739447,5.694444444444445e-05,0.0,0.0,-0.005513300576519917,-0.005513300576519917,136764.11585988285,-0.008339724760454748
2020-02-03,RISK_WARNING,0,False,0.0,48.750568364260516,30.01091102763498,65.23860420429644,73.26182629077942,72.93650793650792,0.35,0.35,0.015109325786278438,5.615079365079365e-05,0.0,0.0,0.0053247620410704685,0.0053247620410704685,137492.35223259416,-0.0030593697692214983
2020-02-04,RISK_WARNING,0,False,0.0,46.71761451725669,36.15565479132999,66.24704242295513,65.04099389365776,71.35582010582009,0.35,0.35,0.022888748988218355,5.694444444444445e-05,0.0,0.0,0.008048076034765312,0.008048076034765312,138598.90113756078,0.0
2020-02-05,RISK_WARNING,0,False,0.0,38.519630482118,48.92503853828469,72.56017960016692,49.79398870157602,61.62037037037036,0.35,0.35,0.003297138084142892,5.694444444444445e-05,0.0,0.0,0.0011910122183389012,0.0011910122183389012,138763.974122264,0.0
2020-02-06,RISK_WARNING,0,False,0.0,37.20189765315073,54.80302463319365,76.86936483979949,40.74244626374047,54.093915343915334,0.35,0.35,0.00863202173341504,5.694444444444445e-05,0.0,0.0,0.003058221495584153,0.003058221495584153,139188.34509073736,0.0
2020-02-07,RISK_WARNING,0,False,0.0,37.78084686510427,55.470475928318315,76.52153377034469,38.87267345625407,56.34259259259258,0.35,0.35,-0.004300794995438562,5.694444444444445e-05,0.0,0.0,-0.0014682643595146075,-0.0014682643595146075,138983.97980438083,-0.0014682643595145262
2020-02-10,RISK_WARNING,0,False,0.0,38.77704902947796,54.32484401930413,77.35156856125583,36.47621901731097,57.63227513227512,0.35,0.35,0.012085514834206057,5.654761904761905e-05,0.0,0.0,0.004266686144353072,0.004266686144353072,139576.98082529922,0.0
2020-02-11,RISK_WARNING,0,False,0.0,39.822067246110116,54.06329755521119,76.86194813869015,36.01950605988399,60.6547619047619,0.35,0.35,0.0001724360908736955,5.7341269841269845e-05,0.0,0.0,9.762445720261882e-05,9.762445720261882e-05,139590.60695229025,0.0
2020-02-12,RISK_WARNING,0,False,0.0,37.51964316731048,55.186645460736734,79.20914382957073,33.221625165604436,57.109788359788354,0.35,0.35,0.009740959441403518,5.694444444444445e-05,0.0,0.0,0.0034463496933801203,0.0034463496933801203,140071.68499775903,0.0
2020-02-13,RISK_WARNING,0,False,0.0,36.128423804359464,56.1417198305661,79.53986463627633,37.18934460492208,55.25132275132274,0.35,0.35,-0.001280573697016285,5.7341269841269845e-05,0.0,0.0,-0.00041092896855887435,-0.00041092896855887435,140014.12548471862,-0.0004109289685587658
2020-02-14,RISK_WARNING,0,False,0.0,32.662288928183635,59.54872051803693,81.21334265032243,36.433089500374244,50.99867724867724,0.35,0.35,0.0028636149933751742,5.773809523809524e-05,0.0,0.0,0.0010397950095860729,0.0010397950095860729,140159.7114736692,0.0
2020-02-18,RISK_WARNING,0,False,0.0,34.14008269705709,59.83523501665142,80.20334212204887,35.98441696556697,54.02777777777777,0.35,0.35,0.0003835663143538781,5.7341269841269845e-05,0.0,0.0,0.00017152003542068273,0.00017152003542068273,140183.75167234568,0.0
2020-02-19,RISK_WARNING,0,False,0.0,34.19784807824218,59.7803547208021,80.48015670836052,33.2998432741527,54.48412698412698,0.35,0.35,0.009585481191155765,5.7341269841269845e-05,0.0,0.0,0.003392190242301343,0.003392190242301343,140659.2816268978,0.0
2020-02-20,RISK_WARNING,0,False,0.0,38.09062430298959,54.45193621560161,77.87287864507175,42.0552208940128,59.378306878306866,0.35,0.35,-0.009283483838298578,5.7341269841269845e-05,0.0,0.0,-0.003211947518007677,-0.003211947518007677,140207.49139639156,-0.003211947518007574
2020-02-21,RISK_WARNING,0,False,0.0,44.83818873765738,43.02951066415804,72.08008436875146,55.1594319333174,63.15476190476189,0.35,0.35,-0.019209472697844787,5.7341269841269845e-05,0.0,0.0,-0.00668604361884885,-0.00668604361884885,139270.0579932259,-0.009876515915649642
2020-02-24,NORMAL_PARTICIPATION,0,False,0.0,56.98547480304281,30.35819386423488,59.93885106029191,69.01773384998761,74.19312169312168,0.35,0.35,-0.03856342554392678,5.654761904761905e-05,0.0,0.0,-0.013460442987993418,-0.013460442987993418,137395.42131767352,-0.023204016624240653
2020-02-25,PANIC_ACCELERATING,5,True,0.0,68.62088535014414,19.72625461766148,47.96625241735462,77.1757935750327,83.49206349206348,0.35,0.35,-0.027191833416143396,5.535714285714286e-05,0.0,0.0,-0.009481159552793045,-0.009481159552793045,136092.75340633743,-0.03246517519315362
2020-02-26,PANIC_ACCELERATING,5,True,0.0,77.15769437182861,17.84196590411358,40.91107189919244,80.01485963323995,90.72751322751321,0.35,0.35,0.005153921158935759,5.535714285714286e-05,0.0,0.0,0.0018398545484846584,0.0018398545484846584,136343.14427770788,-0.030685051844915545
2020-02-27,PANIC_ACCELERATING,5,True,0.05,80.9319815919066,14.431445099921994,34.45800525630202,83.19627015725128,94.53439153439153,0.36,0.35,-0.05007390983000737,5.535714285714286e-05,0.0,0.0,-0.017489886297645436,-0.017489886297645436,133958.51818682728,-0.047638260074756134
2020-02-28,PANIC_ACCELERATING,5,True,0.05,83.57475964537606,13.260305626144083,31.058736179792234,85.15992385347293,96.75396825396824,0.36,0.36,0.0007780587434351727,5.2182539682539675e-05,0.010000000000000009,5.000000000000005e-06,0.0003134979730334876,0.0003084979730334876,133999.84411815848,-0.04734445840839463
2020-03-02,PANIC_ACCELERATING,5,True,0.05,82.9333617197092,13.714552093108168,30.930881541772678,86.10983884462352,87.57275132275133,0.36,0.36,0.05160349854227397,4.5039682539682535e-05,0.0,0.0,0.018606084872044026,0.018606084872044026,136493.0565906616,-0.029619268547718125
2020-03-03,PANIC_ACCELERATING,5,True,0.05,83.28590739095547,15.88165287213298,32.350345470017515,86.96390142379123,80.66931216931216,0.36,0.36,-0.03206727659181219,3.948412698412698e-05,0.0,0.0,-0.011518949731782547,-0.011518949731782547,134920.7999330564,-0.040797035414007476
2020-03-04,PANIC_ACCELERATING,5,True,0.05,78.84132594510282,22.110380730361726,36.79870992103027,81.22213531561177,65.7632275132275,0.36,0.36,0.041722360129845315,3.234126984126984e-05,0.0,0.0,0.015040748059442726,0.015040748059442726,136950.109692828,-0.026369905285798856
2020-03-05,PANIC_ACCELERATING,5,True,0.05,76.09189804251464,24.264478870746547,34.758274338721094,77.97294420518254,68.23677248677248,0.36,0.36,-0.030382183117954376,2.321428571428571e-05,0.0,0.0,-0.010922728779606431,-0.010922728779606431,135454.2407883159,-0.03700460274202466
2020-03-06,PANIC_ACCELERATING,5,True,0.05,73.1030667164229,25.99425561358699,34.888968432718464,72.72489137707541,70.07539682539682,0.36,0.36,-0.016872252942010446,1.9246031746031746e-05,0.0,0.0,-0.0060616935988063005,-0.0060616935988063005,134633.1586839982,-0.04284198577726317
2020-03-09,PANIC_ACCELERATING,5,True,0.05,80.37524389360009,16.196693121693098,28.596560846560877,80.77652892070189,84.29497354497353,0.36,0.36,-0.06946447456975302,1.2500000000000002e-05,0.0,0.0,-0.024999210845111086,-0.024999210845111086,131267.43596331362,-0.06677018078690522
2020-03-10,PANIC_ACCELERATING,5,True,0.05,84.58661955497575,13.102050264550243,26.26679894179897,80.75428873275318,79.01719576719576,0.36,0.36,0.05445058635119082,7.738095238095238e-06,0.0,0.0,0.019607163467381075,0.019607163467381075,133841.21803819027,-0.04847219116895973
2020-03-11,PANIC_ACCELERATING,5,True,0.05,91.42778357613979,10.245370370370347,23.81759259259262,87.10006241865317,70.73677248677247,0.36,0.36,-0.043554945862525174,1.2103174603174605e-05,0.0,0.0,-0.01567203447876303,-0.01567203447876303,131743.6538544161,-0.06338456779646173
2020-03-12,PANIC_ACCELERATING,5,True,0.05,91.85222802058422,10.23902116402114,22.24193121693125,87.00591105809615,70.9484126984127,0.36,0.36,-0.09169142505890793,1.1309523809523808e-05,0.0,0.0,-0.033001674925968755,-0.033001674925968755,127395.89261635332,-0.09429444582068858
2020-03-13,PANIC_ACCELERATING,5,True,0.05,94.22090526926145,11.28664021164019,20.78293650793654,89.95865627795968,68.84656084656085,0.36,0.36,0.08470561696368151,7.738095238095238e-06,0.0,0.0,0.030498974487877722,0.030498974487877722,131281.33669511988,-0.06667135523024459
2020-03-16,PANIC_ACCELERATING,5,True,0.05,94.69243966079586,7.526917989417967,18.67962962962966,90.42351871193118,68.0925925925926,0.36,0.36,-0.11978787563689297,5.7539682539682555e-06,0.0,0.0,-0.04311995268959893,-0.04311995268959893,125620.49166779901,-0.10691644223656394
2020-03-17,PANIC_ACCELERATING,5,True,0.05,94.57434442270062,11.774007936507914,18.980555555555586,87.56574282188946,52.23412698412698,0.36,0.36,0.07584170112226807,4.166666666666665e-06,0.0,0.0,0.02730567907068317,0.02730567907068317,129050.64449798135,-0.08253018922497168
2020-03-18,PANIC_ACCELERATING,5,True,0.05,95.54720156555776,9.403703703703682,17.085582010582037,90.13332137665753,52.23412698412698,0.36,0.36,-0.030416163390798223,2.1825396825396824e-06,0.0,0.0,-0.010948421995290536,-0.010948421995290536,127637.74358325324,-0.09257503588127602
2020-03-19,PANIC_ACCELERATING,5,True,0.05,91.15646082481703,16.827182539682518,17.55859788359791,80.19028412703545,50.0,0.36,0.36,0.006002265005662588,0.0,0.0,0.0,0.0021608154020385318,0.0021608154020385318,127913.54518546938,-0.09061425804261392
2020-03-20,PANIC_ACCELERATING,5,True,0.05,90.30206929042548,14.85892857142855,17.242989417989445,82.26369024318001,50.0,0.36,0.36,-0.039175954069571084,0.0,0.0,0.0,-0.01410334346504559,-0.01410334346504559,126109.53652388707,-0.10343963750365437
2020-03-23,PANIC_ACCELERATING,5,True,0.05,86.02720156555775,21.374074074074056,17.671560846560876,74.97715348279837,50.0,0.36,0.36,0.0007187463386058024,0.0,0.0,0.0,0.0002587486818980888,0.0002587486818980888,126142.16720023741,-0.10320765369161633
2020-03-24,PANIC_ACCELERATING,5,True,0.05,85.4347677031239,27.697776061230243,18.63796296296299,74.2328410763332,50.0,0.36,0.36,0.07743752199929599,0.0,0.0,0.0,0.027877507919746556,0.027877507919746556,129658.69646537602,-0.07820731795503622
2020-03-25,PANIC_STABILIZING_1,5,True,0.15,81.42460897296517,43.62647198404381,19.506216931216958,59.64281363976278,50.0,0.4175,0.36,-0.007404987476859359,0.0,0.0,0.0,-0.002665795491669369,-0.002665795491669369,129313.0528968829,-0.08066462873108549
2020-03-26,PANIC_STABILIZING_2,5,True,0.4,80.69187099478471,55.841389493691075,22.962433862433894,49.153135945924795,50.0,0.53,0.4175,0.05266044980800877,0.0,0.057499999999999996,2.8749999999999997e-05,0.02198573779484366,0.02195698779484366,132152.37802105374,-0.06047879320476579
2020-03-27,PANIC_STABILIZING_2,5,True,0.4,80.6182967891663,59.413183439781534,23.25383597883601,43.55781171597537,50.0,0.53,0.53,-0.03439291297550806,0.0,0.11250000000000004,5.6250000000000026e-05,-0.018228243877019275,-0.018284493877019276,129736.03867429424,-0.07765746295774312
2020-03-30,PANIC_STABILIZING_2,5,True,0.4,80.16236000091163,64.17141636871469,26.387169312169338,39.637819187129075,50.0,0.53,0.53,0.03637344846195356,0.0,0.0,0.0,0.01927792768483539,0.01927792768483539,132237.0806459743,-0.05987661022799484
2020-03-31,PANIC_STABILIZING_2,5,True,0.4,80.05863414401745,62.454505119740894,25.87261904761907,43.18592473734444,49.97486772486772,0.53,0.53,-0.008539887523432599,0.0,0.0,0.0,-0.004526140387419278,-0.004526140387419278,131638.55705454812,-0.06413174067159944
2020-04-01,PANIC_STABILIZING_2,5,True,0.4,80.29543586286337,59.543545965573266,25.60238095238098,46.976489886296086,49.97486772486772,0.53,0.53,-0.0424894957983194,0.0,0.0,0.0,-0.022519432773109284,-0.022519432773109284,128674.1314186091,-0.08520696302203223
2020-04-02,PANIC_STABILIZING_2,5,True,0.4,81.9001703880346,52.05371283530346,23.792460317460343,55.13163015518896,49.91005291005291,0.53,0.53,0.020295101749766786,0.0,0.0,0.0,0.010756403927376397,0.010756403927376397,130058.20235115198,-0.07536707960634581
2020-04-03,PANIC_STABILIZING_1,5,True,0.4,82.76658538306039,46.10594238736581,22.326190476190504,58.18169775439876,49.84391534391534,0.53,0.53,-0.014192785334121716,0.0,0.0,0.0,-0.007522176227084509,-0.007522176227084509,129079.88163328878,-0.08232233137891087
2020-04-06,PANIC_STABILIZING_1,5,True,0.4,81.41793612850553,52.580901916639185,28.546584223395445,54.71600827701235,49.69973544973544,0.53,0.53,0.07149479195070074,0.0,0.0,0.0,0.037892239733871395,0.037892239733871395,133971.0074529571,-0.047549469161100366
2020-04-07,PANIC_STABILIZING_2,5,True,0.4,79.17790416310125,60.59981210293332,31.901308922521793,45.02844074943808,49.66005291005291,0.53,0.53,-0.0004071661237784463,5.952380952380951e-07,0.0,0.0,-0.00021551828369781464,-0.00021551828369781464,133942.13425136558,-0.047754739664813695
2020-04-08,RECOVERY_RETESTED,5,True,1.0,75.27290677654592,70.94026639549604,38.28731176855788,32.2162684819186,49.58068783068783,0.8,0.53,0.021232179226069237,1.9841269841269894e-07,0.0,0.0,0.01125314824378495,0.01125314824378495,135449.40494418517,-0.03703898258582017
2020-04-09,RECOVERY_RETESTED,5,True,1.0,71.23201126183359,78.14040402946357,40.38898688102589,23.609676377601716,49.52777777777777,0.8,0.8,0.0014458792441542911,3.3730158730158734e-06,0.27,0.000135,0.001157377998498036,0.001022377998498036,135587.88543570976,-0.03605447242820459
2020-04-13,RECOVERY_RETESTED,5,True,1.0,68.06619508452374,79.81846308829847,44.14814443116964,19.377996598456154,49.42195767195767,0.8,0.8,0.010803544757542527,4.563492063492064e-06,0.0,0.0,0.00864374850444672,0.00864374850444672,136759.87301766578,-0.027722369715887596
2020-04-14,RECOVERY_RETESTED,5,True,1.0,65.52729814376109,82.34023388068674,47.53621183916994,20.541197936412,49.38095238095238,0.8,0.8,0.04349110968822356,4.9603174603174595e-06,0.0,0.0,0.034793879814070915,0.034793879814070915,141518.27960283007,0.0
2020-04-15,RECOVERY_RETESTED,5,True,1.0,65.2569382319022,77.61948154677138,49.1337025335985,29.38082963616323,49.43253968253968,0.8,0.8,-0.011469838572642388,2.579365079365079e-06,0.0,0.0,-0.009175354985098038,-0.009175354985098038,140219.79915059372,-0.009175354985098139
2020-04-16,RECOVERY_RETESTED,5,True,1.0,63.36779816150929,75.751837155541,51.97286261237074,35.28427922911431,49.4973544973545,0.8,0.8,0.018239984720431535,1.9841269841269894e-07,0.0,0.0,0.014592027458884911,0.014592027458884911,142265.8903100785,0.0
2020-04-17,RECOVERY_RETESTED,5,True,1.0,62.12898287568541,71.96626091104046,52.78317460505451,38.937543484380136,49.52380952380952,0.8,0.8,0.009566236811254347,1.9841269841269894e-07,0.0,0.0,0.0076530291315431605,0.0076530291315431605,143354.65531304647,0.0
2020-04-20,RECOVERY_RETESTED,5,True,1.0,63.60982036829222,70.53012684104516,53.39387298746092,44.338559218879084,50.17195767195767,0.8,0.8,-0.011844488829021227,0.0,0.0,0.0,-0.009475591063216982,-0.009475591063216982,141996.28522229163,-0.009475591063216937
2020-04-21,RECOVERY_RETESTED,5,True,1.0,66.16343351386561,63.14056289513618,48.788506910808486,54.887619708057024,50.767195767195766,0.8,0.8,-0.036899501739212304,0.0,0.0,0.0,-0.029519601391369846,-0.029519601391369846,137804.6114834743,-0.03871547678345322
2020-04-22,PANIC_STABILIZING_2,5,True,1.0,68.28777322429033,62.01195646103779,47.47180169367967,62.60409967509594,51.600529100529094,0.8,0.8,0.02967445946605496,0.0,0.0,0.0,0.02373956757284397,0.02373956757284397,141076.03336963576,-0.01589499788782478
2020-04-23,PANIC_STABILIZING_2,5,True,1.0,68.96566852929833,62.14027282336078,46.77875714205237,60.61107281201718,51.65343915343916,0.8,0.8,-0.002133004692610241,0.0,0.0,0.0,-0.0017064037540881927,-0.0017064037540881927,140835.30069668192,-0.017574278357846085
2020-04-24,PANIC_STABILIZING_2,5,True,1.0,66.52461702880954,66.26570133804837,51.27791524823746,56.70519765254317,51.388888888888886,0.8,0.8,0.01577047311419344,0.0,0.0,0.0,0.012616378491354753,0.012616378491354753,142612.13215521502,-0.005179623613966289
2020-04-27,RECOVERY_RETESTED,5,True,1.0,61.74730457210658,71.21897645801384,51.876502442053216,50.09025453686775,51.17724867724868,0.8,0.8,0.008043396932285729,0.0,0.0,0.0,0.006434717545828583,0.006434717545828583,143529.80094424222,0.0
2020-04-28,RECOVERY_RETESTED,5,True,1.0,55.422336370501604,76.29887525169457,49.503093307953044,42.97657242811195,51.52116402116402,0.8,0.8,-0.018834663202820567,0.0,0.0,0.0,-0.015067730562256455,-0.015067730562256455,141367.13257596007,-0.01506773056225652
2020-04-29,RECOVERY_RETESTED,5,True,1.0,50.08275135745382,88.28779535231361,48.504672546585766,31.085378111184628,51.3095238095238,0.8,0.8,0.03546099290780136,0.0,0.0,0.0,0.02836879432624109,0.02836879432624109,145377.54768449796,0.0
2020-04-30,RECOVERY_RETESTED,5,True,1.0,49.21524963613408,91.2974896756394,47.74909201881909,27.71636314618631,52.36772486772486,0.8,0.8,-0.0004109589041095818,0.0,0.0,0.0,-0.00032876712328766544,-0.00032876712328766544,145329.7523263551,-0.00032876712328766544
2020-05-01,RECOVERY_RETESTED,5,True,1.0,51.303132210314175,85.63872731896225,47.06611891941901,33.228829416537316,53.01587301587301,0.8,0.8,-0.028185098899090932,0.0,0.0,0.0,-0.022548079119272747,-0.022548079119272747,142052.84557251615,-0.022869433175452647
2020-05-04,RECOVERY_RETESTED,5,True,1.0,54.28682613568167,75.28959153996819,44.99866212504037,44.087638000057616,54.47089947089947,0.8,0.8,0.011657422205509027,0.0,0.0,0.0,0.009325937764407223,0.009325937764407223,143377.62156958238,-0.013756774321546983
2020-05-05,RECOVERY_RETESTED,5,True,1.0,54.254488221447495,68.61204867529761,44.98264746067614,49.939569223742744,60.0,0.8,0.8,0.011337236316327548,0.0,0.0,0.0,0.009069789053062039,0.009069789053062039,144678.02635214824,-0.004811756309632043
2020-05-06,PANIC_STABILIZING_2,5,True,1.0,55.31111998300605,65.50460842566949,49.98770309892988,52.69862705644682,66.005291005291,0.8,0.8,0.006156390701093528,0.0,0.0,0.0,0.004925112560874823,0.004925112560874823,145390.5819170178,0.0
2020-05-07,PANIC_STABILIZING_2,5,True,1.0,53.966231117970096,64.47190283274082,55.334222994713706,53.267412211274014,69.66931216931216,0.8,0.8,0.012876712328767193,0.0,0.0,0.0,0.010301369863013755,0.010301369863013755,146888.30407594377,0.0
2020-05-08,PANIC_STABILIZING_2,5,True,1.0,54.199175114840905,64.87138678881627,59.912181448306264,46.61195345042882,64.53703703703702,0.8,0.8,0.013704805698314004,0.0,0.0,0.0,0.010963844558651204,0.010963844558651204,148498.76460931633,0.0
2020-05-11,PANIC_STABILIZING_2,5,True,1.0,49.746027963277186,68.57400377753608,62.55368399937921,36.63676035428359,58.0026455026455,0.8,0.8,0.008938895312639028,0.0,0.0,0.0,0.007151116250111222,0.007151116250111222,149560.69653803547,0.0
2020-05-12,PANIC_STABILIZING_2,5,True,1.0,51.866173127330995,66.2443919281324,61.53504898396326,37.31095880070432,60.46296296296296,0.8,0.8,-0.02093710054216069,0.0,0.0,0.0,-0.016749680433728553,-0.016749680433728553,147055.60266557752,-0.016749680433728598
2020-05-13,PANIC_STABILIZING_2,5,True,1.0,56.52755734401408,53.680789287875996,57.26126462106998,52.97091634150178,70.35714285714285,0.8,0.8,-0.012515757248334203,0.0,0.0,0.0,-0.010012605798667362,-0.010012605798667362,145583.19288560163,-0.02659457828495937
2020-05-14,PANIC_STABILIZING_1,5,True,1.0,58.08314862147707,46.99691003468532,53.119896612471535,63.79693262254522,78.02910052910052,0.8,0.8,0.011352238533783199,0.0,0.0,0.0,0.00908179082702656,0.00908179082702656,146905.34899131933,-0.017754313855049775
2020-05-15,PANIC_STABILIZING_1,5,True,1.0,60.175646611838715,43.17007152950345,52.87977999002027,68.32107318789569,78.83597883597884,0.8,0.8,0.006491457422350466,0.0,0.0,0.0,0.005193165937880374,0.005193165937880374,147668.25284579347,-0.012653349015131932
2020-05-18,PANIC_STABILIZING_2,5,True,1.0,53.15574688746182,57.56327173704447,55.162242762359504,57.59442649705548,70.31746031746032,0.8,0.8,0.01863214941550595,0.0,0.0,0.0,0.01490571953240476,0.01490571953240476,149869.35440655312,0.0
2020-05-19,RECOVERY_RETESTED,5,True,1.0,48.46886125120468,70.6820462019606,57.095700466175344,51.045038968631395,71.32275132275133,0.8,0.8,-0.0025062656641603454,0.0,0.0,0.0,-0.0020050125313282765,-0.0020050125313282765,149568.8644729059,-0.002005012531328232
2020-05-20,RECOVERY_RETESTED,5,True,1.0,36.69646097912674,87.49670151731543,58.32791928386689,32.355710448124455,71.54100529100529,0.8,0.8,0.019968262364453704,0.0,0.0,0.0,0.015974609891562963,0.015974609891562963,151958.16873478462,0.0
2020-05-21,RECOVERY_RETESTED,5,True,1.0,33.293692461609716,89.44770778940051,58.175001975456695,30.362705740356315,79.06084656084657,0.8,0.8,-0.010890704006223162,0.0,0.0,0.0,-0.00871256320497853,-0.00871256320497853,150634.22358517002,-0.008712563204978485
2020-05-22,RECOVERY_RETESTED,5,True,1.0,30.414362196316418,89.60904565912931,59.51814303416247,23.982010500203838,78.28042328042328,0.8,0.8,0.0034517411631056483,0.0,0.0,0.0,0.002761392930484519,0.002761392930484519,151050.18386526714,-0.00597522908493453
2020-05-26,RECOVERY_RETESTED,5,True,1.0,30.976217640153298,84.03906059975994,59.15250312556581,33.09461975655577,78.57804232804233,0.8,0.8,-0.0026996429504485553,0.0,0.0,0.0,-0.0021597143603588444,-0.0021597143603588444,150723.95861403848,-0.008122038657232267
2020-05-27,RECOVERY_RETESTED,5,True,1.0,30.415637578110374,82.98215232599058,60.9829937526103,33.89107904409598,78.94179894179894,0.8,0.8,0.005457561997904259,1.9841269841269894e-07,0.0,0.0,0.00436608928086309,0.00436608928086309,151382.03287411248,-0.0037914109222891845
2020-05-28,RECOVERY_RETESTED,5,True,1.0,34.495361995842416,75.98243914395796,63.19235036354692,45.144842324942864,84.64285714285715,0.8,0.8,-0.001302705284641048,5.952380952380951e-07,0.0,0.0,-0.001042045180093791,-0.001042045180093791,151224.2859564032,-0.004829505280905755
2020-05-29,RECOVERY_RETESTED,5,True,1.0,33.514564390269626,78.31434849446771,66.21028356469384,41.523016848478605,87.91005291005291,0.8,0.8,0.014652810991782284,5.952380952380951e-07,0.0,0.0,0.011722367841044875,0.011722367841044875,152996.99266288354,0.0
2020-06-01,RECOVERY_RETESTED,5,True,1.0,32.86919895067169,79.37691314949812,66.90116103487948,39.528959176235155,91.85714285714285,0.8,0.8,0.0029996571820363194,1.9841269841269894e-07,0.0,0.0,0.002399765428168738,0.002399765428168738,153364.1495564897,0.0
2020-06-02,RECOVERY_RETESTED,5,True,1.0,27.765184442942,86.92946153608034,66.88383291789172,27.994479322914984,92.03571428571429,0.8,0.8,0.00670768179099368,1.9841269841269894e-07,0.0,0.0,0.005366185115334627,0.005366185115334627,154187.12997306566,0.0
2020-06-03,RECOVERY_RETESTED,5,True,1.0,26.995686805978398,88.64722629031718,66.48407714780636,25.258748976207972,94.54894179894178,0.8,0.8,0.004498578279505949,5.952380952380951e-07,0.0,0.0,0.003598981671223807,0.003598981671223807,154742.04662777734,0.0
2020-06-04,RECOVERY_RETESTED,5,True,1.0,25.37888548031293,88.06263181325694,66.4193602781769,28.17260258142502,94.0079365079365,0.8,0.8,-0.007013393045755989,9.92063492063492e-07,0.0,0.0,-0.005610516023906379,-0.005610516023906379,153873.86389560014,-0.005610516023906276
2020-06-05,RECOVERY_RETESTED,5,True,1.0,22.014670017662155,89.56744306418217,65.35646993135602,27.27286674675202,91.84523809523809,0.8,0.8,0.019827256094966605,5.952380952380951e-07,0.0,0.0,0.01586192392359233,0.01586192392359233,156314.59941854136,0.0
2020-06-08,RECOVERY_RETESTED,5,True,1.0,19.852857343045596,90.30873015873014,63.686454139919526,25.884249319158616,91.28968253968253,0.8,0.8,0.007760023363511337,5.952380952380951e-07,0.0,0.0,0.006208137738428117,0.006208137738428117,157285.02198225888,0.0
2020-06-09,RECOVERY_RETESTED,5,True,1.0,19.8415837369644,91.33745463863262,63.174107343679744,19.004876357004022,91.744708994709,0.8,0.8,0.00724487683709385,1.3888888888888892e-06,0.0,0.0,0.005796179247452858,0.005796179247452858,158196.6741626076,0.0
2020-06-10,RECOVERY_RETESTED,5,True,1.0,22.771134190310573,85.50288562042351,63.67054546602148,21.019613701529007,94.30291005291004,0.8,0.8,0.012001644060830152,2.1825396825396824e-06,0.0,0.0,0.009601751756600631,0.009601751756600631,159715.63935663682,0.0
2020-06-11,RECOVERY_RETESTED,5,True,1.0,34.16645423260024,66.46521540430503,61.19904569178647,38.23880381710102,96.12698412698411,0.8,0.8,-0.049549183656892204,1.3888888888888892e-06,0.0,0.0,-0.03963906914773599,-0.03963906914773599,153384.66008420422,-0.03963906914773607
2020-06-12,RECOVERY_RETESTED,5,True,1.0,41.35636056904347,52.33799372454834,58.09854453851623,55.96627757544808,96.97354497354497,0.8,0.8,0.007948038629177034,1.3888888888888892e-06,0.0,0.0,0.006358708681119406,0.006358708681119406,154359.98845383222,-0.033532413759717716
2020-06-15,PANIC_STABILIZING_1,5,True,1.0,46.141250618434725,43.98238489546282,54.48573777955477,70.49046959854431,97.02116402116404,0.8,0.8,0.012167203662879489,9.92063492063492e-07,0.0,0.0,0.009733961343002005,0.009733961343002005,155862.52261434807,-0.024124855635990317
2020-06-16,PANIC_STABILIZING_1,5,True,1.0,38.655060688982026,52.297720646278094,55.99581863163015,68.55757936690402,95.71296296296298,0.8,0.8,0.017172774869109952,1.7857142857142853e-06,0.0,0.0,0.013738577038145105,0.013738577038145105,158003.85188864492,-0.010717719785534374
2020-06-17,PANIC_STABILIZING_2,5,True,1.0,34.092768460769996,56.898298752375695,57.836744579217964,66.73833594215562,94.7089947089947,0.8,0.8,0.0031706814906320435,1.3888888888888892e-06,0.0,0.0,0.002536822970283413,0.002536822970283413,158404.6796895093,-0.008208085772991924
2020-06-18,PANIC_STABILIZING_2,5,True,1.0,28.12777989180653,68.34637782172202,58.99789316061764,55.01248290547321,93.7962962962963,0.8,0.8,0.0027091371808554143,1.3888888888888892e-06,0.0,0.0,0.0021675875224621095,0.0021675875224621095,158748.03569670385,-0.00605828999483482
2020-06-19,RECOVERY_RETESTED,5,True,1.0,25.67617422920848,71.81641585997822,58.43783337740735,48.07562109516021,94.52380952380953,0.8,0.8,-0.0001637465203864208,9.92063492063492e-07,0.0,0.0,-0.00013079880361072395,-0.00013079880361072395,158727.2716435592,-0.006188296381362202
2020-06-22,RECOVERY_RETESTED,5,True,1.0,22.613796439928517,76.25462189729755,58.85099468281928,36.75525145255504,94.06084656084657,0.8,0.8,0.011972895512610604,5.952380952380951e-07,0.0,0.0,0.009578435457707531,0.009578435457707531,160247.630570375,0.0
2020-06-23,RECOVERY_RETESTED,5,True,1.0,24.587944115324422,68.35725554261826,61.49130620730157,38.98956641294618,93.96825396825398,0.8,0.8,0.008510983221204471,9.92063492063492e-07,0.0,0.0,0.00680898498966199,0.00680898498966199,161338.7542815576,0.0
2020-06-24,PANIC_STABILIZING_2,5,True,1.0,29.18162909226775,57.14339050219746,63.85180874973573,48.914422273475985,93.7367724867725,0.8,0.8,-0.020615656646841285,9.92063492063492e-07,0.0,0.0,-0.016492326904774614,-0.016492326904774614,158677.90280353703,-0.016492326904774757
2020-06-25,PANIC_STABILIZING_2,5,True,1.0,32.92373717407795,49.496904005214894,66.45949053615624,59.79960928466227,92.82407407407408,0.8,0.8,0.009519510894095307,5.952380952380951e-07,0.0,0.0,0.007615727762895293,0.007615727762895293,159886.35051327595,-0.009002200213762745
2020-06-26,PANIC_STABILIZING_1,5,True,1.0,38.8978247269574,36.37513643849075,61.98466508227367,73.10816994600668,92.6388888888889,0.8,0.8,-0.02361500630004476,9.92063492063492e-07,0.0,0.0,-0.018891806627337398,-0.018891806627337398,156865.80849702845,-0.027723939015441124
2020-06-29,PANIC_STABILIZING_1,5,True,1.0,40.530113797708694,36.07185711473692,59.2473488812655,72.87991048998292,89.25925925925925,0.8,0.8,0.010906668886853765,1.9841269841269894e-07,0.0,0.0,0.008725374792022695,0.008725374792022695,158234.52146821865,-0.019240465982039545
2020-06-30,PANIC_STABILIZING_1,5,True,1.0,41.544350657760255,36.35595320213158,57.48102506816259,72.0818410731662,83.65079365079364,0.8,0.8,0.019601383627079416,1.9841269841269894e-07,0.0,0.0,0.015681146584203214,0.015681146584203214,160715.82019404304,-0.0038610319652490066
2020-07-01,PANIC_STABILIZING_1,5,True,1.0,37.17191354206394,49.986078970980735,62.29367892601505,58.790630120614345,75.33068783068784,0.8,0.8,0.011672051696284491,9.92063492063492e-07,0.0,0.0,0.009337839769726007,0.009337839769726007,162216.5587714751,0.0
2020-07-02,PANIC_STABILIZING_2,5,True,1.0,33.71593230978769,59.38895456901188,66.28623277832553,48.78077032038133,68.18783068783068,0.8,0.8,0.006786698071779229,1.9841269841269894e-07,0.0,0.0,0.005429398139963066,0.005429398139963066,163097.29705394016,0.0
2020-07-06,PANIC_STABILIZING_2,5,True,1.0,32.503644592983626,62.61515806713785,68.84654356013009,38.84281702252326,66.88492063492065,0.8,0.8,0.024584638566160333,1.9841269841269894e-07,0.0,0.0,0.01966775053546795,0.01966775053546795,166305.05400540616,0.0
2020-07-07,PANIC_STABILIZING_2,5,True,1.0,33.22797497147484,59.2865195490065,69.49397110611757,39.98861120961636,69.59656084656085,0.8,0.8,-0.006888811486512547,5.952380952380951e-07,0.0,0.0,-0.0055109301415909905,-0.0055109301415909905,165388.55847058885,-0.005510930141590986
2020-07-08,PANIC_STABILIZING_2,5,True,1.0,35.58281950490811,55.667000456112696,71.58904893643584,36.761902909081364,72.2420634920635,0.8,0.8,0.013171739215151357,5.952380952380951e-07,0.0,0.0,0.010537510419740133,0.010537510419740133,167131.34212877846,0.0
2020-07-09,PANIC_STABILIZING_2,5,True,1.0,40.811084063006085,52.606375916351716,73.5320179254831,37.06992019774912,75.78042328042328,0.8,0.8,0.008423400900034572,5.952380952380951e-07,0.0,0.0,0.006738839767646706,0.006738839767646706,168257.61346353602,0.0
2020-07-10,PANIC_STABILIZING_1,5,True,1.0,43.29222642006486,53.68367367414035,76.49232759591376,33.27695255026486,82.8425925925926,0.8,0.8,0.006827370508810882,0.0,0.0,0.0,0.0054618964070487054,0.0054618964070487054,169176.6191179711,0.0
2020-07-13,PANIC_STABILIZING_1,5,True,1.0,47.57840714157811,49.27679102162816,75.90866677779196,45.50509745692846,91.54497354497353,0.8,0.8,-0.020570519377202,0.0,0.0,0.0,-0.016456415501761603,-0.016456415501761603,166392.5783805825,-0.01645641550176158
2020-07-14,PANIC_STABILIZING_1,5,True,1.0,44.98439950932797,48.73442271909233,74.5633299467723,52.00850695173747,97.37698412698411,0.8,0.8,0.0070782084010210244,1.9841269841269894e-07,0.0,0.0,0.005662606403356502,0.005662606403356502,167334.79406039137,-0.010886995302201719
2020-07-15,PANIC_STABILIZING_1,5,True,1.0,43.5881216456766,47.7518545236278,71.4113007058844,57.20504077896936,97.72089947089948,0.8,0.8,0.002035564773207321,5.952380952380951e-07,0.0,0.0,0.0016285708661849046,0.0016285708661849046,167607.3106308972,-0.00927615467938614
2020-07-16,PANIC_STABILIZING_1,5,True,1.0,38.717507370720284,50.99262375337518,68.92459943943624,56.01882717239181,97.53571428571429,0.8,0.8,-0.0068225373706399806,9.92063492063492e-07,0.0,0.0,-0.005457831483813572,-0.005457831483813572,166692.53817401855,-0.014683358474141928
2020-07-17,PANIC_STABILIZING_1,5,True,1.0,35.04303722683864,53.40923606735567,67.34513280057216,60.0073344910431,96.3862433862434,0.8,0.8,0.0011577647422045256,0.0,0.0,0.0,0.0009262117937636205,0.0009262117937636205,166846.93076880774,-0.01377074658016908
2020-07-20,PANIC_STABILIZING_2,5,True,1.0,30.953201884087576,60.604284095651394,68.78915101845136,56.03870266491529,94.04629629629629,0.8,0.8,0.028370981420090757,0.0,0.0,0.0,0.02269678513607261,0.02269678513607261,170633.81970708055,0.0
2020-07-21,PANIC_STABILIZING_2,5,True,1.0,26.40435363010576,67.81354273447808,70.2768987162087,53.31097941393008,91.39550264550265,0.8,0.8,-0.010420571257215627,0.0,0.0,0.0,-0.008336457005772503,-0.008336457005772503,169211.33820536177,-0.008336457005772346
2020-07-22,RECOVERY_RETESTED,5,True,1.0,22.57093420552918,71.80934064132396,70.42810969696234,49.37631441022969,89.10714285714285,0.8,0.8,0.0035227272727273995,0.0,0.0,0.0,0.0028181818181819197,0.0028181818181819197,169688.20652212235,-0.005541768839152139
2020-07-23,RECOVERY_RETESTED,5,True,1.0,22.354810265113503,63.923829641932265,63.57902998583436,58.30767016116281,89.79497354497353,0.8,0.8,-0.02612010719812785,0.0,0.0,0.0,-0.020896085758502284,-0.020896085758502284,166142.38720642962,-0.02632205332073778
2020-07-24,RECOVERY_RETESTED,5,True,1.0,25.58049338435858,54.71737251953707,56.589593695186984,61.56493707218007,90.54232804232804,0.8,0.8,-0.009495755978450426,0.0,0.0,0.0,-0.007596604782760342,-0.007596604782760342,164880.26915315803,-0.033718699867349766
2020-07-27,PANIC_STABILIZING_1,5,True,1.0,28.230387990959553,52.42353964050354,53.50784056964509,64.3832053499422,92.18253968253968,0.8,0.8,0.01784316794490537,0.0,0.0,0.0,0.014274534355924295,0.014274534355924295,167233.85821979883,-0.019925484251119063
2020-07-28,PANIC_STABILIZING_1,5,True,1.0,31.471484080626244,53.345114226219586,55.08025499532459,66.3853160153762,91.85185185185185,0.8,0.8,-0.0127248962017531,0.0,0.0,0.0,-0.01017991696140248,-0.01017991696140248,165531.43142998632,-0.02990256143742942
2020-07-29,PANIC_STABILIZING_2,5,True,1.0,30.32070003360803,59.13794350572699,59.03749745481883,64.5075875491941,90.23809523809526,0.8,0.8,0.011526030917799135,0.0,0.0,0.0,0.009220824734239309,0.009220824734239309,167057.76774720996,-0.020957462981309516
2020-07-30,PANIC_STABILIZING_2,5,True,1.0,27.507516259112037,59.629771582578165,58.591350530778264,63.86471576284694,88.70370370370371,0.8,0.8,0.005235400546637514,0.0,0.0,0.0,0.004188320437310012,0.004188320437310012,167757.459210077,-0.016856919114518143
2020-07-31,PANIC_STABILIZING_2,5,True,1.0,20.748934807080015,65.57660696534136,61.08204380701636,56.437997087061625,82.41402116402116,0.8,0.8,0.017845517558304325,0.0,0.0,0.0,0.014276414046643461,0.014276414046643461,170152.43415717297,-0.0028211614247043437
2020-08-03,PANIC_STABILIZING_2,5,True,1.0,16.03493531901918,67.80543501373965,63.18610110831946,48.647095464720415,81.99074074074075,0.8,0.8,0.013506903946724824,0.0,0.0,0.0,0.01080552315737986,0.01080552315737986,171991.02022474285,0.0
2020-08-04,RECOVERY_RETESTED,5,True,1.0,15.250918086395137,71.81863069060903,66.29891771361673,38.064695027062555,81.39550264550265,0.8,0.8,0.0037122280792931672,0.0,0.0,0.0,0.002969782463434534,0.002969782463434534,172501.7961404745,0.0
2020-08-05,RECOVERY_RETESTED,5,True,1.0,15.314539386237852,73.09437237538664,66.30665019999533,30.283032930695445,85.22486772486774,0.8,0.8,0.0024779939344625745,0.0,0.0,0.0,0.0019823951475700595,0.0019823951475700595,172843.7628640905,0.0
2020-08-06,RECOVERY_RETESTED,5,True,1.0,15.118380200982033,76.87152505785703,66.77766893837206,25.508879660046517,84.62301587301587,0.8,0.8,0.013244788784356976,0.0,0.0,0.0,0.010595831027485582,0.010595831027485582,174675.1861695532,0.0
2020-08-07,RECOVERY_RETESTED,5,True,1.0,16.619596096016778,78.06105369483171,66.33994571317668,28.964692718882986,85.28439153439153,0.8,0.8,-0.01154238275560715,0.0,0.0,0.0,-0.00923390620448572,-0.00923390620448572,173062.25188421248,-0.009233906204485609
2020-08-10,RECOVERY_RETESTED,5,True,1.0,17.929958908718362,78.62437879313784,65.46151589531405,35.223759613411566,88.00925925925925,0.8,0.8,-0.004273032010903677,0.0,0.0,0.0,-0.0034184256087229415,-0.0034184256087229415,172470.6514504682,-0.012620766391770788
2020-08-11,RECOVERY_RETESTED,5,True,1.0,23.845711068645272,69.29502678113859,59.967121110127515,47.03803932395213,91.88492063492062,0.8,0.8,-0.01894121564130069,0.0,0.0,0.0,-0.015152972513040553,-0.015152972513040553,169857.20840973305,-0.027582496778583376
2020-08-12,NORMAL_PARTICIPATION,5,False,0.0,24.049247983702553,66.59589180192262,59.47354917476968,50.38180650187325,90.76058201058201,0.35,0.8,0.025151777970511713,0.0,0.0,0.0,0.020121422376409372,0.020121422376409372,173274.9770438231,-0.008016073470051621
2020-08-13,GREED_EXHAUSTING,0,False,0.0,24.954070997568124,62.400550518506726,60.812974454224495,53.806564622692484,87.99603174603175,0.35,0.35,0.0022805855955270182,0.0,0.45000000000000007,0.00022500000000000005,0.0007982049584344563,0.0005732049584344563,173374.29911983723,-0.007447463364677498
2020-08-14,GREED_EXHAUSTING,0,False,0.0,19.476290543684023,66.97934349630768,64.67685169759274,52.273528810505404,82.64550264550265,0.35,0.35,-0.0011743981209629828,0.0,0.0,0.0,-0.00041103934233704395,-0.00041103934233704395,173303.03546194886,-0.007855441506571026
2020-08-17,GREED_EXHAUSTING,0,False,0.0,17.377770749080913,66.56182783488518,64.58445336596726,49.52925521347066,81.24338624338624,0.35,0.35,0.011610817166372689,0.0,0.0,0.0,0.004063786008230441,0.004063786008230441,174007.301912643,-0.0038235783316235006
2020-08-18,GREED_EXHAUSTING,0,False,0.0,15.008308297597594,67.53677503745793,66.04951122275513,42.82787507797877,78.80952380952381,0.35,0.35,0.009625163446171925,0.0,0.0,0.0,0.0033688072061601737,0.0033688072061601737,174593.4989652508,-0.00046765202370024905
2020-08-19,GREED_EXHAUSTING,0,False,0.0,15.452111628311224,63.843682467372595,67.10521976576369,42.94457322918342,81.17724867724867,0.35,0.35,-0.006727344677483149,0.0,0.0,0.0,-0.002354570637119102,-0.002354570637119102,174182.40623915536,-0.002821121541095817
2020-08-20,GREED_EXHAUSTING,0,False,0.0,19.033289944870106,59.14646020163493,71.1117406356846,43.726707040315226,84.78835978835978,0.35,0.35,0.01387178558493285,0.0,0.0,0.0,0.004855124954726497,0.004855124954726497,175028.08358636138,0.0
2020-08-21,GREED_EXHAUSTING,0,False,0.0,23.961610901880608,55.23178790035248,73.8764246173109,45.02520182512941,90.0132275132275,0.35,0.35,0.006930304004572507,0.0,0.0,0.0,0.0024256064016003774,0.0024256064016003774,175452.6328263683,0.0
2020-08-24,RISK_WARNING,0,False,0.0,30.673279457482163,54.992750878302,78.69665476409521,39.29993984057159,92.72486772486774,0.35,0.35,0.006244013197573395,0.0,0.0,0.0,0.002185404619150688,0.002185404619150688,175836.0678205892,0.0
2020-08-25,RISK_WARNING,0,False,0.0,34.994225003650875,55.41451254497256,81.20616954713118,39.15496981006246,93.5436507936508,0.35,0.35,0.007862355886189887,0.0,0.0,0.0,0.00275182456016646,0.00275182456016646,176319.937830581,0.0
2020-08-26,RISK_WARNING,0,False,0.0,38.92007066460088,54.806829160134676,82.258366029561,37.399908308782464,94.83862433862434,0.35,0.35,0.021339117050304335,0.0,0.0,0.0,0.007468690967606517,0.007468690967606517,177636.81695766523,0.0
2020-08-27,RISK_WARNING,0,False,0.0,40.4485112163451,54.78138000038579,81.96310673979822,40.28149444294197,95.63095238095237,0.35,0.35,-0.003116865324016893,0.0,0.0,0.0,-0.0010909028634059125,-0.0010909028634059125,177443.0324453998,-0.0010909028634059625
2020-08-28,RISK_WARNING,0,False,0.0,41.64203531962839,54.666047922439645,81.90363402903289,38.0221798380139,96.58333333333333,0.35,0.35,0.005085036935234433,0.0,0.0,0.0,0.0017797629273320513,0.0017797629273320513,177758.83897625946,0.0
2020-08-31,RISK_WARNING,0,False,0.0,42.09949230713429,54.41993768014536,81.3107388232113,38.454850968006646,96.91402116402116,0.35,0.35,0.00803336409940858,0.0,0.0,0.0,0.0028116774347930027,0.0028116774347930027,178258.63949264403,0.0
2020-09-01,RISK_WARNING,0,False,0.0,42.4657848414278,54.48762980160615,81.76106920324705,33.7938815499283,97.08597883597884,0.35,0.35,0.01709169831795987,0.0,0.0,0.0,0.0059820944112859535,0.0059820944112859535,179324.99950371642,0.0
2020-09-02,RISK_WARNING,0,False,0.0,42.82632320304986,55.19743349336309,81.42936083039108,32.872328428214615,97.46957671957671,0.35,0.35,0.009469191784475806,0.0,0.0,0.0,0.003314217124566532,0.003314217124566532,179919.32148793456,0.0
2020-09-03,RISK_WARNING,0,False,0.0,47.30547914059878,49.16877967973421,76.56080224065444,42.336149066837486,97.81349206349206,0.35,0.35,-0.0507002246003434,0.0,0.0,0.0,-0.017745078610120188,-0.017745078610120188,176726.63898465165,-0.017745078610120313
2020-09-04,GREED_EXHAUSTING,0,False,0.0,52.84956857595574,40.70607881009446,70.33216447397676,56.26976967239856,98.14417989417989,0.35,0.35,-0.013325910719877654,0.0,0.0,0.0,-0.004664068751957178,-0.004664068751957178,175902.37379012496,-0.02232638309543078
2020-09-08,PANIC_ACCELERATING,6,True,0.0,61.904758581355225,28.26667057157721,60.021703298887964,73.1098305815199,97.41798941798942,0.35,0.35,-0.04806403836659845,0.0,0.0,0.0,-0.016822413428309455,-0.016822413428309455,172943.27133520643,-0.038773212876950236
2020-09-09,PANIC_ACCELERATING,6,True,0.0,64.53427565676732,28.44874333017758,58.03827829803429,77.01048395484982,92.02248677248679,0.35,0.35,0.029375810335247277,0.0,0.0,0.0,0.010281533617336545,0.010281533617336545,174721.39339333153,-0.02889032735126007
2020-09-10,PANIC_ACCELERATING,6,True,0.0,65.5328502358126,30.482337242167052,54.5022006343679,79.41277082375127,86.4021164021164,0.35,0.35,-0.01993666330790278,0.0,0.0,0.0,-0.006977832157765973,-0.006977832157765973,173502.21683586188,-0.03566656765378595
2020-09-11,PANIC_STABILIZING_1,6,True,0.15,59.9624006492325,38.65567169821653,54.5014093538586,78.61286323998787,77.63227513227514,0.4175,0.35,-0.006939854593522754,0.0,0.0,0.0,-0.0024289491077329637,-0.0024289491077329637,173080.7887810887,-0.038008884483840544
2020-09-14,PANIC_STABILIZING_1,6,True,0.15,55.46200350075134,42.97692038579178,52.70088908156527,77.93733943233917,69.97354497354497,0.4175,0.4175,0.01741541874653363,0.0,0.0675,3.375e-05,0.00727093732667779,0.00723718732667779,174333.4068721466,-0.031046774574250313
2020-09-15,PANIC_STABILIZING_1,6,True,0.15,49.682802555703006,48.43409779893724,53.99480202471415,71.1262832489477,62.69179894179894,0.4175,0.4175,0.014173571740078383,0.0,0.0,0.0,0.005917466201482725,0.005917466201482725,175365.01891510186,-0.025313026611975764
2020-09-16,PANIC_STABILIZING_1,6,True,0.15,46.6452796715166,51.06820905045371,52.10803130211307,67.17885779160315,61.46164021164022,0.4175,0.4175,-0.015946391457034248,0.0,0.0,0.0,-0.0066576184333117985,-0.0066576184333117985,174197.5055326146,-0.03180212057271281
2020-09-17,PANIC_STABILIZING_1,6,True,0.15,43.309274736655176,48.97906263418192,47.669218673441094,64.08268893718055,64.23941798941799,0.4175,0.4175,-0.015622155056261633,0.0,0.0,0.0,-0.006522249735989231,-0.006522249735989231,173061.3458981445,-0.038116948936192774
2020-09-18,PANIC_STABILIZING_1,6,True,0.15,42.45825346303242,45.216893596011026,41.585502013511324,64.52583448626676,66.8121693121693,0.4175,0.4175,-0.01276265167209234,0.0,0.0,0.0,-0.005328407073098552,-0.005328407073098552,172139.20459858087,-0.043242253388974916
2020-09-21,PANIC_STABILIZING_1,6,True,0.15,46.25059289065977,39.37277684639224,39.86897753956027,65.68181789780213,68.14814814814815,0.4175,0.4175,0.0038529621163860828,0.0,0.0,0.0,0.0016086116835911895,0.0016086116835911895,172416.10973430224,-0.04170320169941
2020-09-22,PANIC_STABILIZING_1,6,True,0.15,49.953361697089555,38.63065087697267,41.76952465045105,68.76920405962143,65.91269841269842,0.4175,0.4175,0.01857874471982357,0.0,0.0,0.0,0.0077566259205263405,0.0077566259205263405,173753.47700018363,-0.03427005191415433
2020-09-23,PANIC_ACCELERATING,6,True,0.15,52.19791472370472,32.294176048445415,41.85006505328072,75.21942167795551,64.8809523809524,0.36,0.4175,-0.030534351145038108,0.0,0.0,0.0,-0.012748091603053409,-0.012748091603053409,171538.45175903625,-0.046581265756164725
2020-09-24,PANIC_ACCELERATING,6,True,0.15,49.46801551159112,32.05823932870439,41.12911244149644,73.20826450726082,64.2063492063492,0.36,0.36,0.004656268927922369,0.0,0.057499999999999996,2.8749999999999997e-05,0.0016762568140520529,0.001647506814052053,171821.0625271812,-0.04501050189485312
2020-09-25,PANIC_STABILIZING_1,6,True,0.15,47.30457635222566,35.05855335442309,41.60375746452534,68.09429341588927,62.40740740740741,0.4175,0.36,0.02324880364746229,0.0,0.0,0.0,0.008369569313086425,0.008369569313086425,173259.13081945063,-0.03701765109719235
2020-09-28,PANIC_STABILIZING_1,6,True,0.15,45.15259711983725,48.149195284505886,45.94754386977914,56.44875192745858,59.10052910052911,0.4175,0.4175,0.020768890852850053,0.0,0.057499999999999996,2.8749999999999997e-05,0.008671011931064896,0.008642261931064897,174756.48160994097,-0.02869530540298204
2020-09-29,PANIC_STABILIZING_1,6,True,0.15,44.440544991063824,54.86662236529088,49.29799554030253,50.58327830579662,55.0925925925926,0.4175,0.4175,-0.004509379509379463,0.0,0.0,0.0,-0.0018826659451659257,-0.0018826659451659257,174427.47353331692,-0.03052394767387956
2020-09-30,PANIC_STABILIZING_2,6,True,0.4,43.153417236382644,59.419398124240104,50.305000100865676,44.63997356678158,55.3968253968254,0.53,0.4175,0.0068490668599383575,0.0,0.0,0.0,0.0028594854140242642,0.0028594854140242642,174926.24634969054,-0.02775174504300726
2020-10-01,PANIC_STABILIZING_2,6,True,0.4,42.008080227793926,62.379123816873324,52.33055272430234,40.049882877741524,55.66137566137567,0.53,0.53,0.015872444572415878,0.0,0.11250000000000004,5.6250000000000026e-05,0.008412395623380416,0.008356145623380416,176387.95553753988,-0.0196274970425091
2020-10-02,PANIC_STABILIZING_2,6,True,0.4,40.195334497420134,64.8196553977253,50.542917924168194,36.64898889666977,61.23015873015873,0.53,0.53,-0.028131089459698888,0.0,0.0,0.0,-0.014909477413640411,-0.014909477413640411,173758.1032984147,-0.03424433873230803
2020-10-05,PANIC_STABILIZING_2,6,True,0.4,38.32182082372841,68.13572033881103,49.96553928707999,32.153841568377196,64.27248677248677,0.53,0.53,0.02132623673945555,0.0,0.0,0.0,0.011302905471911442,0.011302905471911442,175722.0747149753,-0.02332849378403612
2020-10-06,PANIC_STABILIZING_2,6,True,0.4,39.17300189290168,64.11881738551283,45.03806327874029,36.31862649882681,75.14550264550263,0.53,0.53,-0.017846944603084003,0.0,0.0,0.0,-0.009458880639634522,-0.009458880639634522,174059.9405844974,-0.032566712985464874
2020-10-07,PANIC_STABILIZING_2,6,True,0.4,37.64731606882876,67.16792901181604,46.40810901140198,32.93886945506761,80.3042328042328,0.53,0.53,0.017299026021224018,0.0,0.0,0.0,0.00916848379124873,0.00916848379124873,175655.80632845208,-0.023696816574357737
2020-10-08,PANIC_STABILIZING_2,6,True,0.4,37.04545212000145,67.18540481934626,46.78813164748289,35.0974227871236,87.43386243386244,0.53,0.53,0.005322949414118261,0.0,0.0,0.0,0.0028211631894826785,0.0028211631894826785,176151.36002328483,-0.02094250597150238
2020-10-09,RECOVERY_RETESTED,6,True,1.0,32.29364764496986,75.48480453094997,52.401980090870076,24.904080702749116,83.61111111111111,0.8,0.53,0.015280196155076142,0.0,0.0,0.0,0.008098503962190355,0.008098503962190355,177577.92251037862,-0.013013604976900517
2020-10-12,RECOVERY_RETESTED,6,True,1.0,29.52843893214509,74.2208476142002,59.01337555815348,24.986753771594696,79.10052910052912,0.8,0.8,0.03087046305694585,0.0,0.27,0.000135,0.024696370445556684,0.024561370445556684,181939.47964810836,0.0
2020-10-13,RECOVERY_RETESTED,6,True,1.0,29.78272141080416,71.29852262663105,65.17248703563324,25.808413581128132,77.11640211640211,0.8,0.8,-3.395239873693612e-05,0.0,0.0,0.0,-2.7161918989548894e-05,-2.7161918989548894e-05,181934.53782270118,-2.7161918989437872e-05
2020-10-14,RECOVERY_RETESTED,6,True,1.0,34.01938402571523,63.85134502666759,68.23321013139243,35.966001140928455,78.8888888888889,0.8,0.8,-0.00835257367920672,0.0,0.0,0.0,-0.0066820589433653765,-0.0066820589433653765,180718.84051713595,-0.0067090393648111535
2020-10-15,PANIC_STABILIZING_2,6,True,1.0,38.199574405772154,59.21391909273575,67.56946186867636,43.95490977273727,83.04232804232805,0.8,0.8,-0.006710949804834554,0.0,0.0,0.0,-0.005368759843867643,-0.005368759843867643,179748.60446313722,-0.012041779987546075
2020-10-16,PANIC_STABILIZING_2,6,True,1.0,41.69135261706821,55.1191800395039,64.4785259207005,52.394224153898506,86.2962962962963,0.8,0.8,-0.005480868665977412,0.0,0.0,0.0,-0.0043846949327819296,-0.0043846949327819296,178960.46166797305,-0.0163736753886351
2020-10-19,PANIC_STABILIZING_2,6,True,1.0,43.04308694907882,49.711420808966714,57.276061253150765,55.76768869707323,89.52380952380952,0.8,0.8,-0.016325257356764045,0.0,0.0,0.0,-0.013060205885411236,-0.013060205885411236,176623.20119324108,-0.029220037702369805
2020-10-20,PANIC_STABILIZING_1,6,True,1.0,43.83469343682193,51.999002051886144,51.03400227392685,57.50263690850098,90.62830687830687,0.8,0.8,0.002149400986610317,0.0,0.0,0.0,0.0017195207892882537,0.0017195207892882537,176926.9084595635,-0.0275507613753746
2020-10-21,PANIC_STABILIZING_1,6,True,1.0,44.26672858352728,53.72329078301681,48.48452525623335,58.76139765926664,92.18915343915346,0.8,0.8,-0.0007735311697901759,0.0,0.0,0.0,-0.0006188249358321408,-0.0006188249358321408,176817.42167678903,-0.028152537213066542
2020-10-22,PANIC_STABILIZING_2,6,True,1.0,41.86291670183653,59.2438099092463,48.88098272991377,61.02553281518647,93.18121693121695,0.8,0.8,-3.5187726521002105e-05,0.0,0.0,0.0,-2.8150181216801686e-05,-2.8150181216801686e-05,176812.44423432654,-0.028179894895259072
2020-10-23,PANIC_STABILIZING_2,6,True,1.0,40.04558169765942,59.31363230746803,48.57914353971832,61.80419837114339,94.51058201058201,0.8,0.8,0.0019705820254767303,0.0,0.0,0.0,0.0015764656203813843,0.0015764656203813843,177091.18297391754,-0.02664785391036606
2020-10-26,PANIC_STABILIZING_2,6,True,1.0,39.78246946171546,53.302730016397106,43.78850750616917,62.95125591350532,95.23809523809524,0.8,0.8,-0.014996136826578521,0.0,0.0,0.0,-0.011996909461262818,-0.011996909461262818,174966.63608539154,-0.03832507148092923
2020-10-27,PANIC_STABILIZING_1,6,True,1.0,43.90241892960815,47.342983563512895,42.38826518498761,64.68462874309216,96.1772486772487,0.8,0.8,0.007808321745641278,0.0,0.0,0.0,0.006246657396513023,0.006246657396513023,176059.59271683733,-0.03231781767565456
2020-10-28,PANIC_STABILIZING_1,6,True,1.0,51.87006573705821,35.420968700516966,37.54862789713431,70.64925436366615,97.71031746031747,0.8,0.8,-0.03898676855586225,0.0,0.0,0.0,-0.031189414844689803,-0.031189414844689803,170568.39704220477,-0.06249925869798334
2020-10-29,PANIC_STABILIZING_1,6,True,1.0,54.68435820889628,34.57594683668764,35.11992678381049,72.32491505674216,97.68386243386244,0.8,0.8,0.017486379031070642,0.0,0.0,0.0,0.013989103224856515,0.013989103224856515,172954.49595532648,-0.0493844640545299
2020-10-30,PANIC_ACCELERATING,6,True,1.0,57.21965286831922,29.388248330029494,28.92894687793169,76.2017265924519,97.97486772486774,0.36,0.8,-0.02536271210969998,0.0,0.0,0.0,-0.020290169687759985,-0.020290169687759985,169445.2198841319,-0.0686726145866845
2020-11-02,PANIC_STABILIZING_1,6,True,1.0,55.688503767838945,35.639696714935326,26.898555968420343,71.70311279551242,97.78968253968253,0.8,0.36,0.0022273368475760336,0.0,0.44000000000000006,0.00022000000000000003,0.0008018412651273721,0.000581841265127372,169543.81010523907,-0.06813072988250779
2020-11-03,PANIC_STABILIZING_1,6,True,1.0,54.46335663083486,41.02848808302525,26.234508397238347,68.17014408542929,97.6574074074074,0.8,0.8,0.017297577598340386,0.0,0.44000000000000006,0.00022000000000000003,0.01383806207867231,0.01361806207867231,171852.66823630684,-0.05544047631284077
2020-11-04,PANIC_STABILIZING_2,6,True,1.0,46.299977074133274,56.43920008230048,33.178247434767755,56.894504272972036,88.02777777777779,0.8,0.8,0.04463863098489007,0.0,0.0,0.0,0.03571090478791206,0.03571090478791206,177989.68250924224,-0.021709401095933
2020-11-05,PANIC_STABILIZING_2,6,True,1.0,37.979056427203155,67.17607473292827,45.4614568690175,45.70882950088813,75.9920634920635,0.8,0.8,0.02607089331149126,0.0,0.0,0.0,0.02085671464919301,0.02085671464919301,181701.96252783795,-0.001305473230602816
2020-11-06,RECOVERY_RETESTED,6,True,1.0,30.50726645292526,73.98211500521693,57.46823667287049,34.34756015000764,60.97883597883598,0.8,0.8,0.0007473079927986515,0.0,0.0,0.0,0.0005978463942389212,0.0005978463942389212,181810.59239096133,-0.0007084073088277076
2020-11-09,RECOVERY_RETESTED,6,True,1.0,29.42195836740855,79.5960297277533,56.611788391751446,29.925485336051818,58.10846560846562,0.8,0.8,-0.02043379382913013,0.0,0.0,0.0,-0.016347035063304104,-0.016347035063304104,178838.5282622662,-0.017043862013015332
2020-11-10,RECOVERY_RETESTED,6,True,1.0,29.73271102054071,80.60081355474813,48.05470224130454,31.98424450979026,58.743386243386254,0.8,0.8,-0.017914688658650535,0.0,0.0,0.0,-0.014331750926920428,-0.014331750926920428,176275.45901907436,-0.031131344554732432
2020-11-11,RECOVERY_RETESTED,6,True,1.0,29.04134404699307,85.75031182582887,41.81030251604738,32.3702111004012,58.63756613756615,0.8,0.8,0.022369628113753315,0.0,0.0,0.0,0.01789570249100265,0.01789570249100265,179430.03219014467,-0.013792759344026018
2020-11-12,RECOVERY_RETESTED,6,True,1.0,29.61495479788968,81.95231675779912,41.639888756865396,37.39012883793661,56.26984126984127,0.8,0.8,-0.004693539480949749,0.0,0.0,0.0,-0.0037548315847597993,-0.0037548315847597993,178756.30263802264,-0.017495801440360004
2020-11-13,RECOVERY_RETESTED,6,True,1.0,27.689089922024806,82.89420373333456,45.89733995662581,38.81837408172425,51.296296296296305,0.8,0.8,0.008772538141470276,0.0,0.0,0.0,0.007018030513176222,0.007018030513176222,180010.81982435886,-0.01060055699554463
2020-11-16,RECOVERY_RETESTED,6,True,1.0,25.407076158949803,83.49855260308745,48.14359576884926,38.92943876123898,49.576719576719576,0.8,0.8,0.007802564190698691,0.0,0.0,0.0,0.006242051352558953,0.006242051352558953,181134.45660571873,-0.004424674864117684
2020-11-17,RECOVERY_RETESTED,6,True,1.0,21.64511391658395,87.07424805770484,50.33205437436362,33.00847789261314,47.26190476190476,0.8,0.8,-0.0031718963165074943,0.0,0.0,0.0,-0.0025375170532059956,-0.0025375170532059956,180674.82483315852,-0.006950964229401002
2020-11-18,RECOVERY_RETESTED,6,True,1.0,21.13462202752063,84.81424169693534,48.86494708994713,33.86451133092047,46.52116402116402,0.8,0.8,-0.007390426660279781,0.0,0.0,0.0,-0.005912341328223825,-0.005912341328223825,179606.61359932783,-0.012822209084540459
2020-11-19,RECOVERY_RETESTED,6,True,1.0,21.565320633246902,81.05259291779986,47.08916827374775,34.1236108355802,45.98544973544974,0.8,0.8,0.007824618248250648,0.0,0.0,0.0,0.006259694598600519,0.006259694598600519,180730.89614834846,-0.0066427775988885385
2020-11-20,NORMAL_PARTICIPATION,6,False,0.0,22.876106711057208,75.13846361059962,44.604045335683644,38.98198168077115,45.49603174603175,0.35,0.8,-0.006840413160954961,0.0,0.0,0.0,-0.005472330528763969,-0.005472330528763969,179741.87694786498,-0.012078756653002398
2020-11-23,NORMAL_PARTICIPATION,0,False,0.0,22.783450235043222,74.02964046043984,44.49227284891115,40.44083009162885,45.07275132275132,0.35,0.35,3.443763344579409e-05,0.0,0.45000000000000007,0.00022500000000000005,1.205317170602793e-05,-0.0002129468282939721,179703.60148525733,-0.012289131348377391
2020-11-24,NORMAL_PARTICIPATION,0,False,0.0,21.164564325728623,76.07101450587892,45.24291938997826,41.535644565898274,44.642857142857146,0.35,0.35,0.014050070594717523,0.0,0.0,0.0,0.004917524708151133,0.004917524708151133,180587.29838570484,-0.007432038747273495
2020-11-25,NORMAL_PARTICIPATION,0,False,0.0,17.226504240523884,81.46441250853502,48.942328042328086,35.502512836709876,45.502645502645514,0.35,0.35,0.0061466363296769355,0.0,0.0,0.0,0.0021513227153869274,0.0021513227153869274,180975.79994283235,-0.005296704745665237
2020-11-27,NORMAL_PARTICIPATION,0,False,0.0,12.934393543675457,86.61780256411748,53.02500000000004,27.69383215536007,47.083333333333336,0.35,0.35,0.009214256784123132,0.0,0.0,0.0,0.0032249898744430958,0.0032249898744430958,181559.44506516724,-0.0020887966903948563
2020-11-30,NORMAL_PARTICIPATION,0,False,0.0,11.68389335861645,84.94553816782656,55.10516979406389,25.53183853956898,53.28042328042329,0.35,0.35,0.0020400655496473075,0.0,0.0,0.0,0.0007140229423765576,0.0007140229423765576,181689.0826743489,-0.0013762651967772488
2020-12-01,NORMAL_PARTICIPATION,0,False,0.0,12.19575035853495,81.47508099962901,56.448067835360256,25.01192782461203,58.92857142857144,0.35,0.35,0.012816233896268514,0.0,0.0,0.0,0.004485681863693979,0.004485681863693979,182504.08209733243,0.0
2020-12-02,NORMAL_PARTICIPATION,0,False,0.0,13.78868839326528,76.0151346603118,56.8163973894041,26.787591300894295,64.37169312169313,0.35,0.35,0.001285177618137734,0.0,0.0,0.0,0.0004498121663482068,0.0004498121663482068,182586.17465386802,0.0
2020-12-03,NORMAL_PARTICIPATION,0,False,0.0,15.294366361219462,73.57385246217628,57.924052031056256,26.5410688839915,72.31481481481482,0.35,0.35,0.0014151719598485268,0.0,0.0,0.0,0.0004953101859469844,0.0004953101859469844,182676.6114459872,0.0
2020-12-04,RANGE_CARRY,0,False,0.0,15.270462296948905,75.45187429984391,58.513693672299574,24.065118862403896,80.23809523809524,0.35,0.35,0.004075193900354934,0.0,0.0,0.0,0.001426317865124227,0.001426317865124227,182937.16636043292,0.0
2020-12-07,GREED_TREND,0,False,0.0,14.391637617998597,79.7822837016883,60.24155260649624,19.5520537460887,87.59920634920634,0.35,0.35,0.005662477088242968,0.0,0.0,0.0,0.0019818669808850387,0.0019818669808850387,183299.72349001936,0.0
2020-12-08,GREED_TREND,0,False,0.0,12.6374009919722,83.01647494423689,62.050091215895584,17.69772815844786,88.16137566137566,0.35,0.35,0.0033848657445076924,0.0,0.0,0.0,0.0011847030105776922,0.0011847030105776922,183516.87922427602,0.0
2020-12-09,GREED_TREND,0,False,0.0,15.764185173310482,72.21158471235549,60.894362346939566,28.590789806955417,89.39153439153439,0.35,0.35,-0.022641019819001684,0.0,0.0,0.0,-0.00792435693665059,-0.00792435693665059,182062.62596940267,-0.007924356936650612
2020-12-10,RANGE_CARRY,0,False,0.0,18.714471440387793,64.22267915306203,58.35578260177908,38.76879904510012,90.47486772486774,0.35,0.35,0.004015797683448952,0.0,0.0,0.0,0.001405529189207133,0.001405529189207133,182318.5203044664,-0.006529965662423476
2020-12-11,RANGE_CARRY,0,False,0.0,23.026537105383454,53.791444376088954,54.51220758820076,53.39649789534258,91.69708994708996,0.35,0.35,-0.0022147296046540754,0.0,0.0,0.0,-0.0007751553616289264,-0.0007751553616289264,182177.19512592812,-0.007300059286157956
2020-12-14,RANGE_CARRY,0,False,0.0,23.19420787326564,54.64896332740566,53.58410996991618,55.67276409797776,91.77513227513226,0.35,0.35,0.007255259234719258,0.0,0.0,0.0,0.00253934073215174,0.00253934073215174,182639.8050979805,-0.00477925589189887
2020-12-15,RANGE_CARRY,0,False,0.0,22.40033498562151,54.487314055883274,55.024441688801694,56.02434233564937,91.3994708994709,0.35,0.35,0.010689382975924255,0.0,0.0,0.0,0.003741284041573489,0.003741284041573489,183323.1124861497,-0.0010558524041242023
2020-12-16,NORMAL_PARTICIPATION,0,False,0.0,18.75343747440921,58.18988793366498,58.00847234656256,47.70352256186418,91.03042328042328,0.35,0.35,0.005499690845780947,0.0,0.0,0.0,0.0019248917960233312,0.0019248917960233312,183675.98964139572,0.0
2020-12-17,GREED_EXHAUSTING,0,False,0.0,14.559233602125197,62.76184541414056,61.89718177042605,40.59832866490914,90.02645502645504,0.35,0.35,0.006537639976697429,0.0,0.0,0.0,0.0022881739918441,0.0022881739918441,184096.27226381938,0.0
2020-12-18,GREED_TREND,0,False,0.0,11.660797781531647,67.34216976759008,63.03498504930599,34.78356131663616,89.45105820105822,0.35,0.35,-0.00302250803858517,0.0,0.0,0.0,-0.0010578778135048093,-0.0010578778135048093,183901.52090184257,-0.0010578778135047484
2020-12-21,GREED_TREND,0,False,0.0,12.46915295292595,66.18395616399106,61.60619494137112,36.471151130298985,89.60185185185186,0.35,0.35,-0.0018663161968650588,0.0,0.0,0.0,-0.0006532106689027705,-0.0006532106689027705,183781.39446636202,-0.001710397465333413
2020-12-22,GREED_EXHAUSTING,0,False,0.0,14.252507573451624,59.890039077123426,60.83276933876751,41.38090268933018,90.05026455026456,0.35,0.35,0.0027191505891492884,0.0,0.0,0.0,0.0009517027062022509,0.0009517027062022509,183956.29971682528,-0.0007603225490275811
2020-12-23,RANGE_CARRY,0,False,0.0,16.4831387416242,49.66700214405228,59.6791460663188,50.771498956400016,90.255291005291,0.35,0.35,-0.005036157024793431,0.0,0.0,0.0,-0.0017626549586777006,-0.0017626549586777006,183632.04823294943,-0.002521637321393988
2020-12-24,GREED_EXHAUSTING,0,False,0.0,15.436695805648176,48.671205174286875,60.436036409977305,53.89048087878686,89.09920634920637,0.35,0.35,0.004412719013627608,0.0,0.0,0.0,0.0015444516547696628,0.0015444516547696628,183915.65905371154,-0.0009810802135581387
2020-12-28,GREED_EXHAUSTING,0,False,0.0,13.93666006984652,51.67871058606196,60.86422844661251,53.8018595501645,88.00925925925928,0.35,0.35,0.01007882155317219,0.0,0.0,0.0,0.003527587543610266,0.003527587543610266,184564.4376416643,0.0
2020-12-29,GREED_EXHAUSTING,0,False,0.0,11.832168648293086,56.511254349416554,61.622655734168,49.63576844121133,87.7579365079365,0.35,0.35,0.000895484201099972,0.0,0.0,0.0,0.0003134194703849902,0.0003134194703849902,184622.2837299618,0.0
2020-12-30,GREED_EXHAUSTING,0,False,0.0,11.861152646728208,59.157985814683805,60.48733767714484,43.67617458366897,88.01587301587301,0.35,0.35,3.195296523528235e-05,0.0,0.0,0.0,1.1183537832348821e-05,1.1183537832348821e-05,184624.34846025656,0.0
2020-12-31,RANGE_CARRY,0,False,0.0,12.10555815526268,60.100026575575235,58.12488017048549,38.12829490042119,88.64285714285715,0.35,0.35,0.0024602997092373347,0.0,0.0,0.0,0.000861104898233067,0.000861104898233067,184783.32939104878,0.0
2021-01-04,RANGE_CARRY,0,False,0.0,17.677750245190975,50.806698801480046,53.58256181289202,44.326927266159146,89.97089947089948,0.35,0.35,-0.014119971951297328,0.0,0.0,0.0,-0.0049419901829540645,-0.0049419901829540645,183870.13199122465,-0.004941990182954048
2021-01-05,RANGE_CARRY,0,False,0.0,22.851885726475086,44.917589401922015,52.75320674091759,50.24742178258549,90.87566137566138,0.35,0.35,0.008244156348000464,0.0,0.0,0.0,0.002885454721800162,0.002885454721800162,184400.68093177676,-0.002070795350062382
2021-01-06,RANGE_CARRY,0,False,0.0,27.8314666147897,38.825375362978555,48.36977689701961,60.138022244723366,91.73015873015873,0.35,0.35,-0.013852369653049368,0.0,0.0,0.0,-0.004848329378567278,-0.004848329378567278,183506.64569298743,-0.006909084830696854
2021-01-07,RANGE_CARRY,0,False,0.0,23.381615696513283,51.75845763244272,50.679740722486464,51.03445399894935,89.85978835978837,0.35,0.35,0.0241919750276387,0.0,0.0,0.0,0.008467191259673545,0.008467191259673545,185060.4315594911,0.0
2021-01-08,NORMAL_PARTICIPATION,0,False,0.0,18.97436685068494,60.239508999496174,54.21940115771889,45.17896525731745,89.38492063492065,0.35,0.35,0.012857959235506922,0.0,0.0,0.0,0.004500285732427422,0.004500285732427422,185893.25637927512,0.0
2021-01-11,RANGE_CARRY,0,False,0.0,14.581791805282785,68.73264910316944,57.278754060471435,40.37597971191092,88.9021164021164,0.35,0.35,-0.014450051719273938,0.0,0.0,0.0,-0.005057518101745878,-0.005057518101745878,184953.09787014444,-0.005057518101745928
2021-01-12,RANGE_CARRY,0,False,0.0,14.370016885355694,67.36686456002998,55.04576254125927,44.342139302759676,89.61640211640213,0.35,0.35,-0.0015902296291584461,0.0,0.0,0.0,-0.0005565803702054561,-0.0005565803702054561,184850.1566064612,-0.005611283556654079
2021-01-13,RANGE_CARRY,0,False,0.0,13.18185607962576,65.5516016531095,50.4667330094872,45.260309133541476,89.06084656084657,0.35,0.35,0.0067533129459735886,0.0,0.0,0.0,0.0023636595310907557,0.0023636595310907557,185287.0794409477,-0.0032608871894235225
2021-01-14,RANGE_CARRY,0,False,0.0,14.614981121292638,63.07795981935493,47.89006601540249,46.55552109484277,88.9021164021164,0.35,0.35,-0.005347424376661136,0.0,0.0,0.0,-0.0018715985318313976,-0.0018715985318313976,184940.2964150987,-0.0051263826495787645
2021-01-15,RANGE_CARRY,0,False,0.0,18.034792766762177,56.207501680627786,45.22610172793799,51.37940900684472,89.35185185185185,0.35,0.35,-0.007921107046286013,0.0,0.0,0.0,-0.0027723874662001044,-0.0027723874662001044,184427.57025532215,-0.007884557796774216
2021-01-19,RANGE_CARRY,0,False,0.0,18.171930838409803,57.03705736104636,44.20519179865041,53.108673862691,89.52380952380952,0.35,0.35,0.014589880074392436,0.0,0.0,0.0,0.005106458026037352,0.005106458026037352,185369.341901675,-0.002818361934179947
2021-01-20,RANGE_CARRY,0,False,0.0,15.231725711275528,60.615161500855415,49.716288819440656,47.31043997074867,87.43386243386243,0.35,0.35,0.02326095888246238,0.0,0.0,0.0,0.008141335608861832,0.008141335608861832,186878.49592569037,0.0
2021-01-21,NORMAL_PARTICIPATION,0,False,0.0,10.570272836664758,69.63320414918728,58.00359470833444,35.85497417153018,85.41005291005293,0.35,0.35,0.007999505822034347,0.0,0.0,0.0,0.0027998270377120214,0.0027998270377120214,187401.7233913501,0.0
2021-01-22,GREED_TREND,0,False,0.0,10.567555513136769,69.08099396280575,62.35358066859001,33.449024639787844,85.25132275132275,0.35,0.35,-0.0028802549332025418,0.0,0.0,0.0,-0.0010080892266208896,-0.0010080892266208896,187212.80573294908,-0.0010080892266208785
2021-01-25,GREED_TREND,0,False,0.0,11.088597896334775,66.24504840012143,63.3689579661679,30.93230598477987,87.07671957671958,0.35,0.35,0.008266240550673043,0.0,0.0,0.0,0.002893184192735565,0.002893184192735565,187754.4468631733,0.0
2021-01-26,GREED_TREND,0,False,0.0,13.305427864438919,62.24414192676005,63.69800161750934,31.13405279348395,88.80952380952381,0.35,0.35,0.001462924019383527,0.0,0.0,0.0,0.0005120234067842343,0.0005120234067842343,187850.58153469508,0.0
2021-01-27,RANGE_CARRY,0,False,0.0,23.86196797623282,48.942533263644584,57.91339422975244,40.58949351212014,92.16798941798942,0.35,0.35,-0.02787668523083464,0.0,0.0,0.0,-0.009756839830792124,-0.009756839830792124,186017.7534985399,-0.009756839830792119
2021-01-28,RISK_WARNING,0,False,0.0,31.903481866637872,43.63758267357235,52.144516737289734,51.66736736971314,94.27116402116401,0.35,0.35,0.005916789280906665,0.0,0.0,0.0,0.0020708762483173325,0.0020708762483173325,186402.97324602536,-0.007706168790339141
2021-01-29,RISK_WARNING,0,False,0.0,41.43383169288333,32.73646357708153,43.68870609263615,68.08176358000189,96.65211640211639,0.35,0.35,-0.021038217353417155,0.0,0.0,0.0,-0.007363376073696004,-0.007363376073696004,185030.4180527598,-0.015012801445144386
2021-02-01,RISK_WARNING,0,False,0.0,37.69616311740493,39.58067800473006,46.55171291887434,68.96994393540949,94.92063492063492,0.35,0.35,0.024987283825025575,0.0,0.0,0.0,0.00874554933875895,0.00874554933875895,186648.6107030114,-0.006398547302136959
2021-02-02,RISK_WARNING,0,False,0.0,30.836521970144997,46.35317505069013,51.78742098094165,67.4544167526923,88.1878306878307,0.35,0.35,0.01631412443396818,0.0,0.0,0.0,0.005709943551888863,0.005709943551888863,187714.36373416407,-0.0007251390941573899
2021-02-03,NORMAL_PARTICIPATION,0,False,0.0,19.454477431775718,61.258173287336156,58.52991820047291,58.30512004663921,79.9404761904762,0.35,0.35,-0.00396728515625,0.0,0.0,0.0,-0.0013885498046875,-0.0013885498046875,187453.71299106395,-0.002112682007097355
2021-02-04,GREED_EXHAUSTING,0,False,0.0,15.146247523443265,68.84143721023061,64.66287554109722,49.35920358488864,70.32407407407408,0.35,0.35,0.01182670506771255,0.0,0.0,0.0,0.004139346773699392,0.004139346773699392,188229.64891315147,0.0
2021-02-05,GREED_TREND,0,False,0.0,15.304628402288964,71.26280295454673,67.36906610953035,39.98052076245389,65.68121693121694,0.35,0.35,0.0033914728682171713,0.0,0.0,0.0,0.00118701550387601,0.00118701550387601,188453.0804247005,0.0
2021-02-08,GREED_TREND,0,False,0.0,14.56196139646807,74.64250895918973,69.74579895780626,29.781153865079556,63.597883597883616,0.35,0.35,0.006699661999034268,0.0,0.0,0.0,0.0023448816996619933,0.0023448816996619933,188894.98060423337,0.0
2021-02-09,GREED_TREND,0,False,0.0,13.11684726384258,75.61942788022817,69.13949064850102,27.607860479148815,66.72619047619048,0.35,0.35,-0.00020984471491092282,0.0,0.0,0.0,-7.344565021882298e-05,-7.344565021882298e-05,188881.1070895598,-7.344565021882854e-05
2021-02-10,GREED_TREND,0,False,0.0,13.84298654194582,75.18105378638002,68.27284099725419,30.906645771874935,72.24867724867725,0.35,0.35,-0.002278792240112737,0.0,0.0,0.0,-0.0007975772840394579,-0.0007975772840394579,188730.45980916094,-0.0008709643556761293
2021-02-11,GREED_TREND,0,False,0.0,15.778933643460448,71.969574513115,68.8851509456179,33.997733578647654,75.7010582010582,0.35,0.35,0.005499624342599541,0.0,0.0,0.0,0.001924868519909839,0.001924868519909839,189093.7411299957,0.0
2021-02-12,GREED_TREND,0,False,0.0,17.584972914948555,70.93767282132656,70.62541762107713,33.47167795312005,75.61507936507937,0.35,0.35,0.005589096778050084,0.0,0.0,0.0,0.0019561838723175296,0.0019561838723175296,189463.6432567504,0.0
2021-02-16,GREED_TREND,0,False,0.0,19.358998464468687,68.61625359555929,71.02262360299305,36.99170968509916,77.97619047619048,0.35,0.35,-0.00270471095259317,0.0,0.0,0.0,-0.0009466488334076094,-0.0009466488334076094,189284.28771988823,-0.0009466488334076706
2021-02-17,GREED_EXHAUSTING,0,False,0.0,21.45451844443146,64.4120680929701,69.13972951779898,45.99550034708765,80.62169312169313,0.35,0.35,-0.004798235679799756,0.0,0.0,0.0,-0.0016793824879299145,-0.0016793824879299145,188966.40700185116,-0.002624441535864497
2021-02-18,GREED_EXHAUSTING,0,False,0.0,19.121432913371294,56.51969875707311,63.14537993245198,55.900210712994586,84.78835978835978,0.35,0.35,-0.004372173808881996,0.0,0.0,0.0,-0.0015302608331086986,-0.0015302608331086986,188677.23911044296,-0.004150686288882044
2021-02-19,RANGE_CARRY,0,False,0.0,16.601630966335637,52.51571439759417,56.177885007096585,59.50750441868268,85.22486772486774,0.35,0.35,-0.004361295756008188,0.0,0.0,0.0,-0.0015264535146028656,-0.0015264535146028656,188389.23207567725,-0.005670803973811256
2021-02-22,RANGE_CARRY,0,False,0.0,20.715685052688215,47.39832327040099,47.5779665812629,63.954502155751435,87.44708994708996,0.35,0.35,-0.02591988399492473,0.0,0.0,0.0,-0.009071959398223655,-0.009071959398223655,186680.17261122417,-0.014691318068629222
2021-02-23,RANGE_CARRY,0,False,0.0,26.89682539682541,47.01331296345828,41.1920431544281,66.38308372260946,89.08730158730161,0.35,0.35,-0.0029772981019724476,0.0,0.0,0.0,-0.0010420543356903565,-0.0010420543356903565,186485.64172796722,-0.015718063252629255
2021-02-24,NORMAL_PARTICIPATION,0,False,0.0,29.65714285714287,49.60003284208921,38.8079302564034,67.28916584921545,88.16137566137566,0.35,0.35,0.008243125544357355,0.0,0.0,0.0,0.002885093940525074,0.002885093940525074,187023.67032291152,-0.012878317401150974
2021-02-25,RISK_WARNING,0,False,0.0,34.61798941798943,47.50868718453017,35.44696833447026,68.25592094796065,89.84126984126983,0.35,0.35,-0.03486255514762604,0.0,0.0,0.0,-0.012201894301669113,-0.012201894301669113,184741.62726572115,-0.02492307183510789
2021-02-26,RISK_WARNING,0,False,0.0,39.19735449735452,48.11557751025145,32.99520166115666,66.97871236149598,90.92592592592594,0.35,0.35,0.004187577917718954,0.0,0.0,0.0,0.0014656522712016339,0.0014656522712016339,185012.3942513086,-0.0234939481207469
2021-03-01,RISK_WARNING,0,False,0.0,37.750000000000014,49.21966856993635,32.94263501995848,65.19811118959353,87.28174603174604,0.35,0.35,0.03008212898707585,0.0,0.0,0.0,0.010528745145476547,0.010528745145476547,186960.34259913507,-0.013212564767494661
2021-03-02,RISK_WARNING,0,False,0.0,30.77222222222224,55.857597675770116,34.61400784809957,62.798091008313236,83.43253968253968,0.35,0.35,-0.01603881454927536,0.0,0.0,0.0,-0.005613585092246375,-0.005613585092246375,185910.8248070793,-0.01875198000313183
2021-03-03,RISK_WARNING,0,False,0.0,31.01878306878308,52.29757395135662,32.867188001837036,65.23169576803515,83.10185185185185,0.35,0.35,-0.02902010050251247,0.0,0.0,0.0,-0.010157035175879363,-0.010157035175879363,184022.52201993705,-0.02871855065850204
2021-03-04,RISK_WARNING,0,False,0.0,38.237566137566155,44.604171990555535,25.277381131887683,69.48516190895451,90.10582010582011,0.35,0.35,-0.016366929745115777,0.0,0.0,0.0,-0.005728425410790522,-0.005728425410790522,182968.36272864026,-0.034282463993939416
2021-03-05,RISK_WARNING,0,False,0.0,40.14444444444445,44.44397181442044,22.683644260721078,66.26843534288233,90.03968253968254,0.35,0.35,0.015060835251561988,0.0,0.0,0.0,0.005271292338046695,0.005271292338046695,183932.8424571967,-0.02919188454567334
2021-03-08,RISK_WARNING,0,False,0.0,40.612433862433875,44.3260741992711,21.095537908476746,66.18611354635215,88.14153439153439,0.35,0.35,-0.028314111701438383,0.0,0.0,0.0,-0.009909939095503433,-0.009909939095503433,182110.07919078306,-0.03881253384324612
2021-03-09,RISK_WARNING,0,False,0.0,38.95634920634922,47.999823675005416,24.502559329007358,61.64258620568216,77.30820105820106,0.35,0.35,0.03944122157764873,0.0,0.0,0.0,0.013804427552177055,0.013804427552177055,184624.00458549347,-0.02554389110262445
2021-03-10,RISK_WARNING,0,False,0.0,37.05793650793652,49.202708466954086,25.55454485774547,60.26996123984071,68.57804232804233,0.35,0.35,-0.002854668505629099,0.0,0.0,0.0,-0.0009991339769701846,-0.0009991339769701846,184439.5404695478,-0.026517503310090063
2021-03-11,NORMAL_PARTICIPATION,0,False,0.0,28.972751322751332,63.196335443885836,30.93904549093703,49.8994703173889,56.26984126984127,0.35,0.35,0.02303139475038618,0.0,0.0,0.0,0.008060988162635162,0.008060988162635162,185926.3054219947,-0.01867027242774011
2021-03-12,NORMAL_PARTICIPATION,0,False,0.0,24.93333333333334,69.79018096526617,33.18939687354887,45.40364873135692,52.6984126984127,0.35,0.35,-0.008112187146271044,0.0,0.0,0.0,-0.0028392655011948652,-0.0028392655011948652,185398.41127724544,-0.02145652806853282
2021-03-15,NORMAL_PARTICIPATION,0,False,0.0,22.951058201058213,73.18584441891758,36.751797497671674,40.00331021330977,49.10052910052911,0.35,0.35,0.01068281240093838,0.0,0.0,0.0,0.0037389843403284324,0.0037389843403284324,186091.6130337328,-0.017797769350650583
2021-03-16,NORMAL_PARTICIPATION,0,False,0.0,22.345238095238106,71.68631750258392,38.99734331679684,36.440544867723396,48.54497354497355,0.35,0.35,0.005488818492613623,0.0,0.0,0.0,0.001921086472414768,0.001921086472414768,186449.11111416176,-0.015910873932174496
2021-03-17,NORMAL_PARTICIPATION,0,False,0.0,20.78968253968255,74.57944405795561,42.17044805370214,32.951287023754645,46.81216931216932,0.35,0.35,0.004117536964252322,0.0,0.0,0.0,0.0014411379374883126,0.0014411379374883126,186717.81000159934,-0.014492665758728429
2021-03-18,NORMAL_PARTICIPATION,0,False,0.0,24.216402116402126,68.1272308889751,39.29814574789307,37.555275316813116,47.60582010582011,0.35,0.35,-0.03063063063063054,0.0,0.0,0.0,-0.010720720720720688,-0.010720720720720688,184716.06050698762,-0.025058014657351024
2021-03-19,NORMAL_PARTICIPATION,0,False,0.0,26.22883597883599,64.53251630882808,36.27773801831897,39.39061576969869,47.18253968253969,0.35,0.35,0.003525189078323221,0.0,0.0,0.0,0.0012338161774131272,0.0012338161774131272,184943.96617066913,-0.02385511546379615
2021-03-22,NORMAL_PARTICIPATION,0,False,0.0,26.705555555555563,60.30681105981899,35.822549503576084,43.576119239142514,45.91931216931217,0.35,0.35,0.018728619786676948,0.0,0.0,0.0,0.0065550169253369315,0.0065550169253369315,186156.27699915683,-0.017456469224080173
2021-03-23,NORMAL_PARTICIPATION,0,False,0.0,24.206084656084666,61.92521432855121,38.69561597120188,46.04527308933026,43.90873015873017,0.35,0.35,-0.004362700480210924,0.0,0.0,0.0,-0.0015269451680738231,-0.0015269451680738231,185872.02657148635,-0.018956759320820638
2021-03-24,NORMAL_PARTICIPATION,0,False,0.0,25.93306878306879,55.85246284676358,38.29391329402204,57.81451734240619,43.445767195767196,0.35,0.35,-0.01686526700712443,0.0,0.0,0.0,-0.00590284345249355,-0.00590284345249355,184774.85309643712,-0.02474770399067694
2021-03-25,NORMAL_PARTICIPATION,0,False,0.0,27.466137566137576,47.37339057488824,34.61304448803947,62.760241071010654,44.78835978835979,0.35,0.35,-0.0017314906852214929,0.0,0.0,0.0,-0.0006060217398275225,-0.0006060217398275225,184662.87551848727,-0.02533872808387516
2021-03-26,NORMAL_PARTICIPATION,0,False,0.0,26.023015873015883,50.25038612751029,34.97516713036748,59.45584156138642,43.70370370370372,0.35,0.35,0.01500016060129128,0.0,0.0,0.0,0.005250056210451947,0.005250056210451947,185632.36599494301,-0.0202217016201649
2021-03-29,NORMAL_PARTICIPATION,0,False,0.0,24.282275132275146,55.1689745847682,35.78307099604107,52.17199660047283,43.45238095238096,0.35,0.35,-0.0002848101265822134,0.0,0.0,0.0,-9.968354430377467e-05,-9.968354430377467e-05,185613.86150276315,-0.020319369393579367
2021-03-30,NORMAL_PARTICIPATION,0,False,0.0,24.136243386243397,62.74478770360571,35.66270970175255,49.800880554179024,43.055555555555564,0.35,0.35,-0.0050330790414993,0.0,0.0,0.0,-0.0017615776645247547,-0.0017615776645247547,185286.88827011365,-0.022045152910823318
2021-03-31,NORMAL_PARTICIPATION,0,False,0.0,23.852645502645515,66.4823020102282,36.633821980984294,44.39863772654382,43.86243386243387,0.35,0.35,0.01530287604988545,0.0,0.0,0.0,0.005356006617459907,0.005356006617459907,186279.2860698169,-0.01680722027823678
2021-04-01,NORMAL_PARTICIPATION,0,False,0.0,19.24126984126985,73.83707977453228,43.97405430085606,35.65628508405253,42.089947089947096,0.35,0.35,0.01704634474978839,0.0,0.0,0.0,0.005966220662425936,0.005966220662425936,187390.66939534864,-0.010941275200712641
2021-04-05,NORMAL_PARTICIPATION,0,False,0.0,14.099870801033605,76.6989484483392,53.762580684962465,28.18119180673737,41.0978835978836,0.35,0.35,0.019964876605971016,0.0,0.0,0.0,0.006987706812089855,0.006987706812089855,188700.1004524046,-0.004030022811875811
2021-04-06,GREED_TREND,0,False,0.0,12.957169838453126,75.25745303452864,60.70086183869071,30.433242522842765,41.36904761904763,0.35,0.35,-0.0006947590998339637,0.0,0.0,0.0,-0.00024316568494188727,-0.00024316568494188727,188654.21506322947,-0.004272208533560362
2021-04-07,GREED_TREND,0,False,0.0,12.039454979508685,72.21057934286368,63.09673773159948,32.52177467196681,45.661375661375665,0.35,0.35,0.0024182334804425665,0.0,0.0,0.0,0.0008463817181548982,0.0008463817181548982,188813.88854191185,-0.0034294427346044376
2021-04-08,GREED_TREND,0,False,0.0,13.59567428920438,70.49263078818556,65.91904920512228,33.135100119397386,49.63624338624339,0.35,0.35,0.010433628852300814,0.0,0.0,0.0,0.0036517700983052844,0.0036517700983052844,189503.39345423394,0.0
2021-04-09,GREED_TREND,0,False,0.0,12.984255988438127,68.74887507159531,68.05088090453074,31.692661100491467,53.81613756613757,0.35,0.35,0.0060582547451355495,0.0,0.0,0.0,0.002120389160797442,0.002120389160797442,189905.21439564865,0.0
2021-04-12,GREED_TREND,0,False,0.0,14.208261516880782,66.4235436365593,69.60805419006958,37.76533128055332,54.46428571428572,0.35,0.35,-0.001305211948622098,0.0,0.0,0.0,-0.0004568241820177343,-0.0004568241820177343,189818.46110142145,-0.00045682418201775654
2021-04-13,GREED_TREND,0,False,0.0,14.200760924792428,65.85841938953557,70.63896857531496,39.059216357929394,54.32539682539683,0.35,0.35,0.011673151750972721,0.0,0.0,0.0,0.004085603112840452,0.004085603112840452,190593.983996972,0.0
2021-04-14,GREED_EXHAUSTING,0,False,0.0,13.776799808346452,65.50042638293526,69.93296751705857,46.045704422518156,52.90343915343916,0.35,0.35,-0.012008220786846824,0.0,0.0,0.0,-0.004202877275396388,-0.004202877275396388,189792.94087280388,-0.004202877275396255
2021-04-15,GREED_EXHAUSTING,0,False,0.0,13.488354400705473,66.22275710977104,71.25971140781267,42.612887919721935,49.768518518518526,0.35,0.35,0.015155567442275197,0.0,0.0,0.0,0.005304448604796319,0.005304448604796319,190799.68777321684,0.0
2021-04-16,GREED_EXHAUSTING,0,False,0.0,12.966708309007968,67.40961753782956,71.9355125588096,44.38674635164448,50.33068783068783,0.35,0.35,0.0011709259096630564,0.0,0.0,0.0,0.00040982406838206974,0.00040982406838206974,190877.8820775061,0.0
2021-04-19,GREED_EXHAUSTING,0,False,0.0,14.270862139340394,63.54288499531598,72.61451816117498,46.157280605778084,54.37830687830689,0.35,0.35,-0.009151779187743014,0.0,0.0,0.0,-0.0032031227157100547,-0.0032031227157100547,190266.476797497,-0.003203122715710216
2021-04-20,GREED_EXHAUSTING,0,False,0.0,18.261612503826225,56.651303943824814,69.17088220986507,54.721786992602325,64.10714285714285,0.35,0.35,-0.00728871576959389,0.0,0.0,0.0,-0.0025510505193578614,-0.0025510505193578614,189781.09740304633,-0.0057460019072006485
2021-04-21,GREED_EXHAUSTING,0,False,0.0,16.16800241021613,54.48842616265451,64.83122321804349,57.06758795488097,67.92989417989418,0.35,0.35,0.008560982134894868,0.0,0.0,0.0,0.0029963437472132035,0.0029963437472132035,190349.7468075892,-0.0027668751568736827
2021-04-22,NORMAL_PARTICIPATION,0,False,0.0,16.922651943551013,49.31761046203551,59.494278300040435,59.68993854152357,71.72619047619048,0.35,0.35,-0.012054584573668592,0.0,0.0,0.0,-0.004219104600784007,-0.004219104600784007,189546.64131507525,-0.006974306021953369
2021-04-23,NORMAL_PARTICIPATION,0,False,0.0,14.680559750732657,50.73950219098432,59.588883676783404,58.60761327846001,68.59126984126985,0.35,0.35,0.012589498806682586,0.0,0.0,0.0,0.004406324582338905,0.004406324582338905,190381.84534020163,-0.002598712495683775
2021-04-26,GREED_EXHAUSTING,0,False,0.0,17.163647430248908,48.382160328377324,60.07911054670069,60.335866270851,69.82804232804233,0.35,0.35,0.006511107182841203,0.0,0.0,0.0,0.0022788875139944207,0.0022788875139944207,190815.70415043866,-0.00032574715514810393
2021-04-27,GREED_EXHAUSTING,0,False,0.0,14.17308281690651,54.56009453062499,61.26748130039011,56.67473662763961,67.73809523809524,0.35,0.35,-0.00433217223311777,0.0,0.0,0.0,-0.0015162602815912195,-0.0015162602815912195,190526.37787713148,-0.0018415135192662024
2021-04-28,GREED_EXHAUSTING,0,False,0.0,12.691624433282536,53.206029992159756,60.172996695788044,58.58896396942273,68.48544973544973,0.35,0.35,-0.003380861384683187,0.0,0.0,0.0,-0.0011833014846391154,-0.0011833014846391154,190300.92773132658,-0.0030226359382238277
2021-04-29,NORMAL_PARTICIPATION,0,False,0.0,11.185423946302334,51.62302306965867,58.013075620135545,58.195188690430804,68.67063492063492,0.35,0.35,0.003598820058997143,0.0,0.0,0.0,0.001259587020649,0.001259587020649,190540.62830991446,-0.0017668561905705982
2021-04-30,RANGE_CARRY,0,False,0.0,12.458215087024726,43.15571101930484,55.81440490826052,62.027676828616755,70.5952380952381,0.35,0.35,-0.006554582329081238,0.0,0.0,0.0,-0.002294103815178433,-0.002294103815178433,190103.5083275622,-0.004056906654221315
2021-05-03,RANGE_CARRY,0,False,0.0,13.087275651144928,38.85318256011286,50.45592145827894,61.65927696115326,75.02645502645504,0.35,0.35,-0.005325601349152387,0.0,0.0,0.0,-0.0018639604722033353,-0.0018639604722033353,189749.1629024124,-0.005913305212781883
2021-05-04,RANGE_CARRY,0,False,0.0,19.441833681932277,31.602541545346,42.53837339162563,68.00937574135936,79.39153439153439,0.35,0.35,-0.017995776197983315,0.0,0.0,0.0,-0.00629852166929416,-0.00629852166929416,188554.02368814117,-0.012174581801056128
2021-05-05,RANGE_CARRY,0,False,0.0,24.736789370890573,31.620346738352083,35.92606554411679,68.12267729694332,82.08333333333334,0.35,0.35,-0.0033622099715272524,0.0,0.0,0.0,-0.0011767734900345382,-0.0011767734900345382,188332.1383116256,-0.013337028565974962
2021-05-06,RANGE_CARRY,0,False,0.0,27.81114990158578,34.71989105081378,33.04672021263144,67.30976589378069,82.52645502645503,0.35,0.35,0.00753730662857488,0.0,0.0,0.0,0.002638057320001208,0.002638057320001208,188828.96928769007,-0.010734155091809305
2021-05-07,RANGE_CARRY,0,False,0.0,23.193910022847476,41.9962355996287,34.659239145096684,62.17685204245982,79.47089947089947,0.35,0.35,0.00811438568972278,0.0,0.0,0.0,0.002840034991402973,0.002840034991402973,189365.25016785768,-0.007924605476470115
2021-05-10,RANGE_CARRY,0,False,0.0,24.38254737819906,42.04062791482863,32.68839006158588,62.66950357751597,78.86243386243386,0.35,0.35,-0.025254338719329694,0.0,0.0,0.0,-0.008839018551765393,-0.008839018551765393,187691.4472085643,-0.016693578293413558
2021-05-11,RANGE_CARRY,0,False,0.0,26.96905460015805,38.3834099987966,28.99902697783172,62.39538249547535,80.55555555555556,0.35,0.35,-0.0013813850687622864,0.0,0.0,0.0,-0.0004834847740668002,-0.0004834847740668002,187600.7012516164,-0.01716899197655075
2021-05-12,RISK_WARNING,0,False,0.0,38.474842842233215,30.176364207735663,21.761674826678725,68.64354313574027,86.75264550264552,0.35,0.35,-0.025883003903968582,0.0,0.0,0.0,-0.009059051366389003,-0.009059051366389003,185901.21686260743,-0.026072508562714924
2021-05-13,RISK_WARNING,0,False,0.0,40.921026600631386,34.0912660197618,19.990025446470003,66.9041445519092,89.21296296296298,0.35,0.35,0.0077313894411310535,0.0,0.0,0.0,0.0027059863043958684,0.0027059863043958684,186404.26300940817,-0.023437074109411093
2021-05-14,RISK_WARNING,0,False,0.0,39.31961376928149,39.9272283866876,21.80341598022652,66.57688428802214,81.81878306878308,0.35,0.35,0.022076783365691854,0.0,0.0,0.0,0.007726874177992149,0.007726874177992149,187844.58529592323,-0.015891295254162552
2021-05-17,RISK_WARNING,0,False,0.0,30.141708330502833,47.89894915940986,25.308634453906098,62.288012754300475,73.75661375661376,0.35,0.35,-0.006066362327277086,0.0,0.0,0.0,-0.00212322681454698,-0.00212322681454698,187445.74863545547,-0.01798078124450797
2021-05-18,NORMAL_PARTICIPATION,0,False,0.0,24.73567194232407,51.57887079802748,26.71880683264753,61.32847040704862,68.30687830687832,0.35,0.35,-0.006750716685675506,0.0,0.0,0.0,-0.002362750839986427,-0.002362750839986427,187002.86103541518,-0.020301047978505293
2021-05-19,NORMAL_PARTICIPATION,0,False,0.0,22.64505600888727,54.410643134852045,25.670769807644007,57.73029555333941,72.18253968253968,0.35,0.35,0.0011482837812673008,0.0,0.0,0.0,0.00040189932344355525,0.00040189932344355525,187078.0173587473,-0.019907307632509585
2021-05-20,NORMAL_PARTICIPATION,0,False,0.0,20.61904693361741,58.50242400351454,27.346625025269116,52.94319048447028,68.86243386243386,0.35,0.35,0.019343439040267807,0.0,0.0,0.0,0.006770203664093732,0.006770203664093732,188344.5736373409,-0.013271880495491661
2021-05-21,NORMAL_PARTICIPATION,0,False,0.0,18.858215412562217,58.572207970704035,29.420533145107502,50.117571381082094,65.06613756613757,0.35,0.35,-0.005534774807651299,0.0,0.0,0.0,-0.0019371711826779547,-0.0019371711826779547,187979.71795687688,-0.015183341773733816
2021-05-24,NORMAL_PARTICIPATION,0,False,0.0,15.63852132827212,61.36365767051928,34.41313358802378,46.93797697952899,56.600529100529094,0.35,0.35,0.016819057521176628,0.0,0.0,0.0,0.0058866701324118195,0.0058866701324118195,189086.29254807282,-0.009386050965851656
2021-05-25,RANGE_CARRY,0,False,0.0,14.960676730736964,62.17979626434413,37.642101962667645,44.15294140844833,55.19179894179894,0.35,0.35,0.001383417040089041,0.0,0.0,0.0,0.00048419596403116434,0.00048419596403116434,189177.84736777822,-0.008906399689816213
2021-05-26,RANGE_CARRY,0,False,0.0,12.407456143888156,68.19114874305663,43.58720341778775,38.453153472155286,51.10449735449735,0.35,0.35,0.003483797339099537,0.0,0.0,0.0,0.0012193290686848379,0.0012193290686848379,189408.51741622496,-0.007697930453170576
2021-05-27,RANGE_CARRY,0,False,0.0,12.514431034588616,69.99508184314709,44.772960609621556,36.728961749410736,50.02645502645503,0.35,0.35,-0.003741058869302316,0.0,0.0,0.0,-0.0013093706042558106,-0.0013093706042558106,189160.51147132445,-0.008997221613577522
2021-05-28,RANGE_CARRY,0,False,0.0,11.679172749988224,71.90439638713399,45.49523797197475,33.622119157397016,46.67989417989418,0.35,0.35,0.0031542898341745396,0.0,0.0,0.0,0.0011040014419610887,0.0011040014419610887,189369.3449487509,-0.007903153117251538
2021-06-01,RANGE_CARRY,0,False,0.0,12.424019700092687,70.72535989659768,43.45522009605616,32.615413694930744,47.65873015873016,0.35,0.35,-0.003324049950588437,0.0,0.0,0.0,-0.0011634174827059528,-0.0011634174827059528,189149.02934214892,-0.00905737593345246
2021-06-02,RANGE_CARRY,0,False,0.0,12.012427610160978,70.38249883639048,45.2810926643794,30.929364999007372,49.16666666666668,0.35,0.35,0.0019530076317531009,0.0,0.0,0.0,0.0006835526711135853,0.0006835526711135853,189278.3226663943,-0.008380014455851459
2021-06-03,RANGE_CARRY,0,False,0.0,15.407422101445995,63.29464367986362,44.920272442918666,37.34242675065343,53.19444444444446,0.35,0.35,-0.010405733649203941,0.0,0.0,0.0,-0.003642006777221379,-0.003642006777221379,188588.96973246217,-0.011991501163631568
2021-06-04,RANGE_CARRY,0,False,0.0,13.353681642554788,63.07613426264508,48.73804772617839,35.00958076327932,50.443121693121704,0.35,0.35,0.01696969696969708,0.0,0.0,0.0,0.005939393939393977,0.005939393939393977,189709.0739163277,-0.00612332947357308
2021-06-07,RANGE_CARRY,0,False,0.0,11.775070937197858,61.37793123475226,51.8026594649288,33.94756439017775,47.810846560846564,0.35,0.35,0.0029797377830751426,0.0,0.0,0.0,0.0010429082240762998,0.0010429082240762998,189906.92306969693,-0.005086807320163533
2021-06-08,RANGE_CARRY,0,False,0.0,7.268046318770776,64.31073941800211,56.7500955338166,28.749871925876068,47.242063492063494,0.35,0.35,0.0004753416518121778,0.0,0.0,0.0,0.00016636957813426223,0.00016636957813426223,189938.51780437282,-0.004921284032017081
2021-06-09,RANGE_CARRY,0,False,0.0,7.761788541066399,59.736015931618944,57.79150141332551,31.975151161744076,51.739417989417994,0.35,0.35,0.00023755790473933835,0.0,0.0,0.0,8.314526665876842e-05,8.314526665876842e-05,189954.31029308442,-0.004838547946831584
2021-06-10,GREED_TREND,0,False,0.0,7.834612033385784,58.594766831048695,60.189558124213384,33.477460422188464,56.27645502645504,0.35,0.35,0.010420377627360367,0.0,0.0,0.0,0.003647132169576128,0.003647132169576128,190647.098768904,-0.0012090626011262984
2021-06-11,GREED_TREND,0,False,0.0,7.272673282929941,59.65349561082328,64.32878347034911,34.2668161541294,55.63492063492064,0.35,0.35,0.0026149551931835546,0.0,0.0,0.0,0.0009152343176142441,0.0009152343176142441,190821.58553625087,-0.00029493485909681816
2021-06-14,GREED_TREND,0,False,0.0,9.064765828346237,61.49654191496,69.84500756063552,34.01968609288531,58.6904761904762,0.35,0.35,0.009582698394092093,0.0,0.0,0.0,0.0033539444379322323,0.0033539444379322323,191461.59053169758,0.0
2021-06-15,GREED_EXHAUSTING,0,False,0.0,10.734582352615734,58.30933864430017,69.67139394464225,40.92175550203347,63.06216931216932,0.35,0.35,-0.006531015064874746,0.0,0.0,0.0,-0.002285855272706161,-0.002285855272706161,191023.93704545998,-0.0022858552727061943
2021-06-16,GREED_EXHAUSTING,0,False,0.0,12.353961545054652,54.58001961418606,66.56765457299022,47.828078530264214,70.23148148148148,0.35,0.35,-0.003652194238298323,0.0,0.0,0.0,-0.001278267983404413,-0.001278267983404413,190779.7572626709,-0.003561201320500862
2021-06-17,GREED_EXHAUSTING,0,False,0.0,14.685838315080538,51.91364388545694,66.90668641008912,50.711505833863555,70.49603174603175,0.35,0.35,0.012697574851177285,0.0,0.0,0.0,0.004444151197912049,0.004444151197912049,191627.6113494472,0.0
2021-06-18,GREED_EXHAUSTING,0,False,0.0,22.130176884962214,46.0972226091373,66.0862142587953,53.61375829972821,73.08862433862434,0.35,0.35,-0.007847338854462205,0.0,0.0,0.0,-0.0027465685990617716,-0.0027465685990617716,191101.2929694016,-0.0027465685990616384
2021-06-21,GREED_EXHAUSTING,0,False,0.0,24.755315355584354,43.210785858453676,67.81125584124963,52.89271103118627,72.61904761904762,0.35,0.35,0.0062072498029945855,0.0,0.0,0.0,0.0021725374310481048,0.0021725374310481048,191516.4676814993,-0.0005799981911019936
2021-06-22,GREED_EXHAUSTING,0,False,0.0,21.70273290752812,43.38406171835262,66.23492859855519,52.021220483418716,74.27248677248677,0.35,0.35,0.009321640144035248,0.0,0.0,0.0,0.0032625740504123365,0.0032625740504123365,192141.30433918364,0.0
2021-06-23,GREED_EXHAUSTING,0,False,0.0,14.538109461957177,49.606150404836605,68.93491521498271,44.53639865292924,71.56084656084657,0.35,0.35,0.0004891101073165594,0.0,0.0,0.0,0.00017118853756079575,0.00017118853756079575,192174.1967280785,0.0
2021-06-24,GREED_TREND,0,False,0.0,13.652630424210514,54.776623742603,72.0040032859982,38.723465437326375,70.41005291005291,0.35,0.35,0.00618278023810892,0.0,0.0,0.0,0.002163973083338122,0.002163973083338122,192590.05651711018,0.0
2021-06-25,GREED_TREND,0,False,0.0,14.715393107450415,58.89475403633491,73.06267126448942,37.62631200021372,69.21296296296298,0.35,0.35,-0.0012289576724113793,0.0,0.0,0.0,-0.00043013518534398273,-0.00043013518534398273,192507.21675745476,-0.0004301351853440716
2021-06-28,GREED_TREND,0,False,0.0,16.293378661818753,60.01236439501432,75.19065061775011,36.48483450138547,68.32010582010582,0.35,0.35,0.012161620786356186,0.0,0.0,0.0,0.004256567275224665,0.004256567275224665,193326.63667654913,0.0
2021-06-29,GREED_TREND,0,False,0.0,17.786972044908865,59.525000455935505,76.70636446702524,36.644189155621554,68.94179894179894,0.35,0.35,0.003618783749399279,0.0,0.0,0.0,0.0012665743122897476,0.0012665743122897476,193571.499228445,0.0
2021-06-30,GREED_TREND,0,False,0.0,19.54038262515709,56.577729231256626,78.40970398242355,38.701742334565246,69.87433862433862,0.35,0.35,-0.0015775092256119505,0.0,0.0,0.0,-0.0005521282289641826,-0.0005521282289641826,193464.62293939805,-0.0005521282289642215
2021-07-01,GREED_EXHAUSTING,0,False,0.0,20.43104425639761,54.453815138957424,78.31056119565295,41.66494480977959,71.77248677248677,0.35,0.35,0.00039500042321471973,0.0,0.0,0.0,0.0001382501481251519,0.0001382501481251519,193491.3694521764,-0.0004139544126484651
2021-07-02,GREED_EXHAUSTING,0,False,0.0,19.03378958463744,54.20733333850615,78.33230197750565,41.74081806247278,71.98412698412697,0.35,0.35,0.01147869250077549,0.0,0.0,0.0,0.004017542375271421,0.004017542375271421,194268.72922819984,0.0
2021-07-06,GREED_EXHAUSTING,0,False,0.0,21.28512305367134,51.578646656964644,78.59851358943166,40.92341636695722,74.29232804232805,0.35,0.35,0.00432188266785638,0.0,0.0,0.0,0.001512658933749733,0.001512658933749733,194562.59155701508,0.0
2021-07-07,GREED_EXHAUSTING,0,False,0.0,23.224012955283218,50.000039647711894,79.3234467327335,40.512063939178745,75.7473544973545,0.35,0.35,0.0021099975013187944,0.0,0.0,0.0,0.000738499125461578,0.000738499125461578,194706.27586072747,0.0
2021-07-08,GREED_EXHAUSTING,0,False,0.0,28.520885901720487,44.190356724715464,75.82804994275658,47.997289264853144,79.38492063492065,0.35,0.35,-0.006039617675578368,0.0,0.0,0.0,-0.002113866186452429,-0.002113866186452429,194294.69284789544,-0.0021138661864522623
2021-07-09,GREED_EXHAUSTING,0,False,0.0,26.5544696520534,44.019969990781455,74.34632946394919,48.63657570256809,79.41798941798942,0.35,0.35,0.00624355436630708,0.0,0.0,0.0,0.002185244028207478,0.002185244028207478,194719.2741651537,0.0
2021-07-12,GREED_EXHAUSTING,0,False,0.0,24.322452559908125,45.22898914284307,73.62914720492194,50.0570393760539,77.7579365079365,0.35,0.35,0.0039057089831306957,0.0,0.0,0.0,0.0013669981440957435,0.0013669981440957435,194985.45505155716,0.0
2021-07-13,GREED_EXHAUSTING,0,False,0.0,20.367398926673868,47.89456181477684,74.82979986829288,47.716311749635274,75.89285714285715,0.35,0.35,0.0,0.0,0.0,0.0,0.0,0.0,194985.45505155716,0.0
2021-07-14,GREED_EXHAUSTING,0,False,0.0,20.4553396477877,47.79527911914204,75.52773323669167,50.98347118528821,74.91402116402116,0.35,0.35,0.0017934992550079354,0.0,0.0,0.0,0.0006277247392527773,0.0006277247392527773,195107.85224548748,0.0
2021-07-15,GREED_EXHAUSTING,0,False,0.0,21.749756745872904,45.72332442457674,73.21303334623282,58.31946538443694,75.60846560846561,0.35,0.35,-0.007023439006252241,0.0,0.0,0.0,-0.0024582036521882842,-0.0024582036521882842,194628.237410527,-0.0024582036521882955
2021-07-16,GREED_EXHAUSTING,0,False,0.0,24.014824096852994,37.65467972987755,69.19585620260152,67.55146946191319,75.87301587301587,0.35,0.35,-0.008099411960501346,0.0,0.0,0.0,-0.0028347941861754707,-0.0028347941861754707,194076.50641465007,-0.005286029336942111
2021-07-19,RISK_WARNING,0,False,0.0,32.69319491141109,25.230979281792557,61.16087425556079,78.74293833464701,78.46560846560847,0.35,0.35,-0.008193512304250583,0.0,0.0,0.0,-0.002867729306487704,-0.002867729306487704,193519.94752950402,-0.008138599742185337
2021-07-20,RISK_WARNING,0,False,0.0,35.267033174315486,21.58266173364217,57.63060366112811,79.032326071086,79.72222222222223,0.35,0.35,0.011616432176389413,0.0,0.0,0.0,0.004065751261736294,0.004065751261736294,194306.75150034323,-0.004105938002619602
2021-07-21,RISK_WARNING,0,False,0.0,34.871083975016774,28.91422995126477,58.73468143962848,72.3583958825591,78.7367724867725,0.35,0.35,0.007720393544970561,0.0,0.0,0.0,0.002702137740739696,0.002702137740739696,194831.79510685283,-0.0014148950719179432
2021-07-22,GREED_EXHAUSTING,0,False,0.0,26.61175285820418,41.39526851963263,64.8098894726251,61.39001515225133,75.37698412698411,0.35,0.35,0.006610244496072504,0.0,0.0,0.0,0.0023135855736253763,0.0023135855736253763,195282.5551372956,0.0
2021-07-23,GREED_EXHAUSTING,0,False,0.0,23.559401015430847,49.07110949665684,70.17923579420828,53.48902455478981,71.52116402116401,0.35,0.35,0.011677428218161756,0.0,0.0,0.0,0.004087099876356614,0.004087099876356614,196080.69444425186,0.0
2021-07-26,GREED_EXHAUSTING,0,False,0.0,23.029011584700623,53.694505398741306,73.42107293591033,44.72979507609441,71.31613756613757,0.35,0.35,0.0007876154263988244,0.0,0.0,0.0,0.0002756653992395885,0.0002756653992395885,196134.747107169,0.0
2021-07-27,GREED_EXHAUSTING,0,False,0.0,25.58778787739846,50.83201642463249,70.65611841835296,45.94492345466637,74.09391534391534,0.35,0.35,-0.011017938071589461,0.0,0.0,0.0,-0.003856278325056311,-0.003856278325056311,195378.39693310924,-0.003856278325056306
2021-07-28,GREED_EXHAUSTING,0,False,0.0,27.351595860466883,45.921086231482995,67.44373096628247,47.66684804321167,76.93121693121692,0.35,0.35,0.0038416156737919316,0.0,0.0,0.0,0.001344565485827176,0.001344565485827176,195641.09598230172,-0.002516897857968825
2021-07-29,GREED_EXHAUSTING,0,False,0.0,27.762893814859808,43.225322179034286,65.52334889079783,51.95945979354846,76.97089947089945,0.35,0.35,0.0017767815652078855,0.0,0.0,0.0,0.0006218735478227599,0.0006218735478227599,195762.76000476014,-0.0018965895023466128
2021-07-30,GREED_EXHAUSTING,0,False,0.0,27.7914312756659,44.86524572950618,66.04731535158813,54.30367135222064,74.87433862433862,0.35,0.35,-0.005211744160663723,0.0,0.0,0.0,-0.001824110456232303,-0.001824110456232303,195405.66710729458,-0.00371724036983645
2021-08-02,GREED_EXHAUSTING,0,False,0.0,28.122989631482298,46.36969775102026,64.32046700553786,56.891401850460674,75.5026455026455,0.35,0.35,8.228872370197315e-05,0.0,0.0,0.0,2.8801053295690602e-05,2.8801053295690602e-05,195411.2949963272,-0.0036885463769789073
2021-08-03,GREED_EXHAUSTING,0,False,0.0,24.92703499810452,49.706634178199714,63.20238850281743,56.41264594211267,75.49603174603175,0.35,0.35,0.006061437191442698,0.0,0.0,0.0,0.002121503017004944,0.002121503017004944,195825.86064821875,-0.001574868622240988
2021-08-04,GREED_EXHAUSTING,0,False,0.0,20.666780488250485,52.084343758084096,64.07511473714489,51.12795029034739,75.62169312169313,0.35,0.35,0.0014448897249257353,0.0,0.0,0.0,0.0005057114037240073,0.0005057114037240073,195924.8920190926,-0.0010699536475388127
2021-08-05,GREED_EXHAUSTING,0,False,0.0,15.985111234627666,54.96366496112404,66.88400574791133,45.91897194705637,74.08068783068784,0.35,0.35,0.006342897588065721,0.0,0.0,0.0,0.0022200141558230023,0.0022200141558230023,196359.84805285308,0.0
2021-08-06,GREED_EXHAUSTING,0,False,0.0,15.012988377964655,52.550709222363245,67.35522741493895,48.33811902432981,72.58597883597884,0.35,0.35,-0.004382286904536459,0.0,0.0,0.0,-0.0015338004165877605,-0.0015338004165877605,196058.67123610852,-0.0015338004165876828
2021-08-09,GREED_EXHAUSTING,0,False,0.0,13.797531590711264,52.76307019641149,67.73262784170196,47.49244326215406,71.06481481481481,0.35,0.35,0.0018475750577366945,0.0,0.0,0.0,0.000646651270207843,0.000646651270207843,196185.45282489865,-0.0008881409803672691
2021-08-10,GREED_EXHAUSTING,0,False,0.0,14.463077220856853,48.19595296603561,65.1330621363282,51.48580851598539,71.19708994708995,0.35,0.35,-0.005125701732975441,0.0,0.0,0.0,-0.0017939956065414042,-0.0017939956065414042,195833.49698446345,-0.0026805432658918438
2021-08-11,GREED_EXHAUSTING,0,False,0.0,15.360443848401056,45.572420513535086,63.00327693746553,51.49556062277937,72.52645502645503,0.35,0.35,-0.0017173699705593792,0.0,0.0,0.0,-0.0006010794896957826,-0.0006010794896957826,195715.78548603068,-0.0032800115360093196
2021-08-12,GREED_EXHAUSTING,0,False,0.0,15.001720400504155,47.62716971097644,61.551015821541704,53.16178623001221,71.90476190476191,0.35,0.35,0.003604489227492458,0.0,0.0,0.0,0.0012615712296223601,0.0012615712296223601,195962.69489018281,-0.0020225782745735277
2021-08-13,GREED_EXHAUSTING,0,False,0.0,13.756154534007242,53.54077896621073,63.27916296108598,51.26215373245268,69.31878306878308,0.35,0.35,0.0035099175577504305,0.0,0.0,0.0,0.0012284711452126506,0.0012284711452126506,196203.4294063935,-0.0007965918084102963
2021-08-16,GREED_EXHAUSTING,0,False,0.0,12.081332407208988,58.19834063450809,65.58981613420515,50.95360303788724,68.03571428571428,0.35,0.35,0.00043381595358171765,0.0,0.0,0.0,0.00015183558375360116,0.00015183558375360116,196233.22006863187,-0.0006448771756388805
2021-08-17,GREED_EXHAUSTING,0,False,0.0,13.793507548893828,49.201910925559396,63.36021041684094,56.91755578992123,71.13095238095238,0.35,0.35,-0.008808065477803662,0.0,0.0,0.0,-0.003082822917231281,-0.003082822917231281,195628.2678006822,-0.0037257120507343533
2021-08-18,RANGE_CARRY,0,False,0.0,21.946297065385377,35.94362328194636,56.232002877429785,65.59636769010667,77.24867724867725,0.35,0.35,-0.009624586443551353,0.0,0.0,0.0,-0.0033686052552429732,-0.0033686052552429732,194969.27338969475,-0.007081766852783611
2021-08-19,RANGE_CARRY,0,False,0.0,29.502045174125527,26.690347044040085,49.4963906360583,70.89124578552267,81.53439153439153,0.35,0.35,0.004831451367991013,0.0,0.0,0.0,0.0016910079787968546,0.0016910079787968546,195298.96798661695,-0.00540273419823889
2021-08-20,RISK_WARNING,0,False,0.0,31.346207683665344,29.89999918253567,49.118495637572344,67.26000077031757,81.32275132275133,0.35,0.35,0.010358281129794644,0.0,0.0,0.0,0.0036253983954281253,0.0036253983954281253,196007.00455178443,-0.001796922866703743
2021-08-23,RANGE_CARRY,0,False,0.0,24.36850802063393,41.46013268989895,55.21703725590487,56.38275795981125,76.73941798941799,0.35,0.35,0.014956625785222943,0.0,0.0,0.0,0.00523481902482803,0.00523481902482803,197033.06574821167,0.0
2021-08-24,GREED_EXHAUSTING,0,False,0.0,16.629971023949278,52.9601460704402,61.8871964254299,45.16414873127394,73.30026455026456,0.35,0.35,0.0030544168475201694,0.0,0.0,0.0,0.0010690458966320592,0.0010690458966320592,197243.70313865063,0.0
2021-08-25,GREED_TREND,0,False,0.0,11.719866089447228,64.14293284881522,65.66227305716644,33.647006894397755,71.37566137566138,0.35,0.35,0.0011485963084649775,0.0,0.0,0.0,0.0004020087079627421,0.0004020087079627421,197322.9968249032,0.0
2021-08-26,GREED_TREND,0,False,0.0,10.54713737199173,67.4567960817961,63.846780236074316,31.314749046959644,73.86904761904763,0.35,0.35,-0.006350053361792951,0.0,0.0,0.0,-0.002222518676627533,-0.002222518676627533,196884.44277913176,-0.002222518676627483
2021-08-27,GREED_TREND,0,False,0.0,10.061864876564796,70.27191582338642,64.77982515950421,27.54637803973665,71.1441798941799,0.35,0.35,0.009720208366897687,0.0,0.0,0.0,0.00340207292841419,0.00340207292841419,197554.25801193653,0.0
2021-08-30,GREED_TREND,0,False,0.0,11.548305502119687,68.92566305801601,67.86340008739963,29.60057614540534,69.17989417989418,0.35,0.35,0.011222210403148525,0.0,0.0,0.0,0.003927773641101984,0.003927773641101984,198330.2064192433,0.0
2021-08-31,GREED_TREND,0,False,0.0,11.811121365380595,70.06818372994844,72.54869571765055,30.778453738368324,65.96560846560845,0.35,0.35,-0.0008152316835848827,0.0,0.0,0.0,-0.0002853310892547089,-0.0002853310892547089,198273.6166454136,-0.000285331089254659
2021-09-01,GREED_TREND,0,False,0.0,12.839659271507594,67.16625238684064,73.30712845885586,34.32022480599328,67.98280423280424,0.35,0.35,0.00165811290959339,0.0,0.0,0.0,0.0005803395183576864,0.0005803395183576864,198388.68266060064,0.0
2021-09-02,GREED_TREND,0,False,0.0,11.735091097824226,67.8172815672816,70.25496817691618,34.88839496856571,69.98015873015873,0.35,0.35,-0.00047296232066851296,0.0,0.0,0.0,-0.00016553681223397952,-0.00016553681223397952,198355.8420304897,-0.00016553681223396843
2021-09-03,GREED_TREND,0,False,0.0,12.936834868565898,64.7977788713083,70.44957540033174,33.20674201580271,70.80026455026456,0.35,0.35,0.003075709779179814,0.0,0.0,0.0,0.0010764984227129347,0.0010764984227129347,198569.37178157145,0.0
2021-09-07,GREED_TREND,0,False,0.0,16.854731732922534,60.029213036566,70.28756157871007,35.58460907369823,72.69179894179894,0.35,0.35,0.0014152055979244071,0.0,0.0,0.0,0.0004953219592735425,0.0004953219592735425,198667.727551854,0.0
2021-09-08,GREED_EXHAUSTING,0,False,0.0,21.403673829054025,51.546936642524884,71.44430901091864,43.75299940764834,74.02777777777779,0.35,0.35,-0.0034806731046035377,0.0,0.0,0.0,-0.0012182355866112381,-0.0012182355866112381,198425.70345623913,-0.0012182355866113825
2021-09-09,GREED_EXHAUSTING,0,False,0.0,24.99864339579081,42.80237485384546,68.7180636343554,53.12137086259474,76.36904761904762,0.35,0.35,-0.003440306738799137,0.0,0.0,0.0,-0.0012041073585796979,-0.0012041073585796979,198186.77760657613,-0.002420876058756738
2021-09-10,GREED_EXHAUSTING,0,False,0.0,27.949643034323817,34.16757724110666,63.67439292826634,64.08984699663064,77.8637566137566,0.35,0.35,-0.007589532769389007,0.0,0.0,0.0,-0.002656336469286152,-0.002656336469286152,197660.32684148947,-0.005070781866680418
2021-09-13,RANGE_CARRY,0,False,0.0,28.68498987581124,28.721561898032494,58.669252697387,68.9380973885243,78.47222222222221,0.35,0.35,-0.0006904060118431143,0.0,0.0,0.0,-0.00024164210414509001,-0.00024164210414509001,197612.56378420547,-0.0053111986564255975
2021-09-14,RANGE_CARRY,0,False,0.0,28.227535426602035,28.747093732387857,54.76289573082696,71.605247867819,78.45238095238095,0.35,0.35,-0.002843249275901405,0.0,0.0,0.0,-0.0009951372465654917,-0.0009951372465654917,197415.9121615945,-0.0063010505313843
2021-09-15,RANGE_CARRY,0,False,0.0,22.302671085310198,37.63237712502419,56.06301364893222,67.42046237753067,75.58201058201058,0.35,0.35,0.007434845174012716,0.0,0.0,0.0,0.0026021958109044506,0.0026021958109044506,197929.62702122724,-0.003715251287777055
2021-09-16,RANGE_CARRY,0,False,0.0,18.315928984102555,44.59372923343512,57.45317054616455,64.61780908721134,74.29894179894181,0.35,0.35,0.0006877397169686716,0.0,0.0,0.0,0.00024070890093903506,0.00024070890093903506,197977.2704442108,-0.00347543668089223
2021-09-17,RANGE_CARRY,0,False,0.0,16.509240727156214,47.20163440751677,55.6646735263991,63.03284230964494,74.95370370370371,0.35,0.35,-0.011842140043879401,0.0,0.0,0.0,-0.00414474901535779,-0.00414474901535779,197156.70434747395,-0.007605780883488844
2021-09-20,RANGE_CARRY,0,False,0.0,27.365590650109084,38.45221061397533,47.23364077024056,67.86224056124433,80.05291005291006,0.35,0.35,-0.02064063879303424,0.0,0.0,0.0,-0.007224223577561983,-0.007224223577561983,195732.4002354525,-0.014775058599466706
2021-09-21,RISK_WARNING,0,False,0.0,37.34677175602138,33.17407218142514,39.00013275094094,70.24398785475633,84.27910052910055,0.35,0.35,0.0012305168170632097,0.0,0.0,0.0,0.0004306808859721234,0.0004306808859721234,195816.69843899936,-0.01435074104882239
2021-09-22,RISK_WARNING,0,False,0.0,41.74137986644522,33.46334990452638,36.71775320429518,70.82991499903262,84.37169312169313,0.35,0.35,0.009340434248259033,0.0,0.0,0.0,0.0032691519868906613,0.0032691519868906613,196456.85298776755,-0.011128503815544977
2021-09-23,RISK_WARNING,0,False,0.0,33.36531480851709,41.779962735845096,40.92199498653591,66.28445194313313,79.14021164021165,0.35,0.35,0.009226939416078217,0.0,0.0,0.0,0.003229428795627376,0.003229428795627376,197091.2964059046,-0.007935013730591689
2021-09-24,NORMAL_PARTICIPATION,0,False,0.0,23.893588888117563,48.30307408248586,46.03179355660354,63.03708933927148,73.994708994709,0.35,0.35,0.0009383881173252728,0.0,0.0,0.0,0.0003284358410638455,0.0003284358410638455,197156.028251606,-0.007609184032436489
2021-09-27,NORMAL_PARTICIPATION,0,False,0.0,17.541752982862025,56.24377739083622,45.946123338745146,58.21055997716337,72.63888888888889,0.35,0.35,-0.00798221412691169,0.0,0.0,0.0,-0.0027937749444190917,-0.0027937749444190917,196605.2186797355,-0.01038170062915822
2021-09-28,NORMAL_PARTICIPATION,0,False,0.0,21.702981361428616,52.123757160521876,38.04292129433642,58.77532513538204,77.53968253968254,0.35,0.35,-0.028297556365600163,0.0,0.0,0.0,-0.009904144727960057,-0.009904144727960057,194658.01213965914,-0.020183023491564867
2021-09-29,NORMAL_PARTICIPATION,0,False,0.0,29.390484724355712,45.628646503646515,29.182029500683132,60.79450740385274,82.22883597883599,0.35,0.35,-0.0016394809236669472,0.0,0.0,0.0,-0.0005738183232834315,-0.0005738183232834315,194546.3138055195,-0.020745260426149437
2021-09-30,RISK_WARNING,0,False,0.0,39.26487483345892,34.93353437471085,23.437024055827454,66.5668555855937,85.19179894179895,0.35,0.35,-0.0036740146960587694,0.0,0.0,0.0,-0.0012859051436205692,-0.0012859051436205692,194296.14569992453,-0.02200448913268238
2021-10-01,RISK_WARNING,0,False,0.0,39.56857853716262,37.13954185277716,23.977651484407147,67.00537281656824,82.92989417989418,0.35,0.35,0.006201810258129381,0.0,0.0,0.0,0.002170633590345283,0.002170633590345283,194717.89144025542,-0.019881619225586844
2021-10-04,RISK_WARNING,0,False,0.0,41.528895997480085,35.809061162002344,22.143947237815798,69.3312358170043,83.37962962962963,0.35,0.35,-0.020989505247376306,0.0,0.0,0.0,-0.007346326836581706,-0.007346326836581706,193287.43016880527,-0.027081889189296993
2021-10-05,RISK_WARNING,0,False,0.0,35.70740740740742,41.85547522312229,21.508954252603626,64.0727682141344,80.17195767195767,0.35,0.35,0.013498950711814395,0.0,0.0,0.0,0.004724632749135038,0.004724632749135038,194200.64229137698,-0.022485208420733982
2021-10-06,RISK_WARNING,0,False,0.0,31.992063492063508,43.49980758068995,21.172901596618605,60.857433436418226,77.5,0.35,0.35,0.006407745257149378,0.0,0.0,0.0,0.002242710840002282,0.002242710840002282,194636.17817697924,-0.02029292540139671
2021-10-07,NORMAL_PARTICIPATION,0,False,0.0,23.119312169312185,54.17374307080191,24.52986655003443,52.21001646808096,68.79629629629629,0.35,0.35,0.009175077154057965,0.0,0.0,0.0,0.0032112770039202875,0.0032112770039202875,195261.20886008992,-0.017146814602160165
2021-10-08,NORMAL_PARTICIPATION,0,False,0.0,20.338359788359803,55.91650684297744,26.474339294901295,52.276851804366004,63.86243386243387,0.35,0.35,-0.004986638014160993,0.0,0.0,0.0,-0.0017453233049563475,-0.0017453233049563475,194920.41492171245,-0.0188622111719855
2021-10-11,NORMAL_PARTICIPATION,0,False,0.0,19.174603174603188,57.64881478116774,25.945568208921756,51.20209033918709,60.63492063492064,0.35,0.35,-0.007669730867205793,0.0,0.0,0.0,-0.0026844058035220275,-0.0026844058035220275,194397.16942867168,-0.021495983146370246
2021-10-12,NORMAL_PARTICIPATION,0,False,0.0,20.632539682539697,52.330106366871085,23.363539784879077,51.63519486550792,61.005291005291014,0.35,0.35,-0.003487820530706731,0.0,0.0,0.0,-0.0012207371857473558,-0.0012207371857473558,194159.86157514606,-0.022690479386146656
2021-10-13,NORMAL_PARTICIPATION,0,False,0.0,20.069312169312184,55.01287527022822,22.8369224254506,46.74606064454258,57.36111111111112,0.35,0.35,0.008008064064512599,0.0,0.0,0.0,0.0028028224225794094,0.0028028224225794094,194704.05718873377,-0.01995125434796996
2021-10-14,NORMAL_PARTICIPATION,0,False,0.0,16.303968253968268,62.3696532667121,27.810746484851066,40.02690590427778,47.41402116402117,0.35,0.35,0.018416666666666748,0.0,0.0,0.0,0.0064458333333333616,0.0064458333333333616,195959.08709069615,-0.01363402347495457
2021-10-15,NORMAL_PARTICIPATION,0,False,0.0,11.410846560846574,72.0254771578301,35.88892953665151,34.897233266066245,37.00396825396825,0.35,0.35,0.006300630063006407,0.0,0.0,0.0,0.0022052205220522425,0.0022052205220522425,196391.22009103117,-0.011458868981267467
2021-10-18,NORMAL_PARTICIPATION,0,False,0.0,7.338095238095253,77.66803988862813,44.812157539105975,31.138808434349198,31.984126984126984,0.35,0.35,0.010055835637230892,0.0,0.0,0.0,0.003519542473030812,0.003519542473030812,197082.42733147187,-0.007979656484309317
2021-10-19,NORMAL_PARTICIPATION,0,False,0.0,4.654497354497369,79.15779434897082,51.54377524313836,29.00556730490314,31.66666666666666,0.35,0.35,0.007567422514423772,0.0,0.0,0.0,0.0026485978800483197,0.0026485978800483197,197604.41943069678,-0.005352193505508862
2021-10-20,NORMAL_PARTICIPATION,0,False,0.0,2.8671957671957826,80.74255137490432,54.3047387628024,28.679897707411907,33.029100529100525,0.35,0.35,-0.0013050310277785693,0.0,0.0,0.0,-0.0004567608597224992,-0.0004567608597224992,197514.1614661927,-0.0058065096927241155
2021-10-21,NORMAL_PARTICIPATION,0,False,0.0,1.3227513227513374,78.48089055441997,55.20255635926659,27.702725461975906,32.90343915343915,0.35,0.35,0.006106992372926445,0.0,0.0,0.0,0.0021374473305242558,0.0021374473305242558,197936.3375833593,-0.003681473470842467
2021-10-22,NORMAL_PARTICIPATION,0,False,0.0,2.719047619047634,75.57864587276353,52.2454866822058,31.30025423905876,34.411375661375665,0.35,0.35,-0.008402470379303861,0.0,0.0,0.0,-0.0029408646327563513,-0.0029408646327563513,197354.2336086231,-0.006611511388471936
2021-10-25,NORMAL_PARTICIPATION,0,False,0.0,2.1151571739807173,73.22955728838083,54.10121466003823,29.640564832927225,34.27248677248678,0.35,0.35,0.010237904303662004,0.0,0.0,0.0,0.0035832665062817013,0.0035832665062817013,198061.40642378575,-0.003051935689504459
2021-10-26,NORMAL_PARTICIPATION,0,False,0.0,5.007772478360727,70.37242599742602,57.523358442476116,32.97630288190057,39.70899470899471,0.35,0.35,0.0031487312465270367,0.0,0.0,0.0,0.0011020559362844627,0.0011020559362844627,198279.68117248392,-0.001953243157063911
2021-10-27,GREED_TREND,0,False,0.0,8.931942446648343,64.12474974974977,63.879242688066256,35.02407863271238,46.640211640211646,0.35,0.35,0.002321164802701059,0.0,0.0,0.0,0.0008124076809453706,0.0008124076809453706,198440.76510844383,-0.0011424223058621452
2021-10-28,GREED_EXHAUSTING,0,False,0.0,13.511177143530098,59.25795333148275,69.01438623497451,40.090744953410955,53.095238095238095,0.35,0.35,0.01110526315789473,0.0,0.0,0.0,0.003886842105263155,0.003886842105263155,199212.07302966798,0.0
2021-10-29,GREED_EXHAUSTING,0,False,0.0,16.12601467013233,57.76441988206695,72.71634028986973,40.185108088571056,53.86904761904762,0.35,0.35,0.004919056790380516,0.0,0.0,0.0,0.0017216698766331804,0.0017216698766331804,199555.0504548648,0.0
2021-11-01,GREED_TREND,0,False,0.0,14.894985321455925,58.97124645654058,75.27523426788137,39.5323165059882,57.189153439153436,0.35,0.35,0.0034187148739996953,0.0,0.0,0.0,0.0011965502058998933,0.0011965502058998933,199793.82809157492,0.0
2021-11-02,GREED_TREND,0,False,0.0,13.844396917926344,58.347773193361434,75.81576324223387,38.43902770349636,62.09656084656084,0.35,0.35,0.004181400511060085,0.0,0.0,0.0,0.0014634901788710295,0.0014634901788710295,200086.22439678598,0.0
2021-11-03,GREED_TREND,0,False,0.0,10.957505825152898,61.158602930661765,76.36806659600781,35.64983921981072,66.4021164021164,0.35,0.35,0.010615602107698185,0.0,0.0,0.0,0.0037154607376943647,0.0037154607376943647,200829.63690768575,0.0
2021-11-04,GREED_TREND,0,False,0.0,12.849507070095319,61.33575592399123,78.1897895794955,33.62669409040374,67.56613756613757,0.35,0.35,0.01281855638638807,0.0,0.0,0.0,0.004486494735235824,0.004486494735235824,201730.65801635143,0.0
2021-11-05,GREED_TREND,0,False,0.0,16.27829089593797,62.553172920819996,78.74127404715644,30.557505017893984,70.52248677248677,0.35,0.35,0.0009542463964642423,0.0,0.0,0.0,0.00033398623876248476,0.00033398623876248476,201798.03328006537,0.0
2021-11-08,GREED_TREND,0,False,0.0,21.44386403209934,57.64733010321246,78.23901758901764,36.59695189225547,74.87433862433863,0.35,0.35,-0.0013547415955845743,0.0,0.0,0.0,-0.00047415955845460096,-0.00047415955845460096,201702.3488137083,-0.0004741595584546454
2021-11-09,GREED_EXHAUSTING,0,False,0.0,23.575163398692826,55.57013631278338,75.8095166595167,43.32819594465701,78.32671957671958,0.35,0.35,-0.006883384414409943,0.0,0.0,0.0,-0.00240918454504348,-0.00240918454504348,201216.41063224734,-0.002882201765617931
2021-11-10,GREED_EXHAUSTING,0,False,0.0,26.123537402949182,45.823370639547115,70.76885709238655,55.103743924189814,79.239417989418,0.35,0.35,-0.014696954366083204,0.0,0.0,0.0,-0.005143934028129121,-0.005143934028129121,200181.3666905781,-0.008011309938009026
2021-11-11,GREED_EXHAUSTING,0,False,0.0,26.33917404799759,42.25548552754436,65.68852255616964,60.28378965167388,79.27248677248679,0.35,0.35,0.0027727144360862876,0.0,0.0,0.0,0.0009704500526302006,0.0009704500526302006,200375.63270841856,-0.0070486344615298124
2021-11-12,GREED_EXHAUSTING,0,False,0.0,21.950543821132072,41.76246204187382,63.84146436352322,62.69495345847336,77.4074074074074,0.35,0.35,0.010522542819836778,0.0,0.0,0.0,0.003682889986942872,0.003682889986942872,201113.59411974772,-0.0033917038198669758
2021-11-15,GREED_EXHAUSTING,0,False,0.0,15.478281642987538,48.105990444225746,64.38798146886386,62.44822462066293,76.33597883597884,0.35,0.35,-0.00022802128198629035,0.0,0.0,0.0,-7.980744869520162e-05,-7.980744869520162e-05,201097.5437569031,-0.003471240585333657
2021-11-16,GREED_EXHAUSTING,0,False,0.0,10.11002178649239,51.25383892295658,66.75392304068778,60.80428446201688,74.9074074074074,0.35,0.35,0.007120954866830509,0.0,0.0,0.0,0.002492334203390678,0.002492334203390678,201598.74604342628,-0.0009875578735820678
2021-11-17,GREED_EXHAUSTING,0,False,0.0,10.2425850219968,49.853111514876225,66.40180726945437,58.72212036514691,75.17195767195767,0.35,0.35,0.0005284082331034057,0.0,0.0,0.0,0.00018494288158619197,0.00018494288158619197,201636.03029644367,-0.0008027976337948717
2021-11-18,GREED_EXHAUSTING,0,False,0.0,13.035850977027463,48.25089690530868,69.38645788645793,52.915529143944674,74.4973544973545,0.35,0.35,0.010361391243115525,0.0,0.0,0.0,0.0036264869350904334,0.0036264869350904334,202367.26072595723,0.0
2021-11-19,GREED_EXHAUSTING,0,False,0.0,17.985749483633672,45.29066671713732,70.85719122483833,49.60801395051866,75.46296296296296,0.35,0.35,0.005575606720597426,0.0,0.0,0.0,0.0019514623522090989,0.0019514623522090989,202762.1728165836,0.0
2021-11-22,GREED_EXHAUSTING,0,False,0.0,22.388172915468868,41.14248387042506,69.1291007393949,53.06943253907198,77.38095238095238,0.35,0.35,-0.011609198247481411,0.0,0.0,0.0,-0.004063219386618494,-0.004063219386618494,201938.30562512236,-0.004063219386618466
2021-11-23,GREED_EXHAUSTING,0,False,0.0,26.447133136193795,32.7696088946089,64.02068875598292,61.99571433727029,80.18518518518518,0.35,0.35,-0.004557976458802848,0.0,0.0,0.0,-0.0015952917605809968,-0.0015952917605809968,201616.15511001289,-0.005652029126790747
2021-11-24,NORMAL_PARTICIPATION,0,False,0.0,26.370393502746463,31.175202513437814,59.452735298323574,67.85844861532715,81.6005291005291,0.35,0.35,0.003220287813223255,0.0,0.0,0.0,0.0011271007346281392,0.0011271007346281392,201843.39682655028,-0.004531298798343575
2021-11-26,RISK_WARNING,0,False,0.0,36.5330377515898,24.42001770678242,52.48515216897574,73.5210018571024,84.25925925925925,0.35,0.35,-0.01895877219380082,0.0,0.0,0.0,-0.006635570267830287,-0.006635570267830287,200504.05078381015,-0.011136801314592937
2021-11-29,RISK_WARNING,0,False,0.0,38.716549978281,29.733948233948244,50.93496963349909,71.96126938133577,81.91798941798942,0.35,0.35,0.021702453987730186,0.0,0.0,0.0,0.007595858895705565,0.007595858895705565,202027.05126158133,-0.003625535990222639
2021-11-30,RISK_WARNING,0,False,0.0,49.24455444291649,23.831176765000304,45.83006535947717,78.61056376924496,82.53306878306877,0.35,0.35,-0.014686381946008131,0.0,0.0,0.0,-0.005140233681102845,-0.005140233681102845,200988.5850081927,-0.008747133569116383
2021-12-01,NORMAL_PARTICIPATION,0,False,0.0,52.26561184205059,21.523011456834997,43.49747646806474,80.58595858667015,83.33994708994709,0.35,0.35,-0.017012848509471268,0.0,0.0,0.0,-0.005954496978314943,-0.005954496978314943,199791.7990860856,-0.01464954576702504
2021-12-02,NORMAL_PARTICIPATION,0,False,0.0,59.559022028760715,16.019258754552883,38.417283880519214,84.60540450317488,87.94312169312168,0.35,0.35,0.007207067575945469,0.0,0.0,0.0,0.002522473651580914,0.002522473651580914,200295.76863508223,-0.01216402520864901
2021-12-03,PANIC_ACCELERATING,7,True,0.0,60.42622201227086,14.355172399290055,32.8302914258797,82.69417659052381,91.66666666666667,0.35,0.35,-0.017388628144956564,0.0,0.0,0.0,-0.006086019850734797,-0.006086019850734797,199076.76461115092,-0.01817601456049922
2021-12-06,PANIC_ACCELERATING,7,True,0.0,54.7301093965116,23.462309999074716,31.21806785777378,76.94346501557125,91.04497354497353,0.35,0.35,0.008012945997442067,0.0,0.0,0.0,0.0028045310991047234,0.0028045310991047234,199635.08158861205,-0.015422458659487104
2021-12-07,PANIC_STABILIZING_1,7,True,0.15,42.2346117621324,35.937415356533016,34.52996168437349,67.41138431057784,80.78042328042328,0.4175,0.35,0.030113930605903727,0.0,0.0,0.0,0.010539875712066304,0.010539875712066304,201739.21053632422,-0.00504513374486637
2021-12-08,PANIC_STABILIZING_1,7,True,0.15,29.977719996417107,52.677589354059954,43.34834624540511,56.685796395473794,67.60582010582011,0.4175,0.4175,0.004474272930648837,0.0,0.0675,3.375e-05,0.0018680089485458894,0.0018342589485458895,202109.25248852302,-0.003220128878038797
2021-12-09,PANIC_STABILIZING_2,7,True,0.4,24.028826334041828,58.087242704889775,48.967941681177024,54.11743191415864,58.558201058201064,0.53,0.4175,-0.014714346487825658,0.0,0.0,0.0,-0.006143239658667212,-0.006143239658667212,200867.64691325193,-0.009343586513276492
2021-12-10,PANIC_STABILIZING_2,7,True,0.4,25.10379981528793,58.23171427730252,52.13489960548788,52.80765124028878,55.68783068783069,0.53,0.53,0.0108703934168084,0.0,0.11250000000000004,5.6250000000000026e-05,0.0057613085109084515,0.005705058510908452,202013.60859184052,-0.003691833710128045
2021-12-13,PANIC_STABILIZING_2,7,True,0.4,28.578156149553553,51.136736947031075,49.7792813822226,57.31617090796405,53.624338624338634,0.53,0.53,-0.014446873194140841,0.0,0.0,0.0,-0.007656842792894646,-0.007656842792894646,200466.82214882746,-0.011320408712686691
2021-12-14,PANIC_STABILIZING_1,7,True,0.4,31.020815064287522,43.60504874622523,47.83285596520894,62.26787708689983,50.71428571428572,0.53,0.53,-0.010350277876918335,0.0,0.0,0.0,-0.005485647274766718,-0.005485647274766718,199367.13187222558,-0.016743956218249534
2021-12-15,PANIC_STABILIZING_1,7,True,0.4,32.15109262598923,40.24291308114839,46.27267078002376,68.83549933099266,47.870370370370374,0.53,0.53,0.02279752704791349,0.0,0.0,0.0,0.01208268933539415,0.01208268933539415,201776.02299032625,-0.004863578904085841
2021-12-16,PANIC_STABILIZING_1,7,True,0.4,33.989722611800936,36.23280423280425,43.680206466971214,73.96506526179199,46.296296296296305,0.53,0.53,-0.025714645510641065,0.0,0.0,0.0,-0.013628762120639765,-0.013628762120639765,199026.06557134236,-0.01842605646478679
2021-12-17,PANIC_STABILIZING_1,7,True,0.4,34.029575189744186,38.25477473271592,41.86411306264252,71.97096171123682,44.93386243386244,0.53,0.53,-0.004989142798055957,0.0,0.0,0.0,-0.0026442456829696573,-0.0026442456829696573,198499.79175665692,-0.02102157912749525
2021-12-20,PANIC_ACCELERATING,7,True,0.4,38.89507425223034,31.86484383543208,34.08442896678195,73.71852453564975,50.21164021164021,0.36,0.53,-0.00968691382401099,0.0,0.0,0.0,-0.005134064326725825,-0.005134064326725825,197480.68105693656,-0.0260477173147311
2021-12-21,PANIC_STABILIZING_1,7,True,0.4,34.09015923241074,38.01133696721933,33.92142562730802,66.17532702803099,49.53703703703704,0.53,0.36,0.022380414510493996,0.0,0.17000000000000004,8.500000000000002e-05,0.008056949223777837,0.007971949223777837,199054.9870189995,-0.0182834191707818
2021-12-22,PANIC_STABILIZING_1,7,True,0.4,29.00187593729376,45.2887015166427,38.72416744475572,61.05021794632797,44.53703703703704,0.53,0.53,0.012178515454381866,0.0,0.17000000000000004,8.500000000000002e-05,0.00645461319082239,0.00636961319082239,200322.8902900147,-0.012030264287882897
2021-12-23,PANIC_STABILIZING_2,7,True,0.4,18.632483415031803,57.87243651214241,47.17424777718899,51.277590140967725,36.08465608465609,0.53,0.53,0.007539027795405495,0.0,0.0,0.0,0.003995684731564913,0.003995684731564913,201123.31740412948,-0.008082648699649697
2021-12-27,PANIC_STABILIZING_2,7,True,0.4,15.019269156689935,65.81338586485646,55.724658482011456,43.10426406346707,33.373015873015866,0.53,0.53,0.0165272599012396,0.0,0.0,0.0,0.008759447747656988,0.008759447747656988,202885.04659376637,0.0
2021-12-28,RECOVERY_RETESTED,7,True,1.0,10.816458054693362,74.91265740530447,58.87013694366639,34.221566137837456,33.24074074074074,0.8,0.53,-0.0046346782988004875,0.0,0.0,0.0,-0.0024563794983642586,-0.0024563794983642586,202386.68392478875,-0.002456379498364303
2021-12-29,RECOVERY_RETESTED,7,True,1.0,10.369773134479033,80.90787531228709,60.90770707682476,29.635385419303798,34.02777777777777,0.8,0.8,-0.00014939867035179688,0.0,0.27,0.000135,-0.00011951893628143752,-0.0002545189362814375,202335.17268127867,-0.002710273239548866
2021-12-30,RECOVERY_RETESTED,7,True,1.0,9.874643551114154,81.24089215265685,58.66126946274008,31.706621944525143,34.57010582010582,0.8,0.8,-0.002988419872992143,0.0,0.0,0.0,-0.0023907358983937146,-0.0023907358983937146,201851.44272044188,-0.005094529590414121
2021-12-31,RECOVERY_RETESTED,7,True,1.0,9.888512462041888,77.74095524095524,56.70690333190337,36.02972595121549,34.66269841269841,0.8,0.8,-0.006244536030972858,0.0,0.0,0.0,-0.004995628824778287,-0.004995628824778287,200843.06783486455,-0.010064708036321868
2022-01-03,RECOVERY_RETESTED,7,True,1.0,10.599040216687289,73.75250670838908,58.36997501703388,40.118282690388924,34.96693121693122,0.8,0.8,0.009626743747643607,0.0,0.0,0.0,0.007701394998114886,0.007701394998114886,202389.839632894,-0.0024408253303355165
2022-01-04,RECOVERY_RETESTED,7,True,1.0,13.70685895980015,66.27388312682432,56.99151146945269,46.88606483957525,36.044973544973544,0.8,0.8,-0.012970523800039824,0.0,0.0,0.0,-0.01037641904003186,-0.01037641904003186,200289.75784741822,-0.012791917343936365
2022-01-05,NORMAL_PARTICIPATION,7,False,0.0,22.1793440499323,54.22689075630253,50.337403580050676,55.602304934373215,41.97089947089947,0.35,0.8,-0.030721113829545788,0.0,0.0,0.0,-0.02457689106363663,-0.02457689106363663,195367.25828764008,-0.03705442284851601
2022-01-06,NORMAL_PARTICIPATION,0,False,0.0,29.234142966495924,42.04999747646807,38.4329655285538,63.84315295913965,47.5462962962963,0.35,0.35,-0.0007025943948582025,0.0,0.45000000000000007,0.00022500000000000005,-0.00024590803820037085,-0.0004709080382003709,195275.25827531124,-0.03750788166114627
2022-01-07,RISK_WARNING,0,False,0.0,33.98063525710586,36.182514447220335,29.795405699817497,69.22360572147096,51.957671957671955,0.35,0.35,-0.01083276912660791,0.0,0.0,0.0,-0.0037914691943127686,-0.0037914691943127686,194534.87814914895,-0.0411571408775967
2022-01-10,RISK_WARNING,0,False,0.0,34.31159142335614,39.74647231264879,27.984968161438786,67.71238526409302,52.67195767195767,0.35,0.35,0.0006581372084453196,0.0,0.0,0.0,0.00023034802295586186,0.00023034802295586186,194579.68887372655,-0.04093627332067262
2022-01-11,RISK_WARNING,0,False,0.0,33.55926346514584,44.991861609508675,29.650914570032253,66.50564155236827,50.793650793650805,0.35,0.35,0.015021967325247854,0.0,0.0,0.0,0.005257688563836748,0.005257688563836748,195602.72827867288,-0.03589381493291999
2022-01-12,NORMAL_PARTICIPATION,0,False,0.0,29.197556379909333,52.63514354690826,33.01654070036426,60.99549166271174,47.92989417989418,0.35,0.35,0.003965579804053876,0.0,0.0,0.0,0.0013879529314188566,0.0013879529314188566,195874.21565878077,-0.034555680927157106
2022-01-13,NORMAL_PARTICIPATION,0,False,0.0,26.515907504142813,49.693789377612916,31.182752079810935,61.03286798590401,49.9537037037037,0.35,0.35,-0.025016135278172147,0.0,0.0,0.0,-0.00875564734736025,-0.00875564734736025,194159.21010203174,-0.043008770918471106
2022-01-14,RANGE_CARRY,0,False,0.0,23.180171768407074,50.1332855965209,28.648805317922996,58.21893460958923,54.13359788359788,0.35,0.35,0.006222528199968158,0.0,0.0,0.0,0.002177884869988855,0.002177884869988855,194582.06650808195,-0.04092455419994234
2022-01-18,RISK_WARNING,0,False,0.0,30.264814814814827,42.25483676954266,21.529663066427805,63.22039201711874,64.12037037037037,0.35,0.35,-0.024894081734691098,0.0,0.0,0.0,-0.008712928607141884,-0.008712928607141884,192886.68685436688,-0.049280910088061125
2022-01-19,RISK_WARNING,0,False,0.0,35.4915343915344,41.38291652997537,18.98660004542361,65.61765313022426,67.52645502645504,0.35,0.35,-0.010983672918634446,9.92063492063492e-07,0.0,0.0,-0.0038436406802522145,-0.0038436406802522145,192145.29973809439,-0.05293513265753891
2022-01-20,RISK_WARNING,0,False,0.0,47.15793650793652,34.417765454530176,14.201439885263449,72.00424574072578,76.07804232804233,0.35,0.35,-0.012988430473695689,1.3888888888888892e-06,0.0,0.0,-0.004545047888015713,-0.004545047888015713,191271.9901493276,-0.05723958783266769
2022-01-21,NORMAL_PARTICIPATION,0,False,0.0,53.680158730158745,32.049550601021195,11.761504992387378,74.405247128397,82.54629629629629,0.35,0.35,-0.027728629879464894,1.3888888888888892e-06,0.0,0.0,-0.009704117680034935,-0.009704117680034935,189415.86424802404,-0.06638824581641778
2022-01-24,PANIC_ACCELERATING,8,True,0.0,59.41566524507703,33.5772337463514,10.021456961162876,72.82493041971217,90.64814814814814,0.35,0.35,0.004577895305524882,1.3888888888888892e-06,0.0,0.0,0.0016031661347114864,0.0016031661347114864,189719.5293469636,-0.06489151106914193
2022-01-25,PANIC_ACCELERATING,8,True,0.0,62.197582035817355,32.54171261597733,7.9008931200107995,72.76635842266768,95.04497354497353,0.35,0.35,-0.023181432210585884,2.1825396825396824e-06,0.0,0.0,-0.008112082622911408,-0.008112082622911408,188180.50884972114,-0.07247718839273498
2022-01-26,PANIC_STABILIZING_1,8,True,0.15,63.390968279203584,35.80201493510318,7.320113811290315,71.28484279210083,96.67724867724867,0.4175,0.35,-0.0015647184955521753,2.1825396825396824e-06,0.0,0.0,-0.0005462328226496104,-0.0005462328226496104,188077.71847920452,-0.07298383179619117
2022-01-27,PANIC_ACCELERATING,8,True,0.15,64.44309350704339,31.82025018716196,6.181104634045844,72.74699300818843,97.08730158730161,0.36,0.4175,-0.010070522680442173,2.1825396825396824e-06,0.0675,3.375e-05,-0.0042031718897195276,-0.0042369218897195275,187280.84787681146,-0.07691152689137781
2022-01-28,PANIC_STABILIZING_1,8,True,0.15,59.13916794282371,35.91167491020433,7.446049200460998,67.77517581284182,91.46693121693123,0.4175,0.36,0.031369099970683045,2.579365079365079e-06,0.057499999999999996,2.8749999999999997e-05,0.011294526783096689,0.01126577678309669,189390.71210474067,-0.0665122182022867
2022-01-31,PANIC_STABILIZING_1,8,True,0.15,51.680546335707426,42.11324833236599,10.126914098972955,62.141347324554125,77.09656084656085,0.4175,0.4175,0.031978396816372934,2.1825396825396824e-06,0.057499999999999996,2.8749999999999997e-05,0.013352252000200779,0.01332350200020078,191914.05963628762,-0.054074891874342
2022-02-01,PANIC_STABILIZING_1,8,True,0.15,42.38803512184384,53.95697735550678,14.49821775557073,52.42160791178815,60.83994708994709,0.4175,0.4175,0.006803470596336458,3.3730158730158734e-06,0.0,0.0,0.002842413755716503,0.002842413755716503,192459.55879931324,-0.051386181335127845
2022-02-02,PANIC_STABILIZING_2,8,True,0.4,36.30870164822932,61.06806007688362,18.839193184781454,46.436173717767616,51.3558201058201,0.53,0.4175,0.0081254103742614,2.1825396825396824e-06,0.0,0.0,0.003393630160619213,0.003393630160619213,193112.69536275405,-0.04816693686932649
2022-02-03,PANIC_STABILIZING_2,8,True,0.4,37.39879772261537,60.90362042714985,18.5585270144094,43.38091206549458,51.37566137566137,0.53,0.53,-0.04054384108116904,2.1825396825396824e-06,0.11250000000000004,5.6250000000000026e-05,-0.0214872099793688,-0.021543459979368802,188952.3797386985,-0.06867271437192224
2022-02-04,PANIC_STABILIZING_2,8,True,0.4,38.58813153711733,60.19067912450267,18.697211917800185,42.06520434096331,52.55291005291005,0.53,0.53,0.012614905953896027,2.579365079365079e-06,0.0,0.0,0.006687112457152197,0.006687112457152197,190215.9255510577,-0.06244482407851304
2022-02-07,PANIC_STABILIZING_2,8,True,0.4,43.7076241465187,56.67404904904905,16.737680958269227,46.033215751669225,51.82539682539683,0.53,0.53,-0.008044468031619179,3.7698412698412693e-06,0.0,0.0,-0.004261796231361339,-0.004261796231361339,189405.2640363993,-0.06644049319394851
2022-02-08,PANIC_STABILIZING_2,8,True,0.4,42.81673000183713,58.26985388750095,18.97856364768133,45.44884061345159,48.73677248677249,0.53,0.53,0.011235322276349491,5.357142857142857e-06,0.0,0.0,0.005957238663608088,0.005957238663608088,190533.59639840783,-0.06087905640522473
2022-02-09,PANIC_STABILIZING_2,8,True,0.4,38.86259799758656,62.91876960994608,21.60492635492639,44.34225893689837,45.205026455026456,0.53,0.53,0.02119068834929827,4.563492063492064e-06,0.0,0.0,0.011233209666397924,0.011233209666397924,192673.90023524396,-0.05032971394371921
2022-02-10,PANIC_STABILIZING_2,8,True,0.4,38.16789953635246,67.14464990200285,21.715324568265782,40.09422064379367,44.66931216931217,0.53,0.53,-0.022632454394240997,4.9603174603174595e-06,0.0,0.0,-0.01199286947974138,-0.01199286947974138,190363.18729756997,-0.06171898573318091
2022-02-11,PANIC_STABILIZING_2,8,True,0.4,44.733534285117535,57.47099830923361,18.54438997821354,43.54301997850382,48.77645502645503,0.53,0.53,-0.03172167508300083,1.0515873015873016e-05,0.0,0.0,-0.016807545333672985,-0.016807545333672985,187163.64939720355,-0.07748918641619518
2022-02-14,PANIC_STABILIZING_2,8,True,0.4,55.7733792534255,46.04953693188988,13.330753021929526,46.631656324255914,54.66269841269841,0.53,0.53,0.0012389788509190591,8.928571428571428e-06,0.0,0.0,0.00066085521955853,0.00066085521955853,187287.33747181934,-0.07687954032993904
2022-02-15,PANIC_STABILIZING_1,8,True,0.4,59.73046082700324,40.372897056720596,13.366291711879981,47.34645268065569,55.30423280423281,0.53,0.53,0.024864024864024836,1.1706349206349205e-05,0.0,0.0,0.013183435162060149,0.013183435162060149,189756.42794205394,-0.06470964160310766
2022-02-16,PANIC_STABILIZING_1,8,True,0.4,56.84722486286879,45.76039379715851,15.416720291720324,48.17214391811163,51.44179894179894,0.53,0.53,-0.00025271670457405193,1.0515873015873016e-05,0.0,0.0,-0.00012899739310678722,-0.00012899739310678722,189731.94985752416,-0.06483029162113885
2022-02-17,PANIC_STABILIZING_1,8,True,0.4,56.58637771143526,43.13193971282207,15.249668786433526,55.48216168187702,49.563492063492056,0.53,0.53,-0.029743849005729794,9.722222222222223e-06,0.0,0.0,-0.015759670528592347,-0.015759670528592347,186741.83683902217,-0.07956825811350943
2022-02-18,PANIC_STABILIZING_1,8,True,0.4,56.08822330336292,38.85028831352361,12.873411226352436,63.11735390174666,50.67460317460317,0.53,0.53,-0.011405413229121475,8.928571428571428e-06,0.0,0.0,-0.006040672582862953,-0.006040672582862953,185613.7905451552,-0.08512828490112001
2022-02-22,PANIC_ACCELERATING,8,True,0.4,57.31535767133564,34.265188507835575,10.05136817489762,66.4310941125457,53.28042328042327,0.36,0.53,-0.010043629761939621,8.53174603174603e-06,0.0,0.0,-0.005319113853193078,-0.005319113853193078,184626.48966052278,-0.08999459171479707
2022-02-23,PANIC_ACCELERATING,8,True,0.4,58.78561575179966,32.855544620250505,8.56641326200153,68.80331086711539,56.15740740740741,0.36,0.36,-0.02561523899668705,9.325396825396825e-06,0.17000000000000004,8.500000000000002e-05,-0.009215517784839084,-0.009300517784839084,182909.36770988267,-0.09845811319885345
2022-02-24,PANIC_ACCELERATING,8,True,0.4,62.18948674239028,33.952462967168856,8.514379084967352,68.78537574576471,55.813492063492056,0.36,0.36,0.03360451702993128,8.134920634920636e-06,0.0,0.0,0.01210283247998161,0.01210283247998161,185123.08914629475,-0.08754690276921251
2022-02-25,PANIC_STABILIZING_1,8,True,0.4,58.89545792328338,41.18200658641835,10.296256971257003,64.0050416708386,53.56481481481481,0.53,0.36,0.015507063349877948,7.3412698412698415e-06,0.0,0.0,0.005587241218654474,0.005587241218654474,186157.41650049758,-0.08244880721427572
2022-02-28,PANIC_STABILIZING_1,8,True,0.4,53.96930823658678,49.206547934489116,12.197616734381471,54.584610362598944,50.5026455026455,0.53,0.53,0.002978858778957205,7.738095238095238e-06,0.17000000000000004,8.500000000000002e-05,0.0015824320576092235,0.0014974320576092235,186436.17458372714,-0.08107483664370074
2022-03-01,PANIC_STABILIZING_1,8,True,0.4,52.53688149270486,49.78478373331314,11.390158015158049,49.74024858417645,54.85449735449736,0.53,0.53,-0.015311418685121092,8.53174603174603e-06,0.0,0.0,-0.008111041982479259,-0.008111041982479259,184923.98294462572,-0.08852827722244017
2022-03-02,PANIC_STABILIZING_1,8,True,0.4,53.51773021473005,49.27981342687226,10.424180483004045,44.042616382986374,57.40079365079365,0.53,0.53,0.016779407888957376,7.3412698412698415e-06,0.0,0.0,0.008896536577972807,0.008896536577972807,186569.16592303698,-0.08041933570096182
2022-03-03,PANIC_STABILIZING_1,8,True,0.4,54.178484142949316,48.56013050865992,9.544887324299122,41.94798118801911,58.57804232804233,0.53,0.53,-0.014284891423305246,8.134920634920636e-06,0.0,0.0,-0.007567169041653368,-0.007567169041653368,185157.36550653708,-0.08737795803514858
2022-03-04,PANIC_STABILIZING_1,8,True,0.4,56.06170463485577,44.93053662906605,9.919843162490254,43.49061456414395,60.50925925925926,0.53,0.53,-0.014491906737567839,9.722222222222223e-06,0.0,0.0,-0.007676141126466511,-0.007676141126466511,183736.07143830418,-0.09438337362439475
2022-03-07,PANIC_STABILIZING_1,8,True,0.4,63.102671288451766,35.346514581808705,7.951885288650026,54.25554576669375,69.6031746031746,0.53,0.53,-0.036881114734657605,8.134920634920636e-06,0.0,0.0,-0.019543167396670117,-0.019543167396670117,180145.28663737886,-0.11208199095086091
2022-03-08,PANIC_ACCELERATING,8,True,0.4,67.90567682040277,28.314830586889418,6.463626651861978,63.97978728932236,77.32804232804233,0.36,0.53,-0.004648156128793879,9.722222222222223e-06,0.0,0.0,-0.0024589533038163114,-0.0024589533038163114,179702.31778963495,-0.11426533987273024
2022-03-09,PANIC_ACCELERATING,8,True,0.4,66.99340499065583,33.699587192234254,6.705854173501265,66.483805912174,73.04232804232804,0.36,0.36,0.03599814442554505,8.928571428571428e-06,0.17000000000000004,8.500000000000002e-05,0.012965046278910505,0.012880046278910505,182016.89195919293,-0.10285703645945588
2022-03-10,PANIC_STABILIZING_1,8,True,0.4,63.10347772309794,38.746767776179546,7.608197693491843,65.64977155252295,64.94708994708994,0.53,0.36,-0.0111048090987792,9.722222222222223e-06,0.0,0.0,-0.003991509053338289,-0.003991509053338289,181290.3698870773,-0.10643799072056681
2022-03-11,PANIC_STABILIZING_1,8,True,0.4,60.284177184934016,42.242071903836624,8.146264752147138,66.17641597954689,58.994708994708986,0.53,0.53,-0.020738370513478488,1.011904761904762e-05,0.17000000000000004,8.500000000000002e-05,-0.010986580419762648,-0.011071580419762648,179283.198977544,-0.11633113436634879
2022-03-14,PANIC_STABILIZING_1,8,True,0.4,58.50876210139293,38.14346068757834,6.757347473523976,66.55517360000279,63.08201058201058,0.53,0.53,-0.019204685573366076,1.0515873015873016e-05,0.0,0.0,-0.010173540893566561,-0.010173540893566561,177459.25402121653,-0.12532117570724421
2022-03-15,PANIC_STABILIZING_1,8,True,0.4,55.430911011026005,40.24096365272837,7.214311159899427,61.52110724169544,62.47354497354498,0.53,0.53,0.0313668793412325,1.2500000000000002e-05,0.0,0.0,0.016630321050853224,0.016630321050853224,180410.45838903426,-0.11077498604287295
2022-03-16,PANIC_STABILIZING_1,8,True,0.4,50.38729680226478,48.517697319167915,10.53431057107531,51.14361121761498,57.50000000000001,0.53,0.53,0.03708669815633092,1.2896825396825396e-05,0.0,0.0,0.019662011530791897,0.019662011530791897,183957.69090215492,-0.09329103356497925
2022-03-17,PANIC_STABILIZING_2,8,True,0.4,44.47577059818956,61.368681706916995,16.141939208115712,40.039913320748205,48.31349206349207,0.53,0.53,0.012106252938410833,1.2103174603174605e-05,0.0,0.0,0.006422002549421234,0.006422002549421234,185139.06766211422,-0.08746814627095045
2022-03-18,RECOVERY_EARLY,8,True,0.7,39.72279178155139,71.72045543442601,23.70097934068525,31.39130439737647,43.055555555555564,0.665,0.53,0.020468006038787623,1.0515873015873016e-05,0.0,0.0,0.0108529856608749,0.0108529856608749,187148.3793087189,-0.07756445114733745
2022-03-21,RECOVERY_RETESTED,8,True,1.0,38.38666607784257,75.09370936062112,29.736070103717196,31.40173488071967,41.74603174603175,0.8,0.665,-0.002777632365074445,1.1309523809523808e-05,0.135,6.75e-05,-0.0018433368322983154,-0.0019108368322983155,186790.76929243086,-0.07932707496950642
2022-03-22,RECOVERY_RETESTED,8,True,1.0,38.43803172920821,76.39960885255003,36.362884943767334,31.43180423578902,40.55555555555555,0.8,0.8,0.019652650822669093,1.6071428571428572e-05,0.135,6.75e-05,0.01572533494384956,0.01565783494384956,189715.50832704644,-0.06491133027210771
2022-03-23,RECOVERY_RETESTED,8,True,1.0,41.097465532759664,72.70962716918599,39.14495272583511,40.11723557387691,41.42195767195767,0.8,0.8,-0.014371358135365275,1.4880952380952383e-05,0.0,0.0,-0.01149411031781603,-0.01149411031781603,187534.89734533484,-0.07565934259889984
2022-03-24,RECOVERY_RETESTED,8,True,1.0,40.97778282484166,71.25102981132393,42.28796233208001,38.17205488899034,41.21031746031746,0.8,0.8,0.02222664354944137,1.4484126984126985e-05,0.0,0.0,0.017784211664949923,0.017784211664949923,190870.05765428892,-0.059220672697159804
2022-03-25,RECOVERY_RETESTED,8,True,1.0,40.8589425560014,68.40038326141268,42.81085602409134,42.395272006894366,41.21693121693122,0.8,0.8,-0.0008341443069649346,1.5277777777777777e-05,0.0,0.0,-0.0006642598900163922,-0.0006642598900163922,190743.27033078406,-0.059845594669643676
2022-03-28,PANIC_STABILIZING_2,8,True,1.0,38.462797671621225,69.91986356104003,45.78621205238855,36.69431980096113,39.563492063492056,0.8,0.8,0.015472380687352238,1.646825396825397e-05,0.0,0.0,0.012381198200675443,0.012381198200675443,193104.9005661945,-0.0482053566380104
2022-03-29,RECOVERY_RETESTED,8,True,1.0,33.84339591692535,72.29376729670848,48.218817346758556,35.45257565101016,38.01587301587301,0.8,0.8,0.01720972294538381,1.8055555555555558e-05,0.0,0.0,0.013771389467418158,0.013771389467418158,195764.2233599586,-0.0350978219112702
2022-03-30,RECOVERY_RETESTED,8,True,1.0,32.52102228278701,75.20535598623835,49.722130533895275,35.91764929065685,37.31481481481482,0.8,0.8,-0.011045556184164473,1.646825396825397e-05,0.0,0.0,-0.008833151296537927,-0.008833151296537927,194035.00835657085,-0.04362094883668688
2022-03-31,RECOVERY_RETESTED,8,True,1.0,33.137357105004185,74.03540273466744,47.89301738713507,43.38807762085747,37.81084656084656,0.8,0.8,-0.01239478057152188,1.646825396825397e-05,0.0,0.0,-0.009912530806423852,-0.009912530806423852,192111.6303587116,-0.053101085643961765
2022-04-01,RECOVERY_RETESTED,8,True,1.0,37.06455783514608,70.58096331625744,46.53546929282226,52.13115312384759,37.90343915343916,0.8,0.8,-0.0019032382633640266,1.5277777777777777e-05,0.0,0.0,-0.0015195350551356658,-0.0015195350551356658,191819.71000188228,-0.05453993173799565
2022-04-04,RECOVERY_RETESTED,8,True,1.0,34.510288439700226,68.98192877751701,47.69982482482485,54.040292800254825,37.771164021164026,0.8,0.8,0.020588641702362853,1.5674603174603176e-05,0.0,0.0,0.016474048282525203,0.016474048282525203,194979.75716599327,-0.03896437692424781
2022-04-05,PANIC_STABILIZING_2,8,True,1.0,36.776170708523665,58.95127101891808,47.754477166241905,58.994045007327706,38.968253968253975,0.8,0.8,-0.0222041700514487,2.0833333333333333e-05,0.0,0.0,-0.017759169374492297,-0.017759169374492297,191517.07863388502,-0.056031571329370866
2022-04-06,PANIC_STABILIZING_2,8,True,1.0,41.090447169858955,48.807519073695545,43.29740665034785,66.10078321748148,42.64550264550265,0.8,0.8,-0.02171143727499314,2.0436507936507937e-05,0.0,0.0,-0.017365062518407214,-0.017365062518407214,188191.37259006492,-0.07242364210863883
2022-04-07,PANIC_STABILIZING_1,8,True,1.0,47.72423768306123,39.78102682514447,38.034374710845334,74.30489699512466,45.939153439153436,0.8,0.8,0.0023778520070203424,2.1230158730158732e-05,0.0,0.0,0.0019065276373623056,0.0019065276373623056,188550.16464302098,-0.07065519214655536
2022-04-08,PANIC_STABILIZING_1,8,True,1.0,49.37549229902172,38.2917255490785,34.87945823975239,77.43190364395295,47.39417989417989,0.8,0.8,-0.01397910194860219,2.1626984126984128e-05,0.0,0.0,-0.011178956162056356,-0.011178956162056356,186442.37061812816,-0.08104429701298355
2022-04-11,PANIC_STABILIZING_1,8,True,1.0,52.505847444082754,35.91677181383064,32.02125655066835,78.01591801885917,50.17857142857142,0.8,0.8,-0.023657453816411267,2.2420634920634916e-05,0.0,0.0,-0.01892147892614489,-0.01892147892614489,182914.60523153676,-0.09843229798111308
2022-04-12,PANIC_STABILIZING_1,8,True,1.0,53.91323676617797,31.647715993304235,26.866810087398353,78.27680123875567,54.90740740740741,0.8,0.8,-0.004224236557247241,2.5198412698412697e-05,0.0,0.0,-0.0033743495632581103,-0.0033743495632581103,182297.38741326018,-0.1014745025626681
2022-04-13,PANIC_STABILIZING_1,8,True,1.0,48.6376401611696,37.66913236766178,23.242553477847622,74.02478855244506,55.82010582010582,0.8,0.8,0.020326999558108794,2.4007936507936506e-05,0.0,0.0,0.016266401233788624,0.016266401233788624,185262.70986079567,-0.08685872630256297
2022-04-14,PANIC_STABILIZING_1,8,True,1.0,42.52669181786831,40.387657615598805,20.35110425551605,72.56338913459405,56.25,0.8,0.8,-0.022867042009527938,2.4404761904761902e-05,0.0,0.0,-0.0182887526552414,-0.0182887526552414,181874.4859839118,-0.10355894119650755
2022-04-18,PANIC_STABILIZING_1,8,True,1.0,39.36613756613758,45.46223744753158,19.057820425467515,69.67928605618356,57.51322751322751,0.8,0.8,0.0007682534054309631,2.5992063492063493e-05,0.0,0.0,0.0006198011370431831,0.0006198011370431831,181987.21199712378,-0.103003326008969
2022-04-19,PANIC_STABILIZING_1,8,True,1.0,38.507142857142874,47.531594619829924,17.620790959026284,63.98735883484458,60.55555555555555,0.8,0.8,0.022350822285866156,2.6785714285714288e-05,0.0,0.0,0.017886014971550068,0.017886014971550068,185242.237995535,-0.0869596300685348
2022-04-20,PANIC_STABILIZING_1,8,True,1.0,35.91349206349208,54.200984598043426,17.68182152740979,57.16843161269154,60.542328042328045,0.8,0.8,-0.014584416334546324,2.6785714285714288e-05,0.0,0.0,-0.011662175924779918,-0.011662175924779918,183081.9104273311,-0.09760766748910177
2022-04-21,PANIC_STABILIZING_1,8,True,1.0,38.08386243386246,51.0891048611637,16.3253821047939,57.82999623369639,62.16931216931217,0.8,0.8,-0.020691070015532942,2.7182539682539677e-05,0.0,0.0,-0.016547419504489846,-0.016547419504489846,180052.3772518066,-0.11253993197279477
2022-04-22,PANIC_STABILIZING_1,8,True,1.0,47.14296296296299,42.096825817414064,12.021091679915239,64.31809720400798,71.90476190476191,0.8,0.8,-0.026185844680532644,2.7579365079365076e-05,0.0,0.0,-0.020943159871410245,-0.020943159871410245,176281.51152979454,-0.13112615005698114
2022-04-25,PANIC_STABILIZING_1,8,True,1.0,54.159894179894195,37.66034837358368,9.427601761425322,66.13373267547837,79.23280423280424,0.8,0.8,0.012845728334357709,2.7579365079365076e-05,0.0,0.0,0.01028209854050204,0.01028209854050204,178094.05540221254,-0.12219230351260169
2022-04-26,PANIC_ACCELERATING,8,True,1.0,60.31622442461611,34.70671301553656,6.85211366829017,67.78688576079465,86.79894179894181,0.36,0.8,-0.037745008799077606,3.075396825396826e-05,0.0,0.0,-0.030189856245611293,-0.030189856245611293,172717.4214714218,-0.14869319168084738
2022-04-27,PANIC_ACCELERATING,8,True,1.0,62.77794076280302,32.58533218092043,6.50818570671515,69.01741587073651,87.55291005291006,0.36,0.36,-0.001198208992873817,2.7579365079365076e-05,0.44000000000000006,0.00022000000000000003,-0.0004137044437837805,-0.0006337044437837805,172607.96967391652,-0.14923266858830253
2022-04-28,PANIC_ACCELERATING,8,True,1.0,63.83864726762718,30.02606387900507,6.3052033125562845,69.92940528628382,85.1521164021164,0.36,0.36,0.03551584796060103,2.7182539682539677e-05,0.0,0.0,0.012803102091213197,0.012803102091213197,174817.8871314087,-0.1383402075883695
2022-04-29,PANIC_ACCELERATING,8,True,1.0,61.708393771923205,30.063959968371748,6.1959785415668085,68.54878876572423,78.69047619047619,0.36,0.36,-0.04499862809060695,2.7182539682539677e-05,0.0,0.0,-0.016182109287221674,-0.016182109287221674,171988.96497648707,-0.15228368051757923
2022-05-02,PANIC_ACCELERATING,8,True,1.0,59.679106501459465,34.320719879543425,6.22176588353062,65.03717230377569,71.64021164021163,0.36,0.36,0.016695929768555606,2.8373015873015875e-05,0.0,0.0,0.006028693446838748,0.006028693446838748,173025.8337225694,-0.14717305869753727
2022-05-03,PANIC_STABILIZING_1,8,True,1.0,56.70269925387575,37.80037390331509,5.571884910120236,61.498886118430676,69.72883597883599,0.8,0.36,0.0010675709620697749,3.035714285714286e-05,0.0,0.0,0.00040375411777369036,0.00040375411777369036,173095.6936154161,-0.14682872630823818
2022-05-04,PANIC_STABILIZING_1,8,True,1.0,49.99227134697725,49.61110900816784,8.534929677576768,53.03655200334514,61.44179894179896,0.8,0.8,0.0338121824226838,3.075396825396826e-05,0.44000000000000006,0.00022000000000000003,0.027055896731797837,0.026835896731797836,177740.87177399834,-0.12393311011290953
2022-05-05,PANIC_STABILIZING_1,8,True,1.0,48.956053616641874,48.282791194555905,9.101674994322083,54.20099553334845,56.8915343915344,0.8,0.8,-0.05036407766990303,2.9960317460317458e-05,0.0,0.0,-0.040285270072430365,-0.040285270072430365,170580.5327516736,-0.1592257013735251
2022-05-06,PANIC_STABILIZING_1,8,True,1.0,49.77398835810603,43.54282538841363,9.440000294412089,55.82776753440887,53.32010582010582,0.8,0.8,-0.011980830670926479,2.8373015873015875e-05,0.0,0.0,-0.009578989933566581,-0.009578989933566581,168946.54354558288,-0.1672794699164697
2022-05-09,PANIC_ACCELERATING,8,True,1.0,58.402789509036985,31.217205335587693,6.3675011145599685,65.1451838257341,57.67195767195767,0.36,0.8,-0.03912691996766382,2.8373015873015875e-05,0.0,0.0,-0.031295861370956454,-0.031295861370956454,163659.21593967808,-0.19334017618671318
2022-05-10,PANIC_ACCELERATING,8,True,1.0,61.09143507202248,30.186960805343166,6.311908757497025,67.23985384137184,58.43253968253968,0.36,0.36,0.012148746424364809,3.115079365079365e-05,0.44000000000000006,0.00022000000000000003,0.004393485220707839,0.004173485220707839,164342.24525863494,-0.18997359333388963
2022-05-11,PANIC_ACCELERATING,8,True,1.0,67.47961761449871,26.67592172003938,5.933243537655334,74.36455646484107,59.00132275132275,0.36,0.36,-0.029658199228620896,2.9960317460317458e-05,0.0,0.0,-0.01065777711912892,-0.01065777711912892,162590.7222374112,-0.19860667423674594
2022-05-12,PANIC_ACCELERATING,8,True,1.0,67.70377768634513,25.896209129297375,6.245803576685962,74.6611029028486,59.00793650793651,0.36,0.36,-0.0023643092105263275,3.075396825396826e-05,0.0,0.0,-0.0008314687761069382,-0.0008314687761069382,162455.5331285861,-0.19927300776449863
2022-05-13,PANIC_ACCELERATING,8,True,1.0,65.21288139853134,29.741239033150805,6.955475433416642,69.6607493031117,56.812169312169324,0.36,0.36,0.037059934741542344,3.273809523809523e-05,0.0,0.0,0.013362528887907624,0.013362528887907624,164626.34988301725,-0.1885732701994245
2022-05-16,PANIC_STABILIZING_1,8,True,1.0,59.703183966893164,38.22223441929325,7.3847458803341475,62.06249030950167,54.67592592592593,0.8,0.36,-0.011591706961648018,3.5515873015873014e-05,0.0,0.0,-0.0041502843474631275,-0.0041502843474631275,163943.1037199178,-0.19194092185522882
2022-05-17,PANIC_STABILIZING_1,8,True,1.0,54.00358738339575,50.44835381600088,9.187712923007071,51.72099630804561,49.56349206349207,0.8,0.8,0.025901353705937602,3.7103174603174604e-05,0.44000000000000006,0.00022000000000000003,0.020728503599670718,0.020508503599670717,167305.3314526989,-0.17536883934235026
2022-05-18,PANIC_STABILIZING_1,8,True,1.0,53.76127680819534,47.602369806781574,8.279902381373,48.597684394885505,49.37169312169312,0.8,0.8,-0.04909037462847443,3.6706349206349205e-05,0.0,0.0,-0.03926495843293828,-0.03926495843293828,160736.09456759974,-0.20774794758807846
2022-05-19,PANIC_STABILIZING_1,8,True,1.0,54.87170527065977,44.414477082124144,7.8428182384065055,44.88527450600503,48.43915343915344,0.8,0.8,-0.005358246891529861,3.5515873015873014e-05,0.0,0.0,-0.004279494338620715,-0.004279494338620715,160048.2253608857,-0.21113838576113586
2022-05-20,PANIC_STABILIZING_1,8,True,1.0,57.88941204989366,35.43331945390769,6.638837577072903,50.653528392854746,49.21957671957673,0.8,0.8,-0.003107949444022262,3.630952380952381e-05,0.0,0.0,-0.002479097650455905,-0.002479097650455905,159651.45018143387,-0.21309405073553034
2022-05-23,PANIC_STABILIZING_1,8,True,1.0,57.498112343138565,40.16279094220271,7.6386992034051175,49.899325321526426,48.01587301587302,0.8,0.8,0.016627407510045655,3.5515873015873014e-05,0.0,0.0,0.0133090291826397,0.0133090291826397,161776.2559909493,-0.20262109649277682
2022-05-24,PANIC_STABILIZING_1,8,True,1.0,59.732728424568954,36.91956662544899,8.187582119935094,59.1022182388406,48.25396825396825,0.8,0.8,-0.021262096224614946,3.7103174603174604e-05,0.0,0.0,-0.017002256344771323,-0.017002256344771323,159025.69461609382,-0.21617833701411937
2022-05-25,PANIC_STABILIZING_1,8,True,1.0,57.65295545620802,43.43439658145542,8.841796207972711,53.75991218922905,48.0026455026455,0.8,0.8,0.013995265283386571,3.6706349206349205e-05,0.0,0.0,0.011203553496550528,0.011203553496550528,160807.34749305135,-0.20739674908110184
2022-05-26,PANIC_STABILIZING_1,8,True,1.0,54.74515409231309,50.08022413169473,9.874369747899193,50.215826832525096,47.43386243386244,0.8,0.8,0.027707203186156715,3.6706349206349205e-05,0.0,0.0,0.02217310381876664,0.02217310381876664,164372.94550383525,-0.18982227491138526
2022-05-27,PANIC_STABILIZING_2,8,True,1.0,47.5286496981349,66.101299829241,14.561270724506054,37.79591044012294,45.63492063492064,0.8,0.8,0.03263956168776949,3.7103174603174604e-05,0.0,0.0,0.026119069985136228,0.026119069985136228,168666.2139711129,-0.16866118620939718
2022-05-31,RECOVERY_EARLY,8,True,1.0,44.38651722067734,73.3517256752551,18.51984358307891,36.088687562596455,44.69576719576721,0.8,0.8,-0.0026528631510839285,3.7500000000000003e-05,0.0,0.0,-0.002114790520867143,-0.002114790520867143,168309.52026061623,-0.17041929365243058
2022-06-01,RECOVERY_RETESTED,8,True,1.0,43.26635038399746,72.56987975370329,20.826814840050165,39.232439758815445,44.37169312169312,0.8,0.8,-0.007395873880887471,4.067460317460317e-05,0.0,0.0,-0.005908564184075057,-0.005908564184075057,167315.0526573655,-0.17532092450175552
2022-06-02,RECOVERY_RETESTED,8,True,1.0,43.18599734187972,71.76110217360218,22.103979609861995,36.184130219946134,44.27248677248678,0.8,0.8,0.027385620915032716,4.027777777777778e-05,0.0,0.0,0.02191655228758173,0.02191655228758173,170982.02175743014,-0.15724680242312372
2022-06-03,RECOVERY_RETESTED,8,True,1.0,42.55141107494051,69.47423442349914,22.891896308072813,38.20560369260556,44.27910052910053,0.8,0.8,-0.026019466887206577,4.107142857142856e-05,0.0,0.0,-0.020807359224050977,-0.020807359224050977,167424.3374098688,-0.17478227094232335
2022-06-06,PANIC_STABILIZING_2,8,True,1.0,43.15603839133252,68.95169507743037,24.844062760239265,38.099232364649794,44.74867724867725,0.8,0.8,0.0033311561071196483,4.265873015873015e-05,0.0,0.0,0.002673456631727465,0.002673456631727465,167871.9391150298,-0.17257608713195505
2022-06-07,PANIC_STABILIZING_2,8,True,1.0,42.612581909640745,69.57940924117395,26.867144665674108,42.729884750567834,45.5952380952381,0.8,0.8,0.008625740511685409,4.464285714285714e-05,0.0,0.0,0.006909520980776899,0.006909520980776899,169031.85380042877,-0.16685898424599688
2022-06-08,RECOVERY_RETESTED,8,True,1.0,42.103890674713504,70.62809763545057,28.451557860381417,42.57972634466939,45.615079365079374,0.8,0.8,-0.00719656630199772,4.464285714285714e-05,0.0,0.0,-0.0057483244701696055,-0.0057483244701696055,168060.20385898964,-0.17164814913395754
2022-06-09,RECOVERY_RETESTED,8,True,1.0,44.30613205653189,64.50741497800321,26.85060081089496,47.43582994081094,46.96428571428572,0.8,0.8,-0.026784553374073594,4.5436507936507935e-05,0.0,0.0,-0.021418555397671575,-0.021418555397671575,164460.5970724919,-0.18939024914049563
2022-06-10,RECOVERY_RETESTED,8,True,1.0,49.49842230596499,49.33250477368125,21.040624027388763,58.00370379189162,48.30687830687831,0.8,0.8,-0.03527054108216432,4.623015873015873e-05,0.0,0.0,-0.028207186833985428,-0.028207186833985428,159821.62628403932,-0.21225526983244003
2022-06-13,PANIC_ACCELERATING,8,True,1.0,59.44654047843034,30.66423492820552,14.433958117781678,71.45201116676446,54.66269841269841,0.36,0.8,-0.04649633014817878,4.98015873015873e-05,0.0,0.0,-0.037187103801082706,-0.037187103801082706,153878.3228777569,-0.24154921488193692
2022-06-14,PANIC_ACCELERATING,8,True,1.0,63.88576711223237,24.671269588916655,10.749939645527911,78.74691415459914,57.62566137566139,0.36,0.36,0.001815475109836262,6.329365079365079e-05,0.44000000000000006,0.00022000000000000003,0.0006940789760489908,0.0004740789760489907,153951.2733555029,-0.2411896493103448
2022-06-15,PANIC_ACCELERATING,8,True,1.0,66.87280692035024,23.991054710172364,10.476825144472235,82.58157939723402,58.55158730158731,0.36,0.36,0.02497191113044095,6.726190476190477e-05,0.0,0.0,0.00903293562600636,0.00903293562600636,155341.90529726486,-0.23433536426021784
2022-06-16,PANIC_ACCELERATING,8,True,1.0,67.83915290576584,22.363948612478026,11.919968497909705,85.50511725469028,58.35978835978836,0.36,0.36,-0.04034653465346538,6.369047619047618e-05,0.0,0.0,-0.014483990570485633,-0.014483990570485633,153091.934605738,-0.2454252436244272
2022-06-17,PANIC_ACCELERATING,8,True,1.0,68.41740813683197,21.373702799438096,13.517964182670097,86.10788755684389,57.67195767195768,0.36,0.36,0.012159622683223459,5.773809523809524e-05,0.0,0.0,0.004414416546912826,0.004414416546912826,153767.74617506049,-0.24209423633400007
2022-06-21,PANIC_ACCELERATING,8,True,1.0,66.78636911154766,24.770707997913888,14.841570982747484,81.13167845942986,58.0952380952381,0.36,0.36,0.025182569441916325,5.932539682539682e-05,0.0,0.0,0.00910369325305813,0.00910369325305813,155167.60056845233,-0.23519449474686005
2022-06-22,PANIC_ACCELERATING,8,True,1.0,63.234382506648124,32.56706075823723,16.073956729839114,72.86189204927342,55.0925925925926,0.36,0.36,-0.0014586594563824606,6.210317460317461e-05,0.0,0.0,-0.00048537137255165404,-0.00048537137255165404,155092.28665718887,-0.2355657094446798
2022-06-23,PANIC_STABILIZING_1,8,True,1.0,61.52755814530631,35.91547640077053,17.779349517584844,66.14538382920733,53.968253968253975,0.8,0.36,0.014892934763245158,5.853174603174603e-05,0.0,0.0,0.0053989168322285735,0.0053989168322285735,155929.6170141712,-0.23143859228626795
2022-06-24,PANIC_STABILIZING_1,8,True,1.0,61.079641199644605,39.8943590649473,20.493426830191567,58.75178666061017,51.8915343915344,0.8,0.8,0.03426364753378963,6.011904761904762e-05,0.44000000000000006,0.00022000000000000003,0.027422941836555515,0.027202941836555514,160171.3613164041,-0.2105314610144099
2022-06-27,PANIC_STABILIZING_1,8,True,1.0,60.540063436975466,45.45951455657339,22.64050394932751,53.128129796915346,49.847883597883595,0.8,0.8,-0.007331726689521867,6.329365079365079e-05,0.0,0.0,-0.005852722621458764,-0.005852722621458764,159233.92276671776,-0.21515200139146073
2022-06-28,PANIC_STABILIZING_1,8,True,1.0,60.985931939884104,50.26048885019474,21.618664883370798,48.49813415339978,50.21825396825397,0.8,0.8,-0.030466746452384896,6.567460317460317e-05,0.0,0.0,-0.024360262241273,-0.024360262241273,155354.9426504139,-0.23427110445710309
2022-06-29,PANIC_STABILIZING_1,8,True,1.0,62.76113611349923,49.09002069296188,18.82701041377515,48.31807783657876,52.294973544973544,0.8,0.8,0.0009169782041333896,6.567460317460317e-05,0.0,0.0,0.0007467174839416324,0.0007467174839416324,155470.94890230772,-0.23369932130284188
2022-06-30,PANIC_STABILIZING_1,8,True,1.0,65.05031601854905,41.464482339482345,16.150044161808896,49.5898260011163,54.72222222222223,0.8,0.8,-0.01240310077519391,6.527777777777778e-05,0.0,0.0,-0.009909425064599572,-0.009909425064599572,153930.32118443813,-0.241292920455343
2022-07-01,PANIC_STABILIZING_1,8,True,1.0,64.7941352031391,40.33553721789016,16.519897208132534,52.41222202820871,54.27248677248678,0.8,0.8,0.006600542314828095,6.28968253968254e-05,0.0,0.0,0.005293013216941841,0.005293013216941841,154745.07640895544,-0.237277073855526
2022-07-05,PANIC_STABILIZING_1,8,True,1.0,66.3572209542552,38.54893023275377,17.635748353395442,56.61976180572003,54.48412698412698,0.8,0.8,0.0171197674830752,6.329365079365079e-05,0.0,0.0,0.01370847271661889,0.01370847271661889,156866.3950669387,-0.2268213074321347
2022-07-06,PANIC_STABILIZING_1,8,True,1.0,64.1605991065402,44.51736926001632,20.495229052582022,54.974486549439085,53.174603174603185,0.8,0.8,0.006412043490382047,7.003968253968254e-05,0.0,0.0,0.005143642728813574,0.005143642728813574,157673.25975931998,-0.22284435247203438
2022-07-07,PANIC_STABILIZING_1,8,True,1.0,62.488797570986634,48.97106139753199,24.80948805948809,50.153790412803666,51.468253968253975,0.8,0.8,0.021398891966758926,7.003968253968254e-05,0.0,0.0,0.01713312150991508,0.01713312150991508,160374.6948776408,-0.20952925033082104
2022-07-08,PANIC_STABILIZING_1,8,True,1.0,57.65757401066039,54.960713865125626,28.954862215156357,44.099220391440475,48.26719576719577,0.8,0.8,0.0012543223269374515,7.202380952380952e-05,0.0,0.0,0.0010178626234547232,0.0010178626234547232,160537.9342853047,-0.2087246596997986
2022-07-11,PANIC_STABILIZING_1,8,True,1.0,56.61394714833519,53.849886651357245,30.038743785802637,44.340806108358265,47.44708994708996,0.8,0.8,-0.021364482816996766,7.321428571428571e-05,0.0,0.0,-0.017076943396454557,-0.017076943396454557,157796.43706853082,-0.22223722389711542
2022-07-12,PANIC_STABILIZING_1,8,True,1.0,57.745035034388856,44.049838704250476,28.008352049528543,48.425090752178015,49.82142857142858,0.8,0.8,-0.009687240520343199,8.115079365079365e-05,0.0,0.0,-0.0077335622575444,-0.0077335622575444,156576.10849844263,-0.22825210074770774
2022-07-13,PANIC_STABILIZING_1,8,True,1.0,59.82981675207168,34.86222251663429,26.312795778972276,54.51383292346289,56.95767195767197,0.8,0.8,-0.002061207378423857,8.273809523809524e-05,0.0,0.0,-0.0016324182836914669,-0.0016324182836914669,156320.51079614053,-0.22951191612884758
2022-07-14,PANIC_ACCELERATING,8,True,1.0,60.83228310997422,33.137375821199356,27.768513050866023,57.808568632335216,61.26984126984127,0.36,0.8,0.003570803430771985,8.948412698412699e-05,0.0,0.0,0.0028745395700144134,0.0028745395700144134,156769.8602900289,-0.22729711764353533
2022-07-15,PANIC_STABILIZING_1,8,True,1.0,58.26317641818059,40.695587394116814,31.623918245977098,57.28393095589488,61.02513227513228,0.8,0.36,0.018139323961349207,8.988095238095238e-05,0.44000000000000006,0.00022000000000000003,0.0065876804356095236,0.006367680435609524,157768.12066229095,-0.22237679261701504
2022-07-18,PANIC_STABILIZING_1,8,True,1.0,54.38515988436373,47.49428840605312,33.37540124157774,56.75618255148613,63.121693121693134,0.8,0.8,-0.008462671737417438,8.86904761904762e-05,0.44000000000000006,0.00022000000000000003,-0.0067523992946958555,-0.006972399294695855,156668.0983290597,-0.22779869211971138
2022-07-19,PANIC_STABILIZING_2,8,True,1.0,48.71564599898053,58.135651407710235,36.80493834170307,45.826951544930644,63.25396825396826,0.8,0.8,0.030753282653766423,9.384920634920635e-05,0.0,0.0,0.02462139596428298,0.02462139596428298,160525.48561299068,-0.20878601795425356
2022-07-20,PANIC_STABILIZING_2,8,True,1.0,43.094749216945985,66.27777672630614,37.9013635484224,34.23134407788105,66.66666666666669,0.8,0.8,0.015856520281595676,9.464285714285715e-05,0.0,0.0,0.012704144796705112,0.012704144796705112,162564.82462577953,-0.19873432096116683
2022-07-21,RECOVERY_RETESTED,8,True,1.0,38.51818488638876,76.11480703392469,41.53412025470852,21.10608945215204,61.89814814814816,0.8,0.8,0.014355014355014406,9.424603174603174e-05,0.0,0.0,0.011502860690360732,0.011502860690360732,164434.78515660277,-0.18951747347921588
2022-07-22,RECOVERY_RETESTED,8,True,1.0,35.42371266583007,78.42425513749043,40.63820017496491,23.05570801894328,59.27910052910054,0.8,0.8,-0.01753529832780265,9.305555555555555e-05,0.0,0.0,-0.014009627551131009,-0.014009627551131009,162131.1150601085,-0.20087203181247182
2022-07-25,RECOVERY_RETESTED,8,True,1.0,35.47472607816818,77.80071563159798,38.47982331070569,28.353678529437513,58.968253968253975,0.8,0.8,-0.005695552832875372,9.345238095238095e-05,0.0,0.0,-0.004537751790109822,-0.004537751790109822,161395.404302512,-0.20449827618064154
2022-07-26,RECOVERY_RETESTED,8,True,1.0,39.4934094809095,65.80533474651124,31.63911768911772,40.383600088296454,62.275132275132286,0.8,0.8,-0.01964898258234249,9.861111111111111e-05,0.0,0.0,-0.01569946384365177,-0.01569946384365177,158861.58298813316,-0.21698722673130622
2022-07-27,PANIC_STABILIZING_2,8,True,1.0,41.58944963871436,63.92041200864731,33.681851599498685,41.903195178100276,63.45238095238097,0.8,0.8,0.04225974114209996,9.583333333333332e-05,0.0,0.0,0.033826959580346636,0.033826959580346636,164235.3873347426,-0.19050028529905105
2022-07-28,PANIC_STABILIZING_2,8,True,1.0,40.249086376292276,65.12053545141781,37.095492130786276,40.97073198164278,59.5767195767196,0.8,0.8,0.009778038525471766,9.146825396825396e-05,0.0,0.0,0.007840724471171064,0.007840724471171064,165523.11175525037,-0.18415322107658938
2022-07-29,RECOVERY_RETESTED,8,True,1.0,34.16570656791247,75.24284158107689,44.71718462159641,32.957822487708604,52.374338624338634,0.8,0.8,0.018236983957909514,9.067460317460317e-05,0.0,0.0,0.014607722086962533,0.014607722086962533,167941.02737074034,-0.1722355580645325
2022-08-01,RECOVERY_RETESTED,8,True,1.0,32.65789539539542,76.04137120313591,45.61518135782845,31.036405407847507,51.11772486772488,0.8,0.8,-0.00060229506118048,9.027777777777777e-05,0.0,0.0,-0.0004637804933888285,-0.0004637804933888285,167863.13959820612,-0.172619459065823
2022-08-02,RECOVERY_RETESTED,8,True,1.0,33.152783350577494,72.92526875615111,45.34065788477557,31.968113172809538,54.206349206349216,0.8,0.8,-0.00298157135153998,9.623015873015873e-05,0.0,0.0,-0.0023660110494859526,-0.0023660110494859526,167465.97355511534,-0.17457705056780304
2022-08-03,RECOVERY_RETESTED,8,True,1.0,33.81917095667097,71.84763997190468,46.10611388699627,31.600471066078246,54.53042328042329,0.8,0.8,0.02723252632583595,9.623015873015873e-05,0.0,0.0,0.021805267092414794,0.021805267092414794,171117.6138373759,-0.15657848269122532
2022-08-04,RECOVERY_RETESTED,8,True,1.0,31.43545089206856,70.66909829998066,46.80003301620951,30.12105514975531,52.427248677248684,0.8,0.8,0.0046765152219021555,9.464285714285715e-05,0.0,0.0,0.003760140748950296,0.003760140748950296,171761.04015002894,-0.15340709907545103
2022-08-05,RECOVERY_RETESTED,8,True,1.0,29.197246721511448,71.63997148408914,49.33450130803075,33.43147616985375,46.85846560846562,0.8,0.8,-0.008168927250308156,9.384920634920635e-05,0.0,0.0,-0.006516371958976684,-0.006516371958976684,170641.78132435062,-0.1589238133157045
2022-08-08,RECOVERY_RETESTED,8,True,1.0,27.291736379236397,72.28117960397374,49.1311073678721,39.41060249053605,48.18783068783069,0.8,0.8,-0.003232323232323253,9.702380952380953e-05,0.0,0.0,-0.002566453823953841,-0.002566453823953841,170203.83707214447,-0.1610823965112569
2022-08-09,RECOVERY_RETESTED,8,True,1.0,27.418688331188353,71.02889338918752,49.215205751970494,48.85945667136367,50.46296296296297,0.8,0.8,-0.011318636774656166,9.98015873015873e-05,0.0,0.0,-0.009034949102264616,-0.009034949102264616,168666.05406718748,-0.1686619743597716
2022-08-10,RECOVERY_RETESTED,8,True,1.0,25.17005629579161,72.96352550029022,51.087203800439134,46.56490781917724,48.92195767195768,0.8,0.8,0.02791093730288896,0.00010059523809523809,0.0,0.0,0.022348868889930217,0.022348868889930217,172435.54959571693,-0.1500825098215247
2022-08-11,RECOVERY_RETESTED,8,True,1.0,24.062832265038168,73.47761837467719,52.153948065712804,47.36259226154859,45.350529100529116,0.8,0.8,-0.0056760654128187316,9.98015873015873e-05,0.0,0.0,-0.0045208920127946675,-0.0045208920127946675,171655.9870968278,-0.1539248950144071
2022-08-12,RECOVERY_RETESTED,8,True,1.0,21.478551135168804,79.64781588311,54.448497867615544,38.53478739650463,39.708994708994716,0.8,0.8,0.019470501110836924,9.861111111111111e-05,0.0,0.0,0.015596123110891763,0.015596123110891763,174333.1550043116,-0.14072940351599095
2022-08-15,RECOVERY_RETESTED,8,True,1.0,22.08866734381442,80.178146634029,54.89686997922294,36.11899029688401,39.41137566137567,0.8,0.8,0.00808135839462465,9.90079365079365e-05,0.0,0.0,0.0064848883030013075,0.0064848883030013075,175463.68604202435,-0.135157129675739
2022-08-16,RECOVERY_RETESTED,8,True,1.0,22.450846119228498,81.21849685820276,56.79248828660596,30.257322584172652,39.715608465608476,0.8,0.8,-0.0023419203747073736,0.00010257936507936509,0.0,0.0,-0.001853020426750026,-0.001853020426750026,175138.54824763563,-0.13675970118037895
2022-08-17,RECOVERY_RETESTED,8,True,1.0,24.459932306255862,72.63062116738588,55.55687662452371,38.48934503085354,41.653439153439166,0.8,0.8,-0.011406043096183871,0.00010178571428571429,0.0,0.0,-0.009104477334089953,-0.009104477334089953,173544.0033047896,-0.14461905291485522
2022-08-18,NORMAL_PARTICIPATION,8,False,0.0,25.17117043514104,65.98595233889353,55.039624708742394,44.45077779731477,42.42063492063493,0.35,0.8,0.0024049438339066587,0.00010099206349206349,0.0,0.0,0.0019441534798237397,0.0019441534798237397,173881.39948271716,-0.1429560610700047
2022-08-19,RISK_WARNING,0,False,0.0,30.14933494418791,51.00069291981057,52.1919188095659,59.26255976089939,43.80952380952382,0.35,0.35,-0.019497084548104837,0.00010218253968253967,0.45000000000000007,0.00022500000000000005,-0.006757560941043041,-0.006982560941043042,172667.26201431523,-0.148940422602735
2022-08-22,RISK_WARNING,0,False,0.0,38.709261887938375,39.70403071138366,47.048898688604595,67.64362773589527,47.73148148148149,0.35,0.35,-0.0263272006442421,0.00010337301587301587,0.0,0.0,-0.009147327765167274,-0.009147327765167274,171087.8179743563,-0.15672534350487244
2022-08-23,RISK_WARNING,0,False,0.0,49.270765197971095,27.73585665497431,41.30996122172595,78.2287404305905,53.92195767195769,0.35,0.35,-0.0008270772362896084,0.00010654761904761904,0.0,0.0,-0.00022022108032041052,-0.00022022108032041052,171050.14083025232,-0.1569110503607326
2022-08-24,NORMAL_PARTICIPATION,0,False,0.0,52.32862242494597,29.58364667188197,36.742607102901246,76.94441422311439,61.81878306878307,0.35,0.35,0.002897166507481508,0.00010575396825396824,0.0,0.0,0.0010827483569836069,0.0010827483569836069,171235.34508919806,-0.15599819718571972
2022-08-25,RISK_WARNING,0,False,0.0,48.580554398936776,36.46851893910718,37.73822246616367,72.7359448089998,64.20634920634922,0.35,0.35,0.0176819783498936,0.00010654761904761904,0.0,0.0,0.006257948374843713,0.006257948374843713,172306.9270387148,-0.15071647747543293
2022-08-26,RISK_WARNING,0,False,0.0,49.74987561090506,37.25944852415441,32.52161615396913,71.58685786626961,67.22883597883599,0.35,0.35,-0.04098820887142052,0.00010892857142857142,0.0,0.0,-0.014275069533568609,-0.014275069533568609,169847.2336741216,-0.1628400588131853
2022-08-29,NORMAL_PARTICIPATION,0,False,0.0,53.27254891446071,33.77127127127128,27.103663537487094,72.41923178260936,67.68518518518518,0.35,0.35,-0.009855581576892924,0.00010932539682539683,0.0,0.0,-0.0033783920439760156,-0.0033783920439760156,169273.42313118564,-0.16566831329802623
2022-08-30,PANIC_ACCELERATING,9,True,0.0,58.83391973906682,27.780551559963328,19.50340950193894,74.76250725515429,69.92063492063492,0.35,0.35,-0.01113629644229841,0.0001125,0.0,0.0,-0.0038245787548044433,-0.0038245787548044433,168626.02359332508,-0.16885928054144672
2022-08-31,PANIC_ACCELERATING,9,True,0.0,58.787559092706175,27.737121575356877,17.051344621932884,73.9575921000968,72.78439153439153,0.35,0.35,-0.005813567204836834,0.0001125,0.0,0.0,-0.001961623521692892,-0.001961623521692892,168295.24281907486,-0.17048966572657342
2022-09-01,PANIC_ACCELERATING,9,True,0.0,59.32783655504247,29.334840092193037,15.744379673791466,73.66396493403131,75.14550264550265,0.35,0.35,0.0004343903498513768,0.0001121031746031746,0.0,0.0,0.00022490368594004536,0.00022490368594004536,168333.09303951106,-0.17030310579486996
2022-09-02,PANIC_ACCELERATING,9,True,0.0,58.78729622479625,29.23998578410344,14.95088554941499,73.51763822646173,77.87037037037038,0.35,0.35,-0.01412825651302596,0.0001125,0.0,0.0,-0.0048717647795590855,-0.0048717647795590855,167513.01380560693,-0.17434519390176806
2022-09-06,PANIC_ACCELERATING,9,True,0.0,58.205046327840456,29.725226276696873,14.704665589959736,73.33320919862662,79.52380952380953,0.35,0.35,-0.007182301724430018,0.0001113095238095238,0.0,0.0,-0.0024414544130743157,-0.0024414544130743157,167104.03841880386,-0.1763609924717925
2022-09-07,PANIC_ACCELERATING,9,True,0.0,52.87746538555364,34.90824753324754,15.331044069279391,67.60135276235843,76.61375661375662,0.35,0.35,0.020201330830916353,0.00011527777777777777,0.0,0.0,0.007145396346376278,0.007145396346376278,168298.0630043863,-0.17047576531666753
2022-09-08,PANIC_STABILIZING_1,9,True,0.15,46.09496797217388,44.317663251486785,15.985740782799633,59.38315073680346,75.03968253968254,0.4175,0.35,0.0051844666688964924,0.00011646825396825396,0.0,0.0,0.0018902676991931371,0.0018902676991931371,168616.19139672027,-0.1689077424501476
2022-09-09,PANIC_STABILIZING_2,9,True,0.4,37.11613367569252,56.888110799875506,19.27560775060778,49.366182189237186,67.73148148148148,0.53,0.4175,0.021862105683482014,0.00011607142857142858,0.0675,3.375e-05,0.009195040729996598,0.009161290729996597,170160.9333478904,-0.16129386465528417
2022-09-12,PANIC_STABILIZING_2,9,True,0.4,34.37227227227229,63.02478213507626,23.048977128388923,43.74896969346682,66.71296296296298,0.53,0.53,0.011885766387704111,0.00011686507936507937,0.11250000000000004,5.6250000000000026e-05,0.006354382772784766,0.006298132772784766,171232.62949885635,-0.15601158205753418
2022-09-13,PANIC_STABILIZING_2,9,True,0.4,37.754332694038595,60.57971837383602,23.17862883892299,43.61346993510178,63.511904761904766,0.53,0.53,-0.05483684108901343,0.00012043650793650793,0.0,0.0,-0.029006920618446962,-0.029006920618446962,166265.69820769507,-0.18049308709967993
2022-09-14,PANIC_STABILIZING_2,9,True,0.4,43.31903310873901,52.732256416079956,22.41744181155949,45.65534133347224,63.0026455026455,0.53,0.53,0.007933265236635956,0.00012480158730158729,0.0,0.0,0.004263287321448803,0.004263287321448803,166974.53665085576,-0.17699929366807243
2022-09-15,PANIC_STABILIZING_1,9,True,0.4,49.2032928937341,39.83485691573927,18.66011999394355,54.271420749836274,60.502645502645514,0.53,0.53,-0.016653717528628653,0.00012321428571428574,0.0,0.0,-0.008768559575887474,-0.008768559575887474,165510.41047857652,-0.18421582439254136
2022-09-16,PANIC_ACCELERATING,9,True,0.4,51.712603254515045,34.454379799968045,18.47950976186273,61.12673628494309,59.510582010582006,0.36,0.53,-0.006114737203710141,0.0001224206349206349,0.0,0.0,-0.0031832730195536767,-0.0031832730195536767,164983.5456544448,-0.18681268814853147
2022-09-19,PANIC_ACCELERATING,9,True,0.4,53.010204427116214,34.70201714319362,17.99102653073244,67.50792419554277,59.1931216931217,0.36,0.36,0.007771878888428008,0.00012162698412698413,0.17000000000000004,8.500000000000002e-05,0.002875717669675353,0.0027907176696753528,165443.96815050836,-0.18454331194859186
2022-09-20,PANIC_ACCELERATING,9,True,0.4,51.567111123728786,34.469506270976865,18.183062474238977,69.32388470742357,61.42195767195768,0.36,0.36,-0.007971138979556702,0.00012837301587301589,0.0,0.0,-0.0027874513024816827,-0.0027874513024816827,164982.8011459995,-0.18681635775581806
2022-09-21,PANIC_ACCELERATING,9,True,0.4,51.48046901943963,32.02691977691978,17.29218104659284,71.72626350259175,63.67063492063492,0.36,0.36,-0.017906002147334954,0.0001275793650793651,0.0,0.0,-0.00636450997938979,-0.00636450997938979,163932.7664616781,-0.19199187316195765
2022-09-22,PANIC_ACCELERATING,9,True,0.4,50.963802352772966,24.965860818802,15.292925488513752,75.42215368662234,65.33730158730158,0.36,0.36,-0.012307800818169068,0.0001259920634920635,0.0,0.0,-0.004350173373905944,-0.004350173373905944,163219.63050590578,-0.19550684860122813
2022-09-23,PANIC_ACCELERATING,9,True,0.4,54.9700426266603,19.830018043253343,13.390804459922137,79.58841306066161,68.58465608465609,0.36,0.36,-0.01628164387474562,0.0001251984126984127,0.0,0.0,-0.00578126481078144,-0.00578126481078144,162276.01459963323,-0.20015783654792452
2022-09-26,PANIC_ACCELERATING,9,True,0.4,59.110032616650294,16.369400913518565,13.220350182114919,82.72917750360823,76.78571428571429,0.36,0.36,-0.004137780842800587,0.00012321428571428574,0.0,0.0,-0.0014107439605510683,-0.0014107439605510683,162047.0846920945,-0.20128620904940864
2022-09-27,PANIC_ACCELERATING,9,True,0.4,65.72881253101843,17.81603136750196,13.861252639193843,82.93502278369448,86.37566137566138,0.36,0.36,0.00040091846776246776,0.00012916666666666667,0.0,0.0,0.00022699731506115506,0.00022699731506115506,162083.8689452331,-0.2011049031633606
2022-09-28,PANIC_ACCELERATING,9,True,0.4,64.69581503772683,24.66868759515819,15.447633137339047,77.56357051684374,89.06084656084657,0.36,0.36,0.0198921597201982,0.0001275793650793651,0.0,0.0,0.007242828292922145,0.007242828292922145,163257.81457705592,-0.19531864315291525
2022-09-29,PANIC_ACCELERATING,9,True,0.4,63.26941216426513,28.278180491415792,15.378603183014974,73.36148133088359,86.62037037037038,0.36,0.36,-0.028827605915553334,0.00012956349206349208,0.0,0.0,-0.010295017494678564,-0.010295017494678564,161577.07251984216,-0.2036028517992976
2022-09-30,PANIC_ACCELERATING,9,True,0.4,59.55100636350639,29.385317039728807,13.531924571630478,68.7869455929228,83.39947089947093,0.36,0.36,-0.01695663368521727,0.00012797619047619048,0.0,0.0,-0.006022483364773455,-0.006022483364773455,160603.9772884626,-0.20839914037608942
2022-10-03,PANIC_ACCELERATING,9,True,0.4,57.45223448238156,34.20338405632524,12.267831697243489,63.082675892210965,79.7883597883598,0.36,0.36,0.02346030083065176,0.00012678571428571432,0.0,0.0,0.008526851156177491,0.008526851156177491,161973.42349789146,-0.20164927767097407
2022-10-04,PANIC_STABILIZING_1,9,True,0.4,51.840255065990384,48.05735672647438,13.482760281289721,50.815720165815016,71.6931216931217,0.53,0.36,0.03144079260044608,0.00013194444444444446,0.0,0.0,0.011403129780605032,0.011403129780605032,163820.4274670468,-0.19254558077381656
2022-10-05,PANIC_STABILIZING_2,9,True,0.4,47.12534446210918,58.18106762224409,15.756330490154047,42.846065026805036,65.31084656084657,0.53,0.53,-0.0005316697976109896,0.00013154761904761908,0.17000000000000004,8.500000000000002e-05,-0.0002199576117814436,-0.0003049576117814436,163770.46918072546,-0.19279182014512597
2022-10-06,PANIC_STABILIZING_2,9,True,0.4,46.594233203792044,60.95139151756799,16.865914864444303,40.842865364686965,64.47089947089948,0.53,0.53,-0.007872898787148142,0.00013194444444444446,0.0,0.0,-0.004110622468299626,-0.004110622468299626,163097.27061046718,-0.19610994822583272
2022-10-07,PANIC_STABILIZING_2,9,True,0.4,48.408681685887586,54.17302070978542,14.80803829039126,44.04730282600298,68.24074074074075,0.53,0.53,-0.03810408921933073,0.00013194444444444446,0.0,0.0,-0.0201331533973564,-0.0201331533973564,159813.6082425765,-0.21229478995281081
2022-10-10,PANIC_STABILIZING_1,9,True,0.4,54.406772528831375,43.599778349778354,12.280549246725746,46.291196896272766,74.04761904761905,0.53,0.53,-0.009996283909327386,0.00013154761904761908,0.0,0.0,-0.005236203090991134,-0.005236203090991134,158976.79173311428,-0.21641937440844972
2022-10-11,PANIC_ACCELERATING,9,True,0.4,59.11142876069349,33.4175067925068,9.939089089089116,55.210871992892834,82.49338624338625,0.36,0.53,-0.013738223039675757,0.00013154761904761908,0.0,0.0,-0.00721943083007577,-0.00721943083007577,157829.0697816097,-0.22207638053469547
2022-10-12,PANIC_ACCELERATING,9,True,0.4,63.51828330431274,26.88528864999454,9.01833724480786,62.90269311735153,90.51587301587301,0.36,0.36,-0.00034253092293046183,0.00014027777777777777,0.17000000000000004,8.500000000000002e-05,-3.353335447718848e-05,-0.0001185333544771885,157810.36177253444,-0.2221685904308378
2022-10-13,PANIC_ACCELERATING,9,True,0.4,62.320525462437246,31.79000323853266,9.821096937273433,68.09401597992677,94.14021164021165,0.36,0.36,0.02345237188761118,0.000141468253968254,0.0,0.0,0.008533393562079708,0.008533393562079708,159157.01969771367,-0.21553104888803687
2022-10-14,PANIC_ACCELERATING,9,True,0.4,60.13144436453262,32.21237939620293,10.50039388127626,69.57182443354168,90.75396825396825,0.36,0.36,-0.030057287404210986,0.00014503968253968256,0.0,0.0,-0.010727798068690559,-0.010727798068690559,157449.61532918198,-0.22394667338672358
2022-10-17,PANIC_STABILIZING_1,9,True,0.4,54.96863985834576,39.139706933824584,12.581414187296566,63.916775070000845,83.25396825396827,0.53,0.36,0.03302140062897907,0.00014583333333333335,0.0,0.0,0.0119810375597658,0.0119810375597658,159336.02508421158,-0.2146487493321887
2022-10-18,PANIC_STABILIZING_1,9,True,0.4,51.06875604596195,44.34826423061717,13.212485384544232,55.70298324211984,75.66137566137567,0.53,0.53,0.007907926489697292,0.00015218253968253968,0.17000000000000004,8.500000000000002e-05,0.004262726833190359,0.004177726833190359,160001.6874716998,-0.21136776633879406
2022-10-19,PANIC_STABILIZING_1,9,True,0.4,47.961342434871874,53.200729090434976,14.765911710029384,46.440570042799614,71.0714285714286,0.53,0.53,-0.003646677471636939,0.00015496031746031747,0.0,0.0,-0.0018599077107612286,-0.0018599077107612286,159704.09909943637,-0.21283454951113545
2022-10-20,PANIC_STABILIZING_1,9,True,0.4,47.48941798941801,54.39381293057764,15.321180213827299,45.71208277944518,69.84126984126983,0.53,0.53,-0.0051018521941661454,0.00015615079365079366,0.0,0.0,-0.002630590789892184,-0.002630590789892184,159283.9829672374,-0.2149052596953127
2022-10-21,PANIC_STABILIZING_2,9,True,0.4,46.754497354497374,57.12419457272399,18.2256003903063,44.663840209143785,68.43915343915346,0.53,0.53,0.023447660807847992,0.00015694444444444444,0.0,0.0,0.012501024117048325,0.012501024117048325,161275.1958797703,-0.20509077141259624
2022-10-24,PANIC_STABILIZING_2,9,True,0.4,46.54721275897749,62.00099469217116,22.08961924108986,41.0169995490204,66.56084656084657,0.53,0.53,0.011001379710986692,0.00015694444444444444,0.0,0.0,0.005904495135711836,0.005904495135711836,162227.4444893534,-0.20039723373906937
2022-10-25,RECOVERY_RETESTED,9,True,1.0,44.89562545739019,70.32571331836039,27.239542693954487,32.67328571455703,62.22222222222223,0.8,0.53,0.020685940025139127,0.00015972222222222223,0.0,0.0,0.01103861765776818,0.01103861765776818,164018.21122266818,-0.1915707245242212
2022-10-26,RECOVERY_RETESTED,9,True,1.0,43.72525508701981,75.61216258275083,27.546730133494865,31.805643132967585,58.29365079365079,0.8,0.8,-0.022096337215439243,0.00015892857142857145,0.27,0.000135,-0.01764528405806568,-0.01778028405806568,161101.92083643333,-0.2059448266830367
2022-10-27,RECOVERY_RETESTED,9,True,1.0,42.80661375661378,76.18453747865514,24.35730183965481,32.90941286909026,55.23809523809524,0.8,0.8,-0.018206023099341606,0.00015773809523809526,0.0,0.0,-0.014533270860425667,-0.014533270860425667,158760.58298478258,-0.2174850455949744
2022-10-28,RECOVERY_RETESTED,9,True,1.0,41.90978835978839,79.66792843263431,24.110024730612995,34.076593705388746,52.68518518518519,0.8,0.8,0.030600652325283084,0.00015853174603174604,0.0,0.0,0.02451222820943282,0.02451222820943282,162652.15862556818,-0.19830386045530446
2022-10-31,RECOVERY_RETESTED,9,True,1.0,41.846296296296316,77.97941218529455,23.99069321422266,36.777113552967414,50.98544973544975,0.8,0.8,-0.011627906976744318,0.00016051587301587302,0.0,0.0,-0.00927022240679228,-0.00927022240679228,161144.33694016427,-0.20573576197155075
2022-11-01,RECOVERY_RETESTED,9,True,1.0,42.34814814814817,76.88526551761846,23.811346851052765,40.61545541882351,49.6362433862434,0.8,0.8,-0.01021766504767041,0.0001621031746031746,0.0,0.0,-0.008141711403215693,-0.008141711403215693,159832.3462545349,-0.2122024321754734
2022-11-02,RECOVERY_RETESTED,9,True,1.0,44.43862433862436,64.50872721460956,17.823152774623395,51.02185734799584,49.8941798941799,0.8,0.8,-0.03427719821162445,0.00016250000000000002,0.0,0.0,-0.02738925856929956,-0.02738925856929956,155454.65679523165,-0.23377962346088454
2022-11-03,PANIC_STABILIZING_1,9,True,1.0,45.97433862433865,54.84597622832917,13.700705747764601,58.348629538999525,50.01984126984129,0.8,0.8,-0.01953477868112019,0.0001621031746031746,0.0,0.0,-0.015595402309975519,-0.015595402309975519,153030.27888155085,-0.2457291384911129
2022-11-04,PANIC_STABILIZING_1,9,True,1.0,45.3283068783069,52.21383568442392,13.188608566549773,62.1966877490122,48.60449735449736,0.8,0.8,0.016085070444162852,0.0001632936507936508,0.0,0.0,0.012900715085489012,0.012900715085489012,155004.47890885465,-0.23599850500950048
2022-11-07,PANIC_STABILIZING_2,9,True,1.0,44.15608465608468,56.05239693474988,14.945216014333688,62.317594030734426,48.16137566137567,0.8,0.8,0.010994408342148931,0.0001617063492063492,0.0,0.0,0.008827867943560415,0.008827867943560415,156372.83797932242,-0.2292540007030417
2022-11-08,PANIC_STABILIZING_2,9,True,1.0,43.168783068783085,59.96628876775935,17.58630353042121,60.53586946257722,49.087301587301596,0.8,0.8,0.007287267835121014,0.0001648809523809524,0.0,0.0,0.005862790458573002,0.005862790458573002,157289.61916180758,-0.22473527841238006
2022-11-09,PANIC_STABILIZING_2,9,True,1.0,43.384126984127,58.64692633810281,17.477195472783738,60.85996714388552,50.1851851851852,0.8,0.8,-0.02307635230392535,0.00016448412698412702,0.0,0.0,-0.018428185017743456,-0.018428185017743456,154391.0569585234,-0.23902200013952601
2022-11-10,PANIC_STABILIZING_2,9,True,1.0,40.04417989417991,65.98934480699187,22.271447708212445,49.02236168128005,46.970899470899475,0.8,0.8,0.07378854625550657,0.0001648809523809524,0.0,0.0,0.059063813194881444,0.059063813194881444,163509.98150568194,-0.19407573771035247
2022-11-11,RECOVERY_RETESTED,9,True,1.0,35.43941798941801,73.4797245775187,28.54089509677748,35.060416848130295,41.95105820105821,0.8,0.8,0.018426171529619673,0.00016448412698412702,0.0,0.0,0.014773834049092563,0.014773834049092563,165925.65083781708,-0.18216914640314774
2022-11-14,RECOVERY_RETESTED,9,True,1.0,31.381216931216954,80.07597944583239,34.47210887357949,24.38272539956598,37.724867724867735,0.8,0.8,-0.008751215446589744,0.00016448412698412702,0.0,0.0,-0.00696807553187497,-0.00696807553187497,164769.46837010366,-0.18786785356330848
2022-11-15,RECOVERY_RETESTED,9,True,1.0,31.423544973544995,78.61059273559273,35.42423473894065,21.748177290871755,38.121693121693134,0.8,0.8,0.013838284753363128,0.00016686507936507938,0.0,0.0,0.01110400081856352,0.01110400081856352,166599.06868175956,-0.17884993754449374
2022-11-16,RECOVERY_RETESTED,9,True,1.0,33.21342434871848,75.5122913880267,33.62626618214856,27.77913624521781,39.16005291005292,0.8,0.8,-0.01364940046304286,0.0001656746031746032,0.0,0.0,-0.010886385449799368,-0.010886385449799368,164785.40700451232,-0.1877892936365112
2022-11-17,RECOVERY_RETESTED,9,True,1.0,34.02997282997285,71.45228495302025,33.39486356104006,33.62242090965997,39.087301587301596,0.8,0.8,-0.002207118834080757,0.0001660714285714286,0.0,0.0,-0.00173248078155032,-0.00173248078155032,164499.91945379705,-0.18919643307585543
2022-11-18,RECOVERY_RETESTED,9,True,1.0,35.19932243167539,65.94451741657623,32.042561258737756,43.50586843281337,38.240740740740755,0.8,0.8,3.511112671605865e-05,0.0001660714285714286,0.0,0.0,6.130318708713263e-05,6.130318708713263e-05,164510.00382313514,-0.1891467282331013
2022-11-21,PANIC_STABILIZING_2,9,True,1.0,35.204848966613696,58.78737455943338,29.990132779838692,48.175591354433834,37.400793650793666,0.8,0.8,-0.01028719893265928,0.00016686507936507938,0.0,0.0,-0.008196386130254408,-0.008196386130254408,163161.6163095111,-0.195792794743483
2022-11-22,PANIC_STABILIZING_2,9,True,1.0,33.8079520697168,60.29219029954324,29.49989884842829,46.451016718806066,35.60185185185187,0.8,0.8,0.014402781226719563,0.00016964285714285717,0.0,0.0,0.011556153552804224,0.011556153552804224,165047.13700150754,-0.1864992527912671
2022-11-23,PANIC_STABILIZING_2,9,True,1.0,29.357728737140523,64.67934426022661,31.72681105475226,41.73870566825972,33.37301587301588,0.8,0.8,0.010036719706242314,0.0001692460317460318,0.0,0.0,0.008063224971343057,0.008063224971343057,166377.94919802676,-0.17993981325216746
2022-11-25,RECOVERY_RETESTED,9,True,1.0,25.851219286513423,70.11983201689084,35.28860330919158,38.60417645213658,31.706349206349216,0.8,0.8,-0.006578491794197006,0.0001692460317460318,0.0,0.0,-0.005228944229008398,-0.005228944229008398,165507.96818073347,-0.18422786223310217
2022-11-28,RECOVERY_RETESTED,9,True,1.0,26.462604305986677,64.60242595536714,34.11881629528691,41.6078508706592,32.64550264550265,0.8,0.8,-0.014673079604070938,0.00016964285714285717,0.0,0.0,-0.011704535111828179,-0.011704535111828179,163570.77435587472,-0.19377609586284605
2022-11-29,RECOVERY_RETESTED,9,True,1.0,29.10501730722321,54.09760916378564,30.164643214643245,48.005339542578604,34.662698412698425,0.8,0.8,-0.0075695942838951424,0.00016964285714285717,0.0,0.0,-0.006021746855687543,-0.006021746855687543,162585.79255971487,-0.19863097212256398
2022-11-30,PANIC_STABILIZING_1,9,True,1.0,27.998181479799154,52.90329089593795,32.16827604915843,45.621736774725356,34.07407407407408,0.8,0.8,0.0455857718216488,0.00016845238095238095,0.0,0.0,0.036502307933509524,0.036502307933509524,168520.5492253433,-0.16937915309860452
2022-12-01,PANIC_STABILIZING_2,9,True,1.0,24.121826868885716,58.36600886600886,38.36282564076684,39.74337749242869,31.98412698412699,0.8,0.8,0.0012271611671665905,0.00016805555555555557,0.0,0.0,0.0010153400448443834,0.0010153400448443834,168691.65488735097,-0.16853579049066292
2022-12-02,PANIC_STABILIZING_2,9,True,1.0,20.482694459165067,66.06522804316921,45.730433164256716,38.0975026259656,28.974867724867735,0.8,0.8,-0.00398338553724642,0.00016646825396825397,0.0,0.0,-0.003153414779003485,-0.003153414779003485,168159.70012973467,-0.17115774201714196
2022-12-05,PANIC_STABILIZING_2,9,True,1.0,21.920724085429985,62.99873823403235,44.713244757362425,44.65027605539937,29.239417989417998,0.8,0.8,-0.016783455819518123,0.00016686507936507938,0.0,0.0,-0.013393391639741483,-0.013393391639741483,165907.47140787565,-0.18225875098587407
2022-12-06,PANIC_STABILIZING_2,9,True,1.0,25.32255963947142,55.403912315677026,39.61964800935392,53.09187396260449,30.529100529100536,0.8,0.8,-0.020720344875538754,0.00016765873015873016,0.0,0.0,-0.01654274415439926,-0.01654274415439926,163162.90655507185,-0.19578643525281358
2022-12-07,PANIC_STABILIZING_2,9,True,1.0,32.270834069363495,43.80196162549104,32.807632842926985,59.29868086438292,33.18783068783069,0.8,0.8,-0.00408264697529126,0.00016805555555555557,0.0,0.0,-0.003232506469121897,-0.003232506469121897,162635.48140411187,-0.19838606080341437
2022-12-08,PANIC_STABILIZING_1,9,True,1.0,35.513675755587535,39.07258834464718,30.464627652862973,63.06258274403433,34.58333333333334,0.8,0.8,0.011834741382383607,0.0001648809523809524,0.0,0.0,0.009500769296383077,0.009500769296383077,164180.6435923385,-0.19077011170234293
2022-12-09,PANIC_STABILIZING_1,9,True,1.0,36.824223172752596,36.76237792414264,28.733553090906057,66.82465892973481,42.030423280423285,0.8,0.8,-0.006376607363043907,0.00016448412698412702,0.0,0.0,-0.0050683890650383,-0.0050683890650383,163348.5122136642,-0.1948716036192928
2022-12-12,PANIC_STABILIZING_1,9,True,1.0,36.34761200275907,40.78948065712772,27.655608970314876,63.78586040635374,53.13492063492064,0.8,0.8,0.012551411147354807,0.0001656746031746032,0.0,0.0,0.010074263838518768,0.010074263838518768,164994.12822333412,-0.18676052773027008
2022-12-13,PANIC_STABILIZING_1,9,True,1.0,31.242073165602594,46.38662927633516,27.308370345135074,58.16991252569998,58.96164021164022,0.8,0.8,0.010750052524686637,0.00016845238095238095,0.0,0.0,0.008633732495939786,0.008633732495939786,166418.64338981517,-0.17973923567155403
2022-12-14,PANIC_STABILIZING_1,9,True,1.0,25.624386571445413,51.316324728089434,29.106515128573974,52.148355525490224,55.82010582010582,0.8,0.8,-0.007413822968993511,0.00016726190476190476,0.0,0.0,-0.005897605994242428,-0.005897605994242428,165437.17180100572,-0.18457681047209928
2022-12-15,PANIC_STABILIZING_1,9,True,1.0,22.50394207232445,47.602960102960104,28.493645536292618,56.01783007594201,48.8425925925926,0.8,0.8,-0.033576489476807136,0.00016646825396825397,0.0,0.0,-0.02682789793065206,-0.02682789793065206,160998.84024199258,-0.2064529005710406
2022-12-16,PANIC_STABILIZING_1,9,True,1.0,26.240799623152586,40.121986482280604,24.76657771216597,61.76041034935719,47.24867724867725,0.8,0.8,-0.009534472173065023,0.00016686507936507938,0.0,0.0,-0.007594204722579002,-0.007594204722579002,159776.1820890971,-0.21247925970111292
2022-12-19,PANIC_STABILIZING_1,9,True,1.0,31.410571390718474,33.41386134033193,21.265401746284123,68.5385720160388,47.261904761904766,0.8,0.8,-0.014018559708295242,0.0001656746031746032,0.0,0.0,-0.011181712846001272,-0.011181712846001272,157989.6107013464,-0.22128509047940548
2022-12-20,PANIC_ACCELERATING,9,True,1.0,32.01198477889656,32.84330128447777,21.346152665270335,70.12287500973457,45.5357142857143,0.36,0.8,-0.0007784986098238189,0.00016805555555555557,0.0,0.0,-0.0005891877767479441,-0.0005891877767479441,157896.52515386802,-0.22174389978566622
2022-12-21,PANIC_STABILIZING_1,9,True,1.0,30.575099048628484,36.5997636291754,23.345445024856815,70.96987109771739,42.30158730158731,0.8,0.36,0.014506195740891847,0.00016726190476190476,0.44000000000000006,0.00022000000000000003,0.0053292780857686845,0.005109278085768685,158703.2624096557,-0.2177675729477253
2022-12-22,PANIC_STABILIZING_1,9,True,1.0,30.542136884783968,36.25147311176723,23.118220952044506,70.22151349641861,41.56746031746032,0.8,0.8,-0.024465167306637392,0.00016646825396825397,0.44000000000000006,0.00022000000000000003,-0.019538840194516262,-0.019758840194516264,155567.47000935493,-0.2332235784688198
2022-12-23,PANIC_STABILIZING_1,9,True,1.0,29.468612835524624,40.577596504067095,23.18713230036762,67.38408518982521,40.674603174603185,0.8,0.8,0.0022492127755286973,0.00016726190476190476,0.0,0.0,0.0018328226013753389,0.0018328226013753389,155852.59758442684,-0.23181821331323582
2022-12-27,PANIC_STABILIZING_1,9,True,1.0,31.389025685349235,37.347037163213635,20.34094788065379,66.78908323476632,43.70370370370372,0.8,0.8,-0.014138240574506411,0.00016686507936507938,0.0,0.0,-0.011277219443732113,-0.011277219443732113,154095.01364059158,-0.24048116789438068
2022-12-28,PANIC_STABILIZING_1,9,True,1.0,34.18256754653816,36.051414860238395,19.390236454942357,66.80328074754068,45.310846560846564,0.8,0.8,-0.013202822672433223,0.00017162698412698414,0.0,0.0,-0.010527932741121182,-0.010527932741121182,152472.7117012413,-0.2484773310744035
2022-12-29,PANIC_STABILIZING_1,9,True,1.0,36.98593225578522,36.03551450610275,18.264760138289574,63.80284303007261,50.76058201058202,0.8,0.8,0.024375240292195288,0.00017162698412698414,0.0,0.0,0.01953451763058163,0.01953451763058163,155451.19257615178,-0.2337966982484947
2022-12-30,PANIC_STABILIZING_1,9,True,1.0,35.81693721031959,39.887591372885495,19.173317855670817,59.96243180019269,54.46428571428572,0.8,0.8,-0.0006005104338688838,0.00017123015873015876,0.0,0.0,-0.00044616231534907536,-0.00044616231534907536,155381.83611214824,-0.23413854928763222
2023-01-03,PANIC_STABILIZING_1,9,True,1.0,35.62767694164756,45.47488770282888,19.119257703081256,54.473499862019764,60.02645502645504,0.8,0.8,-0.006759801712482916,0.00017003968253968254,0.0,0.0,-0.005373833433478397,-0.005373833433478397,154546.8400062935,-0.2382541611568827
2023-01-04,PANIC_STABILIZING_1,9,True,1.0,33.88896638234876,49.30448200301142,18.46016163222048,50.16385167357651,62.089947089947096,0.8,0.8,0.0047640653357532425,0.00017440476190476193,0.0,0.0,0.003846133220983547,0.003846133220983547,155141.24774183976,-0.23532438518016208
2023-01-05,PANIC_STABILIZING_1,9,True,1.0,35.5653688352218,51.42009130979719,16.759738520032666,48.23382005616349,65.05291005291006,0.8,0.8,-0.015654399036652444,0.00017519841269841271,0.0,0.0,-0.012488479546782272,-0.012488479546782272,153203.76944255352,-0.24487402095576283
2023-01-06,PANIC_STABILIZING_2,9,True,1.0,30.04685694097461,57.906616700734354,18.750957049486487,42.35155964449131,59.166666666666686,0.8,0.8,0.027601498585518858,0.00017956349206349207,0.0,0.0,0.022117111566827784,0.022117111566827784,156592.19430377302,-0.22817281543023138
2023-01-09,PANIC_STABILIZING_2,9,True,1.0,28.84074074074076,61.82092281356987,20.88426199308555,38.94721486870441,56.61375661375663,0.8,0.8,0.006473214285714235,0.00017996031746031748,0.0,0.0,0.005214563492063452,0.005214563492063452,157408.75424333158,-0.22414807357139177
2023-01-10,PANIC_STABILIZING_2,9,True,1.0,24.896296296296317,68.42264743735332,25.180230650818913,32.46448600267383,50.615079365079374,0.8,0.8,0.00846455237672794,0.00018115079365079367,0.0,0.0,0.006807872060112511,0.006807872060112511,158480.3729033619,-0.21886617291867394
2023-01-11,RECOVERY_RETESTED,9,True,1.0,23.961111111111133,71.8524301612537,28.94156551509495,29.38169658544419,50.925925925925945,0.8,0.8,0.017300150276729154,0.00018234126984126986,0.0,0.0,0.013876588475351578,0.013876588475351578,160679.53981956208,-0.20802670025609005
2023-01-12,RECOVERY_RETESTED,9,True,1.0,20.08358821005882,76.39073947897477,34.37873798167919,27.140149671221753,45.15211640211641,0.8,0.8,0.005404431633939888,0.00018194444444444445,0.0,0.0,0.004359934196040799,0.004359934196040799,161380.09203982548,-0.20457374878418533
2023-01-13,RECOVERY_RETESTED,9,True,1.0,17.40051942699004,78.76253564488859,38.919790588908256,23.779822211748183,40.50925925925927,0.8,0.8,0.0068804873678551814,0.00017956349206349207,0.0,0.0,0.005540302592696843,0.005540302592696843,162274.18658216338,-0.20016684666227513
2023-01-17,RECOVERY_RETESTED,9,True,1.0,14.808191384661997,80.69858619123325,42.63948717625191,21.219469096366605,39.67592592592594,0.8,0.8,0.0020286863366194563,0.00017996031746031748,0.0,0.0,0.0016589411327876287,0.0016589411327876287,162543.38990507417,-0.19883997054483604
2023-01-18,RECOVERY_RETESTED,9,True,1.0,14.986507936507962,77.10252899958782,42.22772772772775,25.64981099966866,43.61772486772488,0.8,0.8,-0.012999928962136864,0.00018154761904761908,0.0,0.0,-0.010363633645899968,-0.010363633645899968,160858.84976053532,-0.20714289958184773
2023-01-19,RECOVERY_RETESTED,9,True,1.0,17.19768518518521,66.23460014636485,40.11760920584453,37.106986798400435,48.51851851851853,0.8,0.8,-0.009824384626457516,0.0001807539682539683,0.0,0.0,-0.007823356907515221,-0.007823356907515221,159600.39356712627,-0.21334570365507666
2023-01-20,PANIC_STABILIZING_2,9,True,1.0,17.211441798941824,62.23433412404001,40.43193929223344,40.74566373095782,45.93915343915345,0.8,0.8,0.027366890786843623,0.00018154761904761908,0.0,0.0,0.021929822153284425,0.021929822153284425,163100.40181364756,-0.1960945148401153
2023-01-23,NORMAL_PARTICIPATION,9,False,0.0,16.782076719576747,62.48218701895173,43.82543888426244,35.82073870427758,42.11640211640213,0.35,0.8,0.02221593321069748,0.00018194444444444445,0.0,0.0,0.017809135457446872,0.017809135457446872,166005.0789627108,-0.18177765315991845
2023-01-24,NORMAL_PARTICIPATION,0,False,0.0,14.412169312169338,69.1799688343806,48.328972880443494,30.12285350544362,40.41005291005292,0.35,0.35,-0.0020418050941305443,0.00018234126984126986,0.45000000000000007,0.00022500000000000005,-0.000596109957548865,-0.0008211099575488651,165868.7705393708,-0.182449503676398
2023-01-25,NORMAL_PARTICIPATION,0,False,0.0,14.252799858682236,69.64473191679075,48.75964199493614,30.636104456313163,42.08333333333334,0.35,0.35,-0.002219370947047161,0.00018194444444444445,0.0,0.0,-0.0006585159425776174,-0.0006585159425776174,165759.5433095949,-0.18298787371208924
2023-01-26,NORMAL_PARTICIPATION,0,False,0.0,11.6189374248198,69.51261871114812,49.267882378176516,29.70020427041298,45.36375661375663,0.35,0.35,0.019497445521843293,0.00018194444444444445,0.0,0.0,0.006942369821534042,0.006942369821534042,166910.3073606987,-0.1773158733827207
2023-01-27,NORMAL_PARTICIPATION,0,False,0.0,9.916291922174297,70.89622921240569,50.6084887408417,25.77789004781412,46.8452380952381,0.35,0.35,0.009954319220017771,0.00018154761904761908,0.0,0.0,0.003602017679387172,0.003602017679387172,167511.52123868387,-0.17435255061409416
2023-01-30,NORMAL_PARTICIPATION,0,False,0.0,12.13439153439156,67.4444171061818,50.508026934497536,31.900878107709204,50.14550264550265,0.35,0.35,-0.02021872679403225,0.00018234126984126986,0.0,0.0,-0.0069580325525144615,-0.0069580325525144615,166345.9706209839,-0.18009743244382181
2023-01-31,NORMAL_PARTICIPATION,0,False,0.0,14.418860877684432,67.18751524633878,49.349525996584845,35.50940710973916,51.22354497354498,0.35,0.35,0.01498604747304233,0.00018194444444444445,0.0,0.0,0.0053633805044537046,0.0053633805044537046,167238.1473568069,-0.1756999829974395
2023-02-01,NORMAL_PARTICIPATION,0,False,0.0,13.858014316837872,68.12860444478092,49.871927599868805,35.18937624938572,48.86243386243387,0.35,0.35,0.021383477021247765,0.00018115079365079367,0.0,0.0,0.007601964973309733,0.007601964973309733,168509.48589521454,-0.16943368314068752
2023-02-02,NORMAL_PARTICIPATION,0,False,0.0,10.19820660997134,72.03306983454041,54.73059382912327,26.35397944705343,44.02116402116403,0.35,0.35,0.03588993752492353,0.00017956349206349207,0.0,0.0,0.012678194403564505,0.012678194403564505,170645.88191623878,-0.15890360191049258
2023-02-03,NORMAL_PARTICIPATION,0,False,0.0,9.799391828803616,70.64906082553142,59.27756453932928,33.25721491347675,40.38359788359789,0.35,0.35,-0.01777235981008607,0.00017956349206349207,0.0,0.0,-0.006103609663688853,-0.006103609663688853,169604.32606230612,-0.1640373260139656
2023-02-06,GREED_EXHAUSTING,0,False,0.0,11.983279497985405,65.86757976463859,60.41281638781641,41.683641027853525,41.38227513227514,0.35,0.35,-0.008459076360311069,0.00018115079365079367,0.0,0.0,-0.0028429287102358577,-0.0028429287102358577,169122.1530543634,-0.16641390830052583
2023-02-07,GREED_EXHAUSTING,0,False,0.0,13.528391837215393,62.68254599136952,61.02338199544084,47.02404655943553,41.62698412698414,0.35,0.35,0.020718732501070702,0.00018154761904761908,0.0,0.0,0.007369562327755698,0.007369562327755698,170368.50930230177,-0.1602707436421964
2023-02-08,GREED_EXHAUSTING,0,False,0.0,16.08954753072403,57.00867358955594,60.40090931267404,50.56997053979973,42.07010582010583,0.35,0.35,-0.017781076545759666,0.00018154761904761908,0.0,0.0,-0.00610537083863493,-0.00610537083863493,169328.34637378578,-0.16539760215631194
2023-02-09,NORMAL_PARTICIPATION,0,False,0.0,21.460979887450502,45.847815252227015,58.60451943540181,57.98178867400876,43.12830687830689,0.35,0.35,-0.008837927522423406,0.00018194444444444445,0.0,0.0,-0.0029750107439593027,-0.0029750107439593027,168824.5927240669,-0.16788055325683116
2023-02-10,NORMAL_PARTICIPATION,0,False,0.0,25.468374256609575,34.642860297272065,54.42322679822683,69.0459076927293,44.35846560846562,0.35,0.35,-0.0065632458233890745,0.0001839285714285714,0.0,0.0,-0.0021775824667576047,-0.0021775824667576047,168456.96325099346,-0.16969256197430727
2023-02-13,NORMAL_PARTICIPATION,0,False,0.0,26.334992976169474,34.213893515364106,52.12158902600081,69.08433667470668,45.10582010582012,0.35,0.35,0.0160160160160161,0.00018472222222222222,0.0,0.0,0.005725675050050079,0.005725675050050079,169421.49308248688,-0.16493849139253247
2023-02-14,NORMAL_PARTICIPATION,0,False,0.0,21.621865983630713,42.10008012213894,53.216238297120675,67.02517613167515,40.77380952380954,0.35,0.35,0.00738916256157629,0.00018551587301587303,0.0,0.0,0.002706792214012019,0.002706792214012019,169880.08186084888,-0.16267815340281255
2023-02-15,NORMAL_PARTICIPATION,0,False,0.0,17.084799084799112,53.74185635215048,55.95472994002407,61.38648559782334,37.12962962962964,0.35,0.35,0.007660961695191704,0.00018511904761904762,0.0,0.0,0.0028016639742694774,0.0028016639742694774,170356.02876614433,-0.16033225895033254
2023-02-16,NORMAL_PARTICIPATION,0,False,0.0,13.511059378706463,55.50320698850111,53.818315163903414,61.96400313976213,35.25793650793651,0.35,0.35,-0.01876415399547071,0.00018472222222222222,0.0,0.0,-0.0064473844539703045,-0.0064473844539703045,169257.6779546374,-0.16574591969047647
2023-02-17,NORMAL_PARTICIPATION,0,False,0.0,12.450286420874683,54.857854703442946,49.247492240139316,61.40372362739533,36.77248677248678,0.35,0.35,-0.007055720408836064,0.00018670634920634922,0.0,0.0,-0.002348143016108495,-0.002348143016108495,168860.23672022545,-0.16770486758281533
2023-02-21,NORMAL_PARTICIPATION,0,False,0.0,19.709008588420378,42.17306592306592,39.93982217511631,67.63969733490605,43.26058201058202,0.35,0.35,-0.02367512285828144,0.00018670634920634922,0.0,0.0,-0.008164933873414375,-0.008164933873414375,167481.50405355572,-0.1745005023021663
2023-02-22,NORMAL_PARTICIPATION,0,False,0.0,26.974331053742844,37.22699169757993,35.14929530370709,68.61586342373816,47.01719576719578,0.35,0.35,0.0007482229704451893,0.00018750000000000003,0.0,0.0,0.00038375303965581625,0.00038375303965581625,167545.7755898224,-0.17418371436069036
2023-02-23,RISK_WARNING,0,False,0.0,34.03938770703479,33.11206689883161,33.6045720089838,71.4977081988467,47.876984126984134,0.35,0.35,0.008734069668649092,0.00018670634920634922,0.0,0.0,0.003178283511011309,0.003178283511011309,168078.28356571912,-0.17155903607691847
2023-02-24,RISK_WARNING,0,False,0.0,32.31947914300858,34.152246784599726,33.60309469133001,72.2341197255808,45.01322751322753,0.35,0.35,-0.016744154706556102,0.00018670634920634922,0.0,0.0,-0.005739095020310509,-0.005739095020310509,167113.66632548478,-0.1763135374875906
2023-02-27,NORMAL_PARTICIPATION,0,False,0.0,29.735163314575104,34.76802748126278,34.292421623304,73.4309089517818,42.321428571428584,0.35,0.35,0.007161212951858786,0.00018750000000000003,0.0,0.0,0.002628299533150575,0.002628299533150575,167552.89109667114,-0.1741486427427067
2023-02-28,NORMAL_PARTICIPATION,0,False,0.0,26.22889275830455,37.62989880636939,32.96876918935745,72.09500222640638,42.73809523809525,0.35,0.35,-0.001292780839627139,0.0001886904761904762,0.0,0.0,-0.0003298244843456891,-0.0003298244843456891,167497.62805076453,-0.17442102874076038
2023-03-01,NORMAL_PARTICIPATION,0,False,0.0,24.794620671091284,39.74061456414398,32.93540809717283,69.5203781309094,43.187830687830704,0.35,0.35,-0.008039242403597213,0.0001882936507936508,0.0,0.0,-0.002691343968243151,-0.002691343968243151,167046.8343198151,-0.1766429457253672
2023-03-02,NORMAL_PARTICIPATION,0,False,0.0,22.70398549810317,42.73508908067732,33.16920491920495,65.9184971431176,44.126984126984134,0.35,0.35,0.008276098901099038,0.0001890873015873016,0.0,0.0,0.0030195413614164095,0.0030195413614164095,167551.23914533746,-0.17415678504477095
2023-03-03,RANGE_CARRY,0,False,0.0,19.1923734659029,47.34697092050033,34.13295438295441,60.02273943094624,45.09920634920636,0.35,0.35,0.02067368277647219,0.000189484126984127,0.0,0.0,0.0073589536543049484,0.0073589536543049484,168784.24094892936,-0.16807944310019318
2023-03-06,RANGE_CARRY,0,False,0.0,16.097161447161472,54.65405110993347,37.32073249720311,54.12046747886404,45.9325396825397,0.35,0.35,0.0011345435130805104,0.000189484126984127,0.0,0.0,0.0005202549121178612,0.0005202549121178612,168872.05177937113,-0.16764663234397426
2023-03-07,RANGE_CARRY,0,False,0.0,15.462733321556875,54.82092491651315,38.40517197870142,54.36660274397463,47.55291005291006,0.35,0.35,-0.012265848943403768,0.00019027777777777776,0.0,0.0,-0.0041693665746357625,-0.0041693665746357625,168167.96229129206,-0.17111701865336482
2023-03-08,RANGE_CARRY,0,False,0.0,16.860981149216467,52.44069910246381,38.904205676264525,54.1471434839556,49.11375661375663,0.35,0.35,0.004994263346156602,0.00019464285714285715,0.0,0.0,0.0018745100282976678,0.0018745100282976678,168483.1948230455,-0.16956326919254516
2023-03-09,RANGE_CARRY,0,False,0.0,22.20508954332486,41.41981582422759,36.78887816387819,58.878227712667915,54.27910052910054,0.35,0.35,-0.01732590155127245,0.00019543650793650793,0.0,0.0,-0.005937031812786627,-0.005937031812786627,167482.90473546117,-0.17449359848185542
2023-03-10,RISK_WARNING,0,False,0.0,33.63206115779648,29.250804375804375,35.31018308224193,65.95113865559783,61.46164021164022,0.35,0.35,-0.014043600082006447,0.00019503968253968253,0.0,0.0,-0.004788484235051463,-0.004788484235051463,166680.91548649478,-0.17844652287145912
2023-03-13,RISK_WARNING,0,False,0.0,48.248879341526425,18.388865756512814,34.18245451333689,74.972377772188,70.29761904761905,0.35,0.35,0.007416392306359265,0.00019345238095238096,0.0,0.0,0.0027214813548447903,0.0027214813548447903,167134.53449019976,-0.17621068040144583
2023-03-14,RANGE_CARRY,0,False,0.0,51.885233027144814,22.08327760533643,37.69402911314679,73.22446097493534,69.06084656084657,0.35,0.35,0.02297980666689603,0.0001878968253968254,0.0,0.0,0.008165065269921546,0.008165065269921546,168499.1988731702,-0.1694843868382594
2023-03-15,RANGE_CARRY,0,False,0.0,51.5499437462673,28.780794449912094,41.68036313624551,65.4067266982352,69.32539682539684,0.35,0.35,0.005245989844301802,0.0001882936507936508,0.0,0.0,0.0019584873185215035,0.0019584873185215035,168829.2024173443,-0.16785783254204822
2023-03-16,RISK_WARNING,0,False,0.0,43.32945771401656,38.71689651836711,48.54000429000431,52.4461525431639,61.15079365079365,0.35,0.35,0.026360686448332338,0.00018313492063492065,0.0,0.0,0.009345277955329016,0.009345277955329016,170406.95824091084,-0.1600812326888038
2023-03-17,RISK_WARNING,0,False,0.0,42.84414698311759,42.1041461629697,51.26133276133279,46.594230615815015,63.492063492063494,0.35,0.35,-0.004726051953978017,0.00018273809523809527,0.0,0.0,-0.0015353384219875437,-0.0015353384219875437,170145.32589054955,-0.16137079224360518
2023-03-20,RISK_WARNING,0,False,0.0,38.12550312917963,47.68401700019348,55.059112684112705,38.840334472450195,60.35052910052911,0.35,0.35,0.003544111867959332,0.0001740079365079365,0.0,0.0,0.0013535443125159247,0.0013535443125159247,170375.6251287099,-0.16023567044913667
2023-03-21,RISK_WARNING,0,False,0.0,36.157139807875126,49.146664521664526,58.57046332046335,37.65643343940305,61.36904761904763,0.35,0.35,0.014282445991436798,0.00018551587301587303,0.0,0.0,0.005119441414463197,0.005119441414463197,171247.85316000885,-0.1559365461620451
2023-03-22,RISK_WARNING,0,False,0.0,33.833865903718866,50.685843406431644,60.83047227900172,40.005566185594624,58.67724867724869,0.35,0.35,-0.01359798930205569,0.00018432539682539684,0.0,0.0,-0.004639484747782983,-0.004639484747782983,170453.35135718243,-0.15985256568228723
2023-03-23,RISK_WARNING,0,False,0.0,33.25410021365906,50.19716144716145,63.12287287287288,42.80367973015029,57.228835978835995,0.35,0.35,0.011858094864758861,0.00018472222222222222,0.0,0.0,0.004270402647110046,0.004270402647110046,171181.25580002693,-0.15626479785481406
2023-03-24,RISK_WARNING,0,False,0.0,34.353398040898064,49.85018842371784,63.46152244681659,45.198922221218204,57.77116402116403,0.35,0.35,0.003680387409200847,0.00018234126984126986,0.0,0.0,0.0014066574186171218,0.0014066574186171218,171422.04918342622,-0.15507795147336823
2023-03-27,RISK_WARNING,0,False,0.0,33.55192429824785,50.722322112027996,64.92844420050305,45.76533561210977,55.89947089947091,0.35,0.35,-0.006851297886712349,0.00018273809523809527,0.0,0.0,-0.00227917449844456,-0.00227917449844456,171031.34842045626,-0.1570036762595436
2023-03-28,RISK_WARNING,0,False,0.0,32.53319127951483,50.49837232190174,64.26899588664298,50.4112730920131,53.287037037037045,0.35,0.35,-0.005311568856069426,0.000189484126984127,0.0,0.0,-0.0017358844170846164,-0.0017358844170846164,170734.4577679002,-0.15846702044158434
2023-03-29,RISK_WARNING,0,False,0.0,31.294060341854486,53.840646318587496,64.73523733817855,48.10041601645014,49.55687830687831,0.35,0.35,0.018233915082052743,0.00018511904761904762,0.0,0.0,0.00650219765967084,0.00650219765967084,171844.6069596238,-0.1529952066713638
2023-03-30,RISK_WARNING,0,False,0.0,30.344708679267523,58.02917202917203,66.74779401249992,41.54731330680094,47.35449735449737,0.35,0.35,0.009465336403172042,0.00018511904761904762,0.0,0.0,0.0034331951220625957,0.0034331951220625957,172434.58302599032,-0.15008727394654442
2023-03-31,GREED_TREND,0,False,0.0,28.421129638041425,65.31262459938931,70.79607128136543,31.180920687562026,46.00529100529102,0.35,0.35,0.01663076533198171,0.00019186507936507936,0.0,0.0,0.005945480167780901,0.005945480167780901,173459.78941961093,-0.14503413468944892
2023-04-03,GREED_TREND,0,False,0.0,28.216823441088167,65.14471088735795,71.70873814991465,32.176624340523745,45.83333333333335,0.35,0.35,-0.0024304365437947117,0.0001871031746031746,0.0,0.0,-0.0007290357268360856,-0.0007290357268360856,173333.33103595456,-0.1456574353504857
2023-04-04,GREED_TREND,0,False,0.0,28.79376592979536,61.06679368444074,71.50572105719168,36.214529689624534,47.261904761904766,0.35,0.35,-0.0033734187099796475,0.0001890873015873016,0.0,0.0,-0.0010577898024611305,-0.0010577898024611305,173149.9808059581,-0.1465611502031805
2023-04-05,RISK_WARNING,0,False,0.0,30.638131303572504,52.78052527317234,68.68037470243355,46.767616796791344,48.85582010582012,0.35,0.35,-0.009872441783934538,0.0001882936507936508,0.0,0.0,-0.003332963751361215,-0.003332963751361215,172572.87819638295,-0.14940563095355675
2023-04-06,RISK_WARNING,0,False,0.0,30.87555254834669,47.10538164214635,67.96152560123151,53.11378201866813,50.62830687830689,0.35,0.35,0.006742213218536408,0.00018750000000000003,0.0,0.0,0.0024816496264877426,0.0024816496264877426,173001.14361510094,-0.14729475375531997
2023-04-10,RISK_WARNING,0,False,0.0,30.96563317519202,44.51576997165233,66.5289291392233,59.63449933397748,53.20105820105821,0.35,0.35,-0.0005659487501965543,0.000189484126984127,0.0,0.0,-7.491738002911145e-05,-7.491738002911145e-05,172988.18282267926,-0.1473586361983057
2023-04-11,GREED_EXHAUSTING,0,False,0.0,29.70307860381392,43.692142773025125,65.14566772655012,61.493188668473266,55.76719576719578,0.35,0.35,-0.006417717935004896,0.00019623015873015875,0.0,0.0,-0.00211865167407711,-0.00211865167407711,172621.68111954644,-0.14916508625111147
2023-04-12,GREED_EXHAUSTING,0,False,0.0,29.34268354488945,40.809718331777155,60.72859414035887,65.8057991238731,58.478835978835995,0.35,0.35,-0.00883386632048877,0.00019464285714285715,0.0,0.0,-0.002965335355028212,-0.002965335355028212,172109.79994547824,-0.15168809710214348
2023-04-13,GREED_EXHAUSTING,0,False,0.0,25.50746807732104,46.61879526585409,60.320064812711905,62.22749304604141,55.608465608465615,0.35,0.35,0.01958216202402241,0.00019384920634920634,0.0,0.0,0.006979758692534827,0.006979758692534827,173311.08481771813,-0.1457670847239113
2023-04-14,GREED_EXHAUSTING,0,False,0.0,21.7580390264214,52.630844079373496,60.312259738730354,59.95486178100027,53.45238095238096,0.35,0.35,-0.0018798759281888344,0.00019702380952380953,0.0,0.0,-0.0005298910986756159,-0.0005298910986756159,173219.2488165714,-0.1462197351419119
2023-04-17,GREED_EXHAUSTING,0,False,0.0,17.241859506565408,60.79564648682296,61.52290630967104,55.12611483128558,50.502645502645514,0.35,0.35,0.0008475374329033336,0.0001986111111111111,0.0,0.0,0.00042573532373838896,0.00042573532373838896,173292.99436954406,-0.14585625072445096
2023-04-18,GREED_EXHAUSTING,0,False,0.0,15.281030505295234,59.97200982495101,60.304253833665626,55.23363621821873,49.68253968253969,0.35,0.35,6.272738677726153e-05,0.0002013888888888889,0.0,0.0,0.0001528573631498193,0.0001528573631498193,173319.4834797157,-0.1457256885631859
2023-04-19,GREED_EXHAUSTING,0,False,0.0,13.707583108318424,59.68831331331331,60.248602594190864,52.74241288591381,48.518518518518526,0.35,0.35,-0.0004704258922412219,0.0002009920634920635,0.0,0.0,-3.400422101458635e-05,-3.400422101458635e-05,173313.5898856933,-0.14575473749567924
2023-04-20,NORMAL_PARTICIPATION,0,False,0.0,13.42275784187551,54.84674064821124,59.194188936836035,55.17349414337078,49.57010582010583,0.35,0.35,-0.007624486210034198,0.00019940476190476191,0.0,0.0,-0.0025389570782738736,-0.0025389570782738736,172873.55411989198,-0.1479236295514964
2023-04-21,NORMAL_PARTICIPATION,0,False,0.0,12.846753791606757,55.37080042227101,57.42124687712927,54.752964369899836,51.32936507936509,0.35,0.35,0.001043379284178636,0.00019781746031746034,0.0,0.0,0.0004937640986688717,0.0004937640986688717,172958.91287452567,-0.14750290483044481
2023-04-24,NORMAL_PARTICIPATION,0,False,0.0,12.38358158578749,50.968229784406255,54.87593160387281,57.926197714385545,53.22089947089949,0.35,0.35,-0.002084583557057651,0.0001986111111111111,0.0,0.0,-0.0006005070227479556,-0.0006005070227479556,172855.04983269767,-0.14801483532296644
2023-04-25,NORMAL_PARTICIPATION,0,False,0.0,14.917137410519786,45.437671915613095,51.54605340634756,61.904902768043165,54.31878306878309,0.35,0.35,-0.018863744263332705,0.0002009920634920635,0.0,0.0,-0.006471665650896605,-0.006471665650896605,171736.38974411137,-0.15352859844828037
2023-04-26,NORMAL_PARTICIPATION,0,False,0.0,19.66884710340595,36.893311378605496,50.39187086245912,68.81038387940663,55.45634920634922,0.35,0.35,0.006064711764895536,0.00019781746031746034,0.0,0.0,0.0022512304669197866,0.0022512304669197866,172123.00793698212,-0.15162299623973086
2023-04-27,NORMAL_PARTICIPATION,0,False,0.0,21.360610295169142,37.64352587881999,53.54481582422761,66.91326284945826,51.25000000000002,0.35,0.35,0.027190816686439856,0.00019940476190476191,0.0,0.0,0.009646398935492045,0.009646398935492045,173783.37513751912,-0.14343921321376174
2023-04-28,GREED_EXHAUSTING,0,False,0.0,19.835378971408407,45.139748992690166,60.13343911138031,57.71755195830146,44.62301587301588,0.35,0.35,0.00689870454190733,0.0002001984126984127,0.0,0.0,0.0025446755579215333,0.0025446755579215333,174225.59744460467,-0.1412595439157528
2023-05-01,GREED_EXHAUSTING,0,False,0.0,16.79718846998261,51.0289039039039,64.04291896938958,50.010192389461814,39.47089947089948,0.35,0.35,-0.001147073412698374,0.00019702380952380953,0.0,0.0,-0.0002734102182539547,-0.0002734102182539547,174177.9623859819,-0.1414943323312744
2023-05-02,GREED_EXHAUSTING,0,False,0.0,17.641867182308378,50.58004433004433,61.889347330523826,49.545063869779206,41.48809523809525,0.35,0.35,-0.008721561811353529,0.00020376984126984127,0.0,0.0,-0.002920096237148338,-0.002920096237148338,173669.34597342444,-0.1440012515010043
2023-05-03,RANGE_CARRY,0,False,0.0,17.68140777331956,48.24030543148189,56.83336277453927,51.37699318320757,45.615079365079374,0.35,0.35,-0.006543928862170367,0.0002025793650793651,0.0,0.0,-0.002158698514458041,-0.002158698514458041,173294.4462142647,-0.14584909472776708
2023-05-04,RANGE_CARRY,0,False,0.0,20.88020951623895,39.84782576694341,51.68436714024952,55.95001375053554,50.793650793650805,0.35,0.35,-0.0035298937880172687,0.0002033730158730159,0.0,0.0,-0.0011032703654885836,-0.0011032703654885836,173103.25558725276,-0.14679145410920913
2023-05-05,RANGE_CARRY,0,False,0.0,20.25026129070249,41.655694560106326,52.816858875682435,54.13070626875177,47.12301587301588,0.35,0.35,0.021254388461903417,0.0002033730158730159,0.0,0.0,0.007571228421983656,0.007571228421983656,174413.85987589284,-0.14033161731668153
2023-05-08,RANGE_CARRY,0,False,0.0,21.121189992513546,42.73269277681042,57.20918502536151,53.19545694379658,42.64550264550265,0.35,0.35,0.0024776239586237203,0.0002033730158730159,0.0,0.0,0.0009993608458357625,0.0009993608458357625,174588.1622584239,-0.13947249839462483
2023-05-09,GREED_EXHAUSTING,0,False,0.0,19.00957838090193,49.97850686821275,61.262102438573045,50.67399450819752,36.82539682539684,0.35,0.35,-0.006333220056226718,0.00020535714285714284,0.0,0.0,-0.0020831448768222085,-0.0020831448768222085,174224.46982266146,-0.14126510185095875
2023-05-10,GREED_EXHAUSTING,0,False,0.0,19.866849517584836,51.193169009345475,64.28550714580129,48.649469983672994,35.54232804232805,0.35,0.35,0.010881731127969196,0.00020456349206349208,0.0,0.0,0.003941572164630488,0.003941572164630488,174911.188143312,-0.1378803362796175
2023-05-11,GREED_EXHAUSTING,0,False,0.0,20.987460674960698,52.27104310192545,65.78839869281047,44.677280357071595,35.01984126984129,0.35,0.35,0.0032601340960816128,0.0002025793650793651,0.0,0.0,0.0012727235209301518,0.0012727235209301518,175133.80172653584,-0.13678309630574415
2023-05-12,GREED_EXHAUSTING,0,False,0.0,21.87152436049497,50.51052628258511,67.89024739024742,43.27943693218833,33.88227513227514,0.35,0.35,-0.0035867565910484567,0.0002009920634920635,0.0,0.0,-0.0011247199655971185,-0.0011247199655971185,174936.82524308306,-0.13775397359197006
2023-05-15,GREED_EXHAUSTING,0,False,0.0,22.612722491398983,48.07541154599979,67.63220678661858,43.114580899685244,34.662698412698425,0.35,0.35,0.005414884779866513,0.0002029761904761905,0.0,0.0,0.0020271441967628034,0.0020271441967628034,175291.4474131747,-0.13600607656335517
2023-05-16,GREED_EXHAUSTING,0,False,0.0,22.904232488791333,46.210547732606564,67.09130243689071,44.26996452945216,35.56878306878308,0.35,0.35,0.0011322255882983967,0.0002013888888888889,0.0,0.0,0.0005271817336822166,0.0005271817336822166,175383.85786232166,-0.13555059474890685
2023-05-17,GREED_TREND,0,False,0.0,22.878695397077774,49.603689824278064,69.75483571807104,39.906992143946574,34.33862433862435,0.35,0.35,0.012104169213840166,0.00020218253968253973,0.0,0.0,0.004367877875637709,0.004367877875637709,176149.91313482248,-0.1317747853171024
2023-05-18,GREED_TREND,0,False,0.0,22.26464542273368,53.77853168294345,74.36483226924406,37.95364234524573,32.830687830687836,0.35,0.35,0.018573326890553243,0.0002033730158730159,0.0,0.0,0.006632856872011095,0.006632856872011095,177318.29029666292,-0.12601597173543977
2023-05-19,GREED_TREND,0,False,0.0,21.2956312404842,56.837372035901446,78.77360343536817,38.899483279701464,31.256613756613763,0.35,0.35,-0.0022533874936994103,0.00020535714285714284,0.0,0.0,-0.0006552034799376506,-0.0006552034799376506,177202.11073580396,-0.12658860911216863
2023-05-22,GREED_TREND,0,False,0.0,20.798523313229214,57.68757518022224,81.02163508045864,37.93550384892887,32.36772486772488,0.35,0.35,0.003357998276425578,0.00020456349206349208,0.0,0.0,0.0013082656665902221,0.0013082656665902221,177433.9381733269,-0.12544595497666144
2023-05-23,GREED_EXHAUSTING,0,False,0.0,21.63351061145181,55.31758859700036,78.72264911970797,43.505586774087696,36.71957671957673,0.35,0.35,-0.012676223196303682,0.00020892857142857147,0.0,0.0,-0.004300874547277717,-0.004300874547277717,176670.817064814,-0.12920730220912102
2023-05-24,GREED_EXHAUSTING,0,False,0.0,24.34260521025229,49.7373392299863,74.43750473162241,49.75604114550981,42.92328042328043,0.35,0.35,-0.005129589632829501,0.00020654761904761903,0.0,0.0,-0.0016611004191093728,-0.0016611004191093728,176377.34909654324,-0.1306537763243788
2023-05-25,GREED_EXHAUSTING,0,False,0.0,25.974734713705327,46.34038345067757,72.71932016049665,53.757033734737696,47.60582010582012,0.35,0.35,0.024332881049299093,0.00020773809523809525,0.0,0.0,0.008651538129159444,0.008651538129159444,177903.28445737204,-0.12313259432280854
2023-05-26,GREED_EXHAUSTING,0,False,0.0,26.99063874799171,46.51116557734205,74.79617537705775,49.06992390872844,48.26719576719578,0.35,0.35,0.025550453314494126,0.00020813492063492066,0.0,0.0,0.009077946358485642,0.009077946358485642,179518.2809306745,-0.1151724390505664
2023-05-30,GREED_EXHAUSTING,0,False,0.0,25.983469604057863,50.53734406675583,79.40997173644234,40.909064648817946,46.85846560846562,0.35,0.35,0.0045350172215845586,0.00020654761904761903,0.0,0.0,0.0017215119799355476,0.0017215119799355476,179827.32380191408,-0.11364919780421479
2023-05-31,GREED_EXHAUSTING,0,False,0.0,25.42368166485816,52.889386234974474,80.20153935448054,40.6605805927912,45.80687830687831,0.35,0.35,-0.005686039202240201,0.0002148809523809524,0.0,0.0,-0.0018504411017364508,-0.0018504411017364508,179494.56393073575,-0.11528933775915495
2023-06-01,GREED_TREND,0,False,0.0,23.362809132662093,56.145107292166124,81.11741089829327,39.45042641584385,43.0357142857143,0.35,0.35,0.011552056093565799,0.0002136904761904762,0.0,0.0,0.004182118442271838,0.004182118442271838,180245.23145683805,-0.1115893729825228
2023-06-02,GREED_TREND,0,False,0.0,20.98843759726115,61.86257475963359,82.72731092436977,38.11144899304289,37.4867724867725,0.35,0.35,0.007499786937871011,0.00021289682539682542,0.0,0.0,0.00276330836476279,0.00276330836476279,180743.3046126313,-0.10913442046554145
2023-06-05,GREED_TREND,0,False,0.0,19.178126971509347,66.53640405110993,85.21548313018904,35.13737781560359,33.61772486772488,0.35,0.35,0.0007049203440010476,0.00021289682539682542,0.0,0.0,0.0003851050569083032,0.0003851050569083032,180812.90977323995,-0.10879134362583709
2023-06-06,GREED_TREND,0,False,0.0,18.61155272919981,69.61320984850397,86.20486137397904,36.72052609671203,30.85317460317462,0.35,0.35,-0.00016906170752328809,0.00021130952380952382,0.0,0.0,7.817959284303966e-05,7.817959284303966e-05,180827.0456529068,-0.10872166929594362
2023-06-07,GREED_EXHAUSTING,0,False,0.0,17.93695165753991,69.30206256676844,84.60714390861452,43.613751627745906,30.16534391534393,0.35,0.35,-0.016965392853116823,0.00021051587301587304,0.0,0.0,-0.00580105218113057,-0.00580105218113057,179778.05852531458,-0.11389202140026888
2023-06-08,GREED_EXHAUSTING,0,False,0.0,17.42659886777536,70.28835137658668,84.35276558070679,46.10182447967076,27.04365079365081,0.35,0.35,0.012413279055099924,0.00020972222222222223,0.0,0.0,0.004480967113729417,0.004480967113729417,180583.63809333663,-0.10992140068895029
2023-06-09,GREED_EXHAUSTING,0,False,0.0,17.18622193622196,67.24504651710534,83.7518768768769,50.01170800103435,26.117724867724878,0.35,0.35,0.003822738213223875,0.00020813492063492066,0.0,0.0,0.0014732460730410546,0.0014732460730410546,180849.68222901312,-0.10861009588781734
2023-06-12,GREED_EXHAUSTING,0,False,0.0,18.571352865470534,65.43203918203919,84.50195573724989,46.694910483809885,28.498677248677264,0.35,0.35,0.016897038081805427,0.00020773809523809525,0.0,0.0,0.0060489930905366605,0.0060489930905366605,181943.6407072422,-0.10321808451686854
2023-06-13,GREED_EXHAUSTING,0,False,0.0,20.16782118252709,63.24923347717466,84.75919617096089,44.86941692302221,30.992063492063508,0.35,0.35,0.007683985686149253,0.00020892857142857147,0.0,0.0,0.0028251985615808098,0.0028251985615808098,182457.66761925706,-0.10068449753919395
2023-06-14,GREED_EXHAUSTING,0,False,0.0,20.314040931688012,62.729720266484975,86.00023889435658,40.05236803623898,32.26851851851853,0.35,0.35,0.007267521885151007,0.00020734126984126987,0.0,0.0,0.002678404485199678,0.002678404485199678,182946.36305456754,-0.09827576686379336
2023-06-15,GREED_TREND,0,False,0.0,20.366269630975538,62.289795047148,87.28543312219786,36.59618001031661,31.85846560846562,0.35,0.35,0.011915823995627184,0.00020734126984126987,0.0,0.0,0.004305310223866339,0.004305310223866339,183734.00390184554,-0.09439356430376389
2023-06-16,GREED_TREND,0,False,0.0,18.07815798992272,63.86755452931924,87.57818490759671,35.558743176627395,30.839947089947103,0.35,0.35,-0.006292875276832421,0.00020615079365079365,0.0,0.0,-0.0020685083310183314,-0.0020685083310183314,183353.94858408323,-0.09626681876062537
2023-06-20,GREED_EXHAUSTING,0,False,0.0,17.19192301545245,62.903617903617906,87.1629764218,40.130451269919924,31.660052910052926,0.35,0.35,-0.0014297556600442185,0.00020654761904761903,0.0,0.0,-0.0003661585286345241,-0.0003661585286345241,183286.81197205035,-0.09659772837254621
2023-06-21,GREED_EXHAUSTING,0,False,0.0,15.303700759583132,56.29932874050521,85.4771483668543,50.27951368961802,28.227513227513242,0.35,0.35,-0.013627691469065173,0.00020853174603174604,0.0,0.0,-0.004634146379252175,-0.004634146379252175,182437.4340559854,-0.10078422673861676
2023-06-22,GREED_EXHAUSTING,0,False,0.0,15.942307854072581,52.02372961196491,85.65660618601798,58.43890471523296,26.54761904761906,0.35,0.35,0.01179883945841409,0.00020892857142857147,0.0,0.0,0.004265397381873502,0.004265397381873502,183215.6022095635,-0.09694871413360828
2023-06-23,GREED_EXHAUSTING,0,False,0.0,17.13972586031412,47.8752754855696,83.67590910237972,67.18454592434666,24.24603174603176,0.35,0.35,-0.009913428189092466,0.00020892857142857147,0.0,0.0,-0.0033338962947537915,-0.0033338962947537915,182604.78039221597,-0.09995939346953087
2023-06-26,GREED_EXHAUSTING,0,False,0.0,16.946737073207686,45.101004365710246,78.66105391105394,70.2881609245461,27.962962962962976,0.35,0.35,-0.01340541733325984,0.00020932539682539685,0.0,0.0,-0.004555834558704436,-0.004555834558704436,181772.86322312048,-0.10405982956899962
2023-06-27,GREED_EXHAUSTING,0,False,0.0,14.965949563008413,45.26714845097198,72.69693432928732,68.12700848042401,32.281746031746046,0.35,0.35,0.01719414001341968,0.00021289682539682542,0.0,0.0,0.006156331941204823,0.006156331941204823,182891.91730702523,-0.09854412448036687
2023-06-28,GREED_EXHAUSTING,0,False,0.0,12.522653325594526,47.75043005190064,68.57029613647263,60.562991596909974,35.94576719576721,0.35,0.35,0.0019514608470989625,0.00021051587301587304,0.0,0.0,0.0008198466139449543,0.0008198466139449543,183041.86062614727,-0.0978050689332014
2023-06-29,GREED_EXHAUSTING,0,False,0.0,12.28631362454894,55.87438278614749,68.50653489624081,54.88429161745099,36.772486772486786,0.35,0.35,-0.0020025237285346,0.00021051587301587304,0.0,0.0,-0.0005640479875267925,-0.0005640479875267925,182938.61623302795,-0.09831395016842648
2023-06-30,GREED_EXHAUSTING,0,False,0.0,11.898882075352686,59.289507995390345,69.15961129196425,48.9858406454706,35.502645502645514,0.35,0.35,0.015420136884637614,0.00021130952380952382,0.0,0.0,0.005534399100099355,0.005534399100099355,183951.07154608142,-0.09332365970566647
2023-07-03,GREED_EXHAUSTING,0,False,0.0,10.693779914368172,62.3497057982352,70.24819462319466,42.25179777907479,35.410052910052926,0.35,0.35,0.002355043040441762,0.0002101190476190476,0.0,0.0,0.0009608424451069976,0.0009608424451069976,184127.81954344583,-0.09245248659393734
2023-07-05,GREED_TREND,0,False,0.0,8.740084622437585,62.35886937357526,71.54511233923003,38.18184255684253,35.0330687830688,0.35,0.35,-2.7005860271822613e-05,0.00021051587301587304,0.0,0.0,0.00012738326636517957,0.00012738326636517957,184151.27434652796,-0.09233688022729813
2023-07-06,GREED_EXHAUSTING,0,False,0.0,9.443620090678936,57.288337707455355,69.84952599658486,43.168935674628244,38.121693121693134,0.35,0.35,-0.007615858269417686,0.00021051587301587304,0.0,0.0,-0.0025287150768358723,-0.0025287150768358723,183685.60824266938,-0.09463210164295521
2023-07-07,GREED_EXHAUSTING,0,False,0.0,10.90331718272897,52.44302075184428,68.20967501114563,50.63460203901377,40.84656084656086,0.35,0.35,-0.003320089261416137,0.00021130952380952382,0.0,0.0,-0.0010246800510194574,-0.0010246800510194574,183497.38926424374,-0.09555981406723502
2023-07-10,GREED_EXHAUSTING,0,False,0.0,12.755785196961689,51.39846779552662,65.58496732026147,52.24483137244045,44.874338624338634,0.35,0.35,0.000327653997378885,0.00021130952380952382,0.0,0.0,0.00025203008955880025,0.00025203008955880025,183543.6361276938,-0.09533186792617387
2023-07-11,GREED_EXHAUSTING,0,False,0.0,12.875566743213824,54.454295682236854,65.06316505581215,49.45905450720438,46.37566137566139,0.35,0.35,0.004940495687302038,0.0002121031746031746,0.0,0.0,0.0018670405540477766,0.0018670405540477766,183886.3195397816,-0.09364281583563738
2023-07-12,GREED_EXHAUSTING,0,False,0.0,11.246288305111856,60.880251049368695,66.39882319294087,42.04330509691038,44.821428571428584,0.35,0.35,0.012630035038161624,0.00021250000000000004,0.0,0.0,0.004558637263356568,0.004558637263356568,184724.59056825715,-0.08951106220199478
2023-07-13,GREED_TREND,0,False,0.0,9.10527544351076,67.53856797974446,70.77237468561002,34.24091793067122,41.812169312169324,0.35,0.35,0.016978702859288708,0.0002117063492063492,0.0,0.0,0.006080155127735174,0.006080155127735174,185847.7447348195,-0.08397514821809604
2023-07-14,GREED_TREND,0,False,0.0,7.474827768945436,69.84468607262725,74.63172037583804,30.806749247214114,38.91534391534393,0.35,0.35,-0.0002109982856388637,0.0002117063492063492,0.0,0.0,6.37597270105247e-05,6.37597270105247e-05,185859.59433628933,-0.0839167427236116
2023-07-17,GREED_TREND,0,False,0.0,7.5119236883942975,69.14147761206586,76.78561734002913,29.052923993388863,38.14814814814816,0.35,0.35,0.009338644577518762,0.00021250000000000004,0.0,0.0,0.0034066506021315666,0.0034066506021315666,186492.75303524698,-0.08079596714360837
2023-07-18,GREED_TREND,0,False,0.0,7.7742448330683835,65.92294500382735,78.45326502973565,30.464089360436578,37.380952380952394,0.35,0.35,0.008180653929588777,0.00021250000000000004,0.0,0.0,0.003001353875356072,0.003001353875356072,187052.48378229517,-0.07803711055735174
2023-07-19,GREED_TREND,0,False,0.0,8.358900917724469,64.6604472119178,79.16574894221957,30.511773327949772,37.837301587301596,0.35,0.35,-0.0002333177788148566,0.00021250000000000004,0.0,0.0,5.646377741480024e-05,5.646377741480024e-05,187063.0454721043,-0.07798505304997772
2023-07-20,GREED_EXHAUSTING,0,False,0.0,9.62457205104266,58.061755032343264,76.2680251680252,40.07132016809433,38.293650793650805,0.35,0.35,-0.02305199014650583,0.00021250000000000004,0.0,0.0,-0.00793007155127704,-0.00793007155127704,185579.62213691074,-0.08529669755063818
2023-07-21,GREED_EXHAUSTING,0,False,0.0,10.13842834431072,53.820603166191404,71.53036166418524,47.84015619712961,37.678571428571445,0.35,0.35,-0.00299925682131863,0.00021250000000000004,0.0,0.0,-0.0009116148874615203,-0.0009116148874615203,185410.44499056123,-0.08613055469876141
2023-07-24,GREED_EXHAUSTING,0,False,0.0,11.121005459240775,52.7757126874774,67.48093997358707,54.742522645985616,37.32142857142859,0.35,0.35,0.0015973165082661112,0.00021289682539682542,0.0,0.0,0.0006974437144010755,0.0006974437144010755,185539.75834000422,-0.08549318219835267
2023-07-25,GREED_EXHAUSTING,0,False,0.0,11.557614337026124,57.10279607338432,68.35365091982742,55.01421491293405,38.022486772486786,0.35,0.35,0.006777768917948901,0.0002132936507936508,0.0,0.0,0.002510859994297988,0.002510859994297988,186005.62269657187,-0.0831969836150217
2023-07-26,GREED_EXHAUSTING,0,False,0.0,11.631688411100198,59.29922569628453,69.06276654806071,58.518248493817715,39.17328042328044,0.35,0.35,-0.0033264691905591226,0.0002132936507936508,0.0,0.0,-0.0010256233436798197,-0.0010256233436798197,185814.85098787854,-0.08413727819018235
2023-07-27,GREED_EXHAUSTING,0,False,0.0,10.115621924445476,56.35587688528866,68.51780667221847,61.46622371219143,41.137566137566154,0.35,0.35,-0.0023839796567068916,0.0002132936507936508,0.0,0.0,-0.000695752006831539,-0.000695752006831539,185685.56993240464,-0.08477449151686356
2023-07-28,GREED_EXHAUSTING,0,False,0.0,8.174868145456403,55.30601820307703,69.4191586544528,59.47533335721189,38.95502645502646,0.35,0.35,0.01821464606234402,0.0002132936507936508,0.0,0.0,0.006513766994836279,0.006513766994836279,186895.08246924772,-0.07881292580687382
2023-07-31,GREED_EXHAUSTING,0,False,0.0,7.1073405338111435,54.48308707867532,69.93868237985889,54.00843673708946,39.19973544973546,0.35,0.35,0.000521539584854569,0.0002136904761904762,0.0,0.0,0.0003214376642229087,0.0003214376642229087,186955.15758801135,-0.07851682158543305
2023-08-01,GREED_EXHAUSTING,0,False,0.0,7.185525861996472,54.199370589076466,71.1509818642172,51.03376682456376,38.24735449735451,0.35,0.35,-0.002319641367806491,0.0002148809523809524,0.0,0.0,-0.0006722018596846528,-0.0006722018596846528,186829.48598340305,-0.07913624429163146
2023-08-02,GREED_EXHAUSTING,0,False,0.0,10.41188373247199,45.5904822890117,64.84716649422535,55.986847209095764,43.4325396825397,0.35,0.35,-0.021944146921288543,0.000214484126984127,0.0,0.0,-0.007541036739911307,-0.007541036739911307,185420.59796550346,-0.08608051170588094
2023-08-03,NORMAL_PARTICIPATION,0,False,0.0,13.432060632060654,37.85230503612857,59.97649330002273,61.711170678675394,47.11640211640213,0.35,0.35,-0.0016026069072356819,0.0002140873015873016,0.0,0.0,-0.0004217556715007426,-0.0004217556715007426,185342.39577669845,-0.08646596243336402
2023-08-04,NORMAL_PARTICIPATION,0,False,0.0,17.89800851271442,31.0599896114602,55.37375610905025,66.67209344747293,49.80158730158732,0.35,0.35,-0.0046817731881537705,0.000214484126984127,0.0,0.0,-0.0014992059333141371,-0.0014992059333141371,185064.52935725538,-0.08783553808276834
2023-08-07,NORMAL_PARTICIPATION,0,False,0.0,18.155434846611342,35.04998275586511,56.804946753476194,66.82131223117938,46.997354497354515,0.35,0.35,0.008466831523492147,0.000214484126984127,0.0,0.0,0.0031028057157619334,0.0031028057157619334,185638.74863672984,-0.08500526897661675
2023-08-08,NORMAL_PARTICIPATION,0,False,0.0,19.810251007309855,33.21962824168706,57.28929980400571,70.55216703556358,44.193121693121704,0.35,0.35,-0.008502358804872157,0.00021527777777777778,0.0,0.0,-0.0028358950261496993,-0.0028358950261496993,185112.2966328103,-0.08760009798327906
2023-08-09,NORMAL_PARTICIPATION,0,False,0.0,16.638381658969916,33.6797806209571,56.657283333753945,71.44381715681523,42.66534391534393,0.35,0.35,-0.01099462365591386,0.00021567460317460318,0.0,0.0,-0.0037079297875063583,-0.0037079297875063583,184425.9132340918,-0.09098321275808463
2023-08-10,NORMAL_PARTICIPATION,0,False,0.0,14.088626020978984,35.229452141216846,54.46402179490418,70.56055723655341,44.34523809523811,0.35,0.35,0.0018482781114945723,0.0002148809523809524,0.0,0.0,0.0007865699580707193,0.0007865699580707193,184570.97711693146,-0.09026820746185837
2023-08-11,NORMAL_PARTICIPATION,0,False,0.0,9.981417131417153,39.789607885196126,52.24955943338299,67.73745770709715,44.55687830687831,0.35,0.35,-0.006375647738679713,0.000214484126984127,0.0,0.0,-0.002092062025998217,-0.002092062025998217,184184.84318460376,-0.0921714227988707
2023-08-14,RANGE_CARRY,0,False,0.0,8.957879307879331,44.61359363565246,53.04747709894772,65.33030163533009,42.969576719576736,0.35,0.35,0.011222149410222926,0.000214484126984127,0.0,0.0,0.004067166976117706,0.004067166976117706,184933.95369630557,-0.0884791323897024
2023-08-15,NORMAL_PARTICIPATION,0,False,0.0,10.284927364339149,42.545300552653494,51.93259015317841,67.15777152186068,43.45238095238096,0.35,0.35,-0.01061158363710002,0.00021527777777777778,0.0,0.0,-0.003574123717429451,-0.003574123717429451,184272.97686624163,-0.0917370207415601
2023-08-16,NORMAL_PARTICIPATION,0,False,0.0,12.573503335268063,38.01309818221583,50.60547522312231,68.91759226697555,46.62037037037038,0.35,0.35,-0.01058894165165658,0.00021527777777777778,0.0,0.0,-0.0035661990225242476,-0.0035661990225242476,183615.8227562636,-0.09497606729038655
2023-08-17,RANGE_CARRY,0,False,0.0,18.045753736930227,29.672916614093086,47.372121070650515,73.9950543183465,52.77116402116403,0.35,0.35,-0.010922932641915462,0.00021527777777777778,0.0,0.0,-0.003683095869114856,-0.003683095869114856,182939.54807796588,-0.0983093571983994
2023-08-18,RANGE_CARRY,0,False,0.0,21.33337160690104,23.538604781251845,45.63040456422812,76.3509395475714,55.34391534391536,0.35,0.35,-0.0012549500808745062,0.00021527777777777778,0.0,0.0,-0.0002993019727505216,-0.0002993019727505216,182884.79391033205,-0.0985792349866006
2023-08-21,RANGE_CARRY,0,False,0.0,24.886572707160965,25.867353698236055,46.59400577047639,75.62767745381593,54.86772486772488,0.35,0.35,0.01611146790271678,0.0002148809523809524,0.0,0.0,0.005778686384998492,0.005778686384998492,183941.62777892494,-0.09337020708466282
2023-08-22,RANGE_CARRY,0,False,0.0,23.89472203295735,31.249615161379868,48.091373936962206,71.76753233987579,52.50000000000002,0.35,0.35,-0.0014289640010991533,0.00021567460317460318,0.0,0.0,-0.0003599489083212116,-0.0003599489083212116,183875.4181908111,-0.09369654748887413
2023-08-23,RANGE_CARRY,0,False,0.0,21.367260537848797,39.12957179868945,52.33805338952401,64.97386597766102,48.412698412698425,0.35,0.35,0.015768616874896946,0.00021567460317460318,0.0,0.0,0.0056592043982774225,0.0056592043982774225,184916.00676617163,-0.08856759100424916
2023-08-24,RANGE_CARRY,0,False,0.0,18.808969894264035,40.591631547513906,51.779521117756445,63.209963962335856,46.752645502645514,0.35,0.35,-0.021375741648830937,0.00021567460317460318,0.0,0.0,-0.0073413210850273355,-0.0073413210850273355,183558.47898674008,-0.09525870896598687
2023-08-25,NORMAL_PARTICIPATION,0,False,0.0,14.599554176024787,43.64622710946241,52.12880106997758,58.092349058193435,42.55291005291007,0.35,0.35,0.007751508775815097,0.0002160714285714286,0.0,0.0,0.0028534745001067125,0.0028534745001067125,184082.25842580711,-0.09267705276282778
2023-08-28,RANGE_CARRY,0,False,0.0,11.742693113281371,45.830737249854906,50.01632304573485,55.14034558413113,39.96031746031747,0.35,0.35,0.007527058952804921,0.00021726190476190478,0.0,0.0,0.0027756908715769603,0.0027756908715769603,184593.21387013892,-0.0901586047406091
2023-08-29,RANGE_CARRY,0,False,0.0,7.398576727988515,54.33533743827862,54.209808548043874,44.958276418191,31.91798941798943,0.35,0.35,0.021839895299378353,0.0002160714285714286,0.0,0.0,0.007784409783353851,0.007784409783353851,186030.16309013037,-0.08307602648205159
2023-08-30,RANGE_CARRY,0,False,0.0,6.711801717684092,60.89503158620806,59.43221057191649,37.7512626817655,26.997354497354507,0.35,0.35,0.005576753742295271,0.00021527777777777778,0.0,0.0,0.0020917943653589004,0.0020917943653589004,186419.2999370691,-0.08115801008078427
2023-08-31,GREED_TREND,0,False,0.0,6.764705882352963,65.20820295085001,65.15034256946025,32.41355312346771,22.771164021164036,0.35,0.35,0.002998460966937344,0.00021527777777777778,0.0,0.0,0.0011893918939836258,0.0011893918939836258,186641.02554129635,-0.08006514686612254
2023-09-01,GREED_TREND,0,False,0.0,7.323794382617933,66.93308539632069,68.05751129280544,32.91040216822946,22.605820105820126,0.35,0.35,-0.0010582290536788053,0.00021527777777777778,0.0,0.0,-0.00023044961323202625,-0.00023044961323202625,186598.01418914713,-0.08027714549722587
2023-09-05,GREED_TREND,0,False,0.0,8.645998940116609,64.10599149569738,68.77610698934232,33.626634156520275,23.70370370370372,0.35,0.35,0.0012712201064646322,0.0002140873015873016,0.0,0.0,0.0005840837832943673,0.0005840837832943673,186707.00306322993,-0.07973995029278569
2023-09-06,GREED_EXHAUSTING,0,False,0.0,11.13882159470397,55.338056543938904,67.70235571706162,40.52103621648211,26.4351851851852,0.35,0.35,-0.008807892718279642,0.0002148809523809524,0.0,0.0,-0.0029430898323502554,-0.0029430898323502554,186157.50758088595,-0.08244835828819708
2023-09-07,GREED_EXHAUSTING,0,False,0.0,16.123563900034508,42.755173240467364,65.91617773235423,48.98151105836113,30.54894179894181,0.35,0.35,-0.007151625126754602,0.0002148809523809524,0.0,0.0,-0.002363396175316491,-0.002363396175316491,185717.54363946285,-0.08461689632887415
2023-09-08,GREED_EXHAUSTING,0,False,0.0,18.843625558331464,38.58391059126354,64.88689529866004,56.92601363901172,30.350529100529112,0.35,0.35,0.0013976240391333494,0.0002140873015873016,0.0,0.0,0.0006283251597284183,0.0006283251597284183,185834.23464473445,-0.08404173809404747
2023-09-11,GREED_EXHAUSTING,0,False,0.0,20.088887627122944,41.17027952322071,66.55757227816055,57.405858284416134,28.181216931216937,0.35,0.35,0.011782704385635334,0.0002148809523809524,0.0,0.0,0.004263619154019986,0.004263619154019986,186626.56104703838,-0.08013644090430239
2023-09-12,GREED_EXHAUSTING,0,False,0.0,17.93012802718687,46.25663899193311,65.62053124553127,57.66787762281118,25.826719576719587,0.35,0.35,-0.011088415523781703,0.0002148809523809524,0.0,0.0,-0.0037412728142759764,-0.0037412728142759764,185928.3401677713,-0.08357790143079014
2023-09-13,GREED_EXHAUSTING,0,False,0.0,16.599230743348414,46.94475568004981,65.68811143075852,57.914618060728095,24.02777777777779,0.35,0.35,0.0038091150513692718,0.00021527777777777778,0.0,0.0,0.0014731208235348005,0.0014731208235348005,186202.2350773577,-0.08222790095424037
2023-09-14,GREED_EXHAUSTING,0,False,0.0,14.607303942598085,50.10476758270877,65.6585661291544,55.78606093217096,22.010582010582027,0.35,0.35,0.00817722669089549,0.0002148809523809524,0.0,0.0,0.0030017019608610403,0.0030017019608610403,186761.1586915061,-0.07947302264491118
2023-09-15,GREED_EXHAUSTING,0,False,0.0,12.797072702955079,48.181046592811306,64.74427263397855,55.238348337494415,21.09788359788361,0.35,0.35,-0.017123015347098813,0.0002148809523809524,0.0,0.0,-0.005853382752436965,-0.005853382752436965,185667.9741463961,-0.0848612193773145
2023-09-18,GREED_EXHAUSTING,0,False,0.0,14.013298172121724,47.74942063912653,63.7237037457626,57.091487088877955,22.248677248677264,0.35,0.35,0.0010397508157817814,0.00021527777777777778,0.0,0.0,0.000503843341079179,0.000503843341079179,185761.5217188214,-0.08440013279653447
2023-09-19,RANGE_CARRY,0,False,0.0,14.45501509913277,40.11569027010204,59.59222457751873,62.730378012873246,26.130952380952397,0.35,0.35,-0.002131333297361482,0.0002148809523809524,0.0,0.0,-0.0006062940350288995,-0.0006062940350288995,185648.89561626542,-0.08495525553449301
2023-09-20,RANGE_CARRY,0,False,0.0,18.36956073720782,37.12851086380498,56.81434585846355,65.19912719035106,30.509259259259277,0.35,0.35,-0.014410468543001542,0.000214484126984127,0.0,0.0,-0.0049042493075108565,-0.0049042493075108565,184738.42714849918,-0.0894428630888795
2023-09-21,RANGE_CARRY,0,False,0.0,21.685961171255315,30.556432482903077,49.12545633869167,68.79055176754416,38.181216931216944,0.35,0.35,-0.018324463707686367,0.00021527777777777778,0.0,0.0,-0.006273631742134672,-0.006273631742134672,183579.44628794832,-0.09515536324603246
2023-09-22,RANGE_CARRY,0,False,0.0,26.93548296195357,29.4149117605,44.325640766817266,72.37001934843488,45.47619047619049,0.35,0.35,0.0001397194433576665,0.00021567460317460318,0.0,0.0,0.00018909029723867534,0.00018909029723867534,183614.1593800138,-0.09498426590471387
2023-09-25,RISK_WARNING,0,False,0.0,30.03221835280661,30.699239155121514,43.16085833732896,72.98524418970337,49.940476190476204,0.35,0.35,0.004749797435109393,0.00021527777777777778,0.0,0.0,0.0018023596578438429,0.0018023596578438429,183945.09813348926,-0.09335310205586655
2023-09-26,RISK_WARNING,0,False,0.0,32.69671646436354,29.108204843498967,43.833722377840054,74.16660920882929,52.440476190476204,0.35,0.35,-0.015016267623258583,0.0002160714285714286,0.0,0.0,-0.0051152472395690745,-0.0051152472395690745,183004.17347802967,-0.09799082509783907
2023-09-27,RISK_WARNING,0,False,0.0,33.09956553191849,30.128277437100973,43.18670876759115,72.88103582031472,54.64285714285716,0.35,0.35,0.0023432427091274466,0.0002160714285714286,0.0,0.0,0.0009605813767660349,0.0009605813767660349,183179.96387894312,-0.09712437188275602
2023-09-28,NORMAL_PARTICIPATION,0,False,0.0,29.267187776011326,32.921530774471954,42.24976552182438,68.877815908888,55.8862433862434,0.35,0.35,0.008365254619197682,0.0002160714285714286,0.0,0.0,0.003068285545290617,0.003068285545290617,183742.01231429973,-0.0943540916438087
2023-09-29,NORMAL_PARTICIPATION,0,False,0.0,22.844751894751912,41.602082124140956,43.05643143143146,60.956091460123695,54.775132275132286,0.35,0.35,0.0007262366972988765,0.00021527777777777778,0.0,0.0,0.0003941133996101623,0.0003941133996101623,183814.42750342414,-0.09399716445602335
2023-10-02,RANGE_CARRY,0,False,0.0,20.839020953726855,43.341485392955995,45.929348466113204,56.982923218691695,52.665343915343925,0.35,0.35,0.008345661093588586,0.0002148809523809524,0.0,0.0,0.003060654001803624,0.003060654001803624,184377.01986655174,-0.09122420325177028
2023-10-03,NORMAL_PARTICIPATION,0,False,0.0,23.885121676298166,39.91172159554513,45.213501316442525,59.12300047404409,55.01984126984129,0.35,0.35,-0.017549687205890452,0.00021765873015873016,0.0,0.0,-0.006000912347458484,-0.006000912347458484,183270.58953144698,-0.09667768715154801
2023-10-04,NORMAL_PARTICIPATION,0,False,0.0,26.432280179339028,37.37330607918843,46.757806125453214,58.1472981859604,55.35714285714287,0.35,0.35,0.013608700552237174,0.00021765873015873016,0.0,0.0,0.004904523367886185,0.004904523367886185,184169.44442045022,-0.09224732175944983
2023-10-05,NORMAL_PARTICIPATION,0,False,0.0,28.12167040990572,36.579902381372975,46.2477719315955,58.328821909467045,55.9920634920635,0.35,0.35,-0.0029464906184850648,0.00021726190476190478,0.0,0.0,-0.0008900514783745345,-0.0008900514783745345,184005.5241341724,-0.09305526837271627
2023-10-06,NORMAL_PARTICIPATION,0,False,0.0,26.24649649649652,41.1495792010498,50.6377364759718,53.02621793655947,49.39814814814816,0.35,0.35,0.016755415539881247,0.00021726190476190478,0.0,0.0,0.006005615677053674,0.006005615677053674,185110.59059457705,-0.08760850687423427
2023-10-09,RANGE_CARRY,0,False,0.0,24.967768188356445,44.25714054390525,52.46257602139958,50.32591499740453,46.85185185185187,0.35,0.35,0.005100082259391403,0.00021805555555555556,0.0,0.0,0.001926764901898102,0.001926764901898102,185467.2551835043,-0.08585054296848915
2023-10-10,RANGE_CARRY,0,False,0.0,21.160240913182108,52.85924580042228,56.012799564270175,43.129897347876444,42.58597883597885,0.35,0.35,0.005537974683544222,0.00021805555555555556,0.0,0.0,0.0020800272503515888,0.0020800272503515888,185853.0321283339,-0.08394908718696958
2023-10-11,RANGE_CARRY,0,False,0.0,18.316249863308705,58.11774379421439,58.35738469562002,39.086420657578124,40.64814814814816,0.35,0.35,0.007135299384139593,0.00021726190476190478,0.0,0.0,0.0026385750225440953,0.0026385750225440953,186343.41929677184,-0.0815320181290422
2023-10-12,GREED_TREND,0,False,0.0,17.727422380363574,60.39494641700525,60.4743419890479,38.120021756644114,38.472222222222236,0.35,0.35,-0.0034750282851140346,0.00021726190476190478,0.0,0.0,-0.001075039661694674,-0.001075039661694674,186143.092730332,-0.08251940763755017
2023-10-13,RANGE_CARRY,0,False,0.0,21.643880435056925,53.1260987878635,58.59981830570069,42.754315917978126,42.89682539682541,0.35,0.35,-0.012569945665396265,0.00021805555555555556,0.0,0.0,-0.0042577448717775815,-0.0042577448717775815,185350.54293184265,-0.08642580592463667
2023-10-16,RANGE_CARRY,0,False,0.0,22.49448229742349,49.21913405001641,57.19737174148941,43.56941463013567,45.787037037037045,0.35,0.35,0.011306395094174526,0.00021765873015873016,0.0,0.0,0.004098716457564259,0.004098716457564259,186110.24225257587,-0.08268132434017395
2023-10-17,RANGE_CARRY,0,False,0.0,22.46855006266773,47.83562449003626,55.46168752786402,44.763024477445704,48.61111111111112,0.35,0.35,-0.003275493354267689,0.00021726190476190478,0.0,0.0,-0.001005202435898453,-0.001005202435898453,185923.16378371793,-0.08360341530744231
2023-10-18,RANGE_CARRY,0,False,0.0,23.619771872713063,43.57904227757169,54.2696930123401,48.20221108883345,49.239417989418,0.35,0.35,-0.013117870722433422,0.00021765873015873016,0.0,0.0,-0.004449776578248523,-0.004449776578248523,185095.8472441593,-0.08768117536639419
2023-10-19,RISK_WARNING,0,False,0.0,31.18693777811427,35.00880292056763,50.64784637578757,57.77892798599627,56.20370370370372,0.35,0.35,-0.009356853895478356,0.00021726190476190478,0.0,0.0,-0.0031336786253221864,-0.0031336786253221864,184515.81634401434,-0.09054008936662772
2023-10-20,RISK_WARNING,0,False,0.0,38.11689041983161,24.880954483895664,46.26780877516174,67.87429782045528,62.01719576719578,0.35,0.35,-0.014917909825818865,0.00021686507936507935,0.0,0.0,-0.005080306137449301,-0.005080306137449301,183578.4195097854,-0.09516042413238235
2023-10-23,RISK_WARNING,0,False,0.0,40.72494469259177,24.76038012802719,44.389133881780964,72.06998612193108,62.90343915343917,0.35,0.35,0.003017484489565625,0.0002160714285714286,0.0,0.0,0.0011965659999193972,0.0011965659999193972,183798.08320488973,-0.09407772386051783
2023-10-24,RISK_WARNING,0,False,0.0,38.092476930712245,27.097127589774654,44.83172037583805,74.44921646368512,59.0740740740741,0.35,0.35,0.009728118761773485,0.0002160714285714286,0.0,0.0,0.003545287995192148,0.003545287995192148,184449.70034281534,-0.09086596849034345
2023-10-25,RISK_WARNING,0,False,0.0,37.114262581909664,25.846762729115678,44.21270745535455,77.69668363809727,56.0383597883598,0.35,0.35,-0.024475816556678742,0.0002160714285714286,0.0,0.0,-0.00842608936626613,-0.00842608936626613,182895.5106841458,-0.09852641308575749
2023-10-26,RISK_WARNING,0,False,0.0,35.02157325392621,25.342204599557544,40.951144421732685,78.71318265269876,54.91402116402117,0.35,0.35,-0.019067191870754008,0.00021646825396825397,0.0,0.0,-0.006532812789684537,-0.006532812789684537,181700.6885527725,-0.10441557126391365
2023-10-27,RISK_WARNING,0,False,0.0,36.28715396068339,25.610789360789365,37.45873394402809,78.08280647820493,54.82804232804235,0.35,0.35,0.004801257056392894,0.00021646825396825397,0.0,0.0,0.0018211443348168778,0.0018211443348168778,182031.5917323627,-0.10278458275517088
2023-10-30,RISK_WARNING,0,False,0.0,33.45609180609183,32.593587284763764,37.1716611569553,72.36299772258025,52.14285714285716,0.35,0.35,0.011265239929338922,0.00021646825396825397,0.0,0.0,0.004083538340347988,0.004083538340347988,182774.92471635636,-0.09912076919930035
2023-10-31,RISK_WARNING,0,False,0.0,30.974780242427318,38.845606110312,40.215475980181886,68.26336786773217,48.44576719576721,0.35,0.35,0.004782359679266879,0.00021686507936507935,0.0,0.0,0.001814788189330709,0.001814788189330709,183106.62249103741,-0.09748586421122984
2023-11-01,NORMAL_PARTICIPATION,0,False,0.0,26.171577459812777,45.17891525979761,44.86100701541881,62.76582997337263,41.2830687830688,0.35,0.35,0.017356855815544137,0.00021646825396825397,0.0,0.0,0.0062156039005198125,0.0062156039005198125,184244.74072800373,-0.09187619382854684
2023-11-02,NORMAL_PARTICIPATION,0,False,0.0,21.09371346136054,53.29766215795629,51.46751688663456,55.15005799374867,32.31481481481483,0.35,0.35,0.01815329448677727,0.00021567460317460318,0.0,0.0,0.006493841562435537,0.006493841562435537,185441.19688300343,-0.08597898171219331
2023-11-03,NORMAL_PARTICIPATION,0,False,0.0,14.23320715673659,64.44255221608164,57.859222668046236,42.60771628228931,23.181216931216948,0.35,0.35,0.011748844375963019,0.000214484126984127,0.0,0.0,0.004251510214126739,0.004251510214126739,186229.6020256714,-0.08209301201701624
2023-11-06,GREED_TREND,0,False,0.0,10.93717667247081,71.46890104390106,62.51329060152593,34.29258107389034,18.492063492063505,0.35,0.35,0.0040793016235620705,0.0002140873015873016,0.0,0.0,0.0015669123142784706,0.0015669123142784706,186521.4074823686,-0.0806547322541834
2023-11-07,GREED_TREND,0,False,0.0,11.31690514043457,73.13374656168774,66.09847978230334,29.72858281159986,16.964285714285726,0.35,0.35,0.00945261504292949,0.00021527777777777778,0.0,0.0,0.003448345820580877,0.003448345820580877,187164.59779830932,-0.07748451184248129
2023-11-08,GREED_TREND,0,False,0.0,13.969263381028107,70.9535954021248,68.67286530227709,30.381928994595,16.408730158730172,0.35,0.35,0.0006439495572847509,0.0002148809523809524,0.0,0.0,0.0003650549640972819,0.0003650549640972819,187232.92316383886,-0.07714774298407279
2023-11-09,GREED_TREND,0,False,0.0,14.398516163222064,67.3121745695275,68.48383509559983,35.1289309097658,16.80555555555557,0.35,0.35,-0.007695607872580057,0.000214484126984127,0.0,0.0,-0.0025540480728633375,-0.0025540480728633375,186754.7212772557,-0.07950475201264173
2023-11-10,GREED_TREND,0,False,0.0,14.51510333863277,67.07545781075193,70.5181637519873,36.45129844536863,15.787037037037052,0.35,0.35,0.022482233091036807,0.000214484126984127,0.0,0.0,0.008008196264402564,0.008008196264402564,188250.28973854776,-0.07213324540630917
2023-11-13,GREED_EXHAUSTING,0,False,0.0,15.338258426493738,64.2518085312203,70.71884426443252,41.0721472692535,16.183862433862448,0.35,0.35,-0.0031184756468194408,0.0002140873015873016,0.0,0.0,-0.0009523097303550583,-0.0009523097303550583,188071.01715588756,-0.07301686194518175
2023-11-14,GREED_TREND,0,False,0.0,15.9702139113904,67.44226158932042,74.82444755680052,34.70985735667896,13.882275132275149,0.35,0.35,0.021526470666207276,0.0002148809523809524,0.0,0.0,0.007673937352220165,0.007673937352220165,189514.26235931015,-0.06590325141718478
2023-11-15,GREED_TREND,0,False,0.0,14.976156829098024,70.10920058714176,75.469996256761,31.051539680097523,14.100529100529117,0.35,0.35,0.0007526016661043577,0.0002136904761904762,0.0,0.0,0.0004023093926603347,0.0004023093926603347,189590.50572710042,-0.06552745552157624
2023-11-16,GREED_TREND,0,False,0.0,13.632334014686975,74.03131387690212,77.90387656564128,24.527038864562556,12.962962962962978,0.35,0.35,0.000855764742492493,0.0002140873015873016,0.0,0.0,0.0004386744059041186,0.0004386744059041186,189673.6742295653,-0.06511752633329349
2023-11-17,GREED_TREND,0,False,0.0,12.072980543568798,74.61190076631253,78.16359426653547,24.961930994426222,13.551587301587318,0.35,0.35,0.00023319082782746747,0.0002132936507936508,0.0,0.0,0.00022025766275548663,0.00022025766275548663,189715.45130973734,-0.0649116113046927
2023-11-20,GREED_TREND,0,False,0.0,11.143349231584544,75.92045827339945,79.23925501131386,25.145136869045757,13.115079365079382,0.35,0.35,0.01217490415500988,0.00021289682539682542,0.0,0.0,0.004399599390761394,0.004399599390761394,190550.12329373765,-0.06079759699948095
2023-11-21,GREED_TREND,0,False,0.0,9.5164281928988,72.91613567348861,78.75028915470095,33.13730669541862,13.12169312169314,0.35,0.35,-0.005809489686236291,0.000214484126984127,0.0,0.0,-0.0018939067076430194,-0.0018939067076430194,190189.23913708946,-0.06257635873035794
2023-11-22,GREED_TREND,0,False,0.0,9.856915739268699,70.33315142873967,80.05392367157076,39.070267577146105,14.140211640211655,0.35,0.35,0.004092980152907488,0.0002140873015873016,0.0,0.0,0.0015716997995493668,0.0015716997995493668,190488.15952611767,-0.061103010181281614
2023-11-24,GREED_EXHAUSTING,0,False,0.0,11.091679915209346,67.49969612469613,80.53018775077601,47.23810456566621,17.268518518518533,0.35,0.35,-0.0014100394811055184,0.000214484126984127,0.0,0.0,-0.0003540991358472488,-0.0003540991358472488,190420.7078334403,-0.06143547279402617
2023-11-27,GREED_EXHAUSTING,0,False,0.0,11.612347641759428,66.92055606026194,81.0418254388843,48.47195002674127,20.55555555555557,0.35,0.35,-0.0008728915817308724,0.000214484126984127,0.0,0.0,-0.00016609737106612277,-0.00016609737106612277,190389.07945447264,-0.061591365894570926
2023-11-28,GREED_EXHAUSTING,0,False,0.0,11.493840479134619,65.92416365945779,79.72676773412071,49.47576866647072,22.149470899470913,0.35,0.35,0.002620962561348472,0.00021250000000000004,0.0,0.0,0.0010554618964719652,0.0010554618964719652,190590.0278733412,-0.06060091133795231
2023-11-29,GREED_EXHAUSTING,0,False,0.0,9.922304657598795,62.57855124031595,76.92782698665056,49.7652575996978,22.63227513227515,0.35,0.35,-0.0009738845177990063,0.0002117063492063492,0.0,0.0,-0.0002032504542455252,-0.0002032504542455252,190551.29036360126,-0.06079184462944076
2023-11-30,GREED_EXHAUSTING,0,False,0.0,9.182903491727041,57.91099713158537,73.72950892068543,49.22315253719426,23.637566137566154,0.35,0.35,-0.0025140453041225808,0.00021091269841269842,0.0,0.0,-0.0007428226024746492,-0.0007428226024746492,190409.74455818848,-0.061489509675678566
2023-12-01,GREED_EXHAUSTING,0,False,0.0,8.249579411344136,57.07566810507987,70.0896022072493,47.001607157442045,25.29100529100531,0.35,0.35,0.002854718000154355,0.00021091269841269842,0.0,0.0,0.0011362445540222782,0.0011362445540222782,190626.0965934755,-0.06042313224215479
2023-12-04,GREED_EXHAUSTING,0,False,0.0,7.875709743356822,51.30121297768357,64.5558552249729,48.777803114852425,27.59259259259261,0.35,0.35,-0.009283479509668124,0.0002101190476190476,0.0,0.0,-0.0031126404474314624,-0.0031126404474314624,190032.74609488266,-0.06334769720420885
2023-12-05,GREED_EXHAUSTING,0,False,0.0,9.26890966596851,52.09284599725777,61.84228345993055,48.48492752714761,28.611111111111125,0.35,0.35,0.0025108718161110932,0.00021130952380952382,0.0,0.0,0.0010161563261150731,0.0010161563261150731,190225.849071996,-0.06239591204135264
2023-12-06,NORMAL_PARTICIPATION,0,False,0.0,9.789177833295499,46.00884708237649,58.2098464010229,53.1345861991023,29.656084656084673,0.35,0.35,-0.005783779596684635,0.00021091269841269842,0.0,0.0,-0.001887229604871368,-0.001887229604871368,189866.84921801553,-0.06416538623379664
2023-12-07,NORMAL_PARTICIPATION,0,False,0.0,9.409247482776914,50.871260966849206,59.573672411907744,48.38886558692059,28.48544973544975,0.35,0.35,0.013972211401116708,0.00021091269841269842,0.0,0.0,0.005027367244359101,0.005027367244359101,190821.37959656384,-0.05946060195041103
2023-12-08,GREED_EXHAUSTING,0,False,0.0,5.962578124342849,52.59668281727105,61.12548788284085,46.61330041073871,26.14417989417991,0.35,0.35,0.004456624747073867,0.00021051587301587304,0.0,0.0,0.0016966539789361708,0.0016966539789361708,191145.13744952247,-0.05786483203836379
2023-12-11,GREED_TREND,0,False,0.0,3.5927103574162587,59.335974630092274,64.32877520377524,39.54993811919805,26.574074074074087,0.35,0.35,0.00854221383583642,0.00021051587301587304,0.0,0.0,0.0031266101600030648,0.0031266101600030648,191742.77377830734,-0.05491914265011866
2023-12-12,GREED_TREND,0,False,0.0,2.1143895996837365,64.12538273567685,67.1218108865168,34.51149556984469,26.29629629629631,0.35,0.35,0.007964199029126373,0.0002117063492063492,0.0,0.0,0.0029250787871783574,0.0029250787871783574,192303.636498481,-0.05215470668211619
2023-12-13,GREED_TREND,0,False,0.0,1.842872284048774,71.50329005476065,69.36932205314561,25.730237420939478,29.232804232804245,0.35,0.35,0.01271728497253366,0.00021130952380952382,0.0,0.0,0.004588400930862971,0.004588400930862971,193186.00268319898,-0.04780561245594228
2023-12-14,GREED_TREND,0,False,0.0,1.978007419183909,76.39268154709332,70.8906332803392,22.278399638456534,29.417989417989435,0.35,0.35,-0.0008668945360876812,0.00021051587301587304,0.0,0.0,-0.00016657777017037092,-0.00016657777017037092,193153.8221896439,-0.047964226873788096
2023-12-15,GREED_TREND,0,False,0.0,2.0098039215686465,77.47780974251562,71.83308623749804,18.803409942878606,31.22354497354499,0.35,0.35,0.004834031582339637,0.0002101190476190476,0.0,0.0,0.0018284884347712538,0.0018284884347712538,193507.00171964953,-0.0462234404731382
2023-12-18,GREED_TREND,0,False,0.0,2.261526232114486,75.42208490002609,73.50049944902888,19.254550463990665,31.95105820105822,0.35,0.35,0.0062867222578577575,0.00021051587301587304,0.0,0.0,0.002337188107710533,0.002337188107710533,193959.26398282743,-0.04399428524079896
2023-12-19,GREED_TREND,0,False,0.0,2.9753030341265814,73.91002136590372,75.98283493577613,17.17691685315022,33.26719576719579,0.35,0.35,0.00510956077429503,0.00021130952380952382,0.0,0.0,0.0019256974614794509,0.0019256974614794509,194332.77084510957,-0.042153307462727385
2023-12-20,GREED_TREND,0,False,0.0,5.720171852524813,66.56653397094574,75.3757909169674,28.8233632792456,34.97354497354499,0.35,0.35,-0.014859712581875129,0.0002101190476190476,0.0,0.0,-0.005064322022703913,-0.005064322022703913,193348.6071139856,-0.04700415156211801
2023-12-21,GREED_TREND,0,False,0.0,8.058758338170122,60.35777058571176,74.41009412774122,35.69889668063289,35.694444444444464,0.35,0.35,0.011635407363302486,0.00021051587301587304,0.0,0.0,0.004209227894616188,0.004209227894616188,194162.45546443498,-0.04299277485341979
2023-12-22,GREED_EXHAUSTING,0,False,0.0,9.13321094203449,54.2300598918246,73.49536090712564,43.27965767339578,34.728835978835995,0.35,0.35,0.001495941339480611,0.00020972222222222223,0.0,0.0,0.0006598989132626582,0.0006598989132626582,194290.58305779236,-0.04236124682556108
2023-12-26,GREED_TREND,0,False,0.0,7.948772301713497,57.1922321481145,75.39901350930766,37.22129529909413,34.18650793650795,0.35,0.35,0.006121749351094552,0.00021051587301587304,0.0,0.0,0.002279447590343411,0.002279447590343411,194733.45825916986,-0.04017835947721826
2023-12-27,GREED_TREND,0,False,0.0,6.698826978238762,59.43894945365533,76.47691073426371,35.91235671833392,32.3809523809524,0.35,0.35,0.002034267912772725,0.00021091269841269842,0.0,0.0,0.0008490870234387077,0.0008490870234387077,194898.80391160707,-0.03936338737743461
2023-12-28,GREED_TREND,0,False,0.0,4.635027885027903,62.9589095397919,76.58799976447038,33.67889870759887,31.904761904761926,0.35,0.35,-0.000486026731470246,0.00021051587301587304,0.0,0.0,-3.3274038554268604e-05,-3.3274038554268604e-05,194892.31884129153,-0.03939535163711971
2023-12-29,GREED_TREND,0,False,0.0,3.3724480783304505,61.77359502359502,75.58228711905186,38.56682302389131,30.09259259259261,0.35,0.35,-0.0043277413080476945,0.00021091269841269842,0.0,0.0,-0.001377616203848439,-0.001377616203848439,194623.83202485018,-0.0407186961661965
2024-01-02,GREED_EXHAUSTING,0,False,0.0,4.822229792818048,53.75901531783885,69.9581934876053,46.5964262242725,30.357142857142875,0.35,0.35,-0.01692225043953899,0.00020892857142857147,0.0,0.0,-0.005786984082410074,-0.005786984082410074,193497.5470068647,-0.04627004180203631
2024-01-03,GREED_EXHAUSTING,0,False,0.0,8.2590283560872,40.55795185942245,64.12761080408143,59.14817694490367,31.11111111111113,0.35,0.35,-0.010581484885367254,0.00021130952380952382,0.0,0.0,-0.003566168519402348,-0.003566168519402348,192807.50214614725,-0.04967120355497279
2024-01-04,NORMAL_PARTICIPATION,0,False,0.0,11.944355700238072,30.77846544023015,57.221176007940734,66.57371328362787,31.752645502645517,0.35,0.35,-0.0051464865814776495,0.0002121031746031746,0.0,0.0,-0.0016634032400251136,-0.0016634032400251136,192486.78552237622,-0.05125198355406857
2024-01-05,NORMAL_PARTICIPATION,0,False,0.0,11.929022720199209,33.0096787964435,55.814729645612026,68.41929527792904,30.866402116402128,0.35,0.35,0.0011860300797417178,0.0002121031746031746,0.0,0.0,0.0005529775914016647,0.0005529775914016647,192593.22640141103,-0.05072734716108718
2024-01-08,NORMAL_PARTICIPATION,0,False,0.0,10.019143933849836,40.01562802298097,56.746502805326365,64.76173411823315,27.5330687830688,0.35,0.35,0.020667926906112077,0.0002117063492063492,0.0,0.0,0.007371383544123354,0.007371383544123354,194012.90494121602,-0.04372989434906405
2024-01-09,NORMAL_PARTICIPATION,0,False,0.0,5.604063727593157,46.47886226562698,59.649753745342004,61.023021666285395,24.1335978835979,0.35,0.35,0.001975552537350378,0.00021250000000000004,0.0,0.0,0.0008295683880726322,0.0008295683880726322,194173.85191403338,-0.04293660289895729
2024-01-10,GREED_EXHAUSTING,0,False,0.0,2.43312009488482,49.71121962298432,62.4475010725011,55.844319855230644,22.037037037037056,0.35,0.35,0.0067775723967959944,0.0002117063492063492,0.0,0.0,0.002509759465862725,0.002509759465862725,194661.18157689765,-0.04053460397865216
2024-01-11,GREED_EXHAUSTING,0,False,0.0,0.4133545310016087,52.04081812905341,63.694835591894446,51.0027745283912,21.375661375661394,0.35,0.35,0.0020807833537332954,0.00021130952380952382,0.0,0.0,0.0008656253642828438,0.0008656253642828438,194829.68523311187,-0.03970406639570445
2024-01-12,GREED_EXHAUSTING,0,False,0.0,1.6163222045575172,51.481394209335384,65.28534942505534,46.875180853122004,22.599206349206366,0.35,0.35,0.0005130084279956204,0.00021130952380952382,0.0,0.0,0.00031690414027465757,0.00031690414027465757,194891.42756701066,-0.0393997446384563
2024-01-16,GREED_EXHAUSTING,0,False,0.0,5.969864822806017,46.449472581825525,65.89251436310263,47.95334857763697,26.216931216931233,0.35,0.35,-9.766578767467227e-05,0.00021091269841269842,0.0,0.0,0.00010291022828211869,0.00010291022828211869,194911.4838883118,-0.03930088904688922
2024-01-17,GREED_EXHAUSTING,0,False,0.0,11.757074301191965,40.17826439885263,64.92515519721405,53.20097540614615,31.62037037037039,0.35,0.35,-0.005640750146512996,0.00021091269841269842,0.0,0.0,-0.0018371692973112945,-0.0018371692973112945,194553.39849441883,-0.04106585595748646
2024-01-18,GREED_EXHAUSTING,0,False,0.0,15.04074873192522,39.53689403689404,65.8037102228279,53.08017603534679,33.300264550264565,0.35,0.35,0.01419415043834893,0.0002117063492063492,0.0,0.0,0.0051055617804062516,0.0051055617804062516,195546.70289002007,-0.03616995844173654
2024-01-19,GREED_EXHAUSTING,0,False,0.0,15.681948755478183,44.60322822822823,70.07439372145258,48.38977663621873,29.464285714285733,0.35,0.35,0.019830988643792846,0.00021091269841269842,0.0,0.0,0.00707793927929575,0.00707793927929575,196930.77057934212,-0.029348027932025955
2024-01-22,GREED_EXHAUSTING,0,False,0.0,13.52679990915287,51.59444002826356,75.93556161203223,40.258867670869535,25.46296296296298,0.35,0.35,0.0013058549788689255,0.00021091269841269842,0.0,0.0,0.0005941424965723779,0.0005941424965723779,197047.77551902604,-0.02877132234603874
2024-01-23,GREED_TREND,0,False,0.0,11.57990343284463,56.42351384998443,79.82650717944838,37.2479631637601,23.17460317460319,0.35,0.35,0.004149574372228626,0.00021130952380952382,0.0,0.0,0.0015897022207562097,0.0015897022207562097,197361.02280536373,-0.02722735796030995
2024-01-24,GREED_TREND,0,False,0.0,9.791308114837545,58.762805873099985,80.40247705688886,35.630127145307384,24.576719576719594,0.35,0.35,0.005549258524605527,0.00021091269841269842,0.0,0.0,0.0020793337375801884,0.0020793337375801884,197771.40223856625,-0.02520463898672176
2024-01-25,GREED_TREND,0,False,0.0,9.083045230104073,59.717538967538964,80.2816093404329,34.53925401411167,25.198412698412714,0.35,0.35,0.0012211445882159833,0.00021051587301587304,0.0,0.0,0.0005642359233359116,0.0005642359233359116,197882.99196831777,-0.024654624426136862
2024-01-26,GREED_TREND,0,False,0.0,9.177057309410271,58.85439115586175,78.98460435225145,38.937819223397945,25.892857142857157,0.35,0.35,-0.0059575466166296165,0.00021051587301587304,0.0,0.0,-0.001948305998360048,-0.001948305998360048,197497.45534809245,-0.026554895671840217
2024-01-29,GREED_EXHAUSTING,0,False,0.0,10.9775384628326,56.91165430136019,78.71534034034038,41.03591942443932,26.14417989417991,0.35,0.35,0.010240437932092172,0.00021051587301587304,0.0,0.0,0.003720988593692578,0.003720988593692578,198232.34112672604,-0.022932717542049175
2024-01-30,GREED_EXHAUSTING,0,False,0.0,12.833606715959675,53.95008769273476,78.08467501114563,47.96284594434496,25.958994708994723,0.35,0.35,-0.006656545603176411,0.00020972222222222223,0.0,0.0,-0.0021934715166672994,-0.0021934715166672994,197797.52413278227,-0.025075886795988267
2024-01-31,GREED_EXHAUSTING,0,False,0.0,16.62553898436253,45.324286471345296,74.96085581379702,54.51721944226686,27.288359788359802,0.35,0.35,-0.019586174465083483,0.00020972222222222223,0.0,0.0,-0.006718841618334775,-0.006718841618334775,196468.55389563538,-0.031626247502501426
2024-02-01,GREED_EXHAUSTING,0,False,0.0,16.00453352512178,42.495080164197816,72.69734019734024,61.763442250871066,26.759259259259277,0.35,0.35,0.011775427488788015,0.00020972222222222223,0.0,0.0,0.004257719065520249,0.004257719065520249,197305.061803332,-0.02750318411394348
2024-02-02,GREED_EXHAUSTING,0,False,0.0,14.961093025798926,41.48304501980973,73.58564657094072,61.99634678050234,25.09259259259261,0.35,0.35,0.016900540438039346,0.00020972222222222223,0.0,0.0,0.006051508597758215,0.006051508597758215,198499.0550812161,-0.02161811127131652
2024-02-05,GREED_EXHAUSTING,0,False,0.0,13.613226672050223,45.01918199712318,76.68394444865037,61.283783987294406,23.181216931216948,0.35,0.35,-0.0013053308780681672,0.0002101190476190476,0.0,0.0,-0.0003202884263714775,-0.0003202884263714775,198435.4781312279,-0.021931475666847833
2024-02-06,GREED_EXHAUSTING,0,False,0.0,13.865823807000297,43.523352133646256,77.10973683767804,62.233171433835544,23.98809523809525,0.35,0.35,-0.0020072353833586742,0.00020972222222222223,0.0,0.0,-0.0005662129397310915,-0.0005662129397310915,198323.12139580827,-0.022485270721268935
2024-02-07,GREED_EXHAUSTING,0,False,0.0,14.304014098131764,45.163361891303076,76.69436242965658,58.95700630828711,24.66269841269843,0.35,0.35,0.010290231296335328,0.00021051587301587304,0.0,0.0,0.0037384162711776824,0.0037384162711776824,199064.53577978513,-0.018830913752017397
2024-02-08,GREED_EXHAUSTING,0,False,0.0,12.32767431296845,47.30972253766371,76.53904850228382,51.901774572078146,24.966931216931233,0.35,0.35,0.0018518947197851965,0.0002101190476190476,0.0,0.0,0.0007847405328771997,0.0007847405328771997,199220.7497896699,-0.018060950600432557
2024-02-09,GREED_EXHAUSTING,0,False,0.0,11.38844727080023,51.42146137734374,78.7164349223173,45.51178506373,23.35978835978837,0.35,0.35,0.009843110977610259,0.00021051587301587304,0.0,0.0,0.003581924159623908,0.003581924159623908,199934.34340643993,-0.014543719396109989
2024-02-12,GREED_EXHAUSTING,0,False,0.0,10.94416265004502,51.966650474003416,77.2702597555539,46.094432430532976,25.390211640211657,0.35,0.35,-0.003912595812836095,0.00021051587301587304,0.0,0.0,-0.0012325732170323158,-0.0012325732170323158,199687.90968959223,-0.015758366414138525
2024-02-13,GREED_EXHAUSTING,0,False,0.0,14.865131938661369,48.552447405388584,72.50381579058052,53.33335836514201,28.584656084656103,0.35,0.35,-0.015597004640051426,0.0002101190476190476,0.0,0.0,-0.0053223742430656175,-0.0053223742430656175,198625.09590240874,-0.020996868733688778
2024-02-14,GREED_EXHAUSTING,0,False,0.0,16.520852785558688,47.380926094161396,68.88722651222655,56.55622588568506,29.42460317460319,0.35,0.35,0.01089721152724299,0.00021091269841269842,0.0,0.0,0.0039511172885033,0.0039511172885033,199409.88695275938,-0.017128712536243484
2024-02-15,GREED_EXHAUSTING,0,False,0.0,16.168792742322175,47.39791577291577,67.25051627257511,57.844379992624745,27.486772486772505,0.35,0.35,0.0029777018604864036,0.0002101190476190476,0.0,0.0,0.001178773032122622,0.001178773032122622,199644.94594983791,-0.015970130368533564
2024-02-16,GREED_EXHAUSTING,0,False,0.0,13.592165695106893,50.21774190156543,66.72462693786225,56.73323177474029,27.096560846560866,0.35,0.35,-0.009067685438770123,0.0002101190476190476,0.0,0.0,-0.003037112522617162,-0.003037112522617162,199038.60178441645,-0.018958739808220604
2024-02-20,GREED_EXHAUSTING,0,False,0.0,14.017994885641963,44.38711926211926,61.293597168597195,60.960884881900036,32.242063492063515,0.35,0.35,-0.007548133869057283,0.00021051587301587304,0.0,0.0,-0.002505011536709731,-0.002505011536709731,198540.0077906959,-0.021416259482989197
2024-02-21,NORMAL_PARTICIPATION,0,False,0.0,13.781079819315133,39.702017143193615,55.6582086287969,64.46921891395323,37.1362433862434,0.35,0.35,-0.00400168491996622,0.00021051587301587304,0.0,0.0,-0.0012637544045278593,-0.0012637544045278593,198289.10198137542,-0.02265294899526693
2024-02-22,NORMAL_PARTICIPATION,0,False,0.0,12.232642726760394,42.51408971997208,57.43088466617882,58.8633448438951,32.39417989417991,0.35,0.35,0.029275627922276115,0.00021051587301587304,0.0,0.0,0.010383305090256957,0.010383305090256957,200347.99822332113,-0.012504856385621821
2024-02-23,GREED_EXHAUSTING,0,False,0.0,8.852922670569749,47.78935027464439,61.06725212607569,56.03797915562618,24.206349206349227,0.35,0.35,-0.002944734859725684,0.00021091269841269842,0.0,0.0,-0.0008935639469357353,-0.0008935639469357353,200168.974475268,-0.013387246443729794
2024-02-26,GREED_EXHAUSTING,0,False,0.0,8.303318023906279,50.96643492231727,65.07455775102838,53.95435792257422,16.792328042328062,0.35,0.35,-0.0005265808874032052,0.00021130952380952382,0.0,0.0,-4.695212011493133e-05,-4.695212011493133e-05,200159.57611753515,-0.013433570004241835
2024-02-27,GREED_EXHAUSTING,0,False,0.0,7.046510796510816,51.6012840571664,64.62805662805665,52.98833036072122,15.992063492063513,0.35,0.35,0.002405222769442217,0.0002117063492063492,0.0,0.0,0.0009794370962889027,0.0009794370962889027,200355.6198315622,-0.01246729024475035
2024-02-28,GREED_EXHAUSTING,0,False,0.0,6.443514943514963,53.803129810482766,63.50064350064353,49.47195487707819,16.52116402116404,0.35,0.35,-0.005324497257769734,0.00021091269841269842,0.0,0.0,-0.0017264807862511526,-0.0017264807862511526,200009.70970350553,-0.014172246493937446
2024-02-29,GREED_EXHAUSTING,0,False,0.0,5.740002607649686,58.215008075302194,64.68133364456897,44.95721446575334,16.97089947089949,0.35,0.35,0.008569393709651596,0.00021091269841269842,0.0,0.0,0.0031363810523463123,0.0031363810523463123,200637.0163673049,-0.011080315006963826
2024-03-01,GREED_EXHAUSTING,0,False,0.0,6.050931183284145,61.10891458685577,67.85646360646363,41.9477189306411,17.288359788359806,0.35,0.35,0.015056947608200533,0.00021091269841269842,0.0,0.0,0.00540702491683844,0.00540702491683844,201721.86571404303,-0.005733201629454565
2024-03-04,GREED_TREND,0,False,0.0,5.10895980013629,65.06544569779864,69.75075600810898,38.356938735970964,18.796296296296315,0.35,0.35,-0.00356814254617277,0.00020972222222222223,0.0,0.0,-0.0011125304467160249,-0.0011125304467160249,201497.44399666777,-0.006839353714800711
2024-03-05,GREED_EXHAUSTING,0,False,0.0,7.266432398785359,62.55175238263474,66.04060362883895,42.16132763286461,20.264550264550284,0.35,0.35,-0.017949641908022063,0.0002121031746031746,0.0,0.0,-0.006144507604315658,-0.006144507604315658,200259.3414197801,-0.012941836858207045
2024-03-06,GREED_EXHAUSTING,0,False,0.0,8.756371918136644,60.06214407684996,61.735023889435695,44.60194967263276,22.07010582010584,0.35,0.35,0.006283683063868839,0.0002117063492063492,0.0,0.0,0.0023368981993382204,0.0023368981993382204,200727.32711414463,-0.010635182414118982
2024-03-07,GREED_EXHAUSTING,0,False,0.0,12.083981039863412,57.001025184848714,60.99972136001551,43.0288250435309,21.957671957671977,0.35,0.35,0.01517810342077075,0.0002117063492063492,0.0,0.0,0.005449945324253889,0.005449945324253889,201821.28007200034,-0.005243198252535497
2024-03-08,GREED_EXHAUSTING,0,False,0.0,13.399048207871758,55.454813006283594,61.49012457835991,43.915383803429314,21.494708994709015,0.35,0.35,-0.014434841171848678,0.0002117063492063492,0.0,0.0,-0.004914585283162911,-0.004914585283162911,200829.41217912937,-0.010132015390729943
2024-03-11,NORMAL_PARTICIPATION,0,False,0.0,15.25661375661378,52.39316101816102,59.06152581152585,48.1540839090649,22.023809523809543,0.35,0.35,-0.0037128149059267868,0.00021130952380952382,0.0,0.0,-0.0011621340265981848,-0.0011621340265981848,200596.02148569428,-0.011282374657484606
2024-03-12,NORMAL_PARTICIPATION,0,False,0.0,12.563609828315732,51.59217620982327,58.886740732329,51.480088179803516,20.343915343915366,0.35,0.35,0.014335032808248993,0.0002121031746031746,0.0,0.0,0.005155128546379211,0.005155128546379211,201630.11976234528,-0.006185408202773135
2024-03-13,GREED_EXHAUSTING,0,False,0.0,9.024175435940162,52.87695573724986,60.140646949470515,51.39172955823807,18.869047619047638,0.35,0.35,-0.007686065906324702,0.0002121031746031746,0.0,0.0,-0.0025522560037215818,-0.0025522560037215818,201115.50807865072,-0.00872187746127373
2024-03-14,GREED_EXHAUSTING,0,False,0.0,6.713087036616467,50.96973864620924,61.618654368654404,55.258414079571544,17.61243386243388,0.35,0.35,-0.002521294718909717,0.0002121031746031746,0.0,0.0,-0.0007445860881263374,-0.0007445860881263374,200965.76026922892,-0.009459969360779974
2024-03-15,RANGE_CARRY,0,False,0.0,8.53578242107656,43.04864843835432,57.9204719425308,63.21233679464226,19.761904761904784,0.35,0.35,-0.01188686979095499,0.0002121031746031746,0.0,0.0,-0.004022537363342182,-0.004022537363342182,200157.36798979348,-0.013444453643912335
2024-03-18,RANGE_CARRY,0,False,0.0,9.588503209091465,38.9091496959144,56.640781537840404,64.64214899366699,22.347883597883612,0.35,0.35,0.009525834255162291,0.0002121031746031746,0.0,0.0,0.003471909052798865,0.003471909052798865,200852.29616770163,-0.010019222511429726
2024-03-19,RANGE_CARRY,0,False,0.0,10.60664740370625,38.886609298374005,57.742975117975156,63.261547363302554,22.473544973544993,0.35,0.35,0.002491542470512975,0.0002121031746031746,0.0,0.0,0.0010099069281716048,0.0010099069281716048,201055.13829314063,-0.009019434065486998
2024-03-20,GREED_EXHAUSTING,0,False,0.0,9.747121070650502,45.181130710542476,62.61921480303837,58.34920132927721,19.735449735449755,0.35,0.35,0.011856716145655088,0.0002121031746031746,0.0,0.0,0.004287717714471345,0.004287717714471345,201917.2059711856,-0.0047703891382328
2024-03-21,GREED_EXHAUSTING,0,False,0.0,8.97427469486295,52.49875085169202,64.82526328849862,48.68638620322678,18.98809523809526,0.35,0.35,0.0047321810847962276,0.0002117063492063492,0.0,0.0,0.0017938725066628065,0.0017938725066628065,202279.41969559947,-0.002985074101491292
2024-03-22,GREED_TREND,0,False,0.0,7.1674615792263054,57.79043854779149,67.02566537125364,39.145511599970774,18.875661375661398,0.35,0.35,0.001143831161549258,0.0002121031746031746,0.0,0.0,0.0005382079700343037,0.0005382079700343037,202388.28809145355,-0.0024484727221295577
2024-03-25,GREED_TREND,0,False,0.0,7.038950715421325,61.099116974116974,66.11360520184053,34.96952187345923,21.137566137566157,0.35,0.35,-0.003629194856400342,0.00021130952380952382,0.0,0.0,-0.001132867009263929,-0.001132867009263929,202159.00907681332,-0.003578565937423561
2024-03-26,GREED_TREND,0,False,0.0,7.582140964493926,58.448708161943465,65.23592605210256,39.16484487333631,20.555555555555575,0.35,0.35,-0.0032377012321251897,0.00021130952380952382,0.0,0.0,-0.0009958442407676257,-0.0009958442407676257,201957.6901919049,-0.00457084648391215
2024-03-27,GREED_EXHAUSTING,0,False,0.0,7.5301120448179475,59.44827600709954,64.1679957268193,40.137281595773025,19.761904761904784,0.35,0.35,0.0034061174772173075,0.00021130952380952382,0.0,0.0,0.001329492307502248,0.001329492307502248,202226.19138745594,-0.0032474310816491547
2024-03-28,GREED_EXHAUSTING,0,False,0.0,7.732047173223665,59.42951565010389,63.298175276116496,41.22455218162047,19.034391534391556,0.35,0.35,-0.0018434008497628662,0.00021091269841269842,0.0,0.0,-0.0005080970434487492,-0.0005080970434487492,202123.44085750406,-0.0037538781149665246
2024-04-01,GREED_TREND,0,False,0.0,8.442461368931978,60.754736879736875,63.191072374895946,39.52991999861067,21.878306878306898,0.35,0.35,0.0021170694353731534,0.00021130952380952382,0.0,0.0,0.0008783254928567941,0.0008783254928567941,202300.97102831316,-0.002878849748955137
2024-04-02,GREED_EXHAUSTING,0,False,0.0,11.131440263793223,53.31178867943574,60.225836130247934,45.36591810026342,26.507936507936524,0.35,0.35,-0.008630183166647876,0.00021051587301587304,0.0,0.0,-0.0028837287908664386,-0.0028837287908664386,201717.5898937386,-0.0057542767179158405
2024-04-03,RANGE_CARRY,0,False,0.0,13.416258695670479,50.03399407811173,59.19271267065388,47.38522088095141,32.235449735449755,0.35,0.35,0.0022443381469474666,0.00020972222222222223,0.0,0.0,0.0009218377958760577,0.0009218377958760577,201903.54079219562,-0.00483774343180654
2024-04-04,RANGE_CARRY,0,False,0.0,18.050574524103954,39.26393725658432,55.010825952002456,57.751721055563536,38.12169312169314,0.35,0.35,-0.015290658222121833,0.00020972222222222223,0.0,0.0,-0.005215410933298198,-0.005215410933298198,200850.5308580764,-0.010027923545117834
2024-04-05,RANGE_CARRY,0,False,0.0,19.9396316484552,38.96308388220154,54.60997026438206,59.816736803216855,41.441798941798965,0.35,0.35,0.011783893049111205,0.00020932539682539685,0.0,0.0,0.004260424075125429,0.004260424075125429,201706.23929524588,-0.0058102226768875775
2024-04-08,RANGE_CARRY,0,False,0.0,21.27860507566392,36.590587436175674,53.38269361798777,63.215059495657194,43.74338624338626,0.35,0.35,0.0002951392830385924,0.0002101190476190476,0.0,0.0,0.00023987613001588828,0.00023987613001588828,201754.62380732808,-0.005571740280601922
2024-04-09,RANGE_CARRY,0,False,0.0,17.215881848234808,44.85826898326898,56.08805444099565,56.28483773146959,42.24867724867727,0.35,0.35,0.0036995006808897557,0.0002101190476190476,0.0,0.0,0.0014314026192637952,0.0014314026192637952,202043.4159042945,-0.004148313064969544
2024-04-10,RANGE_CARRY,0,False,0.0,15.78981712805244,46.10143126319597,55.384309729898,57.69708435054732,43.80291005291007,0.35,0.35,-0.008728489699929898,0.0002101190476190476,0.0,0.0,-0.002918394014023083,-0.002918394014023083,201453.77360874665,-0.007054600666975386
2024-04-11,RANGE_CARRY,0,False,0.0,14.378277437100985,48.41194030164618,57.49106038811925,53.229865030386826,42.407407407407426,0.35,0.35,0.015968246002235453,0.00021091269841269842,0.0,0.0,0.005725979354750662,0.005725979354750662,202607.2937573669,-0.0013690158100001515
2024-04-12,RANGE_CARRY,0,False,0.0,17.84047072282368,39.143235672647435,55.5572400131224,59.26660148220867,45.01984126984129,0.35,0.35,-0.015941801199003125,0.00021091269841269842,0.0,0.0,-0.00544253716568284,-0.00544253716568284,201504.596031054,-0.006804102056256589
2024-04-15,RANGE_CARRY,0,False,0.0,23.16358711652831,30.474948688183986,52.349837232190204,63.7228574128479,50.01984126984129,0.35,0.35,-0.016451046158760585,0.00021091269841269842,0.0,0.0,-0.00562077290159795,-0.00562077290159795,200371.9844581352,-0.012386630645397023
2024-04-16,RANGE_CARRY,0,False,0.0,28.687085825321134,22.91521773874715,46.28245787804616,72.48571450279228,56.53439153439155,0.35,0.35,9.279450656518584e-05,0.00021091269841269842,0.0,0.0,0.00016957133126606903,0.00016957133126606903,200405.96180228825,-0.012219159731579166
2024-04-17,RISK_WARNING,0,False,0.0,31.830875833817032,20.953216872334522,42.15016276780987,76.02415569540804,59.338624338624356,0.35,0.35,-0.012201345395499996,0.00021091269841269842,0.0,0.0,-0.004133377634456745,-0.004133377634456745,199577.60828196286,-0.016302030964489678
2024-04-18,RISK_WARNING,0,False,0.0,31.084072728190403,24.01829665800254,39.997335570865026,74.7204191179523,57.93650793650795,0.35,0.35,-0.0057063685891413085,0.00021091269841269842,0.0,0.0,-0.0018601357522312037,-0.0018601357522312037,199206.36683745278,-0.01813184272608992
2024-04-19,RISK_WARNING,0,False,0.0,30.541745527039666,24.137568240509413,34.48445294033533,74.97657229606942,58.690476190476204,0.35,0.35,-0.020689166528896408,0.00021130952380952382,0.0,0.0,-0.007103857094637552,-0.007103857094637552,197791.2332750976,-0.02510689380113873
2024-04-22,NORMAL_PARTICIPATION,0,False,0.0,25.83769694063814,35.650769428528385,32.10101636284301,69.41080305359318,54.99338624338626,0.35,0.35,0.010056674303629665,0.00021091269841269842,0.0,0.0,0.0036569292602386364,0.0036569292602386364,198514.54182347996,-0.021541778675475354
2024-04-23,RANGE_CARRY,0,False,0.0,19.778149998738254,46.51703961989903,32.43579840528286,63.264442929452194,47.14947089947091,0.35,0.35,0.01492287856358332,0.00020972222222222223,0.0,0.0,0.005359326941698606,0.005359326941698606,199578.44615579347,-0.016297901168604412
2024-04-24,RANGE_CARRY,0,False,0.0,13.50026455026457,57.3149314354636,35.88403757496295,55.4049902941706,39.45767195767198,0.35,0.35,0.0033876773237349056,0.00021091269841269842,0.0,0.0,0.0013227803172754708,0.0013227803172754708,199842.4445961208,-0.014996679394207568
2024-04-25,RANGE_CARRY,0,False,0.0,10.974867724867744,58.99854014061719,37.761873768128766,52.66772534815495,36.37566137566139,0.35,0.35,-0.004829898478347472,0.00021130952380952382,0.0,0.0,-0.0015531132769454246,-0.0015531132769454246,199532.06664212132,-0.016526501129275784
2024-04-26,RANGE_CARRY,0,False,0.0,10.56306508482841,58.767908624044445,41.40442780236271,50.263208884053235,33.29365079365081,0.35,0.35,0.015431735186712148,0.0002117063492063492,0.0,0.0,0.005538716442333378,0.005538716442333378,200637.2181804048,-0.01107932029048131
2024-04-29,RANGE_CARRY,0,False,0.0,8.781667864392269,59.14166073057058,44.70866428382319,47.16944391788612,28.52513227513229,0.35,0.35,0.004060324825986061,0.00021130952380952382,0.0,0.0,0.001558464879571312,0.001558464879571312,200949.90423847383,-0.009538122142472405
2024-04-30,RANGE_CARRY,0,False,0.0,9.107593790318196,58.65081361288669,45.91453807716719,47.202723162250685,21.448412698412714,0.35,0.35,-0.018856152512998325,0.00021091269841269842,0.0,0.0,-0.006462560125581159,-0.006462560125581159,199651.25340010293,-0.015939041580222635
2024-05-01,RANGE_CARRY,0,False,0.0,9.673982038318833,52.90889642195242,43.136103126273944,50.512739634716496,20.66137566137568,0.35,0.35,-0.0072305047222025465,0.00021130952380952382,0.0,0.0,-0.0023933254622947008,-0.0023933254622947008,199173.4229717614,-0.018294219728458794
2024-05-02,RANGE_CARRY,0,False,0.0,11.271903879370143,50.842023935600196,43.166821110228625,53.903559789036514,18.88227513227515,0.35,0.35,0.012763332700702179,0.00021130952380952382,0.0,0.0,0.004604517635721952,0.004604517635721952,200090.52051040198,-0.0137739381501083
2024-05-03,RANGE_CARRY,0,False,0.0,8.425280625002648,54.185900405965945,48.14532508793832,50.866742689273565,17.076719576719594,0.35,0.35,0.020098383696416144,0.00021130952380952382,0.0,0.0,0.0071717854842218405,0.0071717854842218405,201525.52680092893,-0.006700936395571788
2024-05-06,RANGE_CARRY,0,False,0.0,6.263897609171657,62.056883822719804,54.751517119070776,45.67307122089062,13.339947089947108,0.35,0.35,0.010953430697161703,0.00021091269841269842,0.0,0.0,0.00397079399797485,0.00397079399797485,202325.7431531888,-0.0027567504356170724
2024-05-07,RANGE_CARRY,0,False,0.0,4.916350425087537,64.8260721219915,58.80055189934067,42.00005741923844,10.132275132275153,0.35,0.35,0.00015900056785911332,0.00021091269841269842,0.0,0.0,0.00019274345271894363,0.00019274345271894363,202364.74011549808,-0.002564538328495458
2024-05-08,RANGE_CARRY,0,False,0.0,5.040787809254866,64.6416470722964,59.259392164773466,40.66402284834455,9.29232804232806,0.35,0.35,-0.0005904796511627675,0.00021091269841269842,0.0,0.0,-6.957462393871461e-05,-6.957462393871461e-05,202350.66066480608,-0.0026339345256443103
2024-05-09,RANGE_CARRY,0,False,0.0,3.4233518665607807,66.65899938432703,58.31474389685275,34.64695190638927,8.835978835978855,0.35,0.35,0.0021815207017223948,0.00021091269841269842,0.0,0.0,0.0009006254995710921,0.0009006254995710921,202532.9028296559,-0.0017356812146710476
2024-05-10,RANGE_CARRY,0,False,0.0,1.5144294413555919,68.9693027661157,57.726339141251806,29.497287802943898,9.23280423280425,0.35,0.35,0.002358169697519452,0.00021130952380952382,0.0,0.0,0.0009627105846079987,0.0009627105846079987,202727.8833989414,-0.000774641588739966
2024-05-13,RANGE_CARRY,0,False,0.0,1.8377806775344692,69.12288690738849,57.641290643872104,25.742998588822577,11.719576719576738,0.35,0.35,0.002307379088811512,0.0002117063492063492,0.0,0.0,0.0009451918080681562,0.0009451918080681562,202919.50013359706,0.0
2024-05-14,RANGE_CARRY,0,False,0.0,3.4752060298128793,68.6720430361713,58.86017289273846,26.636754281431916,13.69047619047621,0.35,0.35,0.0064322469982847075,0.00021091269841269842,0.0,0.0,0.0023883797033679016,0.0023883797033679016,203404.1489491337,0.0
2024-05-15,GREED_TREND,0,False,0.0,3.6208242453278383,68.94651708755164,63.115371442019615,28.213574770048428,14.23280423280425,0.35,0.35,0.015630255869755194,0.00021051587301587304,0.0,0.0,0.005607424871874636,0.005607424871874636,204544.72243299359,0.0
2024-05-16,GREED_TREND,0,False,0.0,3.011531785955951,69.22827782820833,67.68199597816361,31.754742762484486,12.738095238095257,0.35,0.35,-0.0020313534996687643,0.00021091269841269842,0.0,0.0,-0.0005738804709158134,-0.0005738804709158134,204427.3382113604,-0.0005738804709158885
2024-05-17,GREED_TREND,0,False,0.0,3.5160180037066655,66.52634234569302,71.92400378649388,37.632588072868025,12.996031746031766,0.35,0.35,-0.00048674720120367443,0.00021091269841269842,0.0,0.0,-3.326826645303206e-05,-3.326826645303206e-05,204420.53726820252,-0.0006071296453603603
2024-05-20,GREED_EXHAUSTING,0,False,0.0,6.967643548461678,63.055199915108574,73.34730811175415,40.011687805472526,14.847883597883618,0.35,0.35,0.006972728882592705,0.00021130952380952382,0.0,0.0,0.002577806299383637,0.002577806299383637,204947.49381689585,0.0
2024-05-21,GREED_TREND,0,False,0.0,10.575208761467717,60.67963073279793,75.52649074809524,39.55931026766012,16.62037037037039,0.35,0.35,0.0019564309423840687,0.00021091269841269842,0.0,0.0,0.000821844083802678,0.000821844083802678,205115.92870217946,0.0
2024-05-22,GREED_EXHAUSTING,0,False,0.0,11.94097734407506,57.65740740740741,75.29995645111812,40.81283068783066,18.53835978835981,0.35,0.35,-0.00019745502413348603,0.00021091269841269842,0.0,0.0,6.798399552153386e-05,6.798399552153386e-05,205129.8733025577,0.0
2024-05-23,GREED_EXHAUSTING,0,False,0.0,14.262687486079086,51.7526455026455,73.99186098188287,48.09523809523807,20.60846560846563,0.35,0.35,-0.004498474907287386,0.00021091269841269842,0.0,0.0,-0.0014373729635823312,-0.0014373729635823312,204835.02516864953,-0.0014373729635823729
2024-05-24,GREED_EXHAUSTING,0,False,0.0,14.43983950477201,48.885582010582006,73.31722156032129,49.71693121693119,21.746031746031765,0.35,0.35,0.009456421108319013,0.00021130952380952382,0.0,0.0,0.0034470985783878446,0.0034470985783878446,205541.11169271244,0.0
2024-05-28,GREED_EXHAUSTING,0,False,0.0,17.357867796311027,47.04298941798942,73.57236179927806,48.726190476190446,23.220899470899493,0.35,0.35,0.003777704989627706,0.00021130952380952382,0.0,0.0,0.0014595479368458876,0.0014595479368458876,205841.10879822055,0.0
2024-05-29,GREED_EXHAUSTING,0,False,0.0,21.218395804178197,44.90873015873016,72.04023175990018,50.69246031746028,29.087301587301607,0.35,0.35,-0.007048381482770649,0.00021130952380952382,0.0,0.0,-0.002329582328493537,-0.002329582328493537,205361.5849886867,-0.0023295823284935624
2024-05-30,GREED_EXHAUSTING,0,False,0.0,25.64864720047407,35.1765873015873,66.55028635097146,60.44775132275129,35.74735449735452,0.35,0.35,-0.010713346770659826,0.00021130952380952382,0.0,0.0,-0.0036123201792547487,-0.0036123201792547487,204619.75319118833,-0.005933487310493812
2024-05-31,GREED_EXHAUSTING,0,False,0.0,24.09647154246044,30.307539682539684,61.72334614059201,66.43584656084654,38.52513227513229,0.35,0.35,-0.0018602591075186359,0.00021130952380952382,0.0,0.0,-0.000513739497155332,-0.000513739497155332,204514.63194207582,-0.006444178540861989
2024-06-03,RANGE_CARRY,0,False,0.0,22.04589600379912,29.372354497354497,59.50563692735062,66.92195767195764,39.113756613756635,0.35,0.35,0.005369306205764257,0.00021130952380952382,0.0,0.0,0.0020166083624936805,0.0020166083624936805,204927.05785910253,-0.004440565562703225
2024-06-04,GREED_EXHAUSTING,0,False,0.0,20.485528533185427,34.58597883597884,60.368250448621815,63.767195767195744,40.244708994709015,0.35,0.35,0.0027365215280383826,0.0002136904761904762,0.0,0.0,0.0010966813443372434,0.0010966813443372434,205151.79754040652,-0.0033487541037768853
2024-06-05,GREED_EXHAUSTING,0,False,0.0,21.527609675941704,40.90873015873016,64.33227823165278,57.62235449735447,40.53571428571431,0.35,0.35,0.02015978167572685,0.0002136904761904762,0.0,0.0,0.007194822396028207,0.007194822396028207,206627.8282879357,0.0
2024-06-06,GREED_EXHAUSTING,0,False,0.0,20.288746422582822,45.03174603174603,67.640687315876,52.861111111111086,37.691798941798965,0.35,0.35,-0.0003451772269323916,0.0002132936507936508,0.0,0.0,1.782884358953596e-05,1.782884358953596e-05,206631.51222316743,0.0
2024-06-07,GREED_EXHAUSTING,0,False,0.0,19.16607936087684,48.13492063492063,70.97216732646642,48.847883597883566,33.207671957671984,0.35,0.35,-0.0008848220644409599,0.0002132936507936508,0.0,0.0,-0.0001710468495384629,-0.0001710468495384629,206596.1685539863,-0.0001710468495383921
2024-06-10,GREED_EXHAUSTING,0,False,0.0,19.03928855100422,47.180555555555564,70.98017632831973,47.49999999999997,31.666666666666686,0.35,0.35,0.004039225851045547,0.0002136904761904762,0.0,0.0,0.0015526278573897508,0.0015526278573897508,206916.9355205132,0.0
2024-06-11,GREED_EXHAUSTING,0,False,0.0,19.018305239314,48.15939153439154,71.64691076103908,43.429894179894156,30.171957671957696,0.35,0.35,0.006862724006626131,0.0002136904761904762,0.0,0.0,0.002540852211842955,0.002540852211842955,207442.68087379824,0.0
2024-06-12,GREED_EXHAUSTING,0,False,0.0,19.280273039407295,52.57539682539683,74.25963281305819,40.13690476190474,26.152116402116423,0.35,0.35,0.013097730866202362,0.0002136904761904762,0.0,0.0,0.004723104612694635,0.004723104612694635,208422.454356703,0.0
2024-06-13,GREED_TREND,0,False,0.0,19.819959781635735,55.798941798941804,77.54005766943618,38.92791005291003,24.94179894179896,0.35,0.35,0.005420225666983081,0.0002132936507936508,0.0,0.0,0.002035719856459951,0.002035719856459951,208846.74408556908,0.0
2024-06-14,GREED_TREND,0,False,0.0,21.486375909133226,56.15608465608466,80.96658361385332,38.14947089947088,25.874338624338648,0.35,0.35,0.005181238462829363,0.0002132936507936508,0.0,0.0,0.0019520743350061498,0.0019520743350061498,209254.4284546481,0.0
2024-06-17,GREED_TREND,0,False,0.0,23.531408289749397,52.5681216931217,82.08327234388598,36.26521164021162,31.89153439153441,0.35,0.35,0.012249838268745261,0.0002132936507936508,0.0,0.0,0.004426084267076714,0.004426084267076714,210180.60618824733,0.0
2024-06-18,GREED_TREND,0,False,0.0,25.571763330922952,49.81349206349207,83.00578905951231,35.42063492063489,34.59656084656087,0.35,0.35,0.0003092400940090112,0.0002136904761904762,0.0,0.0,0.0002471328424269634,0.0002471328424269634,210232.54871887763,0.0
2024-06-20,GREED_EXHAUSTING,0,False,0.0,27.479484315688072,46.52579365079365,81.5078581829873,41.16534391534389,36.0846560846561,0.35,0.35,-0.007708002720471452,0.00021289682539682542,0.0,0.0,-0.0025594180156570715,-0.0025594180156570715,209694.47574620906,-0.0025594180156569557
2024-06-21,GREED_EXHAUSTING,0,False,0.0,28.033649879186438,45.18121693121693,79.32344143332035,46.96428571428569,35.363756613756635,0.35,0.35,-0.002679294660103526,0.00021289682539682542,0.0,0.0,-0.0007993701945282975,-0.0007993701945282975,209526.85223234032,-0.0033567422877081032
2024-06-24,GREED_EXHAUSTING,0,False,0.0,28.105583333105645,39.97222222222222,74.47098168320373,55.864417989417966,34.66931216931219,0.35,0.35,-0.01136761214544546,0.00021250000000000004,0.0,0.0,-0.003840539250905911,-0.003840539250905911,208722.15613222326,-0.007184389838102878
2024-06-25,GREED_EXHAUSTING,0,False,0.0,25.789445766968083,41.595238095238095,73.51066422288626,57.810846560846535,32.13624338624341,0.35,0.35,0.011435564182631586,0.00021289682539682542,0.0,0.0,0.004140830400428991,0.004140830400428991,209586.43918157867,-0.0030733087775239865
2024-06-26,GREED_EXHAUSTING,0,False,0.0,24.104361442884553,40.870370370370374,73.66017294527029,61.48809523809521,30.03968253968256,0.35,0.35,0.002065167508031207,0.00021250000000000004,0.0,0.0,0.0008609336278109224,0.0008609336278109224,209766.87919500322,-0.002215021064588374
2024-06-27,GREED_EXHAUSTING,0,False,0.0,22.411591041853175,44.21296296296297,76.39641013275848,61.60052910052908,28.220899470899486,0.35,0.35,0.0025813435476820246,0.00021289682539682542,0.0,0.0,0.001041853178196645,0.001041853178196645,209985.42548477292,-0.0011754756131276967
2024-06-28,GREED_EXHAUSTING,0,False,0.0,21.980521199742828,41.63293650793651,76.11339650810466,65.58730158730155,28.439153439153458,0.35,0.35,-0.005190922115404617,0.00021250000000000004,0.0,0.0,-0.001678697740391616,-0.001678697740391616,209632.92342549647,-0.0028522000852635454
2024-07-01,GREED_EXHAUSTING,0,False,0.0,21.376158326714343,41.30026455026455,76.02482260003116,64.25396825396824,28.783068783068803,0.35,0.35,0.0058650414309866505,0.0002121031746031746,0.0,0.0,0.002190631564337391,0.002190631564337391,210092.15192447667,-0.0006678166404608943
2024-07-02,GREED_EXHAUSTING,0,False,0.0,20.663224781572698,41.66931216931217,76.60618283806333,61.351190476190446,28.763227513227534,0.35,0.35,0.010499667994687822,0.0002117063492063492,0.0,0.0,0.0038124929251248645,0.0038124929251248645,210893.126767313,0.0
2024-07-03,GREED_EXHAUSTING,0,False,0.0,19.70962614151655,44.73148148148149,78.83439684010578,53.39087301587299,28.43915343915346,0.35,0.35,0.008337098032773493,0.0002117063492063492,0.0,0.0,0.00305559343845485,0.00305559343845485,211537.53042167844,0.0
2024-07-05,GREED_EXHAUSTING,0,False,0.0,20.46369945913236,46.62896825396826,81.06724047177785,47.651455026455004,31.560846560846585,0.35,0.35,0.010426849136526473,0.0002117063492063492,0.0,0.0,0.003787006324768392,0.003787006324768392,212338.62438731123,0.0
2024-07-08,GREED_EXHAUSTING,0,False,0.0,21.839444885711785,47.83002645502646,82.54280109140122,42.44642857142854,35.72751322751325,0.35,0.35,0.0023782650757819823,0.00021130952380952382,0.0,0.0,0.0009697439669998843,0.0009697439669998843,212544.53848727187,0.0
2024-07-09,GREED_TREND,0,False,0.0,24.14373652558722,47.63095238095238,83.46001892196297,39.27447089947088,39.60317460317463,0.35,0.35,0.0008645996702456582,0.00021130952380952382,0.0,0.0,0.0004399610750621708,0.0004399610750621708,212638.04981092334,0.0
2024-07-10,GREED_TREND,0,False,0.0,25.65699765918195,47.180555555555564,83.90751830208745,37.93849206349203,40.648148148148174,0.35,0.35,0.010426502199811116,0.00021130952380952382,0.0,0.0,0.003786626960410081,0.003786626960410081,213443.23078314643,0.0
2024-07-11,GREED_EXHAUSTING,0,False,0.0,26.226863934171337,46.10648148148149,80.36510043034075,44.49074074074071,37.92328042328045,0.35,0.35,-0.021930173373628015,0.00021130952380952382,0.0,0.0,-0.0075382094902936144,-0.0075382094902936144,211834.25099521797,-0.0075382094902937125
2024-07-12,GREED_EXHAUSTING,0,False,0.0,24.07699379283972,47.6058201058201,76.92328404797631,48.86970899470898,34.35185185185187,0.35,0.35,0.005874819588152835,0.00021051587301587304,0.0,0.0,0.0021930221733138097,0.0021930221733138097,212298.8082047178,-0.005361718777539215
2024-07-15,GREED_EXHAUSTING,0,False,0.0,21.02363406751812,49.5760582010582,72.54705721976377,53.33862433862432,32.85714285714288,0.35,0.35,0.0026878460854451447,0.0002101190476190476,0.0,0.0,0.0010773235108581815,0.0010773235108581815,212527.52270212388,-0.004290171572378765
2024-07-16,GREED_EXHAUSTING,0,False,0.0,17.434740765956036,54.073082010582006,70.98148016818591,50.25958994708992,34.437830687830704,0.35,0.35,0.00038294870502864065,0.0002101190476190476,0.0,0.0,0.00027060942771240515,0.00027060942771240515,212585.0346534155,-0.004020723105540136
2024-07-17,GREED_EXHAUSTING,0,False,0.0,19.721995704998108,48.85119047619048,63.509703415829335,55.875661375661345,37.83068783068786,0.35,0.35,-0.029354877704799165,0.0002101190476190476,0.0,0.0,-0.010137629815727326,-0.010137629815727326,210429.9262677356,-0.014117592318831917
2024-07-18,NORMAL_PARTICIPATION,0,False,0.0,23.826379380628808,43.142857142857146,55.403080098423665,60.32208994708992,40.33068783068786,0.35,0.35,-0.004732548726570696,0.0002101190476190476,0.0,0.0,-0.0015198146733473624,-0.0015198146733473624,210110.1117780825,-0.015615950868220763
2024-07-19,RISK_WARNING,0,False,0.0,30.235142949598885,34.56382275132275,47.312384955305966,67.18604497354495,43.43253968253972,0.35,0.35,-0.00886358422490563,0.0002101190476190476,0.0,0.0,-0.0029656770977645893,-0.0029656770977645893,209486.99303157348,-0.018535316098135746
2024-07-22,NORMAL_PARTICIPATION,0,False,0.0,29.920089220049523,38.813492063492056,48.32119086492602,65.5759259259259,40.720899470899504,0.35,0.35,0.014897735880817997,0.0002101190476190476,0.0,0.0,0.00535078493923868,0.00535078493923868,210607.9128788532,-0.013283709649118958
2024-07-23,NORMAL_PARTICIPATION,0,False,0.0,28.47604653899334,41.61111111111111,50.29905316640825,67.88306878306877,37.433862433862465,0.35,0.35,-0.0035246309504063378,0.0002101190476190476,0.0,0.0,-0.0010970434516898372,-0.0010970434516898372,210376.8668471554,-0.014366180294124065
2024-07-24,NORMAL_PARTICIPATION,0,False,0.0,29.479597690280787,41.13227513227513,47.17307003332623,69.36825396825394,34.973544973544996,0.35,0.35,-0.035870334151720695,0.00020932539682539685,0.0,0.0,-0.012418555445165734,-0.012418555445165734,207764.29006183377,-0.026606328532771895
2024-07-25,RISK_WARNING,0,False,0.0,33.67089947089949,35.66203703703704,39.51124338624343,71.88042328042326,39.25925925925929,0.35,0.35,-0.011027666278216608,0.00020892857142857147,0.0,0.0,-0.003723879625947241,-0.003723879625947241,206990.60085507313,-0.030231129393974654
2024-07-26,RISK_WARNING,0,False,0.0,34.9224867724868,37.11772486772487,33.609788359788396,68.14034391534388,38.84259259259262,0.35,0.35,0.010255962642110594,0.00020853174603174604,0.0,0.0,0.0037251325596593427,0.0037251325596593427,207761.66828186184,-0.026618611798735925
2024-07-29,RISK_WARNING,0,False,0.0,34.45449735449737,41.44708994708994,33.250661375661416,64.76402116402113,37.91666666666669,0.35,0.35,0.002008769466703919,0.00020813492063492066,0.0,0.0,0.00083835701175907,0.00083835701175907,207935.8467332407,-0.02580257068682168
2024-07-30,RISK_WARNING,0,False,0.0,34.65555555555557,41.08068783068783,32.2759920634921,64.29312169312168,36.60052910052912,0.35,0.35,-0.013731407630954928,0.00020932539682539685,0.0,0.0,-0.004669931162897717,-0.004669931162897717,206964.80064269764,-0.030352005620785993
2024-07-31,RISK_WARNING,0,False,0.0,32.633350511921954,44.25727513227513,33.313029100529135,59.31071428571426,34.82804232804235,0.35,0.35,0.029593687845605787,0.00020892857142857147,0.0,0.0,0.010493594317390597,0.010493594317390597,209136.6052986217,-0.020176912937099223
2024-08-01,RISK_WARNING,0,False,0.0,31.436390755926055,44.62863756613757,32.60555555555559,57.13287037037035,34.37169312169314,0.35,0.35,-0.02422145328719716,0.00020932539682539685,0.0,0.0,-0.008341447142582496,-0.008341447142582496,207392.10335994413,-0.028350055426916376
2024-08-02,RISK_WARNING,0,False,0.0,35.221002748871385,42.92791005291006,31.41375661375665,56.39669312169309,36.845238095238116,0.35,0.35,-0.023734934516816852,0.00020773809523809525,0.0,0.0,-0.008172197318981136,-0.008172197318981136,205697.25416888815,-0.036290570498944574
2024-08-05,RISK_WARNING,0,False,0.0,46.847243835949,31.933134920634917,23.816071428571465,65.63697089947088,55.25132275132277,0.35,0.35,-0.029816155988857895,0.00020456349206349208,0.0,0.0,-0.010302688326258993,-0.010302688326258993,203578.0194696188,-0.04621936838817098
2024-08-06,NORMAL_PARTICIPATION,0,False,0.0,52.66046096365514,29.742658730158727,19.656679894179934,68.24993386243383,60.55555555555558,0.35,0.35,0.00955509107196173,0.00020694444444444444,0.0,0.0,0.003478795764075494,0.003478795764075494,204286.22582140856,-0.0429013603670626
2024-08-07,PANIC_ACCELERATING,10,True,0.0,52.92429244782365,32.20826719576719,17.791600529100567,69.94993386243384,61.75925925925929,0.35,0.35,-0.01082974996018471,0.00020654761904761903,0.0,0.0,-0.0036561565336836956,-0.0036561565336836956,203539.32340213004,-0.04640066281173627
2024-08-08,PANIC_STABILIZING_1,10,True,0.15,46.79373304390794,40.3339947089947,21.14523809523813,64.88756613756611,46.06481481481484,0.4175,0.35,0.030590887135726996,0.00020654761904761903,0.0,0.0,0.0108410664498854,0.0108410664498854,205745.90673229727,-0.03606262903071156
2024-08-09,PANIC_STABILIZING_1,10,True,0.15,40.11921487684014,46.7390873015873,24.548478835978873,60.58908730158728,39.232804232804256,0.4175,0.4175,0.005222398285982255,0.00020654761904761903,0.0675,3.375e-05,0.0023006652724928294,0.0022669152724928295,206212.31527052156,-0.03387746468273489
2024-08-12,PANIC_STABILIZING_2,10,True,0.4,33.192270128131106,55.43227513227513,28.345899470899507,53.36772486772484,32.017195767195794,0.53,0.4175,0.0021535933926866146,0.00020615079365079365,0.0,0.0,0.001019208078748249,0.001019208078748249,206422.48852818267,-0.03289278478967872
2024-08-13,PANIC_STABILIZING_2,10,True,0.4,27.781237816226533,60.86481481481482,33.21164021164025,47.27447089947086,28.43253968253971,0.53,0.53,0.024812796313527397,0.00020615079365079365,0.11250000000000004,5.6250000000000026e-05,0.013247672919185395,0.013191422919185394,209145.49487438862,-0.020135264505643735
2024-08-14,PANIC_STABILIZING_2,10,True,0.4,25.032543468415724,62.29219576719577,38.76917989417993,42.89021164021161,25.006613756613785,0.53,0.53,0.00032426823468378885,0.00020575396825396828,0.0,0.0,0.0002685665294617732,0.0002685665294617732,209201.6643540996,-0.019872105634289983
2024-08-15,PANIC_STABILIZING_2,10,True,0.4,20.413084619323524,65.87791005291005,47.79298941798945,37.76362433862431,20.496031746031772,0.53,0.53,0.025263112398158816,0.00020575396825396828,0.0,0.0,0.01348615393610354,0.01348615393610354,212022.99020326807,-0.0066539499738049734
2024-08-16,PANIC_STABILIZING_2,10,True,0.4,17.680126724397244,68.04232804232805,54.456349206349245,36.078835978835954,17.149470899470924,0.53,0.53,0.0012857805320178883,0.00020654761904761903,0.0,0.0,0.0007785410629218618,0.0007785410629218618,212188.0588074248,-0.005880589284168347
2024-08-19,RECOVERY_RETESTED,10,True,1.0,15.439950940645511,72.119708994709,60.52910052910057,31.710185185185157,15.654761904761928,0.8,0.53,0.013136012462370728,0.00020615079365079365,0.0,0.0,0.007058977478072359,0.007058977478072359,213685.88953566228,0.0
2024-08-20,RECOVERY_RETESTED,10,True,1.0,15.227451150872994,72.88280423280423,61.434523809523846,31.104365079365056,16.620370370370395,0.8,0.8,-0.0020986140835704825,0.00020535714285714284,0.27,0.000135,-0.0016378198382849575,-0.0017728198382849574,213307.0629515319,-0.0017728198382849225
2024-08-21,RECOVERY_RETESTED,10,True,1.0,14.494119420780393,71.79285714285714,62.530423280423314,27.944973544973518,18.56481481481484,0.8,0.8,0.004664140257360616,0.00020456349206349208,0.0,0.0,0.0037722249043011915,0.0037722249043011915,214111.70516666104,0.0
2024-08-22,RECOVERY_RETESTED,10,True,1.0,18.408933622513576,67.09298941798943,59.23214285714289,35.39272486772484,22.208994708994737,0.8,0.8,-0.015854922279792683,0.0002033730158730159,0.0,0.0,-0.012643263220659543,-0.012643263220659543,211404.6345196147,-0.012643263220659562
2024-08-23,PANIC_STABILIZING_2,10,True,1.0,18.384947638938552,65.11349206349206,59.262566137566175,35.34537037037034,22.572751322751344,0.8,0.8,0.010845530167421291,0.00020416666666666668,0.0,0.0,0.008717257467270367,0.008717257467270367,213247.50314849638,-0.004036220334109997
2024-08-26,NORMAL_PARTICIPATION,10,False,0.0,20.2670467114853,62.27645502645502,55.82473544973549,43.081746031746,22.989417989418012,0.35,0.8,-0.00970833333333343,0.0002029761904761905,0.0,0.0,-0.0077260714285715066,-0.0077260714285715066,211599.93770720655,-0.011731107636078875
2024-08-27,NORMAL_PARTICIPATION,0,False,0.0,17.204764892301576,62.00198412698413,56.93981481481486,42.34986772486769,20.87962962962965,0.35,0.35,0.0029873353809903858,0.0002025793650793651,0.45000000000000007,0.00022500000000000005,0.0011772439706482223,0.0009522439706482222,211801.43247207778,-0.010790034541946159
2024-08-28,NORMAL_PARTICIPATION,0,False,0.0,19.346488087056432,55.11838624338625,51.51521164021168,50.13558201058198,22.9761904761905,0.35,0.35,-0.011347428475543153,0.00020218253968253973,0.0,0.0,-0.003840181315646453,-0.003840181315646453,210988.07656847138,-0.014588780168549254
2024-08-29,RANGE_CARRY,0,False,0.0,16.439998205006322,52.69285714285714,49.613095238095276,52.13293650793648,22.519841269841294,0.35,0.35,-0.001463880343693602,0.0002013888888888889,0.0,0.0,-0.000381455342514983,-0.000381455342514983,210907.59403945736,-0.014964670542928271
2024-08-30,NORMAL_PARTICIPATION,0,False,0.0,13.437049851830073,55.473015873015875,49.34920634920638,54.37169312169309,21.30291005291008,0.35,0.35,0.011919432286576104,0.0002017857142857143,0.0,0.0,0.004302962014587351,0.004302962014587351,211815.12140519713,-0.010726100937248018
2024-09-03,NORMAL_PARTICIPATION,0,False,0.0,15.745513652273596,54.01600529100529,47.30952380952385,58.712301587301546,23.95502645502648,0.35,0.35,-0.03036092972473592,0.0002013888888888889,0.0,0.0,-0.010495422625879793,-0.010495422625879793,209592.03218749756,-0.02110894860066348
2024-09-04,NORMAL_PARTICIPATION,0,False,0.0,22.741563450488538,48.585052910052916,43.181216931216966,63.30026455026452,29.523809523809547,0.35,0.35,-0.002598471232758026,0.0002005952380952381,0.0,0.0,-0.0007790780267034044,-0.0007790780267034044,209428.74364064817,-0.021871581109345395
2024-09-05,NORMAL_PARTICIPATION,0,False,0.0,28.94338920272227,40.679232804232804,36.4874338624339,67.81481481481478,36.13756613756616,0.35,0.35,0.0009335446473155429,0.0002001984126984127,0.0,0.0,0.0004568695948144083,0.0004568695948144083,209524.42526589773,-0.02142470397493046
2024-09-06,RISK_WARNING,0,False,0.0,32.90330660167385,35.30291005291006,32.37433862433866,69.44378306878303,40.535714285714306,0.35,0.35,-0.026787263577997655,0.00019900793650793654,0.0,0.0,-0.00924618709356902,-0.00924618709356902,207587.1232292167,-0.030472794247123014
2024-09-09,RISK_WARNING,0,False,0.0,33.48522117773276,36.32010582010582,30.573412698412735,68.76917989417986,40.31084656084658,0.35,0.35,0.012859658115848216,0.00019821428571428572,0.0,0.0,0.004629719626261161,0.004629719626261161,208548.19340779015,-0.02598415511445451
2024-09-10,RISK_WARNING,0,False,0.0,32.12961287424812,35.90674603174603,29.19973544973549,68.02248677248674,39.953703703703724,0.35,0.35,0.00924173744664003,0.00019742063492063497,0.0,0.0,0.003362931519022423,0.003362931519022423,209249.52670063637,-0.02270860652966178
2024-09-11,NORMAL_PARTICIPATION,0,False,0.0,23.436719892264467,44.79960317460317,33.53306878306882,61.6706349206349,33.91534391534394,0.35,0.35,0.021715431910347416,0.00019543650793650793,0.0,0.0,0.0077274348987803245,0.0077274348987803245,210866.48879581614,-0.015156650909481484
2024-09-12,NORMAL_PARTICIPATION,0,False,0.0,15.69558712084926,50.68452380952382,38.17592592592596,55.87103174603172,30.727513227513253,0.35,0.35,0.009816055652767774,0.00019702380952380953,0.0,0.0,0.003563684954659197,0.003563684954659197,211617.9505293796,-0.01164697948363147
2024-09-13,NORMAL_PARTICIPATION,0,False,0.0,11.654401982407498,57.43187830687831,42.089947089947124,46.71362433862431,28.49867724867727,0.35,0.35,0.004479945902539972,0.00019543650793650793,0.0,0.0,0.0016950147960477203,0.0016950147960477203,211976.64608663617,-0.009971706490137788
2024-09-16,RANGE_CARRY,0,False,0.0,10.627499470139133,59.90079365079365,42.29894179894183,40.856481481481445,30.310846560846585,0.35,0.35,-0.004417890352168885,0.00019186507936507936,0.0,0.0,-0.001421549321671808,-0.001421549321671808,211675.3108291815,-0.011379080539212438
2024-09-17,RANGE_CARRY,0,False,0.0,10.839645810267386,62.04497354497355,40.60912698412702,34.90079365079362,33.75661375661378,0.35,0.35,0.0005282731806270924,0.00019146825396825398,0.0,0.0,0.0003093499782988474,0.0003093499782988474,211740.79258199286,-0.011073250679231594
2024-09-18,RANGE_CARRY,0,False,0.0,11.760917391911427,62.105158730158735,37.83928571428575,35.08267195767193,36.87169312169314,0.35,0.35,-0.004329552894464572,0.0001910714285714286,0.0,0.0,-0.0013911470844911716,-0.0013911470844911716,211446.22999572457,-0.012448993243324602
2024-09-19,RANGE_CARRY,0,False,0.0,8.94377855496127,67.68386243386243,41.23941798941803,29.20370370370367,33.20767195767198,0.35,0.35,0.025284235533683974,0.00018670634920634922,0.0,0.0,0.008970841563773518,0.008970841563773518,213343.08062427345,-0.0035898296255653106
2024-09-20,RANGE_CARRY,0,False,0.0,6.530539117398637,70.96626984126983,45.36706349206353,29.664682539682513,28.115079365079385,0.35,0.35,-0.0019033432638199121,0.00018511904761904762,0.0,0.0,-0.0005458427613845883,-0.0005458427613845883,213226.62884802322,-0.004133712904434095
2024-09-23,RANGE_CARRY,0,False,0.0,3.214303773408188,73.87962962962963,51.43650793650798,26.7572751322751,21.83862433862436,0.35,0.35,0.0026466710886328126,0.00018313492063492065,0.0,0.0,0.0010453725794341829,0.0010453725794341829,213449.53011902614,-0.0030926615951214487
2024-09-24,RANGE_CARRY,0,False,0.0,3.0121728797982925,72.25,54.221560846560884,29.361111111111082,19.63624338624341,0.35,0.35,0.004823617091752164,0.00018194444444444445,0.0,0.0,0.0018065298710021461,0.0018065298710021461,213835.13307113753,-0.0012917187096718186
2024-09-25,RANGE_CARRY,0,False,0.0,2.2612231331698793,70.47023809523809,56.57671957671962,28.210978835978807,17.75793650793653,0.35,0.35,0.0009271277582050264,0.0001807539682539683,0.0,0.0,0.0004419847947368386,0.0004419847947368386,213929.6449485355,-0.0008503048349636222
2024-09-26,RANGE_CARRY,0,False,0.0,1.3759175053207124,70.00925925925925,58.84193121693125,28.71362433862431,17.66534391534394,0.35,0.35,0.007513070684615819,0.0001807539682539683,0.0,0.0,0.0027470648189806155,0.0027470648189806155,214517.32354991065,0.0
2024-09-27,RANGE_CARRY,0,False,0.0,1.0544887051018053,68.16997354497353,57.78505291005295,32.01653439153436,19.444444444444468,0.35,0.35,-0.00555703107442751,0.00018035714285714286,0.0,0.0,-0.0018277287331924855,-0.0018277287331924855,214125.24407389096,-0.0018277287331923686
2024-09-30,NORMAL_PARTICIPATION,0,False,0.0,2.106137111405538,66.35449735449735,56.5092592592593,33.6838624338624,22.096560846560873,0.35,0.35,0.0027118644067796183,0.00018035714285714286,0.0,0.0,0.001066384685230009,0.001066384685230009,214353.58395489247,-0.0007632931098923157
2024-10-01,RANGE_CARRY,0,False,0.0,7.824581614920473,57.31150793650793,51.12830687830692,41.92658730158727,30.674603174603202,0.35,0.35,-0.01393242772553116,0.00018234126984126986,0.0,0.0,-0.00475782787853908,-0.00475782787853908,213333.72649728713,-0.005517489371193562
2024-10-02,RANGE_CARRY,0,False,0.0,13.0918648664018,54.23478835978836,48.59589947089952,45.97354497354494,37.02380952380955,0.35,0.35,0.0014129282938890597,0.00018154761904761908,0.0,0.0,0.0006125308552421233,0.0006125308552421233,213464.39998723046,-0.004908338148434943
2024-10-03,RANGE_CARRY,0,False,0.0,18.501854171315415,49.29563492063492,44.898809523809554,54.8796296296296,45.35052910052912,0.35,0.35,-0.0007469654528478031,0.0001807539682539683,0.0,0.0,-0.0001439478291316517,-0.0001439478291316517,213433.6722502554,-0.005051579432945541
2024-10-04,NORMAL_PARTICIPATION,0,False,0.0,18.02471216375414,51.13425925925927,47.29761904761909,55.554232804232775,49.298941798941826,0.35,0.35,0.011898087584875094,0.00018035714285714286,0.0,0.0,0.004281562797563426,0.004281562797563426,214347.50192110945,-0.0007916452899511262
2024-10-07,NORMAL_PARTICIPATION,0,False,0.0,20.991206236130566,46.04100529100529,45.40806878306882,61.00925925925923,57.58597883597886,0.35,0.35,-0.010711647377493194,0.00018234126984126986,0.0,0.0,-0.003630554756725792,-0.003630554756725792,213569.30157841748,-0.004419325935103746
2024-10-08,NORMAL_PARTICIPATION,0,False,0.0,20.594179894179913,45.53240740740741,46.363095238095276,57.64880952380949,62.003968253968274,0.35,0.35,0.014934660858743065,0.0001839285714285714,0.0,0.0,0.0053466848719886445,0.0053466848719886445,214711.189332288,0.0
2024-10-09,NORMAL_PARTICIPATION,0,False,0.0,20.3320105820106,46.85582010582011,44.575396825396865,52.18849206349203,65.0198412698413,0.35,0.35,0.007868383404864066,0.00018313492063492065,0.0,0.0,0.002872971890115121,0.002872971890115121,215328.04854373282,0.0
2024-10-10,RANGE_CARRY,0,False,0.0,15.936507936507956,50.65079365079365,45.393518518518555,44.34722222222218,64.82804232804234,0.35,0.35,-0.00113555713271829,0.00018313492063492065,0.0,0.0,-0.00027840729803870303,-0.00027840729803870303,215268.09964354578,-0.0002784072980388519
2024-10-11,NORMAL_PARTICIPATION,0,False,0.0,14.142857142857162,52.8776455026455,44.881613756613795,40.14417989417986,65.53571428571432,0.35,0.35,0.0015631661219270843,0.00018313492063492065,0.0,0.0,0.0006661458410871779,0.0006661458410871779,215411.4995928421,0.0
2024-10-14,NORMAL_PARTICIPATION,0,False,0.0,12.828042328042349,54.99801587301587,45.89087301587305,37.88293650793648,65.5820105820106,0.35,0.35,0.00839143830063227,0.00018234126984126986,0.0,0.0,0.00305552523061812,0.00305552523061812,216069.6948648133,0.0
2024-10-15,NORMAL_PARTICIPATION,0,False,0.0,13.56878306878309,55.12566137566137,45.87301587301591,40.87367724867722,66.04497354497357,0.35,0.35,-0.01336683417085427,0.00018234126984126986,0.0,0.0,-0.004559870134402169,-0.004559870134402169,215084.44511624987,-0.0045598701344020665
2024-10-16,NORMAL_PARTICIPATION,0,False,0.0,12.850529100529121,55.55291005291006,45.85846560846564,44.884920634920604,65.93915343915346,0.35,0.35,0.00012223693592749996,0.00018234126984126986,0.0,0.0,0.0001613047529714504,0.0001613047529714504,215119.13925953733,-0.0043993009101562786
2024-10-17,NORMAL_PARTICIPATION,0,False,0.0,11.910052910052931,55.44113756613757,43.88624338624342,49.630952380952344,66.56084656084658,0.35,0.35,0.0006925913100159775,0.00018194444444444445,0.0,0.0,0.00036067084739448103,0.00036067084739448103,215196.72646178486,-0.004040216762348892
2024-10-18,NORMAL_PARTICIPATION,0,False,0.0,8.966931216931236,58.215608465608476,45.619708994709036,47.74603174603171,64.66931216931219,0.35,0.35,0.006554707379134994,0.00018273809523809527,0.0,0.0,0.0024129273446020097,0.0024129273446020097,215715.98052753336,-0.0016370381672508039
2024-10-21,NORMAL_PARTICIPATION,0,False,0.0,8.657407407407428,58.80423280423281,47.77050264550269,48.917328042328,63.97486772486774,0.35,0.35,0.0019212490140958494,0.00018234126984126986,0.0,0.0,0.0007909589803303727,0.0007909589803303727,215886.60301953237,-0.0008473740169600008
2024-10-22,NORMAL_PARTICIPATION,0,False,0.0,9.211640211640232,57.38624338624339,51.353835978836024,49.82936507936504,62.71164021164024,0.35,0.35,0.0010899842557829942,0.00018234126984126986,0.0,0.0,0.0005000163149208734,0.0005000163149208734,215994.54984321498,-0.0003477814028725046
2024-10-23,RANGE_CARRY,0,False,0.0,9.907407407407428,49.27248677248678,50.081349206349245,56.24140211640208,63.57142857142859,0.35,0.35,-0.015323816436809357,0.00018194444444444445,0.0,0.0,-0.005245071863994385,-0.005245071863994385,214861.64290705617,-0.005591029128416025
2024-10-24,RANGE_CARRY,0,False,0.0,9.825396825396846,46.43915343915344,49.37764550264554,56.974206349206305,63.39285714285717,0.35,0.35,0.008108772217216842,0.00018234126984126986,0.0,0.0,0.00295659210142272,0.00295659210142272,215496.90114337392,-0.002650967419552952
2024-10-25,RANGE_CARRY,0,False,0.0,13.837301587301605,42.12896825396825,48.95634920634925,59.20634920634918,64.06084656084658,0.35,0.35,0.0060935976600584585,0.00018115079365079367,0.0,0.0,0.0022505071968934765,0.0022505071968934765,215981.87847030532,-0.0004064262439159583
2024-10-28,RANGE_CARRY,0,False,0.0,18.20238095238097,45.720899470899475,51.74338624338628,54.59589947089944,64.02116402116404,0.35,0.35,0.00016151174997980355,0.00018234126984126986,0.0,0.0,0.00017505093788975666,0.00017505093788975666,216019.68630069873,-0.0002314464513214487
2024-10-29,RANGE_CARRY,0,False,0.0,20.94444444444446,47.595899470899475,55.05687830687835,51.109788359788325,64.61640211640214,0.35,0.35,0.009608397254743828,0.00018115079365079367,0.0,0.0,0.0034806870550333556,0.0034806870550333556,216771.58322643794,0.0
2024-10-30,RANGE_CARRY,0,False,0.0,19.84788359788362,49.60582010582011,55.138227513227555,50.8359788359788,64.78835978835981,0.35,0.35,-0.00755758157389641,0.00018115079365079367,0.0,0.0,-0.0025274055349907274,-0.0025274055349907274,216223.71352716273,-0.0025274055349907565
2024-10-31,RANGE_CARRY,0,False,0.0,20.279365079365096,44.52050264550265,51.261904761904795,55.984788359788325,65.54232804232805,0.35,0.35,-0.025242757564768903,0.00017996031746031748,0.0,0.0,-0.00871799094131991,-0.00871799094131991,214338.67715133438,-0.011223362577751583
2024-11-01,RANGE_CARRY,0,False,0.0,20.562698412698435,42.088624338624335,46.92857142857147,60.99206349206346,65.17195767195768,0.35,0.35,0.007398987289449099,0.00017876984126984126,0.0,0.0,0.0027058459481325813,0.0027058459481325813,214918.64459243245,-0.00854788531977424
2024-11-04,RANGE_CARRY,0,False,0.0,21.214285714285737,41.09391534391534,43.20105820105824,64.32341269841267,64.7883597883598,0.35,0.35,-0.0029132388240362683,0.0001775793650793651,0.0,0.0,-0.0009042070011111065,-0.0009042070011111065,214724.31364932266,-0.00944436326313458
2024-11-05,RANGE_CARRY,0,False,0.0,18.732539682539706,48.67658730158731,44.30026455026459,60.21560846560843,62.20899470899473,0.35,0.35,0.012756939157630542,0.0001791666666666667,0.0,0.0,0.004581387038504022,0.004581387038504022,215708.04883672734,-0.0049062445080712
2024-11-06,RANGE_CARRY,0,False,0.0,13.777248677248698,59.82539682539683,49.29365079365083,51.534391534391496,49.378306878306894,0.35,0.35,0.027163202698035294,0.00017876984126984126,0.0,0.0,0.009623321341137749,0.009623321341137749,217783.876706553,0.0
2024-11-07,RANGE_CARRY,0,False,0.0,8.588624338624358,70.28478835978837,58.10912698412702,39.812169312169274,34.21957671957674,0.35,0.35,0.015744293682503185,0.00017876984126984126,0.0,0.0,0.005626703185701511,0.005626703185701511,219009.28193941223,0.0
2024-11-08,GREED_TREND,0,False,0.0,4.698412698412717,77.50939153439155,66.18981481481487,30.496693121693085,20.2777777777778,0.35,0.35,0.001168360789811862,0.00017837301587301588,0.0,0.0,0.000524868736751612,0.000524868736751612,219124.23306456063,0.0
2024-11-11,GREED_TREND,0,False,0.0,3.2645502645502833,76.8797619047619,67.59986772486776,29.12499999999996,18.6772486772487,0.35,0.35,-0.000583498657953041,0.00017837301587301588,0.0,0.0,-8.828206996610402e-05,-8.828206996610402e-05,219104.88832368594,-8.828206996613908e-05
2024-11-12,GREED_TREND,0,False,0.0,2.788359788359807,75.30066137566138,66.46494708994713,30.952380952380917,19.39153439153441,0.35,0.35,-0.001809901914993084,0.00017837301587301588,0.0,0.0,-0.0005175232099301191,-0.0005175232099301191,218991.4964585693,-0.0006057595918759207
2024-11-13,GREED_TREND,0,False,0.0,3.216931216931236,71.83465608465609,65.25330687830692,36.624338624338584,19.497354497354518,0.35,0.35,-0.0012867754576825208,0.00017837301587301588,0.0,0.0,-0.0003344289498714219,-0.0003344289498714219,218918.25936237787,-0.0009399859582033265
2024-11-14,GREED_EXHAUSTING,0,False,0.0,5.297619047619066,63.541666666666664,63.79365079365082,44.76719576719572,18.92195767195769,0.35,0.35,-0.0069497315763786816,0.0001771825396825397,0.0,0.0,-0.0023172374009388873,-0.0023172374009388873,218410.97378403493,-0.0032550451885234866
2024-11-15,RANGE_CARRY,0,False,0.0,9.357142857142877,53.429232804232804,56.23280423280428,55.27645502645498,19.927248677248695,0.35,0.35,-0.0238259057579272,0.0001775793650793651,0.0,0.0,-0.008223640427972932,-0.008223640427972932,216614.84047011158,-0.011451917295289271
2024-11-18,RANGE_CARRY,0,False,0.0,11.561640211640233,49.08994708994709,49.16865079365083,61.74470899470896,21.99074074074076,0.35,0.35,0.0069476609541454515,0.0001771825396825397,0.0,0.0,0.002546849984744559,0.002546849984744559,217166.52597325834,-0.008934233625933485
2024-11-19,RANGE_CARRY,0,False,0.0,13.693915343915364,48.699074074074076,44.42592592592596,64.64087301587297,24.358465608465625,0.35,0.35,0.006879724811007515,0.00017837301587301588,0.0,0.0,0.0025238461441700905,0.0025238461441700905,217714.62087247876,-0.00643293611285134
2024-11-20,RANGE_CARRY,0,False,0.0,14.254761904761926,50.90608465608466,45.393518518518555,64.14087301587297,27.328042328042347,0.35,0.35,-0.0005760139832359235,0.00017797619047619048,0.0,0.0,-8.592037032304937e-05,-8.592037032304937e-05,217695.91475162865,-0.006518303762921396
2024-11-21,RANGE_CARRY,0,False,0.0,14.900793650793672,51.916666666666664,45.625661375661416,60.99867724867721,29.404761904761923,0.35,0.35,0.003597193791362807,0.00017797619047619048,0.0,0.0,0.0013747023507865062,0.0013747023507865062,217995.18183739428,-0.005152562139641104
2024-11-22,RANGE_CARRY,0,False,0.0,10.444444444444466,57.91071428571428,46.35185185185188,54.056878306878275,27.453703703703724,0.35,0.35,0.001604023921739417,0.00017837301587301588,0.0,0.0,0.0006773508329262562,0.0006773508329262562,218142.84105538574,-0.004478701398971885
2024-11-25,RANGE_CARRY,0,False,0.0,4.547619047619068,65.31084656084657,48.017857142857174,45.363095238095205,21.236772486772505,0.35,0.35,0.001581684098143299,0.00017837301587301588,0.0,0.0,0.0006695318946676149,0.0006695318946676149,218288.89464506577,-0.0038121681377374372
2024-11-26,RANGE_CARRY,0,False,0.0,0.04497354497356388,70.75859788359787,51.74933862433867,39.69444444444441,14.94708994708997,0.35,0.35,0.005369233502438009,0.00017797619047619048,0.0,0.0,0.0019949162496628267,0.0019949162496628267,218724.36270811412,-0.0018248568442391644
2024-11-27,RANGE_CARRY,0,False,0.0,0.22486772486774387,70.71362433862434,53.1587301587302,41.130952380952344,12.103174603174622,0.35,0.35,-0.007873397341501276,0.0001775793650793651,0.0,0.0,-0.0026402624822238594,-0.0026402624822238594,218146.8729793076,-0.004460301225401531
2024-11-29,NORMAL_PARTICIPATION,0,False,0.0,0.2566137566137755,69.95502645502644,56.894179894179935,42.15079365079362,11.428571428571447,0.35,0.35,0.008786859291509908,0.0001771825396825397,0.0,0.0,0.0031905694028221184,0.0031905694028221184,218842.88571755667,-0.001283962723196641
2024-12-02,GREED_EXHAUSTING,0,False,0.0,1.388888888888908,68.29563492063492,61.46891534391538,42.15542328042324,11.865079365079382,0.35,0.35,0.01088790363714831,0.0001763888888888889,0.0,0.0,0.003925419050779686,0.003925419050779686,219701.93575027995,0.0
2024-12-03,GREED_TREND,0,False,0.0,2.7023809523809708,66.20899470899471,68.15939153439157,39.92063492063488,12.142857142857162,0.35,0.35,0.003066234547536517,0.00017361111111111112,0.0,0.0,0.0011860293138600032,0.0011860293138600032,219962.50868639152,0.0
2024-12-04,GREED_TREND,0,False,0.0,5.414021164021183,64.22288359788361,73.45039682539687,38.0886243386243,11.699735449735469,0.35,0.35,0.012362876545359613,0.00017281746031746033,0.0,0.0,0.004439338140082213,0.004439338140082213,220938.9966405912,0.0
2024-12-05,GREED_EXHAUSTING,0,False,0.0,8.686507936507956,60.732142857142854,75.27116402116405,40.27976190476187,14.226190476190496,0.35,0.35,-0.0027710889423996354,0.00017202380952380952,0.0,0.0,-0.0008580656536493962,-0.0008580656536493962,220749.41647602216,-0.0008580656536494313
2024-12-06,GREED_TREND,0,False,0.0,11.033068783068805,60.047619047619044,77.11137566137569,37.98941798941795,17.164021164021182,0.35,0.35,0.008949617676932364,0.00017162698412698414,0.0,0.0,0.003243923726608867,0.003243923726608867,221465.5107457638,0.0
2024-12-09,GREED_EXHAUSTING,0,False,0.0,12.665343915343934,56.38161375661375,74.55251322751326,41.95171957671954,22.21031746031748,0.35,0.35,-0.007787570278073308,0.00017003968253968254,0.0,0.0,-0.002615123803674864,-0.002615123803674864,220886.35101691954,-0.0026151238036749014
2024-12-10,GREED_EXHAUSTING,0,False,0.0,13.665343915343934,52.64417989417989,71.70264550264555,45.66931216931213,24.234126984127002,0.35,0.35,-0.003407481143994695,0.00017003968253968254,0.0,0.0,-0.0010820926067473494,-0.0010820926067473494,220647.33152955273,-0.0036943866042885576
2024-12-11,GREED_EXHAUSTING,0,False,0.0,14.906084656084674,50.159391534391524,70.87235449735455,48.67592592592589,23.009259259259277,0.35,0.35,0.017902420284287235,0.00016964285714285717,0.0,0.0,0.006376114956643389,0.006376114956643389,222054.2042802618,0.0
2024-12-12,GREED_EXHAUSTING,0,False,0.0,16.257936507936527,50.07407407407407,71.41931216931222,49.790343915343875,20.25132275132277,0.35,0.35,-0.006453804347826053,0.00016845238095238095,0.0,0.0,-0.0021493374741200708,-0.0021493374741200708,221576.9348577163,-0.002149337474120161
2024-12-13,GREED_EXHAUSTING,0,False,0.0,17.94312169312171,51.388888888888886,74.21825396825402,46.602513227513185,18.45238095238097,0.35,0.35,0.007654320987654284,0.00016726190476190476,0.0,0.0,0.002787732583774237,0.002787732583774237,222194.63209883193,0.0
2024-12-16,GREED_EXHAUSTING,0,False,0.0,20.99338624338626,50.304232804232804,75.75661375661379,45.912037037037,27.480158730158745,0.35,0.35,0.014400693645976625,0.00016686507936507938,0.0,0.0,0.00514870507767912,0.00514870507767912,223338.64672935224,0.0
2024-12-17,GREED_EXHAUSTING,0,False,0.0,24.11507936507938,48.32076719576719,76.4927248677249,44.5396825396825,37.58597883597886,0.35,0.35,-0.0044038129215675514,0.00016805555555555557,0.0,0.0,-0.0014320984114375318,-0.0014320984114375318,223018.8038081585,-0.0014320984114376545
2024-12-18,RISK_WARNING,0,False,0.0,32.70158730158732,36.14179894179894,65.843253968254,55.45740740740737,55.350529100529116,0.35,0.35,-0.03607689436356831,0.00016845238095238095,0.0,0.0,-0.01251741897962986,-0.01251741897962986,220227.1840005559,-0.013931591215231576
2024-12-19,RISK_WARNING,0,False,0.0,39.81904761904764,24.032275132275128,53.54431216931221,68.85489417989415,63.234126984126995,0.35,0.35,-0.004453308033380621,0.00016765873015873016,0.0,0.0,-0.0014496796370800425,-0.0014496796370800425,219907.9251363788,-0.01536107450821489
2024-12-20,RISK_WARNING,0,False,0.0,42.44100529100531,20.192989417989413,46.22288359788363,77.33505291005287,60.43650793650795,0.35,0.35,0.008732520372639385,0.00016726190476190476,0.0,0.0,0.0031651023685190225,0.0031651023685190225,220603.95623108407,-0.01224459151300461
2024-12-23,RISK_WARNING,0,False,0.0,35.401851851851866,29.16891534391534,51.54365079365084,76.46164021164019,42.810846560846585,0.35,0.35,0.00972633324335792,0.00016686507936507938,0.0,0.0,0.0035126789367625737,0.0035126789367625737,221378.86710150348,-0.008774923894939168
2024-12-24,GREED_EXHAUSTING,0,False,0.0,26.578042328042347,42.7334656084656,60.703042328042365,72.74537037037034,24.060846560846585,0.35,0.35,0.01355977585250634,0.00016765873015873016,0.0,0.0,0.004854899722980394,0.004854899722980394,222453.63930206827,-0.003962625547545451
2024-12-26,GREED_EXHAUSTING,0,False,0.0,20.88333333333335,51.19550264550264,65.5529100529101,67.67658730158728,15.033068783068805,0.35,0.35,-0.0006792965506831061,0.0001692460317460318,0.0,0.0,-0.00012774387210416646,-0.00012774387210416646,222425.2222128202,-0.0040898632185183414
2024-12-27,GREED_EXHAUSTING,0,False,0.0,18.17063492063494,56.732275132275134,65.48875661375665,63.59259259259256,13.544973544973564,0.35,0.35,-0.01329305135951675,0.00016726190476190476,0.0,0.0,-0.004543847737735624,-0.004543847737735624,221414.55587005315,-0.008615127240520826
2024-12-30,RANGE_CARRY,0,False,0.0,19.71031746031748,50.638359788359786,58.33068783068787,64.5562169312169,17.486772486772505,0.35,0.35,-0.013299908144519201,0.0001656746031746032,0.0,0.0,-0.004547279358518228,-0.004547279358518228,220407.7220304698,-0.013123231208767128
2024-12-31,RANGE_CARRY,0,False,0.0,24.128571428571448,43.124074074074066,51.77050264550269,68.68981481481478,21.137566137566154,0.35,0.35,-0.008494792575784005,0.00016805555555555557,0.0,0.0,-0.0028639412904132903,-0.0028639412904132903,219776.4872546208,-0.01594958833545801
2025-01-02,RISK_WARNING,0,False,0.0,30.69338624338626,35.21560846560846,47.089947089947124,71.85052910052906,24.95370370370372,0.35,0.35,-0.001956066740997242,0.00016805555555555557,0.0,0.0,-0.0005753872482379235,-0.0005753872482379235,219650.03066639195,-0.01651579839395312
2025-01-03,RISK_WARNING,0,False,0.0,31.378571428571448,40.10648148148148,48.516534391534435,69.36970899470896,23.280423280423296,0.35,0.35,0.016365168649432604,0.00016765873015873016,0.0,0.0,0.005836787201904586,0.005836787201904586,220932.08115428346,-0.010775410392743767
2025-01-06,RANGE_CARRY,0,False,0.0,27.525132275132297,46.27050264550265,52.33796296296301,65.53769841269838,20.74074074074076,0.35,0.35,0.011492922981989118,0.00016686507936507938,0.0,0.0,0.004130985345283492,0.004130985345283492,221844.74834383483,-0.0066889381098819145
2025-01-07,RANGE_CARRY,0,False,0.0,23.646296296296317,52.382936507936506,53.031746031746074,62.99735449735446,19.814814814814834,0.35,0.35,-0.017844206352232495,0.00016726190476190476,0.0,0.0,-0.006136751985186134,-0.006136751985186134,220483.34214403268,-0.012784641740843483
2025-01-08,RANGE_CARRY,0,False,0.0,22.41640211640214,51.72420634920635,50.56878306878311,61.115740740740705,22.39417989417991,0.35,0.35,0.00017469622267940466,0.00016726190476190476,0.0,0.0,0.00016986391603302973,0.00016986391603302973,220520.79430794934,-0.012616949474121508
2025-01-10,RANGE_CARRY,0,False,0.0,25.75396825396827,44.925925925925924,44.48412698412702,64.20899470899467,26.88492063492065,0.35,0.35,-0.015681099229530093,0.00016726190476190476,0.0,0.0,-0.005379664492240294,-0.005379664492240294,219334.46642101023,-0.017928739011275452
2025-01-13,RANGE_CARRY,0,False,0.0,26.561375661375678,40.672619047619044,40.77050264550268,64.33134920634917,29.914021164021182,0.35,0.35,-0.003213785760760257,0.00016765873015873016,0.0,0.0,-0.0010158468416629153,-0.0010158468416629153,219111.65619602863,-0.018926373000038743
2025-01-14,RANGE_CARRY,0,False,0.0,28.256349206349224,38.31547619047618,37.1124338624339,66.83664021164019,32.11640211640214,0.35,0.35,-0.0009494422027059857,0.00016805555555555557,0.0,0.0,-0.00022306865983598385,-0.00022306865983598385,219062.77925252655,-0.019145219779214018
2025-01-15,RANGE_CARRY,0,False,0.0,21.319312169312187,48.319444444444436,39.50000000000004,61.09920634920633,27.321428571428598,0.35,0.35,0.023006256434624284,0.00016765873015873016,0.0,0.0,0.008161167926721674,0.008161167926721674,220850.5873805008,-0.011140299206104487
2025-01-16,RANGE_CARRY,0,False,0.0,15.628306878306896,57.652116402116405,41.260582010582056,56.631613756613724,22.050264550264572,0.35,0.35,-0.007005999612928249,0.00016726190476190476,0.0,0.0,-0.0023433796264296486,-0.0023433796264296486,220333.05061354832,-0.013457572882342173
2025-01-17,RANGE_CARRY,0,False,0.0,8.528042328042346,69.70502645502647,46.30952380952385,45.8769841269841,15.89947089947092,0.35,0.35,0.016878459499493292,0.00016686507936507938,0.0,0.0,0.006015923126409953,0.006015923126409953,221658.5573082468,-0.007522609479860609
2025-01-21,RANGE_CARRY,0,False,0.0,7.422486772486791,74.52380952380952,48.82142857142861,37.910714285714256,17.36772486772489,0.35,0.35,0.005864990225016298,0.00016686507936507938,0.0,0.0,0.002161208880343006,0.002161208880343006,222137.60775070544,-0.005377658529928553
2025-01-22,RANGE_CARRY,0,False,0.0,5.802645502645523,75.31878306878308,55.50000000000003,29.26190476190473,17.546296296296315,0.35,0.35,0.012785823170731847,0.00016765873015873016,0.0,0.0,0.004584016284359321,0.004584016284359321,223155.8901620033,-0.0008182935198420838
2025-01-23,RANGE_CARRY,0,False,0.0,5.5793650793650995,72.56878306878306,59.48015873015877,26.533730158730123,18.888888888888907,0.35,0.35,0.002126018325149026,0.00016765873015873016,0.0,0.0,0.0008530845884053337,0.0008530845884053337,223346.26101271238,0.0
2025-01-24,GREED_TREND,0,False,0.0,5.33068783068785,69.09193121693121,60.214947089947124,29.121031746031708,17.976190476190496,0.35,0.35,-0.005651096425352997,0.00016765873015873016,0.0,0.0,-0.0018689055742703742,-0.0018689055742703742,222928.84794051328,-0.0018689055742703298
2025-01-27,RANGE_CARRY,0,False,0.0,10.297619047619065,59.845238095238095,51.88822751322755,36.64285714285711,22.605820105820126,0.35,0.35,-0.029114664954779657,0.00016726190476190476,0.0,0.0,-0.010081412496077642,-0.010081412496077642,220681.41026714962,-0.01193147686233742
2025-01-28,RANGE_CARRY,0,False,0.0,13.369047619047635,53.19246031746031,46.45899470899474,43.44246031746028,24.21296296296298,0.35,0.35,0.014779953715407856,0.0001660714285714286,0.0,0.0,0.005280930228964178,0.005280930228964178,221846.81339759988,-0.006713555930211723
2025-01-29,RANGE_CARRY,0,False,0.0,17.369841269841288,47.71891534391534,42.546957671957706,49.48544973544971,26.997354497354518,0.35,0.35,-0.0018780782277072472,0.0001656746031746032,0.0,0.0,-0.0005496388876340445,-0.0005496388876340445,221724.87776185886,-0.007259504786432114
2025-01-30,RANGE_CARRY,0,False,0.0,14.11322751322753,52.89219576719577,46.78174603174606,49.8551587301587,23.220899470899493,0.35,0.35,0.004262427279534409,0.0001656746031746032,0.0,0.0,0.001599538039900535,0.001599538039900535,222079.53513823124,-0.005671578600588423
2025-01-31,RANGE_CARRY,0,False,0.0,13.351587301587323,53.55621693121693,47.60119047619051,53.40740740740737,23.921957671957696,0.35,0.35,-0.0014530159640570028,0.00016527777777777778,0.0,0.0,-0.0004011250318643954,-0.0004011250318643954,221990.45347762248,-0.006070428620306045
2025-02-03,RANGE_CARRY,0,False,0.0,11.533068783068805,51.349206349206355,46.247354497354536,55.055555555555536,25.727513227513253,0.35,0.35,-0.008003216603802432,0.0001656746031746032,0.0,0.0,-0.002693437319267359,-0.002693437319267359,221392.53610570476,-0.008747515620583513
2025-02-04,RANGE_CARRY,0,False,0.0,11.206349206349225,49.72354497354498,46.37632275132279,54.14550264550261,26.653439153439177,0.35,0.35,0.012275385535890138,0.00016686507936507938,0.0,0.0,0.004404847239148849,0.004404847239148849,222367.73640713815,-0.004381199851465345
2025-02-05,RANGE_CARRY,0,False,0.0,9.466666666666685,51.54629629629628,47.46825396825401,48.745370370370345,24.781746031746053,0.35,0.35,0.004537914466032467,0.00016646825396825397,0.0,0.0,0.0016964744281907284,0.0016964744281907284,222744.9775856075,-0.0026921580167874604
2025-02-06,RANGE_CARRY,0,False,0.0,8.785714285714304,54.05291005291005,53.435185185185226,43.85978835978833,20.727513227513246,0.35,0.35,0.005219702002467574,0.00016646825396825397,0.0,0.0,0.0019351000659430162,0.0019351000659430162,223176.0114064219,-0.0007622675460001727
2025-02-07,RANGE_CARRY,0,False,0.0,8.182539682539701,53.04298941798942,53.507275132275176,46.60449735449732,19.39153439153441,0.35,0.35,-0.012613293051359609,0.00016686507936507938,0.0,0.0,-0.004306190266388561,-0.004306190266388561,222214.97303841216,-0.005065175343301642
2025-02-10,RANGE_CARRY,0,False,0.0,8.613756613756632,53.357142857142854,55.33333333333337,46.623015873015845,19.781746031746053,0.35,0.35,0.012105102118870947,0.00016726190476190476,0.0,0.0,0.00434550597970007,0.00434550597970007,223180.60953252946,-0.0007416801133441897
2025-02-11,RANGE_CARRY,0,False,0.0,8.579365079365099,52.98412698412699,53.856481481481524,48.70634920634918,20.13888888888891,0.35,0.35,-0.0023807274444969106,0.00016726190476190476,0.0,0.0,-0.0007245343674786806,-0.0007245343674786806,223018.9075107683,-0.0014656771080910902
2025-02-12,RANGE_CARRY,0,False,0.0,9.968253968253988,52.16931216931217,56.677910052910086,47.58333333333331,19.794973544973562,0.35,0.35,0.0005871323320516542,0.00016726190476190476,0.0,0.0,0.00031421655431331706,0.00031421655431331706,223088.98374343303,-0.0011519210937885882
2025-02-13,RANGE_CARRY,0,False,0.0,10.812169312169331,50.841931216931215,58.37962962962967,46.637566137566104,19.993386243386265,0.35,0.35,0.014385765663448735,0.00016726190476190476,0.0,0.0,0.005143738220302296,0.005143738220302296,224236.49507564254,0.0
2025-02-14,GREED_EXHAUSTING,0,False,0.0,12.825396825396844,52.19775132275132,62.90873015873019,41.75925925925923,19.973544973544993,0.35,0.35,0.0041985445045717995,0.00016686507936507938,0.0,0.0,0.0015779528781874313,0.0015779528781874313,224590.3296984418,0.0
2025-02-18,GREED_TREND,0,False,0.0,12.398148148148167,55.541666666666664,64.66600529100532,35.248015873015845,23.888888888888914,0.35,0.35,0.0022670259221406752,0.00016686507936507938,0.0,0.0,0.0009019213743365379,0.0009019213743365379,224792.89251726615,0.0
2025-02-19,GREED_TREND,0,False,0.0,12.755291005291022,55.93320105820106,65.31679894179898,32.828042328042294,26.70634920634923,0.35,0.35,0.00027810223037993964,0.00016686507936507938,0.0,0.0,0.00020579808222028048,0.00020579808222028048,224839.15446344297,0.0
2025-02-20,GREED_TREND,0,False,0.0,10.876984126984146,56.53306878306878,62.49074074074077,32.850529100529066,30.343915343915366,0.35,0.35,-0.004244513641755598,0.00016686507936507938,0.0,0.0,-0.0013771174730271578,-0.0013771174730271578,224529.52453521072,-0.0013771174730271563
2025-02-21,RANGE_CARRY,0,False,0.0,14.952380952380972,47.93716931216931,55.96957671957676,40.812830687830655,33.260582010582034,0.35,0.35,-0.02075461161885961,0.00016646825396825397,0.0,0.0,-0.007155909701521497,-0.007155909701521497,222922.8115323112,-0.008523172646263233
2025-02-24,RANGE_CARRY,0,False,0.0,19.878042328042344,39.30886243386244,47.20701058201062,51.673280423280396,37.6256613756614,0.35,0.35,-0.011804288321167977,0.0001660714285714286,0.0,0.0,-0.004023554483837363,-0.004023554483837363,222025.86945442072,-0.012512433680583301
2025-02-25,RANGE_CARRY,0,False,0.0,26.913760950646218,28.519841269841265,39.16931216931221,63.44576719576717,45.866402116402135,0.35,0.35,-0.012599303672071738,0.0001656746031746032,0.0,0.0,-0.004302067793161616,-0.004302067793161616,221070.69911219215,-0.016760672135793575
2025-02-26,RANGE_CARRY,0,False,0.0,29.577436314321577,30.951719576719572,36.441137566137606,65.92923280423277,51.832010582010604,0.35,0.35,0.0024156471596663565,0.00016527777777777778,0.0,0.0,0.0009529070614387803,0.0009529070614387803,221281.35894245334,-0.015823736437187597
2025-02-27,RISK_WARNING,0,False,0.0,33.91536442246245,29.652116402116395,32.85780423280428,69.0875661375661,58.06216931216934,0.35,0.35,-0.027771299751243705,0.0001656746031746032,0.0,0.0,-0.009612266420871804,-0.009612266420871804,219154.3435663259,-0.025283900887651534
2025-02-28,RISK_WARNING,0,False,0.0,35.1314113429978,34.10449735449735,32.02910052910056,67.09378306878305,56.38227513227516,0.35,0.35,0.01579147260479341,0.0001660714285714286,0.0,0.0,0.005634961840249122,0.005634961840249122,220389.269929447,-0.01979141286407693
2025-03-03,RISK_WARNING,0,False,0.0,38.26335533817709,29.884920634920633,28.395502645502678,69.91018518518516,56.60052910052912,0.35,0.35,-0.02188244091544167,0.0001660714285714286,0.0,0.0,-0.007550907891833155,-0.007550907891833155,218725.1308518614,-0.027192877620324185
2025-03-04,RISK_WARNING,0,False,0.0,38.94995481884952,28.50066137566137,27.6150793650794,69.95383597883595,56.31613756613759,0.35,0.35,-0.0030178050497937647,0.00016726190476190476,0.0,0.0,-0.0009475115293325796,-0.0009475115293325796,218517.88626862448,-0.02811462358459582
2025-03-05,RISK_WARNING,0,False,0.0,39.57794923842296,28.17261904761904,25.428571428571463,69.29153439153436,57.79761904761907,0.35,0.35,0.013036020583190311,0.00016686507936507938,0.0,0.0,0.00467106950570391,0.00467106950570391,219538.59850362473,-0.023574879439782204
2025-03-06,RISK_WARNING,0,False,0.0,40.31981516436411,28.238756613756607,23.926587301587336,68.09880952380949,58.00264550264553,0.35,0.35,-0.02750941216310432,0.00016726190476190476,0.0,0.0,-0.009519574018991273,-0.009519574018991273,217448.68456514386,-0.03287003064895777
2025-03-07,RISK_WARNING,0,False,0.0,40.12776349027427,34.51455026455026,22.497354497354536,63.431878306878275,56.09126984126987,0.35,0.35,0.00735354362966012,0.00016686507936507938,0.0,0.0,0.0026822025719683436,0.0026822025719683436,218031.9259861556,-0.030275992157736797
2025-03-10,RISK_WARNING,0,False,0.0,45.9502548955168,31.145502645502646,18.370502645502683,65.67566137566133,58.92857142857145,0.35,0.35,-0.03875637975558677,0.00016686507936507938,0.0,0.0,-0.013456270612868066,-0.013456270612868066,215098.02938784112,-0.04332486082705711
2025-03-11,RISK_WARNING,0,False,0.0,49.0642214109533,31.90079365079365,16.404365079365114,65.02156084656082,61.170634920634946,0.35,0.35,-0.002390370824783661,0.00016646825396825397,0.0,0.0,-0.0007284254235949162,-0.0007284254235949162,214941.3465146698,-0.044021727320552095
2025-03-12,NORMAL_PARTICIPATION,0,False,0.0,51.15447919662396,31.443783068783063,15.221164021164057,66.6822751322751,59.96693121693124,0.35,0.35,0.01128074639525023,0.00016686507936507938,0.0,0.0,0.004056723539924882,0.004056723539924882,215813.30413477903,-0.04014358775811655
2025-03-13,RISK_WARNING,0,False,0.0,49.57689714083809,31.76124338624338,15.628571428571464,66.19444444444441,57.08994708994712,0.35,0.35,-0.017990438647991325,0.00016726190476190476,0.0,0.0,-0.0061879332887017245,-0.0061879332887017245,214477.8658059787,-0.04608311520380193
2025-03-14,RISK_WARNING,0,False,0.0,44.74770425228076,36.6792328042328,17.198544973545008,63.29034391534389,48.02248677248679,0.35,0.35,0.024170474441645107,0.00016686507936507938,0.0,0.0,0.008568128356163088,0.008568128356163088,216315.5396897603,-0.03790983289375671
2025-03-17,RISK_WARNING,0,False,0.0,39.09110211526292,41.30291005291005,18.266005291005325,58.70634920634918,42.7645502645503,0.35,0.35,0.006483759329525052,0.00016646825396825397,0.0,0.0,0.0023775201304131327,0.0023775201304131327,216829.83423989385,-0.03562244415418925
2025-03-18,RISK_WARNING,0,False,0.0,34.715934763121886,49.4021164021164,19.025132275132307,52.797619047619015,37.420634920634946,0.35,0.35,-0.017047455309981863,0.00016686507936507938,0.0,0.0,-0.0058581470569063505,-0.0058581470569063505,215559.6131845919,-0.04127190969471406
2025-03-19,RISK_WARNING,0,False,0.0,31.913288529312023,55.416666666666664,19.95039682539686,46.24074074074071,34.140211640211675,0.35,0.35,0.013381379862603682,0.00016686507936507938,0.0,0.0,0.00479194525349859,0.00479194525349859,216592.5630498378,-0.03667773717297984
2025-03-20,RISK_WARNING,0,False,0.0,31.964580284854602,58.58730158730159,20.261243386243418,42.46693121693119,31.613756613756646,0.35,0.35,-0.0033895485454054075,0.00016646825396825397,0.0,0.0,-0.0010781376258125273,-0.0010781376258125273,216359.04645814258,-0.037716331150316584
2025-03-21,RISK_WARNING,0,False,0.0,30.06378677248469,61.2718253968254,22.115079365079396,37.358465608465586,27.625661375661405,0.35,0.35,0.003296749154947154,0.00016646825396825397,0.0,0.0,0.001262066569310869,0.001262066569310869,216632.1059776454,-0.03650186510166742
2025-03-24,NORMAL_PARTICIPATION,0,False,0.0,27.645873493776616,63.24867724867725,25.684523809523842,37.39550264550262,24.675925925925952,0.35,0.35,0.021911051493220368,0.00016646825396825397,0.0,0.0,0.007777072387706493,0.007777072387706493,218316.86954733485,-0.029008670361142963
2025-03-25,NORMAL_PARTICIPATION,0,False,0.0,24.065150123654462,64.73280423280424,31.47486772486776,37.43915343915341,21.302910052910082,0.35,0.35,0.0057065992744465,0.00016646825396825397,0.0,0.0,0.00210551411113564,0.00210551411113564,218776.53879686573,-0.026964234414798005
2025-03-26,NORMAL_PARTICIPATION,0,False,0.0,22.364804704616983,64.31613756613757,33.531746031746074,40.387566137566104,20.01322751322754,0.35,0.35,-0.018400680906253797,0.00016646825396825397,0.0,0.0,-0.006332033952109463,-0.006332033952109463,217391.238325279,-0.03312552991910023
2025-03-27,NORMAL_PARTICIPATION,0,False,0.0,23.777387185683864,61.02447089947089,32.36044973544977,42.946428571428534,21.607142857142886,0.35,0.35,-0.005698005698005715,0.00016646825396825397,0.0,0.0,-0.001886097629222635,-0.001886097629222635,216981.2172260599,-0.034949149564875714
2025-03-28,RISK_WARNING,0,False,0.0,32.133491171726476,49.82341269841269,25.610449735449773,47.39021164021161,26.88492063492066,0.35,0.35,-0.026327810306880917,0.00016646825396825397,0.0,0.0,-0.009106529242328956,-0.009106529242328956,215005.27142635465,-0.04373741335469772
2025-03-31,RISK_WARNING,0,False,0.0,40.409612227557524,41.15277777777778,21.853835978836013,51.478835978835946,31.17063492063495,0.35,0.35,-4.2649379451531466e-05,0.00016646825396825397,0.0,0.0,9.327708227132908e-05,9.327708227132908e-05,215025.32649074623,-0.04364821597073032
2025-04-01,RISK_WARNING,0,False,0.0,47.672588586640046,37.794973544973544,19.344576719576754,54.78240740740738,33.99470899470902,0.35,0.35,0.008061076516250099,0.0001660714285714286,0.0,0.0,0.0029293232092589628,0.0029293232092589628,215655.20517021403,-0.04084675249355729
2025-04-02,RISK_WARNING,0,False,0.0,46.79653752023898,43.54431216931217,20.742724867724903,53.14219576719574,32.77777777777781,0.35,0.35,0.007298497990268604,0.0001660714285714286,0.0,0.0,0.00266242072516544,0.00266242072516544,216229.37005794904,-0.0382930830087862
2025-04-03,NORMAL_PARTICIPATION,0,False,0.0,51.48143765102532,39.97731481481481,19.000264550264585,58.467328042328006,37.433862433862465,0.35,0.35,-0.05353355035177976,0.0001660714285714286,0.0,0.0,-0.018628796194551486,-0.018628796194551486,212201.27719186325,-0.05620852516430608
2025-04-04,PANIC_ACCELERATING,11,True,0.0,59.46295281424229,31.124272486772487,14.176455026455061,66.18677248677245,47.69841269841273,0.35,0.35,-0.06210890693649318,0.0001656746031746032,0.0,0.0,-0.021630428935709118,-0.021630428935709118,207611.27254549795,-0.07662313959086753
2025-04-07,PANIC_ACCELERATING,11,True,0.0,70.15902713877533,21.37480158730158,9.927777777777814,77.01600529100526,62.89682539682542,0.35,0.35,0.002413230179572734,0.00016448412698412702,0.0,0.0,0.0009515452453901395,0.0009515452453901395,207808.82406477802,-0.075744504729642
2025-04-08,PANIC_ACCELERATING,11,True,0.0,73.94711382300797,17.56732804232804,8.405291005291042,81.8838624338624,72.11640211640214,0.35,0.35,-0.018008449573980956,0.0001648809523809524,0.0,0.0,-0.006195784731845715,-0.006195784731845715,206521.28532549465,-0.08147099281556258
2025-04-09,PANIC_ACCELERATING,11,True,0.0,72.32856157689275,21.012235449735442,13.797486772486808,80.35416666666663,65.87433862433865,0.35,0.35,0.12003076479353947,0.0001656746031746032,0.0,0.0,0.0421184561698023,0.0421184561698023,215219.64302960775,-0.042783969085772755
2025-04-10,PANIC_ACCELERATING,11,True,0.0,70.85238177983403,21.162764550264544,15.471428571428609,79.55773809523807,57.48809523809527,0.35,0.35,-0.04253218884120169,0.00016726190476190476,0.0,0.0,-0.014777545856325352,-0.014777545856325352,212039.22488555574,-0.056929272877017545
2025-04-11,PANIC_ACCELERATING,11,True,0.0,66.52606012218276,30.27037037037037,18.81534391534395,69.1380952380952,48.25661375661378,0.35,0.35,0.018423057958671274,0.00016686507936507938,0.0,0.0,0.006556532587122247,0.006556532587122247,213429.466973266,-0.05074599892267473
2025-04-14,PANIC_STABILIZING_1,11,True,0.15,62.28580478942459,37.01554232804232,18.602777777777813,60.24186507936505,48.13095238095241,0.4175,0.35,0.006778169014084678,0.00016686507936507938,0.0,0.0,0.002480821456516939,0.002480821456516939,213958.94737438622,-0.048391069229117734
2025-04-15,PANIC_STABILIZING_1,11,True,0.15,57.3515225361162,47.103637566137564,22.229100529100563,49.608796296296255,45.59259259259262,0.4175,0.4175,0.0011148028329106552,0.00016646825396825397,0.0675,3.375e-05,0.0005623979406767065,0.0005286479406767065,214072.0563313051,-0.04788800312753583
2025-04-16,PANIC_STABILIZING_1,11,True,0.15,57.354596493838244,45.466402116402115,21.431216931216966,50.6833333333333,44.50132275132278,0.4175,0.4175,-0.030153496801240243,0.00016646825396825397,0.0,0.0,-0.012492117156581292,-0.012492117156581292,211397.84312366415,-0.05978189773865328
2025-04-17,PANIC_STABILIZING_1,11,True,0.15,55.9616150497263,48.04642857142856,19.87103174603178,49.05582010582007,43.800264550264586,0.4175,0.4175,-0.00018010716376237745,0.00016646825396825397,0.0,0.0,2.177301706571536e-05,2.177301706571536e-05,211402.44589251012,-0.059761426353867386
2025-04-21,PANIC_STABILIZING_1,11,True,0.15,57.22846576163207,45.12208994708994,15.401058201058236,53.57407407407404,45.73148148148152,0.4175,0.4175,-0.02474667867597391,0.00016686507936507938,0.0,0.0,-0.010234539438488949,-0.010234539438488949,209238.83922263017,-0.06938433511743747
2025-04-22,PANIC_STABILIZING_1,11,True,0.15,54.77134440238526,53.60621693121692,15.307804232804267,49.16402116402113,45.089947089947124,0.4175,0.4175,0.02625199141095802,0.00016686507936507938,0.0,0.0,0.011057405322805131,0.011057405322805131,211552.47787718804,-0.059094140511079196
2025-04-23,PANIC_STABILIZING_2,11,True,0.4,53.87679388528104,56.38796296296295,16.33359788359792,47.73544973544969,44.58730158730162,0.53,0.4175,0.022678185745140356,0.00016646825396825397,0.0,0.0,0.009565110306532607,0.009565110306532607,213576.00066370366,-0.050094272177004684
2025-04-24,PANIC_STABILIZING_2,11,True,0.4,48.36498543817847,64.83835978835977,22.50992063492067,39.27976190476187,41.29365079365083,0.53,0.53,0.02813709961281252,0.00016646825396825397,0.11250000000000004,5.6250000000000026e-05,0.014990902874155717,0.014934652874155716,216765.68409586648,-0.03590775986879624
2025-04-25,PANIC_STABILIZING_2,11,True,0.4,44.55899470899474,67.83373015873015,29.818121693121736,35.26058201058198,38.119047619047656,0.53,0.53,0.011147961912913118,0.0001660714285714286,0.0,0.0,0.005986473385272525,0.005986473385272525,218063.34609454678,-0.030136247332303023
2025-04-28,PANIC_STABILIZING_2,11,True,0.4,42.948941798941824,68.08902116402116,36.10846560846564,34.992989417989385,36.181216931216966,0.53,0.53,-0.00031742001015744314,0.0001660714285714286,0.0,0.0,-9.017903395487345e-05,-9.017903395487345e-05,218043.681352655,-0.030223708708586483
2025-04-29,PANIC_STABILIZING_2,11,True,0.4,42.288359788359806,67.71203703703704,39.54828042328046,34.3578042328042,34.455026455026484,0.53,0.53,0.006604432590334497,0.0001660714285714286,0.0,0.0,0.003578402844305855,0.003578402844305855,218823.92948219023,-0.026753458469488955
2025-04-30,PANIC_STABILIZING_2,11,True,0.4,41.85661375661377,67.57777777777778,40.37698412698416,34.08571428571425,34.071428571428605,0.53,0.53,-0.0001261750047314436,0.0001656746031746032,0.0,0.0,1.0994310984398386e-05,1.0994310984398386e-05,218826.3353005218,-0.026742758294346802
2025-05-01,PANIC_STABILIZING_2,11,True,0.4,41.60793650793652,66.71164021164022,41.86375661375666,32.28425925925922,33.41005291005294,0.53,0.53,0.01306076093128894,0.0001656746031746032,0.0,0.0,0.007000070357075202,0.007000070357075202,220358.1350436064,-0.019929889126874323
2025-05-02,PANIC_STABILIZING_2,11,True,0.4,39.101058201058216,69.89212962962962,45.55661375661381,31.898677248677213,31.855820105820133,0.53,0.53,0.014843879754193656,0.0001656746031746032,0.0,0.0,0.0079451233332147,0.0079451233332147,222108.90760400498,-0.012143111220790037
2025-05-05,RECOVERY_RETESTED,11,True,1.0,37.20185185185187,72.55958994708995,49.31164021164026,36.54550264550261,30.638888888888918,0.8,0.53,-0.0059325327823578355,0.00016646825396825397,0.0,0.0,-0.0030660022952845737,-0.0030660022952845737,221427.92118348798,-0.015171882709199669
2025-05-06,RECOVERY_RETESTED,11,True,1.0,35.34761904761907,74.40416666666665,50.159920634920674,43.5828042328042,30.14947089947093,0.8,0.8,-0.009301751281048709,0.00016646825396825397,0.27,0.000135,-0.007408107374045317,-0.007543107374045317,219757.66659838927,-0.022600546942903144
2025-05-07,RECOVERY_RETESTED,11,True,1.0,34.93492063492065,73.18902116402116,48.35304232804236,48.71468253968251,30.69047619047622,0.8,0.8,0.003925967470555181,0.00016646825396825397,0.0,0.0,0.0031740676272377956,0.0031740676272377956,220455.19229377652,-0.019498214980074757
2025-05-08,RECOVERY_RETESTED,11,True,1.0,31.41005291005293,75.31825396825396,45.113888888888916,41.04894179894176,32.183862433862465,0.8,0.8,0.010324849989654439,0.00016686507936507938,0.0,0.0,0.008293253007596568,0.008293253007596568,222283.4829803072,-0.011366665602504322
2025-05-09,RECOVERY_RETESTED,11,True,1.0,27.44629629629632,76.52526455026454,44.62605820105824,36.28902116402113,37.15608465608469,0.8,0.8,-0.000655348256159205,0.00016686507936507938,0.0,0.0,-0.0004909055890543482,-0.0004909055890543482,222174.36277615765,-0.011851991231885739
2025-05-12,RECOVERY_RETESTED,11,True,1.0,19.895502645502667,80.74861111111112,46.8906084656085,28.72619047619044,35.33068783068786,0.8,0.8,0.040740209439104946,0.00016686507936507938,0.0,0.0,0.032625540567156976,0.032625540567156976,229422.92146189342,0.0
2025-05-13,RECOVERY_RETESTED,11,True,1.0,13.767460317460339,81.00046296296297,51.80105820105823,28.654100529100493,31.91137566137569,0.8,0.8,0.015240720685241627,0.00017003968253968254,0.0,0.0,0.012226584484701238,0.012226584484701238,232227.98019387422,0.0
2025-05-14,RECOVERY_RETESTED,11,True,1.0,8.010052910052929,82.1912037037037,56.067724867724905,25.069444444444404,24.98677248677252,0.8,0.8,0.005993134079403939,0.00016964285714285717,0.0,0.0,0.004828435834951722,0.004828435834951722,233349.27809532077,0.0
2025-05-15,RECOVERY_RETESTED,11,True,1.0,7.574338624338643,79.10853174603174,58.15277777777781,27.63267195767192,26.30291005291008,0.8,0.8,0.0010989434718902125,0.00016964285714285717,0.0,0.0,0.0009130833489407415,0.0009130833489407415,233562.34543563693,0.0
2025-05-16,RECOVERY_RETESTED,11,True,1.0,7.809259259259278,77.04497354497356,60.10687830687834,29.814947089947054,26.4219576719577,0.8,0.8,0.004352431391429823,0.00016845238095238095,0.0,0.0,0.003515635589334335,0.003515635589334335,234383.46552957888,0.0
2025-05-19,RECOVERY_RETESTED,11,True,1.0,8.05211640211642,74.73915343915344,61.27050264550268,34.67870370370367,31.587301587301614,0.8,0.8,0.0009587543863012193,0.00016805555555555557,0.0,0.0,0.0008006146201520866,0.0008006146201520866,234571.1163588038,0.0
2025-05-20,RECOVERY_RETESTED,11,True,1.0,8.148148148148167,72.29517195767195,61.49034391534395,41.13994708994706,36.8187830687831,0.8,0.8,-0.003333269477596268,0.00016884920634920633,0.0,0.0,-0.002632845740807173,-0.002632845740807173,233953.52679418214,-0.0026328457408071326
2025-05-21,RECOVERY_RETESTED,11,True,1.0,12.17857142857145,63.2089947089947,58.68994708994713,51.20701058201055,47.162698412698454,0.8,0.8,-0.01389663059565227,0.00016845238095238095,0.0,0.0,-0.011083614000331341,-0.011083614000331341,231360.47620917927,-0.01368727829522487
2025-05-22,NORMAL_PARTICIPATION,11,False,0.0,15.662169312169333,57.12037037037036,56.41044973544977,57.103835978835946,52.85052910052912,0.35,0.8,0.0018711991267739148,0.00016765873015873016,0.0,0.0,0.0015304910474508778,0.0015304910474508778,231714.57134675139,-0.01217773550466883
2025-05-23,NORMAL_PARTICIPATION,0,False,0.0,21.16931216931219,46.10515873015873,52.146164021164054,64.48148148148145,59.689153439153465,0.35,0.35,-0.009260700389105092,0.00016805555555555557,0.45000000000000007,0.00022500000000000005,-0.003132009025075671,-0.003357009025075671,230936.70343949881,-0.015493863761750215
2025-05-27,NORMAL_PARTICIPATION,0,False,0.0,17.92195767195769,48.68849206349207,54.00661375661378,63.974206349206305,55.7804232804233,0.35,0.35,0.023525253318670947,0.00016765873015873016,0.0,0.0,0.008342816836138005,0.008342816836138005,232863.36605703607,-0.00728030939306068
2025-05-28,NORMAL_PARTICIPATION,0,False,0.0,15.537037037037058,48.06878306878306,54.50529100529104,66.33333333333329,51.53439153439157,0.35,0.35,-0.004431909750201579,0.00016726190476190476,0.0,0.0,-0.0014424481744753147,-0.0014424481744753147,232527.47271976492,-0.008712256098542315
2025-05-29,NORMAL_PARTICIPATION,0,False,0.0,10.965608465608485,55.822751322751316,58.36111111111114,61.127645502645464,42.86375661375664,0.35,0.35,0.0019656587847602935,0.00016726190476190476,0.0,0.0,0.0007967008127613408,0.0007967008127613408,232712.7275462701,-0.007922496347295693
2025-05-30,NORMAL_PARTICIPATION,0,False,0.0,9.744708994709015,57.703703703703695,57.5066137566138,60.499338624338584,38.95502645502648,0.35,0.35,-0.0015771353836092628,0.00016765873015873016,0.0,0.0,-0.0004430192096600673,-0.0004430192096600673,232609.63133763472,-0.008362005738885347
2025-06-02,NORMAL_PARTICIPATION,0,False,0.0,9.715608465608485,61.50595238095238,59.43783068783073,53.349867724867686,31.47486772486775,0.35,0.35,0.00789813334360745,0.00016765873015873016,0.0,0.0,0.0028733248448657815,0.0028733248448657815,233277.99437051226,-0.005512707652861826
2025-06-03,GREED_EXHAUSTING,0,False,0.0,9.390211640211659,62.95965608465608,61.57341269841274,50.820767195767154,25.178571428571455,0.35,0.35,0.007817128877505963,0.00017083333333333336,0.0,0.0,0.0028470367737937537,0.0028470367737937537,233942.14539900195,-0.0026813657604790597
2025-06-04,GREED_EXHAUSTING,0,False,0.0,11.136243386243406,63.70039682539683,64.93915343915347,47.11640211640207,22.374338624338648,0.35,0.35,0.0027877868386119165,0.00017043650793650795,0.0,0.0,0.0010865091236729007,0.0010865091236729007,234196.32567438958,-0.0015977699651688049
2025-06-05,GREED_EXHAUSTING,0,False,0.0,11.376984126984146,62.0489417989418,64.66468253968257,51.540343915343875,28.108465608465632,0.35,0.35,-0.0075269020557142685,0.00017083333333333336,0.0,0.0,-0.002523374052833327,-0.002523374052833327,233605.3607429139,-0.004117112246729615
2025-06-06,GREED_EXHAUSTING,0,False,0.0,12.510582010582029,61.61772486772486,65.20105820105823,50.158730158730116,30.892857142857167,0.35,0.35,0.009775338706911274,0.00017083333333333336,0.0,0.0,0.0035324102140856127,0.0035324102140856127,234430.55070526735,-0.0005992453619968474
2025-06-09,GREED_EXHAUSTING,0,False,0.0,14.996031746031763,60.173280423280424,65.99470899470903,49.78505291005286,33.313492063492085,0.35,0.35,0.0014719202898552108,0.00017043650793650795,0.0,0.0,0.0006259558316080539,0.0006259558316080539,234577.2938755884,0.0
2025-06-10,GREED_EXHAUSTING,0,False,0.0,17.369047619047638,59.16732804232803,68.60185185185189,44.43253968253964,35.978835978836,0.35,0.35,0.006613906161673233,0.00017083333333333336,0.0,0.0,0.0024259088232522984,0.0024259088232522984,235146.35700253583,0.0
2025-06-11,GREED_EXHAUSTING,0,False,0.0,19.242063492063508,55.369708994708986,67.33664021164024,46.73412698412694,44.570105820105844,0.35,0.35,-0.0033694614477454143,0.00017123015873015876,0.0,0.0,-0.0010680119035362918,-0.0010680119035362918,234895.21789418394,-0.0010680119035362257
2025-06-12,GREED_EXHAUSTING,0,False,0.0,17.427248677248695,53.63690476190476,65.07936507936512,46.47817460317456,52.78439153439155,0.35,0.35,0.0023478146541200395,0.00017123015873015876,0.0,0.0,0.000933034732116617,0.000933034732116617,235114.3832908873,-0.00013597366362005925
2025-06-13,NORMAL_PARTICIPATION,0,False,0.0,19.869047619047638,45.617063492063494,59.525793650793695,53.7109788359788,57.61904761904764,0.35,0.35,-0.012554810178765363,0.00017162698412698414,0.0,0.0,-0.004282626022885337,-0.004282626022885337,234107.4763146511,-0.00441801736215508
2025-06-16,NORMAL_PARTICIPATION,0,False,0.0,20.27248677248679,45.166666666666664,58.27910052910057,52.814814814814774,57.47354497354499,0.35,0.35,0.013909974191589347,0.00017123015873015876,0.0,0.0,0.004979790570230875,0.004979790570230875,235273.28251762336,0.0
2025-06-17,NORMAL_PARTICIPATION,0,False,0.0,27.00396825396827,38.82804232804232,54.587301587301624,60.002645502645464,60.469576719576736,0.35,0.35,-0.009751258679743025,0.00017043650793650795,0.0,0.0,-0.003302156807751328,-0.003302156807751328,234496.37324607576,-0.0033021568077514774
2025-06-18,NORMAL_PARTICIPATION,0,False,0.0,27.392857142857164,41.97486772486772,54.82936507936512,59.42857142857139,59.2261904761905,0.35,0.35,-0.00017010660013616619,0.00017003968253968254,0.0,0.0,5.09884836031355e-05,5.09884836031355e-05,234508.329860558,-0.003251336696116547
2025-06-20,RANGE_CARRY,0,False,0.0,27.935185185185205,37.25859788359788,51.516534391534435,63.79298941798938,61.83862433862436,0.35,0.35,-0.004083252991549879,0.00017003968253968254,0.0,0.0,-0.001318612753391664,-0.001318612753391664,234199.1041860273,-0.004565662195475162
2025-06-23,RANGE_CARRY,0,False,0.0,21.61640211640214,43.51785714285714,52.81283068783072,58.25925925925922,58.29365079365082,0.35,0.35,0.010271074160544957,0.00016884920634920633,0.0,0.0,0.003704627940317719,0.003704627940317719,235066.72473099222,-0.000877948334892853
2025-06-24,NORMAL_PARTICIPATION,0,False,0.0,16.37962962962965,50.18320105820106,56.73015873015877,52.66666666666663,52.72486772486775,0.35,0.35,0.015292015423681082,0.00016845238095238095,0.0,0.0,0.005461699445907426,0.005461699445907426,236350.58853120677,0.0
2025-06-25,GREED_EXHAUSTING,0,False,0.0,14.373015873015893,57.47354497354497,62.10780423280428,46.33201058201055,47.53968253968256,0.35,0.35,0.0025565971321650505,0.00016845238095238095,0.0,0.0,0.0010043030438768152,0.0010043030438768152,236587.95614669073,0.0
2025-06-26,GREED_EXHAUSTING,0,False,0.0,15.105820105820124,59.50727513227513,67.60119047619052,42.728835978835946,44.72222222222225,0.35,0.35,0.009350284573878431,0.00016845238095238095,0.0,0.0,0.0033820936484764983,0.0033820936484764983,237388.1187704805,0.0
2025-06-27,GREED_TREND,0,False,0.0,16.275132275132297,60.15608465608465,70.56150793650798,39.19510582010579,45.575396825396844,0.35,0.35,0.0034235289809967373,0.00016884920634920633,0.0,0.0,0.001307987127475842,0.001307987127475842,237698.61937404802,0.0
2025-06-30,GREED_TREND,0,False,0.0,16.42592592592595,61.65873015873015,73.441798941799,36.177910052910015,46.964285714285744,0.35,0.35,0.0064770384425913985,0.00016884920634920633,0.0,0.0,0.0023767154390339734,0.0023767154390339734,238263.56135255136,0.0
2025-07-01,GREED_TREND,0,False,0.0,14.695767195767218,61.326058201058196,71.52579365079369,38.0859788359788,48.723544973544996,0.35,0.35,-0.008429410485098932,0.00016964285714285717,0.0,0.0,-0.002840025812641769,-0.002840025812641769,237586.88668809817,-0.0028400258126417555
2025-07-02,GREED_TREND,0,False,0.0,13.952380952380972,62.482142857142854,70.18253968253971,37.04761904761901,50.22486772486775,0.35,0.35,0.006965392420336558,0.0001692460317460318,0.0,0.0,0.0025478972677527158,0.0025478972677527158,238192.23366754464,-0.0002993646388974591
2025-07-03,GREED_TREND,0,False,0.0,12.674603174603194,64.72222222222221,69.71693121693124,35.910052910052876,49.338624338624356,0.35,0.35,0.009840232389252135,0.00016964285714285717,0.0,0.0,0.0035543491933811037,0.0035543491933811037,239038.85204115056,0.0
2025-07-07,GREED_TREND,0,False,0.0,14.587301587301608,64.49537037037037,70.50992063492068,37.31349206349203,50.79365079365082,0.35,0.35,-0.007532990543310247,0.00017003968253968254,0.0,0.0,-0.002526020896507793,-0.002526020896507793,238435.0349058174,-0.0025260208965077746
2025-07-08,GREED_EXHAUSTING,0,False,0.0,13.846560846560868,63.63095238095238,70.44682539682543,40.84854497354494,50.19179894179897,0.35,0.35,0.0005615636831333148,0.00017003968253968254,0.0,0.0,0.00030707308274745385,0.00030707308274745385,238508.25188702092,-0.0022197234867840088
2025-07-09,GREED_EXHAUSTING,0,False,0.0,13.445767195767218,60.772486772486765,70.60992063492067,44.6349206349206,48.670634920634946,0.35,0.35,0.007078973096281249,0.00017003968253968254,0.0,0.0,0.0025881663773492307,0.0025881663773492307,239125.55092527525,0.0
2025-07-10,GREED_EXHAUSTING,0,False,0.0,10.484126984127004,61.17063492063492,71.35304232804236,43.93716931216928,44.6230158730159,0.35,0.35,-0.001438202247190934,0.00017003968253968254,0.0,0.0,-0.0003928449928660332,-0.0003928449928660332,239031.6116499279,-0.00039284499286618146
2025-07-11,GREED_EXHAUSTING,0,False,0.0,8.86904761904764,58.879629629629626,70.39563492063496,47.85119047619043,43.63095238095241,0.35,0.35,-0.0022504275812403884,0.00017003968253968254,0.0,0.0,-0.0006771238597833422,-0.0006771238597833422,238869.75764243727,-0.0010697028479316195
2025-07-14,GREED_EXHAUSTING,0,False,0.0,7.531746031746052,58.18783068783068,67.77023809523814,49.066137566137535,46.124338624338655,0.35,0.35,0.0036268495128113365,0.00016964285714285717,0.0,0.0,0.0013796651866268249,0.0013796651866268249,239199.31793119456,0.0
2025-07-15,GREED_EXHAUSTING,0,False,0.0,9.085978835978855,54.263888888888886,67.30886243386247,50.58002645502642,49.33201058201061,0.35,0.35,0.0009169198683949276,0.00017003968253968254,0.0,0.0,0.0004314477475890183,0.0004314477475890183,239302.5199381408,0.0
2025-07-16,GREED_EXHAUSTING,0,False,0.0,12.419312169312187,51.64550264550264,68.47751322751327,49.57936507936504,52.03703703703707,0.35,0.35,0.0010238540020117703,0.00017003968253968254,0.0,0.0,0.0004688746943549133,0.0004688746943549133,239414.72283403514,0.0
2025-07-17,GREED_EXHAUSTING,0,False,0.0,13.69708994708997,50.372354497354486,71.30224867724871,50.377645502645464,51.76587301587304,0.35,0.35,0.00809273448294423,0.00016964285714285717,0.0,0.0,0.0029427249261733375,0.0029427249261733375,240119.2545066117,0.0
2025-07-18,GREED_EXHAUSTING,0,False,0.0,13.212962962962983,52.22420634920635,72.72129629629633,50.726190476190446,50.54232804232807,0.35,0.35,-0.0009611961552152826,0.00016964285714285717,0.0,0.0,-0.00022615079718249173,-0.00022615079718249173,240064.9513457862,-0.0002261507971823562
2025-07-21,GREED_EXHAUSTING,0,False,0.0,13.293650793650814,53.44775132275132,74.96111111111115,49.535052910052876,49.71560846560849,0.35,0.35,0.005184762855004799,0.0001692460317460318,0.0,0.0,0.0019246769198866,0.0019246769198866,240526.99881691515,0.0
2025-07-22,GREED_EXHAUSTING,0,False,0.0,12.978835978836,55.13161375661375,73.67843915343919,49.09722222222219,50.49603174603177,0.35,0.35,-0.005175744899586943,0.00016964285714285717,0.0,0.0,-0.0017012428577125726,-0.0017012428577125726,240117.80397809081,-0.0017012428577126704
2025-07-23,GREED_EXHAUSTING,0,False,0.0,12.04761904761907,58.82473544973545,73.16653439153443,44.64087301587298,50.52248677248679,0.35,0.35,0.004561247216035458,0.00016964285714285717,0.0,0.0,0.0017067043827552672,0.0017067043827552672,240527.6140865178,0.0
2025-07-24,GREED_EXHAUSTING,0,False,0.0,9.044973544973566,62.91865079365079,71.71375661375664,41.462301587301546,49.76190476190479,0.35,0.35,0.002128376580763147,0.00016964285714285717,0.0,0.0,0.0008551996604099587,0.0008551996604099587,240733.31322040383,0.0
2025-07-25,GREED_TREND,0,False,0.0,8.105820105820124,65.45370370370371,72.59960317460322,38.0125661375661,48.04232804232806,0.35,0.35,0.0024070370435922417,0.00017003968253968254,0.0,0.0,0.0009529887589080782,0.0009529887589080782,240962.72936179762,0.0
2025-07-28,GREED_TREND,0,False,0.0,7.529100529100549,65.51785714285715,73.17658730158735,37.74735449735446,47.43386243386246,0.35,0.35,0.0031251655278350388,0.00017003968253968254,0.0,0.0,0.0012043337283930572,0.0012043337283930572,241252.9289040537,0.0
2025-07-29,GREED_EXHAUSTING,0,False,0.0,7.189153439153459,62.63425925925926,72.1779100529101,40.82275132275129,48.46560846560849,0.35,0.35,-0.0015489140000704005,0.0001692460317460318,0.0,0.0,-0.0004321099793897194,-0.0004321099793897194,241148.68110591726,-0.0004321099793896943
2025-07-30,GREED_EXHAUSTING,0,False,0.0,9.556878306878327,57.04100529100529,72.43716931216936,45.43584656084653,49.52380952380955,0.35,0.35,0.0013397736487676948,0.0001692460317460318,0.0,0.0,0.0005789306977036138,0.0005789306977036138,241288.28948012023,0.0
2025-07-31,GREED_EXHAUSTING,0,False,0.0,14.89021164021166,43.93121693121693,70.08928571428575,54.215608465608426,52.91005291005293,0.35,0.35,-0.00529910918629628,0.00016964285714285717,0.0,0.0,-0.0017444203580608407,-0.0017444203580608407,240867.3812757894,-0.001744420358060994
2025-08-01,GREED_EXHAUSTING,0,False,0.0,24.686507936507954,30.777116402116402,63.55423280423284,63.81283068783065,58.048941798941826,0.35,0.35,-0.0196987663935152,0.00016964285714285717,0.0,0.0,-0.006784300380587462,-0.006784300380587462,239233.26460932897,-0.008516886066949336
2025-08-04,NORMAL_PARTICIPATION,0,False,0.0,29.25132275132277,26.043650793650794,59.613095238095276,67.64087301587297,58.24735449735453,0.35,0.35,0.01845165017693362,0.00016726190476190476,0.0,0.0,0.006566797800022005,0.006566797800022005,240804.26108505754,-0.0020060169356149737
2025-08-05,RISK_WARNING,0,False,0.0,30.707671957671973,28.309523809523807,56.99537037037041,70.23677248677245,57.08994708994712,0.35,0.35,-0.006789576316256096,0.00016726190476190476,0.0,0.0,-0.0022676314725943955,-0.0022676314725943955,240258.20576388625,-0.0042690995010715715
2025-08-06,GREED_EXHAUSTING,0,False,0.0,27.92460317460319,35.726190476190474,63.12433862433866,64.71494708994705,49.83465608465611,0.35,0.35,0.012583218805219065,0.00016686507936507938,0.0,0.0,0.004512588883413974,0.004512588883413974,241342.39227236528,0.0
2025-08-07,GREED_EXHAUSTING,0,False,0.0,25.727513227513246,38.58994708994709,65.88624338624344,61.13955026455022,48.15476190476193,0.35,0.35,0.0033843333568355227,0.0001660714285714286,0.0,0.0,0.0012924631034638614,0.0012924631034638614,241654.31840967902,0.0
2025-08-08,GREED_EXHAUSTING,0,False,0.0,23.710317460317484,45.65410052910053,72.05621693121698,51.906746031745996,42.04365079365082,0.35,0.35,0.0093282271098305,0.0001660714285714286,0.0,0.0,0.0033728259170121037,0.0033728259170121037,242469.37635776904,0.0
2025-08-11,GREED_EXHAUSTING,0,False,0.0,21.812169312169335,48.49007936507936,73.44246031746036,50.090608465608426,40.40343915343917,0.35,0.35,-0.002958837350970245,0.0001660714285714286,0.0,0.0,-0.0009276466442681569,-0.0009276466442681569,242244.45045445298,-0.000927646644268143
2025-08-12,GREED_EXHAUSTING,0,False,0.0,20.862433862433882,53.24669312169312,76.0529100529101,45.68716931216928,35.25793650793653,0.35,0.35,0.01256873527101332,0.00016686507936507938,0.0,0.0,0.004507519646441963,0.004507519646441963,243336.37207411797,0.0
2025-08-13,GREED_EXHAUSTING,0,False,0.0,17.96031746031748,57.785714285714285,75.41798941798946,40.07341269841266,33.12169312169314,0.35,0.35,0.0004999569002672732,0.00016646825396825397,0.0,0.0,0.00028318928017291074,0.00028318928017291074,243405.28232616553,0.0
2025-08-14,GREED_TREND,0,False,0.0,16.052910052910075,62.792328042328045,76.12367724867728,34.92658730158727,30.324074074074094,0.35,0.35,-0.0007754075197299315,0.0001648809523809524,0.0,0.0,-0.00016422001285785692,-0.00016422001285785692,243365.31030757222,-0.00016422001285798515
2025-08-15,GREED_TREND,0,False,0.0,15.744708994709015,62.15145502645502,73.70171957671961,37.752645502645464,31.75925925925928,0.35,0.35,-0.004397385711083057,0.00016527777777777778,0.0,0.0,-0.0014316544433235145,-0.0014316544433235145,243016.89527971958,-0.0015956393498703925
2025-08-18,GREED_EXHAUSTING,0,False,0.0,15.977513227513247,58.96626984126984,71.6673280423281,42.94841269841266,33.95502645502648,0.35,0.35,-0.0003983787716077547,0.00016527777777777778,0.0,0.0,-3.2002014507158586e-05,-3.2002014507158586e-05,243009.11824951138,-0.0016275903007039183
2025-08-19,GREED_EXHAUSTING,0,False,0.0,18.75396825396827,50.17658730158729,67.1097883597884,50.48677248677245,38.06216931216934,0.35,0.35,-0.01356760409627289,0.00016646825396825397,0.0,0.0,-0.004640457068616146,-0.004640457068616146,241881.44486899223,-0.006260494606404432
2025-08-20,GREED_EXHAUSTING,0,False,0.0,21.637566137566157,40.2281746031746,62.20039682539687,57.88955026455023,43.06216931216934,0.35,0.35,-0.005937324339516548,0.00016527777777777778,0.0,0.0,-0.001970632963275236,-0.001970632963275236,241404.78532052872,-0.008218790432641954
2025-08-21,RANGE_CARRY,0,False,0.0,25.11137566137568,30.191798941798936,56.0337301587302,66.14748677248674,48.730158730158756,0.35,0.35,-0.004629793249690817,0.00016527777777777778,0.0,0.0,-0.0015129970818362304,-0.0015129970818362304,241039.54058479748,-0.009719352508537282
2025-08-22,RANGE_CARRY,0,False,0.0,20.701322751322774,36.06812169312169,55.691798941798986,63.14219576719574,44.0740740740741,0.35,0.35,0.015427496094304827,0.0001660714285714286,0.0,0.0,0.005507570061578117,0.005507570061578117,242367.08274217884,-0.004265312461853132
2025-08-25,RANGE_CARRY,0,False,0.0,16.38386243386245,43.864417989417994,56.18981481481486,59.73677248677245,38.39285714285717,0.35,0.35,-0.002884766683567297,0.0001640873015873016,0.0,0.0,-0.0009030115932168079,-0.0009030115932168079,242148.2224566485,-0.005164472428468292
2025-08-26,RANGE_CARRY,0,False,0.0,11.285714285714306,51.69246031746031,59.200396825396865,55.15476190476187,30.965608465608494,0.35,0.35,0.004015289661944088,0.0001648809523809524,0.0,0.0,0.00151252400072805,0.00151252400072805,242514.47745484783,-0.0036597598162393385
2025-08-27,RANGE_CARRY,0,False,0.0,9.726190476190496,52.25132275132275,58.61044973544977,53.61441798941795,32.354497354497376,0.35,0.35,0.0015368226192347123,0.00016448412698412702,0.0,0.0,0.0006448025992718319,0.0006448025992718319,242670.85142027173,-0.0030173170396098348
2025-08-28,GREED_EXHAUSTING,0,False,0.0,7.915343915343936,54.97089947089947,60.46891534391538,48.08267195767192,30.727513227513253,0.35,0.35,0.006259917348166555,0.0001636904761904762,0.0,0.0,0.0022973698813821036,0.0022973698813821036,243228.35612541405,-0.0007268790515170265
2025-08-29,RANGE_CARRY,0,False,0.0,8.539682539682559,49.164021164021165,59.51653439153443,51.04894179894176,34.576719576719604,0.35,0.35,-0.01157551812573654,0.0001636904761904762,0.0,0.0,-0.003945032534483979,-0.003945032534483979,242268.81234719025,-0.0046690440244940845
2025-09-02,RANGE_CARRY,0,False,0.0,10.539682539682559,41.35978835978836,55.58399470899476,55.77976190476187,41.56746031746034,0.35,0.35,-0.008380084151472622,0.00016250000000000002,0.0,0.0,-0.0028274044530154177,-0.0028274044530154177,241583.820428333,-0.007483247201643506
2025-09-03,RANGE_CARRY,0,False,0.0,12.781746031746051,35.36574074074074,52.587301587301624,61.47089947089944,49.246031746031775,0.35,0.35,0.00786747286163858,0.00016130952380952383,0.0,0.0,0.002858466692049693,0.002858466692049693,242274.37973236552,-0.0046461711224680124
2025-09-04,RANGE_CARRY,0,False,0.0,12.002645502645523,40.47883597883598,53.36441798941803,57.433862433862394,50.29100529100532,0.35,0.35,0.009051519988773293,0.00016051587301587302,0.0,0.0,0.0032723673135309703,0.0032723673135309703,243067.1904935077,-0.001389007787451324
2025-09-05,RANGE_CARRY,0,False,0.0,12.101851851851874,47.93584656084656,58.38293650793654,52.00793650793647,46.190476190476225,0.35,0.35,0.001442901100429328,0.00015972222222222223,0.0,0.0,0.0006088348295947093,0.0006088348295947093,243215.17826501187,-0.0007810186341762337
2025-09-08,GREED_EXHAUSTING,0,False,0.0,10.550264550264572,52.291666666666664,60.96097883597887,45.64748677248673,43.86243386243388,0.35,0.35,0.004877964100961751,0.00015615079365079366,0.0,0.0,0.0018087854512096287,0.0018087854512096287,243655.10234097097,0.0
2025-09-09,GREED_EXHAUSTING,0,False,0.0,11.263227513227534,54.661375661375665,63.01521164021168,40.71031746031742,43.075396825396844,0.35,0.35,0.002833105878694564,0.00015734126984126982,0.0,0.0,0.0010938588829399229,0.0010938588829399229,243921.62663904027,0.0
2025-09-10,GREED_TREND,0,False,0.0,10.936507936507956,54.22420634920635,64.36111111111114,36.59656084656081,44.64947089947092,0.35,0.35,0.0003272984100188836,0.00015734126984126982,0.0,0.0,0.00021682626890343464,0.00021682626890343464,243974.51525524928,0.0
2025-09-11,GREED_TREND,0,False,0.0,11.407407407407426,54.64417989417989,66.59523809523813,33.999999999999964,45.11904761904764,0.35,0.35,0.005820561391424173,0.00015694444444444444,0.0,0.0,0.0021392103758873494,0.0021392103758873494,244496.42806973535,0.0
2025-09-12,GREED_TREND,0,False,0.0,11.955026455026475,52.83465608465608,68.2916666666667,33.83994708994705,45.54232804232807,0.35,0.35,0.004417203122859759,0.00015654761904761906,0.0,0.0,0.0016477770453818678,0.0016477770453818678,244899.30367158647,0.0
2025-09-15,GREED_TREND,0,False,0.0,14.738095238095255,51.87433862433863,71.05939153439158,34.72156084656081,46.40873015873018,0.35,0.35,0.008556915419493327,0.00015654761904761906,0.0,0.0,0.003096676349203617,0.003096676349203617,245657.67755320267,0.0
2025-09-16,GREED_TREND,0,False,0.0,18.65079365079367,49.03835978835979,71.61812169312172,38.47619047619044,49.29232804232807,0.35,0.35,-0.000845051379123829,0.00015575396825396825,0.0,0.0,-0.00019452790332826075,-0.00019452790332826075,245609.89028025174,-0.00019452790332830094
2025-09-17,GREED_EXHAUSTING,0,False,0.0,21.775132275132293,47.739417989417994,72.36216931216936,42.23611111111108,52.01058201058203,0.35,0.35,-0.001996007984031878,0.00015496031746031747,0.0,0.0,-0.0005978785880619508,-0.0005978785880619508,245463.04538583694,-0.0007922901873220756
2025-09-18,GREED_EXHAUSTING,0,False,0.0,21.52910052910055,48.01322751322751,73.62619047619052,42.90873015873012,52.38756613756616,0.35,0.35,0.009016949152542475,0.00015416666666666666,0.0,0.0,0.003256140536723199,0.003256140536723199,246262.3075581853,0.0
2025-09-19,GREED_EXHAUSTING,0,False,0.0,21.145502645502663,49.72949735449735,77.36574074074078,41.00396825396822,51.63359788359791,0.35,0.35,0.006769468521131472,0.0001545634920634921,0.0,0.0,0.002469780252237285,0.002469780252237285,246870.5213422629,0.0
2025-09-22,GREED_TREND,0,False,0.0,21.264550264550284,50.54431216931217,79.91534391534395,38.51455026455023,53.478835978836,0.35,0.35,0.005912989071494179,0.0001545634920634921,0.0,0.0,0.0021700124448642325,0.0021700124448642325,247406.23344584575,0.0
2025-09-23,GREED_EXHAUSTING,0,False,0.0,22.124338624338645,49.73677248677248,78.49074074074078,42.38161375661372,57.030423280423314,0.35,0.35,-0.006642311524410527,0.0001533730158730159,0.0,0.0,-0.0022251165732262235,-0.0022251165732262235,246855.72573548593,-0.0022251165732262157
2025-09-24,GREED_EXHAUSTING,0,False,0.0,21.722222222222243,47.36243386243385,74.57870370370374,46.947089947089914,60.10582010582013,0.35,0.35,-0.0035105315947844273,0.0001533730158730159,0.0,0.0,-0.0011289935978570891,-0.0011289935978570891,246577.02720153617,-0.0033515980287177616
2025-09-25,GREED_EXHAUSTING,0,False,0.0,22.998677248677268,38.96891534391534,69.23015873015878,54.92526455026451,62.003968253968274,0.35,0.35,-0.004311357154839879,0.00015416666666666666,0.0,0.0,-0.001408766670860624,-0.001408766670860624,246229.65770381477,-0.004755643079981331
2025-09-26,GREED_EXHAUSTING,0,False,0.0,21.73809523809526,38.13227513227513,67.48809523809528,56.468915343915306,59.874338624338655,0.35,0.35,0.004110996916752319,0.00015496031746031747,0.0,0.0,0.0015395731272125177,0.0015395731272125177,246608.74626793832,-0.0032233916130572915
2025-09-29,GREED_EXHAUSTING,0,False,0.0,21.19973544973547,39.25330687830688,66.80224867724871,56.68253968253964,60.34391534391538,0.35,0.35,0.0046311055925634115,0.00015416666666666666,0.0,0.0,0.001721095290730527,0.001721095290730527,247033.183419793,-0.0015078440864522147
2025-09-30,GREED_EXHAUSTING,0,False,0.0,18.728835978836,46.70965608465608,68.9246031746032,53.17526455026452,60.30423280423283,0.35,0.35,0.0027391311609572533,0.00015496031746031747,0.0,0.0,0.001059420112684245,0.001059420112684245,247294.89534280836,-0.0004500214141199832
2025-10-01,GREED_EXHAUSTING,0,False,0.0,18.62962962962965,48.08730158730159,70.37367724867728,49.70171957671954,62.66534391534393,0.35,0.35,0.004797041824208481,0.00015416666666666666,0.0,0.0,0.0017791729718063015,0.0017791729718063015,247734.875736668,0.0
2025-10-02,GREED_EXHAUSTING,0,False,0.0,17.75793650793653,50.10515873015873,71.23148148148152,44.502645502645464,63.33994708994711,0.35,0.35,0.004111065064235531,0.00015376984126984128,0.0,0.0,0.0015388231693078324,0.0015388231693078324,248116.09590329722,0.0
2025-10-03,GREED_EXHAUSTING,0,False,0.0,17.574074074074097,50.38227513227513,70.18452380952385,43.36640211640207,63.54497354497357,0.35,0.35,-0.004209796443960245,0.00015416666666666666,0.0,0.0,-0.0013732204220527526,-0.0013732204220527526,247775.3778133628,-0.00137322042205279
2025-10-06,GREED_EXHAUSTING,0,False,0.0,17.464285714285737,50.602513227513235,69.86243386243392,41.791005291005256,64.44444444444447,0.35,0.35,0.007510195961404786,0.0001545634920634921,0.0,0.0,0.002729034856332945,0.002729034856332945,248451.56545595653,0.0
2025-10-07,GREED_EXHAUSTING,0,False,0.0,17.767195767195787,47.62301587301587,68.07870370370375,47.09854497354494,65.36375661375664,0.35,0.35,-0.005265669480508883,0.00015416666666666666,0.0,0.0,-0.0017427759848447758,-0.0017427759848447758,248018.57003428278,-0.0017427759848448465
2025-10-08,GREED_EXHAUSTING,0,False,0.0,17.05687830687833,49.34391534391534,69.99867724867728,43.91798941798938,64.7751322751323,0.35,0.35,0.011463830209591297,0.00015376984126984128,0.0,0.0,0.0041122909701823505,0.0041122909701823505,249038.4945602723,0.0
2025-10-09,GREED_EXHAUSTING,0,False,0.0,17.685185185185205,48.04563492063492,70.76388888888893,48.183862433862394,63.756613756613795,0.35,0.35,-0.0012102577521915237,0.00015376984126984128,0.0,0.0,-0.00032363981644163643,-0.00032363981644163643,248957.89578760587,-0.00032363981644178974
2025-10-10,GREED_EXHAUSTING,0,False,0.0,26.20396825396827,38.101190476190474,64.01455026455031,56.47394179894176,66.39550264550267,0.35,0.35,-0.03471426232192576,0.0001545634920634921,0.0,0.0,-0.012049525542832746,-0.012049525542832746,245958.07126322322,-0.01236926565303964
2025-10-13,RISK_WARNING,0,False,0.0,30.580952380952397,32.35052910052911,57.59523809523814,64.71402116402112,65.33730158730162,0.35,0.35,0.0212213740458016,0.00015416666666666666,0.0,0.0,0.007527689249363893,0.007527689249363893,247809.56719206568,-0.004934688391754594
2025-10-14,RISK_WARNING,0,False,0.0,33.67619047619049,30.0734126984127,48.16335978835983,68.65251322751318,66.65343915343918,0.35,0.35,-0.006661018919951522,0.00015416666666666666,0.0,0.0,-0.0022311482886496993,-0.0022311482886496993,247256.6673003141,-0.007154826658843927
2025-10-15,RANGE_CARRY,0,False,0.0,29.865079365079385,37.81018518518519,49.39550264550268,63.29431216931213,64.11375661375665,0.35,0.35,0.007056856187291016,0.00015416666666666666,0.0,0.0,0.002570107998885189,0.002570107998885189,247892.1436387203,-0.004603107337185386
2025-10-16,RISK_WARNING,0,False,0.0,35.92142857142859,37.222486772486775,45.175925925925974,64.07010582010578,72.59920634920638,0.35,0.35,-0.003702965693600402,0.0001545634920634921,0.0,0.0,-0.0011955717229188707,-0.0011955717229188707,247595.7708014521,-0.00579317571513438
2025-10-17,RISK_WARNING,0,False,0.0,33.82751322751324,40.67420634920635,46.01785714285719,58.65343915343911,73.84259259259262,0.35,0.35,0.006566776112935102,0.00015416666666666666,0.0,0.0,0.002398579972860619,0.002398579972860619,248189.64905866142,-0.003408491137523395
2025-10-20,RANGE_CARRY,0,False,0.0,28.711111111111126,47.78267195767196,48.68783068783073,49.98875661375657,70.25132275132277,0.35,0.35,0.012600798105740774,0.0001533730158730159,0.0,0.0,0.004509971797326731,0.004509971797326731,249308.97737630442,0.0
2025-10-21,RANGE_CARRY,0,False,0.0,18.161375661375683,56.38161375661375,53.756613756613795,41.2109788359788,60.998677248677275,0.35,0.35,-0.00026163456192562773,0.00015218253968253968,0.0,0.0,7.346554119681096e-06,7.346554119681096e-06,249310.80893819925,0.0
2025-10-22,RANGE_CARRY,0,False,0.0,16.620370370370388,57.460978835978835,54.0337301587302,41.97552910052906,57.585978835978864,0.35,0.35,-0.009633942883313096,0.00015178571428571427,0.0,0.0,-0.003273219294873869,-0.003273219294873869,248494.7599879621,-0.003273219294873897
2025-10-23,RANGE_CARRY,0,False,0.0,15.453703703703722,58.92063492063492,54.1124338624339,41.37499999999996,55.218253968254,0.35,0.35,0.008406414639382964,0.00015178571428571427,0.0,0.0,0.0030409058380697516,0.0030409058380697516,249250.40915433926,-0.00024226700846718963
2025-10-24,RANGE_CARRY,0,False,0.0,15.42328042328044,61.033068783068785,57.3055555555556,38.6970899470899,49.50396825396829,0.35,0.35,0.01067837138458505,0.0001513888888888889,0.0,0.0,0.0038358327623825455,0.0038358327623825455,250206.49203981078,0.0
2025-10-27,GREED_TREND,0,False,0.0,15.806878306878327,64.84126984126983,66.38558201058204,33.558862433862394,41.2698412698413,0.35,0.35,0.01780910711391992,0.0001505952380952381,0.0,0.0,0.006331074394633876,0.006331074394633876,251790.56795493516,0.0
2025-10-28,GREED_TREND,0,False,0.0,19.25925925925928,63.44146825396826,73.49603174603179,34.23842592592589,38.498677248677275,0.35,0.35,0.00768998073524485,0.00014900793650793654,0.0,0.0,0.002788348416065856,0.002788348416065856,252492.6477862726,0.0
2025-10-29,GREED_TREND,0,False,0.0,21.740740740740762,61.833333333333336,77.31746031746034,34.47817460317456,40.18518518518522,0.35,0.35,0.004502938760032826,0.00014900793650793654,0.0,0.0,0.0016728837247416478,0.0016728837247416478,252915.03862737122,0.0
2025-10-30,GREED_EXHAUSTING,0,False,0.0,22.809523809523828,58.38392857142858,76.32671957671961,40.3303571428571,41.84523809523813,0.35,0.35,-0.015288547745253789,0.0001505952380952381,0.0,0.0,-0.005253104806076921,-0.005253104806076921,251586.44942242865,-0.00525310480607688
2025-10-31,GREED_EXHAUSTING,0,False,0.0,24.31216931216933,55.10085978835979,74.67063492063495,44.24768518518514,42.519841269841294,0.35,0.35,0.004823895854963789,0.0001501984126984127,0.0,0.0,0.0017859925174912943,0.0017859925174912943,252035.78093859932,-0.0034764942944628396
2025-11-03,GREED_EXHAUSTING,0,False,0.0,26.646825396825417,50.06415343915344,73.83134920634926,50.1455026455026,41.415343915343946,0.35,0.35,0.004784841114661376,0.00014900793650793654,0.0,0.0,0.00177154954886164,0.00177154954886164,252482.2748126181,-0.0017111035275001463
2025-11-04,RISK_WARNING,0,False,0.0,31.02751322751325,41.18882275132275,69.973544973545,56.68816137566133,43.657407407407426,0.35,0.35,-0.02029806353626129,0.0001525793650793651,0.0,0.0,-0.007005145650389864,-0.007005145650389864,250713.5997034139,-0.00870426264845714
2025-11-05,RISK_WARNING,0,False,0.0,30.60158730158732,41.68121693121693,67.14021164021169,61.05158730158726,43.8161375661376,0.35,0.35,0.006507872426322114,0.00015178571428571427,0.0,0.0,0.002376416063498454,0.002376416063498454,251309.39952908663,-0.006348531534537294
2025-11-06,RISK_WARNING,0,False,0.0,33.09550264550266,36.2526455026455,58.97751322751327,68.53902116402114,47.34788359788362,0.35,0.35,-0.018627262225645036,0.00015178571428571427,0.0,0.0,-0.006420881064690048,-0.006420881064690048,249695.7717642717,-0.012728649433308648
2025-11-07,RISK_WARNING,0,False,0.0,31.66164021164023,38.783068783068785,55.40277777777782,68.29232804232801,54.060846560846585,0.35,0.35,-0.003155296156424181,0.0001505952380952381,0.0,0.0,-0.0010064667499865584,-0.0010064667499865584,249444.46127237868,-0.01372230522086848
2025-11-10,RISK_WARNING,0,False,0.0,30.099470899470916,38.601190476190474,54.00793650793654,69.38492063492059,58.08201058201061,0.35,0.35,0.02212418407845962,0.0001501984126984127,0.0,0.0,0.007841093395714835,0.007841093395714835,251400.3785902592,-0.0059888097019948905
2025-11-11,RANGE_CARRY,0,False,0.0,24.057936507936528,46.155423280423285,57.06878306878311,66.32870370370367,59.53703703703707,0.35,0.35,-0.0026635431542126886,0.0001513888888888889,0.0,0.0,-0.0008338373261966631,-0.0008338373261966631,251190.75157077066,-0.006817653335122631
2025-11-12,RANGE_CARRY,0,False,0.0,20.86957671957674,50.63359788359788,58.882275132275176,64.05423280423277,56.97751322751326,0.35,0.35,-0.0007883263349260927,0.0001513888888888889,0.0,0.0,-0.00017751143944635467,-0.00017751143944635467,251146.1623388837,-0.006993954563111915
2025-11-13,RANGE_CARRY,0,False,0.0,23.841005291005313,44.083333333333336,52.90410052910057,65.65079365079362,61.89814814814818,0.35,0.35,-0.020416049462227193,0.0001513888888888889,0.0,0.0,-0.007047214534001739,-0.007047214534001739,249376.28145349037,-0.013991881198866296
2025-11-14,RANGE_CARRY,0,False,0.0,28.596560846560873,38.06944444444444,47.156746031746074,66.32010582010578,66.88492063492068,0.35,0.35,0.0007560815253122577,0.00015178571428571427,0.0,0.0,0.0003632892481450044,0.0003632892481450044,249466.8771752848,-0.013633675050722105
2025-11-17,RISK_WARNING,0,False,0.0,39.38253968253971,28.92063492063492,41.12764550264554,70.37301587301583,74.41798941798945,0.35,0.35,-0.008540551194034851,0.0001513888888888889,0.0,0.0,-0.0028907901401344195,-0.0028907901401344195,248745.72078645637,-0.01648505309744608
2025-11-18,RISK_WARNING,0,False,0.0,48.518253968253994,26.138492063492066,37.691137566137606,73.33730158730155,80.89947089947093,0.35,0.35,-0.012175728058841151,0.00015218253968253968,0.0,0.0,-0.004162586169800752,-0.004162586169800752,247710.2952893136,-0.020579018813214778
2025-11-19,RANGE_CARRY,0,False,0.0,56.832010582010604,24.739021164021164,35.76851851851857,76.55224867724864,85.82010582010584,0.35,0.35,0.005970049135516797,0.0001509920634920635,0.0,0.0,0.00218766203870072,0.00218766203870072,248252.20169891336,-0.018436376712765545
2025-11-20,RANGE_CARRY,0,False,0.0,60.51322751322753,22.81904761904762,32.578703703703745,79.36798941798938,89.46428571428574,0.35,0.35,-0.023671795555703756,0.0001513888888888889,0.0,0.0,-0.008186725666718537,-0.008186725666718537,246219.82902744546,-0.026472168821048414
2025-11-21,NORMAL_PARTICIPATION,0,False,0.0,57.858730158730175,28.90145502645503,31.535052910052958,75.59775132275128,86.84523809523812,0.35,0.35,0.007512763160141489,0.0001509920634920635,0.0,0.0,0.0027276119473193623,0.0027276119473193623,246891.42117476766,-0.02381676267767685
2025-11-24,RISK_WARNING,0,False,0.0,48.419312169312185,37.17989417989418,32.54232804232809,68.63082010582006,78.10185185185189,0.35,0.35,0.025573237073567512,0.00014940476190476192,0.0,0.0,0.009047746070986722,0.009047746070986722,249125.232060662,-0.014984504627630568
2025-11-25,RISK_WARNING,0,False,0.0,33.26666666666669,53.86904761904762,37.3518518518519,55.96719576719573,63.313492063492085,0.35,0.35,0.006163659197567561,0.00014980158730158732,0.0,0.0,0.002254651750894678,0.002254651750894678,249686.92270131965,-0.012763637716330822
2025-11-26,RANGE_CARRY,0,False,0.0,21.14973544973547,64.39325396825397,43.76851851851856,45.8412698412698,48.77645502645506,0.35,0.35,0.00883575029972583,0.00014940476190476192,0.0,0.0,0.003189625700142136,0.003189625700142136,250483.33052695714,-0.009614723243076106
2025-11-28,RANGE_CARRY,0,False,0.0,15.419047619047639,71.91349206349207,49.685846560846606,36.918650793650755,39.17328042328045,0.35,0.35,0.00810718413726863,0.0001501984126984127,0.0,0.0,0.0029351434162979886,0.0029351434162979886,251218.53502544574,-0.006707800418404575
2025-12-01,RANGE_CARRY,0,False,0.0,13.100529100529121,73.68267195767196,53.182539682539726,33.78240740740737,35.820105820105844,0.35,0.35,-0.0033589018974566898,0.00014861111111111113,0.0,0.0,-0.0010790184418876191,-0.0010790184418876191,250947.46559320932,-0.007779581019936144
2025-12-02,RANGE_CARRY,0,False,0.0,11.653703703703725,75.36216931216931,56.697751322751365,29.614417989417948,33.71031746031749,0.35,0.35,0.007826044687849532,0.00014583333333333335,0.0,0.0,0.0028339073074140023,0.0028339073074140023,251658.6274497309,-0.0049677203240232615
2025-12-03,RANGE_CARRY,0,False,0.0,10.123544973544993,75.369708994709,58.091931216931265,28.158068783068746,33.9219576719577,0.35,0.35,0.0024437299035369175,0.00014424603174603175,0.0,0.0,0.0009490653868728417,0.0009490653868728417,251897.4679423514,-0.004023369628561535
2025-12-04,GREED_TREND,0,False,0.0,8.927248677248695,76.41269841269842,60.84589947089952,25.74007936507933,30.75396825396828,0.35,0.35,-0.0009302027200409624,0.0001422619047619048,0.0,0.0,-0.00023310071391909867,-0.00023310071391909867,251838.7504627396,-0.004255532492147829
2025-12-05,GREED_TREND,0,False,0.0,8.347883597883618,75.57579365079366,63.313492063492106,26.933201058201025,29.70238095238098,0.35,0.35,0.0040774392397340264,0.0001418650793650794,0.0,0.0,0.0015193160354942106,0.0015193160354942106,252221.37311467648,-0.002742681955408499
2025-12-08,GREED_TREND,0,False,0.0,7.989417989418008,72.82116402116402,63.41534391534396,31.396164021163987,31.726190476190506,0.35,0.35,-0.0019185265715930822,0.0001418650793650794,0.0,0.0,-0.0005792719984702771,-0.0005792719984702771,252075.2683358154,-0.0033203651950214352
2025-12-09,GREED_TREND,0,False,0.0,7.112433862433882,70.84034391534392,62.607804232804284,31.40476190476187,37.03703703703707,0.35,0.35,0.0012334209008777464,0.00014265873015873018,0.0,0.0,0.0005244254899103858,0.0005244254899103858,252207.46303190672,-0.002797680989255036
2025-12-10,GREED_TREND,0,False,0.0,6.623015873015892,69.82843915343915,61.51256613756618,30.8630952380952,39.33201058201061,0.35,0.35,0.004095672346212442,0.00014265873015873018,0.0,0.0,0.0015262134957775293,0.0015262134957775293,252592.38546572183,-0.0012757373519601822
2025-12-11,GREED_TREND,0,False,0.0,5.523809523809543,71.52063492063492,61.256613756613795,29.401455026454993,34.68253968253971,0.35,0.35,-0.003234492758241503,0.00014107142857142858,0.0,0.0,-0.0010403760368130972,-0.0010403760368130972,252329.59440080184,-0.0023147861422030402
2025-12-12,RANGE_CARRY,0,False,0.0,7.011375661375681,66.00939153439153,57.48611111111114,37.26124338624335,34.65608465608469,0.35,0.35,-0.019118258256338172,0.0001398809523809524,0.0,0.0,-0.006600467770670741,-0.006600467770670741,250664.10104537295,-0.008899975241546065
2025-12-15,RANGE_CARRY,0,False,0.0,7.934391534391554,59.374735449735454,51.11375661375666,47.521164021163976,37.85052910052912,0.35,0.35,-0.005019393109742198,0.0001386904761904762,0.0,0.0,-0.0016666387788859599,-0.0016666387788859599,250246.33453409618,-0.010551780976563174
2025-12-16,RANGE_CARRY,0,False,0.0,9.339153439153458,55.65740740740741,46.21494708994714,54.41798941798938,43.94179894179897,0.35,0.35,0.001981852130900519,0.00013948412698412698,0.0,0.0,0.000784312928354864,0.000784312928354864,250442.60596954467,-0.009775743946445425
2025-12-17,RANGE_CARRY,0,False,0.0,12.545502645502665,53.71626984126984,41.92460317460322,58.79894179894176,46.058201058201085,0.35,0.35,-0.0185369840621169,0.0001390873015873016,0.0,0.0,-0.006397537675709169,-0.006397537675709169,248840.38996225173,-0.016110740931949086
2025-12-18,RANGE_CARRY,0,False,0.0,15.311111111111131,54.68849206349207,41.34854497354502,59.98875661375657,44.298941798941826,0.35,0.35,0.01449009843273763,0.0001390873015873016,0.0,0.0,0.0051619411974899165,0.0051619411974899165,250124.88942279734,-0.011031962431797937
2025-12-19,NORMAL_PARTICIPATION,0,False,0.0,13.764285714285734,55.289021164021165,43.77711640211644,59.821428571428534,39.451058201058224,0.35,0.35,0.013035412322897288,0.00013829365079365082,0.0,0.0,0.004652285186029923,0.004652285186029923,251288.5417405164,-0.006431001081162235
2025-12-22,RANGE_CARRY,0,False,0.0,7.664021164021185,61.536375661375665,52.253306878306915,54.15343915343911,30.211640211640233,0.35,0.35,0.004787424033708909,0.00013829365079365082,0.0,0.0,0.001765489284813991,0.001765489284813991,251732.18896835583,-0.0046768656598477065
2025-12-23,RANGE_CARRY,0,False,0.0,2.8431216931217134,64.60912698412699,58.43055555555559,49.25793650793647,27.50000000000003,0.35,0.35,0.0046833868962063985,0.0001390873015873016,0.0,0.0,0.0017295921597039853,0.0017295921597039853,252167.58298874064,-0.0029553625703208075
2025-12-24,GREED_EXHAUSTING,0,False,0.0,2.4521164021164226,64.24603174603176,61.07976190476194,43.78373015873012,28.247354497354525,0.35,0.35,0.002925527639806358,0.00013948412698412698,0.0,0.0,0.0011145993564719077,0.0011145993564719077,252448.64881446297,-0.0018440572590678883
2025-12-26,GREED_TREND,0,False,0.0,2.7103174603174813,64.09060846560847,61.10462962962966,39.81150793650789,31.236772486772512,0.35,0.35,-6.410975590209755e-05,0.00014107142857142858,0.0,0.0,6.925801400569444e-05,6.925801400569444e-05,252466.13290651824,-0.0017749269608059448
2025-12-29,RANGE_CARRY,0,False,0.0,2.8425925925926143,60.98809523809524,59.421428571428606,39.783730158730116,33.849206349206376,0.35,0.35,-0.004840596900094529,0.0001390873015873016,0.0,0.0,-0.001603802169001339,-0.001603802169001339,252061.22717496337,-0.0033758824980977264
2025-12-30,RANGE_CARRY,0,False,0.0,4.932804232804254,56.702380952380956,56.61812169312173,43.427248677248635,38.59126984126987,0.35,0.35,-0.0023193261069145432,0.00014067460317460318,0.0,0.0,-0.000720325645356598,-0.000720325645356598,251879.6610088292,-0.004093776408715222
2025-12-31,RANGE_CARRY,0,False,0.0,8.283333333333355,48.72156084656084,52.23082010582015,48.65013227513223,44.38492063492066,0.35,0.35,-0.008265663593949313,0.00013948412698412698,0.0,0.0,-0.002802317575342577,-0.002802317575342577,251173.81420791283,-0.006884621922478074
2026-01-02,RANGE_CARRY,0,False,0.0,11.965079365079385,44.62367724867726,49.222222222222264,51.95701058201055,48.41269841269843,0.35,0.35,-0.0019371327180087716,0.00014027777777777777,0.0,0.0,-0.0005868158957475144,-0.0005868158957475144,251026.42142114008,-0.007467397812645271
2026-01-05,RANGE_CARRY,0,False,0.0,13.273544973544995,45.43121693121694,47.54232804232808,51.46164021164017,51.3756613756614,0.35,0.35,0.007942980167014557,0.00013948412698412698,0.0,0.0,0.0028707077409947774,0.0028707077409947774,251747.044912308,-0.004618126788356269
2026-01-06,RANGE_CARRY,0,False,0.0,10.993121693121715,52.93253968253969,48.750000000000036,44.59589947089943,50.4298941798942,0.35,0.35,0.008786549944173716,0.0001390873015873016,0.0,0.0,0.003165699226492546,0.003165699226492546,252544.00033765868,-0.0014670471622654224
2026-01-07,RANGE_CARRY,0,False,0.0,8.439682539682561,57.67592592592593,50.082671957672,37.989417989417944,50.707671957671984,0.35,0.35,0.0009624330307016482,0.0001386904761904762,0.0,0.0,0.0004270003702693864,0.0004270003702693864,252651.83671931215,-0.0010406732216776682
2026-01-08,RANGE_CARRY,0,False,0.0,5.5674603174603385,60.1223544973545,48.523809523809554,34.99603174603171,50.714285714285744,0.35,0.35,-0.005688920226915695,0.00013829365079365082,0.0,0.0,-0.00190123120640462,-0.00190123120640462,252171.48716298596,-0.002939925867677551
2026-01-09,RANGE_CARRY,0,False,0.0,3.825396825396847,62.257936507936506,48.83928571428575,30.868386243386198,48.77645502645506,0.35,0.35,0.009960191467758284,0.00013829365079365082,0.0,0.0,0.003575957886731272,0.003575957886731272,253073.2417813152,0.0
2026-01-12,RANGE_CARRY,0,False,0.0,1.9325396825397034,64.49537037037037,50.13293650793654,27.43981481481477,46.52116402116405,0.35,0.35,0.0008298093034388998,0.00013829365079365082,0.0,0.0,0.00038032412921948795,0.00038032412921948795,253169.49164162445,0.0
2026-01-13,RANGE_CARRY,0,False,0.0,1.976190476190497,62.61838624338625,52.909391534391574,28.10052910052906,47.73809523809527,0.35,0.35,-0.0014828515394549324,0.00014027777777777777,0.0,0.0,-0.0004278174832536708,-0.0004278174832536708,253061.1813068737,-0.00042781748325371183
2026-01-14,RANGE_CARRY,0,False,0.0,4.000529100529121,54.68783068783069,50.462962962963,36.49735449735446,54.391534391534414,0.35,0.35,-0.010682805314256583,0.00014027777777777777,0.0,0.0,-0.0036478013044342478,-0.0036478013044342478,252138.06439960081,-0.004074058194514563
2026-01-15,RANGE_CARRY,0,False,0.0,4.540211640211661,53.82208994708995,48.22023809523813,40.314814814814774,58.06216931216934,0.35,0.35,0.003599386651601977,0.00014027777777777777,0.0,0.0,0.0013509658836162472,0.0013509658836162472,252478.6943225657,-0.0027285962245270357
2026-01-16,RANGE_CARRY,0,False,0.0,5.579894179894201,53.820767195767196,47.41732804232809,43.19510582010577,59.90079365079367,0.35,0.35,-0.0008363086622277249,0.00014067460317460318,0.0,0.0,-0.00020126953971621162,-0.00020126953971621162,252427.87805197123,-0.0029293165809370914
2026-01-20,RANGE_CARRY,0,False,0.0,12.152380952380973,51.79298941798942,42.125661375661416,48.37830687830683,65.99867724867727,0.35,0.35,-0.021247142903132454,0.00014027777777777777,0.0,0.0,-0.007345319460540803,-0.007345319460540803,250573.71464693302,-0.010253119275390077
2026-01-21,RANGE_CARRY,0,False,0.0,14.043386243386264,51.10218253968254,38.37764550264554,52.600198412698376,68.41269841269845,0.35,0.35,0.01351840278919858,0.000141468253968254,0.0,0.0,0.004823395341298868,0.004823395341298868,251782.330734813,-0.00547917878183779
2026-01-22,RANGE_CARRY,0,False,0.0,11.878042328042348,54.66964285714286,36.16732804232808,50.39318783068779,66.60052910052913,0.35,0.35,0.007269422989550245,0.000141468253968254,0.0,0.0,0.0026362524114219507,0.0026362524114219507,252446.09251136606,-0.0028573708686921995
2026-01-23,RANGE_CARRY,0,False,0.0,3.49947089947092,62.37136243386244,41.51719576719581,43.39186507936503,59.801587301587325,0.35,0.35,0.003157419936851591,0.0001418650793650794,0.0,0.0,0.0011973092794853582,0.0011973092794853582,252748.34856049973,-0.0016634827458629209
2026-01-26,RANGE_CARRY,0,False,0.0,1.1931216931217143,63.205026455026456,44.49537037037041,39.433862433862394,58.33333333333335,0.35,0.35,0.004400051387461579,0.000141468253968254,0.0,0.0,0.0016319723506909177,0.0016319723506909177,253160.8268770333,-3.422515301887419e-05
2026-01-27,RANGE_CARRY,0,False,0.0,1.0171957671957885,63.915343915343925,46.44312169312173,34.76455026455022,59.193121693121725,0.35,0.35,0.009065327918651889,0.00014027777777777777,0.0,0.0,0.0032640453270837166,0.0032640453270837166,253987.15529100192,0.0
2026-01-28,RANGE_CARRY,0,False,0.0,0.4060846560846774,64.75859788359789,48.97420634920639,30.479497354497312,58.97486772486775,0.35,0.35,0.0033115206058973445,0.00014027777777777777,0.0,0.0,0.001250212767619626,0.001250212767619626,254304.69327535815,0.0
2026-01-29,RANGE_CARRY,0,False,0.0,1.6746031746031962,63.00330687830689,49.0337301587302,31.984788359788315,60.72089947089949,0.35,0.35,-0.005985281576703305,0.00014067460317460318,0.0,0.0,-0.0020034100597826647,-0.0020034100597826647,253795.21669460036,-0.002003410059782662
2026-01-30,RANGE_CARRY,0,False,0.0,4.671957671957693,52.9298941798942,45.03439153439157,40.60185185185181,64.45105820105822,0.35,0.35,-0.012010866974881962,0.00014027777777777777,0.0,0.0,-0.004112622885653131,-0.004112622885653131,252751.45267815283,-0.006107793675374618
2026-02-02,RANGE_CARRY,0,False,0.0,6.035714285714306,49.828042328042336,42.590608465608504,45.68518518518514,65.66798941798943,0.35,0.35,0.006866386865421958,0.00014027777777777777,0.0,0.0,0.002494415958453241,0.002494415958453241,253381.91993523543,-0.0036286130949362283
2026-02-03,RANGE_CARRY,0,False,0.0,9.335185185185205,44.45833333333334,38.484126984127016,51.30158730158726,68.43915343915346,0.35,0.35,-0.01536397610757978,0.00014107142857142858,0.0,0.0,-0.005285695209081493,-0.005285695209081493,252042.6203349659,-0.008895128561166143
2026-02-04,RANGE_CARRY,0,False,0.0,15.560052910052931,43.44609788359789,34.400992063492104,55.541335978835946,72.44708994708998,0.35,0.35,-0.0174690196587296,0.00014107142857142858,0.0,0.0,-0.0060224604519839315,-0.0060224604519839315,250524.70362178414,-0.01486401845317531
2026-02-05,RANGE_CARRY,0,False,0.0,28.03412698412701,36.0154761904762,25.02552910052914,63.86970899470896,82.08333333333336,0.35,0.35,-0.014395377631035933,0.00014107142857142858,0.0,0.0,-0.004946685742291147,-0.004946685742291147,249285.43664228654,-0.019737176567311
2026-02-06,RANGE_CARRY,0,False,0.0,28.527513227513253,40.76382275132276,23.384854497354535,62.622685185185155,80.66137566137569,0.35,0.35,0.021137966266351782,0.00014027777777777777,0.0,0.0,0.007489468748778679,0.007489468748778679,251152.4521295446,-0.012395528785622334
2026-02-09,RANGE_CARRY,0,False,0.0,23.866666666666692,47.91428571428572,25.655820105820144,58.58201058201055,74.484126984127,0.35,0.35,0.007660132863118285,0.00014067460317460318,0.0,0.0,0.0027724849941548916,0.0027724849941548916,251848.76853431898,-0.009657410209020112
2026-02-10,RANGE_CARRY,0,False,0.0,13.693386243386266,56.492394179894184,29.63313492063496,53.67427248677245,65.57539682539685,0.35,0.35,-0.004639275947388999,0.00014107142857142858,0.0,0.0,-0.001532050153014721,-0.001532050153014721,251462.92358994938,-0.01117466472524653
2026-02-11,RANGE_CARRY,0,False,0.0,10.183597883597908,59.9298941798942,29.963161375661414,49.849867724867686,63.5383597883598,0.35,0.35,0.0026820612622042717,0.00014107142857142858,0.0,0.0,0.0010304178703429237,0.0010304178703429237,251722.03548014513,-0.010155761429131549
2026-02-12,RANGE_CARRY,0,False,0.0,13.512698412698436,58.98544973544975,26.147883597883638,49.75925925925922,68.49206349206351,0.35,0.35,-0.0203389277617394,0.000141468253968254,0.0,0.0,-0.007026670351529424,-0.007026670351529424,249953.26771661016,-0.01711107059292971
2026-02-13,RANGE_CARRY,0,False,0.0,20.391534391534417,55.96296296296297,23.849140211640247,48.365740740740705,72.5793650793651,0.35,0.35,0.0021310602024506853,0.000141468253968254,0.0,0.0,0.0008378254359371048,0.0008378254359371048,250162.68492209876,-0.016287581247171334
2026-02-17,RANGE_CARRY,0,False,0.0,29.974338624338646,50.09523809523811,20.996626984127023,52.64748677248673,76.62698412698415,0.35,0.35,-0.0010300372142477698,0.00014067460317460318,0.0,0.0,-0.00026907453292322736,-0.00026907453292322736,250095.37251449854,-0.01655227320677799
2026-02-18,RISK_WARNING,0,False,0.0,30.655820105820126,49.751984126984134,23.012500000000035,51.47751322751319,74.71560846560848,0.35,0.35,0.007467154498586481,0.00014107142857142858,0.0,0.0,0.0027052005030766967,0.0027052005030766967,250771.93064204196,-0.01389184992150716
2026-02-19,RISK_WARNING,0,False,0.0,30.337301587301607,50.01719576719578,23.867658730158766,53.81746031746028,75.1388888888889,0.35,0.35,-0.0038297099654994726,0.000141468253968254,0.0,0.0,-0.0012484441228454502,-0.0012484441228454502,250458.8558990573,-0.015122950845962713
2026-02-20,RANGE_CARRY,0,False,0.0,23.842063492063517,55.710317460317476,26.755687830687865,48.69444444444441,73.83597883597885,0.35,0.35,0.008848824299467983,0.00014107142857142858,0.0,0.0,0.0031887849333852225,0.0031887849333852225,251257.51532518107,-0.01198238975038357
2026-02-23,RANGE_CARRY,0,False,0.0,23.84470899470902,53.14417989417992,25.44814814814818,50.73941798941795,76.11111111111113,0.35,0.35,-0.012154859479969082,0.00014107142857142858,0.0,0.0,-0.00416250438941775,-0.00416250438941775,250211.6548147658,-0.016095017389869626
2026-02-24,RANGE_CARRY,0,False,0.0,19.423015873015895,55.068783068783084,26.704100529100568,45.225529100529066,74.12037037037038,0.35,0.35,0.010741424319515858,0.00014107142857142858,0.0,0.0,0.003851194940401978,0.003851194940401978,251175.268673818,-0.012305807499005339
2026-02-25,RANGE_CARRY,0,False,0.0,16.814550264550288,54.08994708994711,29.066534391534432,44.72949735449731,70.27116402116404,0.35,0.35,0.014493230460460138,0.00014107142857142858,0.0,0.0,0.0051643270897324765,0.0051643270897324765,252472.41991810108,-0.007205031624300862
2026-02-26,RANGE_CARRY,0,False,0.0,12.744708994709017,59.522486772486786,31.410449735449774,40.290343915343875,64.47089947089948,0.35,0.35,-0.012064604008561908,0.00014107142857142858,0.0,0.0,-0.004130914974425239,-0.004130914974425239,251429.47781803203,-0.011306183225697986
2026-02-27,RANGE_CARRY,0,False,0.0,14.262169312169334,60.70072751322753,30.915277777777817,40.246362433862394,63.33994708994711,0.35,0.35,-0.0032007090801655647,0.00014067460317460318,0.0,0.0,-0.0010288096859944556,-0.0010288096859944556,251170.80473590828,-0.012323361000878275
2026-03-02,RANGE_CARRY,0,False,0.0,19.205555555555577,60.74107142857145,27.396296296296338,37.96263227513224,68.31349206349209,0.35,0.35,0.0013173278005567113,0.00014027777777777777,0.0,0.0,0.0005522452857504045,0.0005522452857504045,251309.51262874185,-0.011777921233145139
2026-03-03,RANGE_CARRY,0,False,0.0,27.73888888888891,52.39384920634924,24.474801587301624,39.46197089947086,75.26455026455028,0.35,0.35,-0.010705652123863207,0.0001422619047619048,0.0,0.0,-0.0036545080052568842,-0.0036545080052568842,250391.1000030429,-0.015389386730970234
2026-03-04,RANGE_CARRY,0,False,0.0,29.14550264550267,51.437169312169324,25.23829365079369,38.20833333333329,76.19708994708996,0.35,0.35,0.015243192925296745,0.0001418650793650794,0.0,0.0,0.0054273298254411614,0.0054273298254411614,251750.0550881145,-0.010045580183129066
2026-03-05,RISK_WARNING,0,False,0.0,32.192328042328064,45.291666666666686,26.039682539682577,44.066137566137535,77.87698412698414,0.35,0.35,-0.0030126893164142965,0.0001418650793650794,0.0,0.0,-0.000962228959157702,-0.000962228959157702,251507.81389463917,-0.01099814299412305
2026-03-06,RISK_WARNING,0,False,0.0,34.36931216931219,39.90873015873017,26.45132275132279,49.83134920634918,81.28174603174604,0.35,0.35,-0.015043274047067623,0.000141468253968254,0.0,0.0,-0.005173191551394302,-0.005173191551394302,250206.71579668976,-0.016114439045099127
2026-03-09,RISK_WARNING,0,False,0.0,36.994708994709015,34.56679894179896,26.107407407407447,54.44312169312166,86.67857142857144,0.35,0.35,0.013355564818674504,0.00014107142857142858,0.0,0.0,0.004766144115107505,0.004766144115107505,251399.2370627445,-0.011425098668814804
2026-03-10,RISK_WARNING,0,False,0.0,34.904761904761926,34.72552910052912,25.787962962963004,53.2136243386243,89.06613756613758,0.35,0.35,1.6453863367127397e-05,0.0001418650793650794,0.0,0.0,9.79711537657962e-05,9.79711537657962e-05,251423.86693605542,-0.011328246845147327
2026-03-11,RISK_WARNING,0,False,0.0,30.31428571428573,40.572751322751344,28.818121693121736,50.24735449735446,86.223544973545,0.35,0.35,-0.00013162874113548106,0.0001418650793650794,0.0,0.0,4.614224218988323e-05,4.614224218988323e-05,251435.4681970159,-0.011282627313666915
2026-03-12,RISK_WARNING,0,False,0.0,34.724603174603196,32.997354497354515,27.768518518518558,56.66203703703699,87.73809523809526,0.35,0.35,-0.017163356316543088,0.0001418650793650794,0.0,0.0,-0.005914962409202779,-0.005914962409202779,249948.23685429024,-0.01713085340643239
2026-03-13,RISK_WARNING,0,False,0.0,38.70608465608467,27.237433862433885,26.51322751322755,63.118386243386205,89.66137566137569,0.35,0.35,-0.0059270669390214525,0.0001422619047619048,0.0,0.0,-0.00198200319056227,-0.00198200319056227,249452.8386513696,-0.01907890319088623
2026-03-16,RISK_WARNING,0,False,0.0,38.91693121693123,28.512566137566157,27.104497354497397,65.50595238095235,88.88756613756617,0.35,0.35,0.011217408879606428,0.0001422619047619048,0.0,0.0,0.004018563345957488,0.004018563345957488,250455.28068531904,-0.015137009625972642
2026-03-17,RISK_WARNING,0,False,0.0,30.875661375661394,41.10714285714288,30.818121693121736,59.93981481481478,83.34523809523812,0.35,0.35,0.0048802425130749505,0.0001422619047619048,0.0,0.0,0.0018005551176714706,0.0018005551176714706,250906.23922270484,-0.013363709528449452
2026-03-18,RISK_WARNING,0,False,0.0,31.005555555555574,46.142195767195794,32.247354497354536,59.52711640211637,81.66005291005293,0.35,0.35,-0.013939765626294842,0.0001422619047619048,0.0,0.0,-0.004786447731107956,-0.004786447731107956,249705.2896232565,-0.018086192562405623
2026-03-19,RISK_WARNING,0,False,0.0,30.09285714285716,45.938492063492085,30.783730158730197,57.70767195767192,82.18915343915346,0.35,0.35,-0.0031601949907547056,0.00014265873015873018,0.0,0.0,-0.0010133400721609722,-0.0010133400721609722,249452.2532470507,-0.019081205170890292
2026-03-20,RISK_WARNING,0,False,0.0,35.931216931216944,38.129629629629655,26.003968253968296,62.07539682539679,87.22222222222224,0.35,0.35,-0.01848167009544377,0.00014265873015873018,0.0,0.0,-0.006375856358802145,-0.006375856358802145,247861.781511968,-0.025335402506369897
2026-03-23,RISK_WARNING,0,False,0.0,37.91349206349208,38.5469576719577,24.88293650793655,60.75661375661372,87.00396825396827,0.35,0.35,0.011464144589904857,0.00014305555555555558,0.0,0.0,0.004105436717577811,0.004105436717577811,248879.3623706715,-0.021333978680496357
2026-03-24,RISK_WARNING,0,False,0.0,44.052645502645525,38.266534391534414,22.590608465608508,64.56746031746027,88.65740740740743,0.35,0.35,-0.0068367346938774665,0.00014305555555555558,0.0,0.0,-0.0022998710317460023,-0.0022998710317460023,248306.9719347558,-0.02358478431268307
2026-03-25,RISK_WARNING,0,False,0.0,42.01190476190479,43.84986772486775,22.4358465608466,60.11243386243382,87.5330687830688,0.35,0.35,0.006575567656426751,0.00014305555555555558,0.0,0.0,0.0023944347908604734,0.0023944347908604734,248901.52678716957,-0.02124682174991599
2026-03-26,RISK_WARNING,0,False,0.0,43.48121693121695,40.22222222222224,19.709656084656125,62.65873015873012,89.10714285714288,0.35,0.35,-0.023867850702596227,0.00014265873015873018,0.0,0.0,-0.008261019571305504,-0.008261019571305504,246845.34640305294,-0.02933232091091731
2026-03-27,RISK_WARNING,0,False,0.0,45.48941798941801,36.40343915343917,17.32473544973549,63.042328042327995,91.22222222222224,0.35,0.35,-0.01953676432144147,0.00014265873015873018,0.0,0.0,-0.0067451393379013395,-0.0067451393379013395,245180.3401466518,-0.03587960965717052
2026-03-30,NORMAL_PARTICIPATION,0,False,0.0,53.03306878306879,29.06150793650796,14.379100529100569,69.58465608465605,94.03174603174607,0.35,0.35,-0.007643357389171435,0.00014265873015873018,0.0,0.0,-0.0025824469116068273,-0.0025824469116068273,244547.1749344534,-0.03836939938162853
2026-03-31,RISK_WARNING,0,False,0.0,49.665079365079386,35.41137566137568,16.0087301587302,65.57407407407403,87.93386243386247,0.35,0.35,0.0338539800816795,0.0001418650793650794,0.0,0.0,0.011941105330175127,0.011941105330175127,247467.3385085425,-0.026886467090924793
2026-04-01,RISK_WARNING,0,False,0.0,43.35370370370372,43.482804232804256,19.58148148148152,60.33333333333329,79.42989417989422,0.35,0.35,0.012353165390346144,0.000141468253968254,0.0,0.0,0.004415562251700515,0.004415562251700515,248560.04594698962,-0.02258962370839257
2026-04-02,RISK_WARNING,0,False,0.0,34.164021164021186,54.773148148148174,24.102513227513267,51.7460317460317,70.03968253968257,0.35,0.35,0.0011466516061680032,0.000141468253968254,0.0,0.0,0.0004932824272381662,0.0004932824272381662,248682.65624976877,-0.02210748434556775
2026-04-06,RISK_WARNING,0,False,0.0,31.65740740740743,59.992063492063515,26.618386243386283,46.37433862433858,69.31878306878309,0.35,0.35,0.0060172997367431424,0.000141468253968254,0.0,0.0,0.0021980092729394648,0.0021980092729394648,249229.26303422498,-0.019958067528221157
2026-04-07,RISK_WARNING,0,False,0.0,30.744444444444458,63.50264550264552,27.88822751322755,40.79100529100524,72.04365079365083,0.35,0.35,0.00015293118096870728,0.0001422619047619048,0.0,0.0,0.00014599615143428567,0.00014599615143428567,249265.64954745278,-0.019814985177836086
2026-04-08,NORMAL_PARTICIPATION,0,False,0.0,25.662698412698433,69.0218253968254,33.87896825396829,34.26058201058196,66.23015873015875,0.35,0.35,0.029732071560848894,0.0001418650793650794,0.0,0.0,0.010498437347884413,0.010498437347884413,251882.54935220646,-0.009524574210390324
2026-04-09,NORMAL_PARTICIPATION,0,False,0.0,17.741005291005308,72.61970899470901,40.54232804232808,29.169047619047575,55.63492063492066,0.35,0.35,0.006764671913412235,0.00014107142857142858,0.0,0.0,0.0024593315982657103,0.0024593315982657103,252502.01206488008,-0.007088666698440105
2026-04-10,NORMAL_PARTICIPATION,0,False,0.0,8.297883597883617,76.73346560846562,49.22751322751327,26.088095238095196,42.572751322751344,0.35,0.35,0.0014421737491601139,0.00014067460317460318,0.0,0.0,0.0005961993042695319,0.0005961993042695319,252652.55358879984,-0.0064966936523243035
2026-04-13,NORMAL_PARTICIPATION,0,False,0.0,4.777513227513246,76.63730158730161,53.161904761904815,26.813359788359747,37.129629629629655,0.35,0.35,0.010342513950938326,0.00014107142857142858,0.0,0.0,0.003711576311399842,0.003711576311399842,253590.29282171468,-0.0028092303151869835
2026-04-14,NORMAL_PARTICIPATION,0,False,0.0,4.12089947089949,76.19126984126987,57.61878306878311,28.45423280423276,34.345238095238116,0.35,0.35,0.018157080613550702,0.0001418650793650794,0.0,0.0,0.006447190516330047,0.006447190516330047,255225.23775262825,0.0
2026-04-15,GREED_TREND,0,False,0.0,5.51058201058203,75.11488095238097,61.447751322751365,29.88578042328038,32.063492063492085,0.35,0.35,0.013999363665287978,0.0001418650793650794,0.0,0.0,0.004991989584438094,0.004991989584438094,256499.3194811751,0.0
2026-04-16,GREED_TREND,0,False,0.0,6.89153439153441,73.22605820105822,65.95476190476194,31.07493386243382,32.182539682539705,0.35,0.35,0.0048164417947913485,0.0001418650793650794,0.0,0.0,0.0017779669297642733,0.0017779669297642733,256955.36678871966,0.0
2026-04-17,GREED_TREND,0,False,0.0,8.044973544973564,71.80039682539685,69.39894179894183,31.420171957671915,31.957671957671987,0.35,0.35,0.013084141333707944,0.000141468253968254,0.0,0.0,0.0046714038318771455,0.0046714038318771455,258155.7090737579,0.0
2026-04-20,GREED_TREND,0,False,0.0,9.628306878306896,70.25727513227515,70.19206349206354,34.215476190476146,35.760582010582034,0.35,0.35,-0.003174847807659753,0.000141468253968254,0.0,0.0,-0.0010192423676015482,-0.0010192423676015482,257892.58583763172,-0.001019242367601536
2026-04-21,GREED_TREND,0,False,0.0,12.80291005291007,69.74689153439157,69.20634920634926,37.25449735449731,40.74735449735452,0.35,0.35,-0.003803398320938678,0.0001418650793650794,0.0,0.0,-0.0012389771107412357,-0.0012389771107412357,257573.06282674902,-0.0022569566603789504
2026-04-22,GREED_TREND,0,False,0.0,16.775132275132293,68.28505291005293,69.10727513227518,39.132407407407364,46.5277777777778,0.35,0.35,0.016730557323110684,0.00014107142857142858,0.0,0.0,0.005947391491660168,0.005947391491660168,259104.95066908567,0.0
2026-04-23,GREED_EXHAUSTING,0,False,0.0,18.095238095238113,68.02361111111112,69.11150793650796,41.54007936507932,46.76587301587304,0.35,0.35,-0.005632641846407549,0.00014107142857142858,0.0,0.0,-0.0018797282176712135,-0.0018797282176712135,258617.9037819747,-0.0018797282176711283
2026-04-24,GREED_EXHAUSTING,0,False,0.0,18.95105820105822,65.63915343915346,71.54880952380955,42.374338624338584,48.42592592592595,0.35,0.35,0.01912744465935967,0.00014107142857142858,0.0,0.0,0.006786302059347314,0.006786302059347314,260372.96299499436,0.0
2026-04-27,GREED_EXHAUSTING,0,False,0.0,17.416137566137586,64.56626984126986,72.04332010582014,45.67890211640208,53.04232804232807,0.35,0.35,0.000527203711514268,0.00014107142857142858,0.0,0.0,0.0002762177276014224,0.0002762177276014224,260444.8826231617,0.0
2026-04-28,GREED_EXHAUSTING,0,False,0.0,15.994973544973563,62.227976190476205,72.19828042328047,50.26388888888885,58.492063492063515,0.35,0.35,-0.01005675744847423,0.00014067460317460318,0.0,0.0,-0.003428426614902488,-0.003428426614902488,259551.9664558613,-0.0034284266149026132
2026-04-29,GREED_EXHAUSTING,0,False,0.0,14.247619047619068,60.33134920634922,70.28478835978841,53.74603174603171,64.68915343915347,0.35,0.35,0.006113603528248968,0.00014067460317460318,0.0,0.0,0.0022311997269506305,0.0022311997269506305,260131.07873254712,-0.001204876392478904
2026-04-30,GREED_EXHAUSTING,0,False,0.0,12.281216931216948,60.809193121693134,70.45456349206354,53.46726190476186,64.728835978836,0.35,0.35,0.009326299560137086,0.00014067460317460318,0.0,0.0,0.0033556433381114717,0.0033556433381114717,261003.98585393175,0.0
2026-05-01,GREED_EXHAUSTING,0,False,0.0,11.641534391534412,62.59193121693122,73.33042328042332,48.91534391534387,65.19841269841272,0.35,0.35,0.009599544732979748,0.00014067460317460318,0.0,0.0,0.0034512791486064035,0.0034512791486064035,261904.78346801255,0.0
2026-05-04,GREED_EXHAUSTING,0,False,0.0,11.474867724867744,63.72023809523811,75.05859788359793,49.409391534391496,63.86243386243388,0.35,0.35,-0.00188385374174882,0.00014067460317460318,0.0,0.0,-0.0005679103175485949,-0.0005679103175485949,261756.04503926574,-0.0005679103175485478
2026-05-05,GREED_EXHAUSTING,0,False,0.0,12.982804232804254,63.16865079365081,76.82156084656089,47.79828042328038,65.07275132275134,0.35,0.35,0.012974081559862016,0.000141468253968254,0.0,0.0,0.0046328829110310705,0.0046328829110310705,262968.73014718725,0.0
2026-05-06,GREED_EXHAUSTING,0,False,0.0,16.130952380952404,60.569444444444464,78.71058201058206,43.52777777777774,69.06084656084658,0.35,0.35,0.020774343099426273,0.00014107142857142858,0.0,0.0,0.007362716513370624,0.007362716513370624,264904.89435914205,0.0
2026-05-07,GREED_EXHAUSTING,0,False,0.0,19.694444444444468,58.09193121693124,82.53981481481486,40.06283068783065,69.92063492063495,0.35,0.35,-0.0011929229486754567,0.00014107142857142858,0.0,0.0,-0.0003258266034649812,-0.0003258266034649812,264818.58129717177,-0.0003258266034649182
2026-05-08,GREED_TREND,0,False,0.0,24.292328042328066,54.65191798941802,84.41309523809527,38.52791005291001,72.32804232804234,0.35,0.35,0.023440872593317286,0.00014107142857142858,0.0,0.0,0.008296001836232478,0.008296001836232478,267015.5167338816,0.0
2026-05-11,GREED_TREND,0,False,0.0,27.033068783068803,53.183002645502675,84.22433862433866,38.188756613756574,73.13492063492066,0.35,0.35,0.0028963907596697425,0.00014107142857142858,0.0,0.0,0.0011054331944558384,0.0011054331944558384,267310.684549514,0.0
2026-05-12,GREED_EXHAUSTING,0,False,0.0,27.858465608465632,53.55932539682542,83.68809523809527,40.006878306878264,73.71693121693124,0.35,0.35,-0.008481823662184973,0.000141468253968254,0.0,0.0,-0.0028766839166853753,-0.0028766839166853753,266541.7162025122,-0.0028766839166854963
2026-05-13,GREED_EXHAUSTING,0,False,0.0,27.67460317460319,53.308201058201085,83.08611111111115,42.451851851851806,74.79497354497357,0.35,0.35,0.010562185396753687,0.000141468253968254,0.0,0.0,0.0037887192539431554,0.0037887192539431554,267551.56793466775,0.0
2026-05-14,GREED_EXHAUSTING,0,False,0.0,27.00793650793653,53.453703703703724,83.92566137566142,44.66931216931212,73.55158730158733,0.35,0.35,0.007107777979879826,0.00014107142857142858,0.0,0.0,0.002579418721529367,0.002579418721529367,268241.69545797294,0.0
2026-05-15,GREED_EXHAUSTING,0,False,0.0,28.32089947089949,50.566798941798965,82.44596560846566,50.70833333333329,74.50396825396828,0.35,0.35,-0.015087733922394042,0.00014107142857142858,0.0,0.0,-0.0051890104442664856,-0.0051890104442664856,266849.78649865376,-0.005189010444266451
2026-05-18,GREED_EXHAUSTING,0,False,0.0,27.73492063492066,46.24338624338626,80.7919973544974,60.28835978835974,72.49338624338627,0.35,0.35,-0.004302258332980591,0.00014107142857142858,0.0,0.0,-0.0014140939879717781,-0.0014140939879717781,266472.4358198745,-0.0065957666837652695
2026-05-19,GREED_EXHAUSTING,0,False,0.0,27.291534391534412,40.43187830687833,77.14001322751328,72.19576719576715,71.13756613756615,0.35,0.35,-0.006162520541735161,0.00014067460317460318,0.0,0.0,-0.002065443697543814,-0.002065443697543814,265922.05200674117,-0.008647587196581763
2026-05-20,GREED_EXHAUSTING,0,False,0.0,24.466666666666686,44.499338624338655,77.27050264550267,69.42460317460312,68.2804232804233,0.35,0.35,0.01656379627385851,0.00014027777777777777,0.0,0.0,0.005888509251406034,0.005888509251406034,267487.93647013576,-0.0028099993423851277
2026-05-21,GREED_EXHAUSTING,0,False,0.0,23.278835978835996,51.42791005291008,78.13227513227515,65.45899470899467,65.70105820105822,0.35,0.35,0.0019070321811680557,0.00013948412698412698,0.0,0.0,0.0007581259459485019,0.0007581259459485019,267690.726015002,-0.00205400372984621
2026-05-22,GREED_EXHAUSTING,0,False,0.0,20.8320105820106,61.04563492063494,80.3161375661376,56.74669312169308,64.55026455026457,0.35,0.35,0.004240668430112837,0.00014067460317460318,0.0,0.0,0.001575672442602985,0.001575672442602985,268112.51891512424,-0.0004815677243172889
2026-05-26,GREED_EXHAUSTING,0,False,0.0,19.66931216931219,63.58134920634924,80.95899470899475,49.50727513227508,65.50264550264552,0.35,0.35,0.01775510772918576,0.00014067460317460318,0.0,0.0,0.006305726197278508,0.006305726197278508,269803.1630494657,0.0
2026-05-27,GREED_EXHAUSTING,0,False,0.0,18.496031746031765,65.3783068783069,81.26388888888893,43.47949735449731,67.98941798941802,0.35,0.35,-0.0011365503642437602,0.00014067460317460318,0.0,0.0,-0.000306354135421824,-0.000306354135421824,269720.5077347156,-0.00030635413542179357
2026-05-28,GREED_TREND,0,False,0.0,18.543650793650812,65.359126984127,82.18716931216936,39.1402116402116,68.21428571428574,0.35,0.35,0.008431009664815914,0.00014067460317460318,0.0,0.0,0.0030422918747490617,0.0030422918747490617,270541.0762438501,0.0
2026-05-29,GREED_TREND,0,False,0.0,18.280423280423303,64.39550264550267,83.48809523809528,37.76455026455022,66.36243386243389,0.35,0.35,0.003684067427949911,0.00014107142857142858,0.0,0.0,0.0013811200283538974,0.0013811200283538974,270914.72594274295,0.0
2026-06-01,GREED_TREND,0,False,0.0,18.989417989418012,62.34722222222225,84.39153439153442,35.730820105820065,66.05820105820108,0.35,0.35,0.0060001896222454665,0.00014107142857142858,0.0,0.0,0.0021917627963573415,0.0021917627963573415,271508.50676004955,0.0
2026-06-02,GREED_TREND,0,False,0.0,18.534391534391556,62.03835978835982,84.97182539682542,35.78637566137562,67.17592592592595,0.35,0.35,0.00460457225947164,0.00014464285714285715,0.0,0.0,0.001705618147957931,0.001705618147957931,271971.59659650445,0.0
2026-06-03,GREED_TREND,0,False,0.0,18.34920634920637,62.26917989417992,84.34153439153442,38.380291005290964,69.95370370370374,0.35,0.35,-0.0026133805082019235,0.00014424603174603175,0.0,0.0,-0.0008209232572357525,-0.0008209232572357525,271748.3287875509,-0.0008209232572354841
2026-06-04,GREED_EXHAUSTING,0,False,0.0,15.73941798941801,63.49867724867727,82.418253968254,42.18187830687827,70.84656084656088,0.35,0.35,-0.004837344297980439,0.00014464285714285715,0.0,0.0,-0.0015990526471502966,-0.0015990526471502966,271313.7889030445,-0.0024186632048782686
2026-06-05,GREED_EXHAUSTING,0,False,0.0,26.152910052910073,53.48406084656087,69.2724867724868,52.857738095238055,75.15211640211642,0.35,0.35,-0.048000972171588385,0.00014464285714285715,0.0,0.0,-0.016706322402913074,-0.016706322402913074,266781.13327327435,-0.0190845786405065
2026-06-08,RISK_WARNING,0,False,0.0,31.32169312169314,50.00919312169314,59.23875661375666,58.8500661375661,73.78968253968256,0.35,0.35,0.015615692281508053,0.00014464285714285715,0.0,0.0,0.005559510155670675,0.005559510155670675,268264.30569304846,-0.013631169393604314
2026-06-09,RISK_WARNING,0,False,0.0,40.090740740740756,43.9830687830688,47.369708994709036,65.99206349206345,77.13624338624341,0.35,0.35,-0.01150725487731652,0.00014543650793650794,0.0,0.0,-0.0039330054769020515,-0.0039330054769020515,267209.22070950037,-0.017510563406624824
2026-06-10,RISK_WARNING,0,False,0.0,39.474603174603196,43.235052910052936,43.99603174603178,66.20370370370365,79.3320105820106,0.35,0.35,-0.019976548041196307,0.00014503968253968256,0.0,0.0,-0.006897516020767913,-0.006897516020767913,265366.14082875964,-0.02428730003576296
2026-06-11,RISK_WARNING,0,False,0.0,39.20714285714288,42.21884920634923,42.12916666666671,65.12003968253964,80.31084656084658,0.35,0.35,0.033775894131384154,0.00014503968253968256,0.0,0.0,0.011915838739635247,0.011915838739635247,268528.20096983446,-0.012660864846775088
2026-06-12,RISK_WARNING,0,False,0.0,30.391005291005314,50.13419312169314,45.302645502645554,56.34437830687826,71.44179894179896,0.35,0.35,0.005884649709950951,0.00014464285714285715,0.0,0.0,0.00215364525562569,0.00215364525562569,269106.5154558549,-0.010534486602658655
2026-06-15,NORMAL_PARTICIPATION,0,False,0.0,19.039417989418013,64.60185185185188,55.47103174603179,44.73531746031742,56.19047619047621,0.35,0.35,0.0314137577286715,0.00014464285714285715,0.0,0.0,0.01108883306217788,0.01108883306217788,272090.59268168925,0.0
2026-06-16,NORMAL_PARTICIPATION,0,False,0.0,12.868253968253988,69.47387566137569,59.33392857142861,42.8564153439153,47.44708994708997,0.35,0.35,-0.019005376344086056,0.00014503968253968256,0.0,0.0,-0.006557605926779325,-0.006557605926779325,270306.3297984989,-0.006557605926779342
2026-06-17,NORMAL_PARTICIPATION,0,False,0.0,15.16084656084658,65.70965608465612,58.9832010582011,45.32473544973541,46.891534391534414,0.35,0.35,-0.010070424464965866,0.00014503968253968256,0.0,0.0,-0.0034303727690872593,-0.0034303727690872593,269379.0783254462,-0.009965483663065156
2026-06-18,NORMAL_PARTICIPATION,0,False,0.0,16.20317460317462,62.94708994708998,58.423677248677286,44.97288359788356,46.269841269841294,0.35,0.35,0.025065397018726454,0.00014662698412698413,0.0,0.0,0.008868196496236798,0.008868196496236798,271767.9849240114,-0.001185663034132367
2026-06-22,NORMAL_PARTICIPATION,0,False,0.0,17.454497354497374,62.81613756613759,58.95515873015878,41.0099206349206,46.679894179894205,0.35,0.35,-0.0025066970916258757,0.00014662698412698413,0.0,0.0,-0.0007820364423865168,-0.0007820364423865168,271555.45245592686,-0.0019667722448178937
2026-06-23,NORMAL_PARTICIPATION,0,False,0.0,23.86693121693124,55.34325396825398,56.04841269841274,45.31746031746028,48.70370370370373,0.35,0.35,-0.032929060234433316,0.00014742063492063494,0.0,0.0,-0.011429347669353248,-0.011429347669353248,268451.7507782995,-0.013373640990398727
2026-06-24,RISK_WARNING,0,False,0.0,30.50899470899473,46.34391534391537,48.333068783068825,53.712301587301546,52.20899470899474,0.35,0.35,-0.0042457787430812965,0.00014742063492063494,0.0,0.0,-0.001390199147380041,-0.001390199147380041,268078.54938325484,-0.01474524811347655
2026-06-25,RISK_WARNING,0,False,0.0,34.40105820105822,43.81018518518521,42.48234126984131,56.3359788359788,54.821428571428605,0.35,0.35,0.008105597928569352,0.00014742063492063494,0.0,0.0,0.0029327826876976862,0.0029327826876976862,268864.7655118292,-0.011855710034171851
2026-06-26,RISK_WARNING,0,False,0.0,34.5783068783069,43.97883597883601,41.49113756613761,57.14285714285711,53.18121693121696,0.35,0.35,-0.013763644992880852,0.0001470238095238095,0.0,0.0,-0.004721710271317821,-0.004721710271317821,267595.2639869165,-0.016521441077647525
2026-06-29,RISK_WARNING,0,False,0.0,31.96719576719578,49.45634920634924,43.30039682539687,54.369047619047585,51.55423280423284,0.35,0.35,0.02485421502576024,0.00014662698412698413,0.0,0.0,0.008794282798698623,0.008794282798698623,269948.5724140099,-0.007872452504027794
2026-06-30,NORMAL_PARTICIPATION,0,False,0.0,27.407142857142873,54.54828042328045,47.69146825396829,50.71825396825394,47.18915343915347,0.35,0.35,0.017014694508894035,0.00014821428571428573,0.0,0.0,0.006051482363827197,0.006051482363827197,271582.16143911355,-0.0018686101476889094
2026-07-01,NORMAL_PARTICIPATION,0,False,0.0,19.147089947089963,63.35383597883601,50.75978835978841,45.18584656084653,43.51190476190479,0.35,0.35,-0.015249864204236907,0.00014821428571428573,0.0,0.0,-0.005241113185768632,-0.005241113185768632,270158.7685917755,-0.007099929736173349
2026-07-02,NORMAL_PARTICIPATION,0,False,0.0,15.616931216931235,63.999338624338655,50.20912698412703,46.66071428571425,42.3214285714286,0.35,0.35,-0.017333866541638376,0.00014742063492063494,0.0,0.0,-0.005971029876875019,-0.005971029876875019,268545.64251301426,-0.013028565720469842
2026-07-06,NORMAL_PARTICIPATION,0,False,0.0,14.409259259259278,60.54232804232807,48.87010582010586,49.08928571428567,41.825396825396844,0.35,0.35,0.014341846758349819,0.00014623015873015872,0.0,0.0,0.005114695968597039,0.005114695968597039,269919.17182815983,-0.007980506904440077
2026-07-07,NORMAL_PARTICIPATION,0,False,0.0,16.31402116402118,53.57870370370373,48.185846560846606,55.08531746031742,42.98941798941801,0.35,0.35,-0.018524667275393703,0.00014821428571428573,0.0,0.0,-0.00638729426067351,-0.00638729426067351,268195.1186510961,-0.014316827319165393
2026-07-08,NORMAL_PARTICIPATION,0,False,0.0,18.850793650793673,50.58068783068786,49.08002645502649,58.39880952380949,44.19973544973547,0.35,0.35,0.002833260504912616,0.00014781746031746032,0.0,0.0,0.0010877225259257647,0.0010877225259257647,268486.84052299627,-0.01324467752881442
2026-07-09,NORMAL_PARTICIPATION,0,False,0.0,19.186243386243405,48.61441798941802,51.458994708994744,63.87103174603171,45.19841269841273,0.35,0.35,0.01664230293489255,0.00014821428571428573,0.0,0.0,0.005921145312926678,0.005921145312926678,270076.5901203415,-0.007401955876158661
2026-07-10,NORMAL_PARTICIPATION,0,False,0.0,15.203439153439172,54.41600529100532,56.93915343915347,60.34259259259256,42.2751322751323,0.35,0.35,0.0030831766397523275,0.00014662698412698413,0.0,0.0,0.0011744193635958543,0.0011744193635958543,270393.77329743275,-0.006236229512872393
2026-07-13,NORMAL_PARTICIPATION,0,False,0.0,12.748941798941816,55.175264550264586,56.71560846560851,60.921957671957635,43.40608465608469,0.35,0.35,-0.018979752174332565,0.00014742063492063494,0.0,0.0,-0.006547089848317984,-0.006547089848317984,268623.4809692288,-0.01274249020625473
2026-07-14,NORMAL_PARTICIPATION,0,False,0.0,11.67142857142859,54.45833333333337,55.13888888888892,59.118386243386205,43.941798941798965,0.35,0.35,0.011169809199988778,0.00014900793650793654,0.0,0.0,0.004006288378726231,0.004006288378726231,269699.66409928876,-0.008787251917957928
2026-07-15,NORMAL_PARTICIPATION,0,False,0.0,12.095238095238114,52.609126984127016,51.12433862433866,58.495370370370324,47.75793650793653,0.35,0.35,-0.0027094999235782735,0.0001470238095238095,0.0,0.0,-0.0008527594970619194,-0.0008527594970619194,269469.6751493737,-0.00963251800249365
2026-07-16,NORMAL_PARTICIPATION,0,False,0.0,12.897089947089965,50.023809523809554,48.95171957671962,56.63888888888885,51.12433862433864,0.35,0.35,-0.01644049377211798,0.00014662698412698413,0.0,0.0,-0.005658865280558754,-0.005658865280558754,267944.7825605075,-0.015236874161363767
2026-07-17,NORMAL_PARTICIPATION,0,False,0.0,21.173280423280442,44.53703703703707,41.60383597883602,61.25925925925922,59.35185185185187,0.35,0.35,-0.015029605915516941,0.0001470238095238095,0.0,0.0,-0.005164796594240453,-0.005164796594240453,266560.9022600945,-0.020322975399828636
2026-07-20,NORMAL_PARTICIPATION,0,False,0.0,27.423280423280442,42.40608465608469,34.720899470899504,63.49589947089944,67.73148148148151,0.35,0.35,0.0010498612169760335,0.00014742063492063494,0.0,0.0,0.0004632748386400244,0.0004632748386400244,266684.39321907674,-0.0198691156843378
2026-07-21,NORMAL_PARTICIPATION,0,False,0.0,26.505820105820124,46.070767195767225,35.6421957671958,61.94232804232801,66.71296296296299,0.35,0.35,0.01854725167370641,0.00014781746031746032,0.0,0.0,0.0065876194350035925,0.0065876194350035925,268441.2085108589,-0.013412386421972622
2026-07-22,RANGE_CARRY,0,False,0.0,21.361904761904782,51.414682539682566,39.912037037037074,60.300793650793615,66.75925925925928,0.35,0.35,-0.0051059988433925785,0.00014821428571428573,0.0,0.0,-0.0016907603094731165,-0.0016907603094731165,267987.3387700817,-0.015080469600828206
2026-07-23,NORMAL_PARTICIPATION,0,False,0.0,20.738888888888905,47.707671957671984,40.21428571428575,64.04365079365074,66.71296296296299,0.35,0.35,-0.018983483377046806,0.00014900793650793654,0.0,0.0,-0.006547364023236223,-0.006547364023236223,266232.72810953564,-0.021529096299946482
2026-07-24,NORMAL_PARTICIPATION,0,False,0.0,23.485714285714298,42.34656084656087,35.03306878306883,67.26521164021159,72.75132275132277,0.35,0.35,-0.011171165963350549,0.0001513888888888889,0.0,0.0,-0.003811505309394914,-0.003811505309394914,265217.9806528115,-0.025258543344487627
