date,state,event_id,event_active,deployment_fraction,P,S,G,E,R_proxy,target_asset_weight,executed_asset_weight,asset_return,cash_return,turnover,transaction_cost,gross_return,portfolio_return,equity,drawdown
2016-07-25,DATA_GUARD,0,False,0.0,3.851095993953143,77.5586266854815,66.28618636582884,30.493579203693017,18.647355671803695,0.35,0.35,0.0,7.738095238095238e-06,0.0,0.0,5.029761904761905e-06,5.029761904761905e-06,100000.50297619047,0.0
2016-07-26,DATA_GUARD,0,False,0.0,5.468631897203331,73.87405150669305,66.47797758799264,30.80174595488802,31.155264937760645,0.35,0.35,0.0033444816053511683,7.3412698412698415e-06,0.0,0.0,0.001175340387269734,0.001175340387269734,100118.03760608567,0.0
2016-07-27,DATA_GUARD,0,False,0.0,6.50415721844294,70.31712228119206,67.52307640547485,36.07538034686679,44.47269529645439,0.35,0.35,0.019493670886075787,6.944444444444444e-06,0.0,0.0,0.006827298699015414,0.006827298699015414,100801.57335398167,0.0
2016-07-28,DATA_GUARD,0,False,0.0,4.542705971277406,70.54101072924267,70.03188776730246,33.497054174958045,51.51156765453916,0.35,0.35,0.010884860524791096,6.944444444444444e-06,0.0,0.0,0.003814215072565772,0.003814215072565772,101186.05223440677,0.0
2016-07-29,DATA_GUARD,0,False,0.0,1.9614512471655383,73.57160218537092,73.79587260298322,32.09428924790484,49.70358973453873,0.35,0.35,0.0065506653019447025,4.563492063492064e-06,0.0,0.0,0.0022956991255219153,0.0022956991255219153,101418.34496603633,0.0
2016-08-01,DATA_GUARD,0,False,0.0,0.0,76.91407481483638,75.5279296412806,28.43815937102858,50.1186023012217,0.35,0.35,0.015700630465731225,5.7539682539682555e-06,0.0,0.0,0.005498960742371007,0.005498960742371007,101976.04046356078,0.0
2016-08-02,DATA_GUARD,0,False,0.0,0.0,74.06223865417668,74.35430512029757,34.766897135052275,52.32756544097243,0.35,0.35,-0.022546153538104297,6.15079365079365e-06,0.0,0.0,-0.007887155722463486,-0.007887155722463486,101171.73955246445,-0.007887155722463346
2016-08-03,DATA_GUARD,0,False,0.0,0.4421768707483044,68.79934879934878,72.6965618433892,41.11396971785505,56.45309853709376,0.35,0.35,0.009505080301540625,6.15079365079365e-06,0.0,0.0,0.0033307761214122346,0.0033307761214122346,101508.71996672754,-0.004582649950997331
2016-08-04,DATA_GUARD,0,False,0.0,0.45918367346939265,62.8174603174603,72.15791105341405,49.30114638447969,55.91931216931216,0.35,0.35,0.008928571428571619,5.7539682539682555e-06,0.0,0.0,0.003128740079365146,0.003128740079365146,101826.3143672925,-0.0014682477922034476
2016-08-05,DATA_GUARD,0,False,0.0,0.45918367346939265,64.512617012617,75.37828540269369,44.3959435626102,51.593915343915334,0.35,0.35,0.028921962992759287,4.9603174603174595e-06,0.0,0.0,0.010125911253814956,0.010125911253814956,102857.39858987877,0.0
2016-08-08,DATA_GUARD,0,False,0.0,0.01700680272109303,66.05311355311353,77.12260387764704,43.209876543209845,48.69708994708994,0.35,0.35,-0.003166660150905165,5.7539682539682555e-06,0.0,0.0,-0.0011045909734517284,-0.0011045909734517284,102743.78323584366,-0.0011045909734517245
2016-08-09,DATA_GUARD,0,False,0.0,0.0,69.35083435083435,77.46334953044892,36.69091710758375,48.73677248677247,0.35,0.35,0.006627970821240892,6.944444444444444e-06,0.0,0.0,0.002324303676323201,0.002324303676323201,102982.59098893807,0.0
2016-08-10,DATA_GUARD,0,False,0.0,0.0,66.60256410256409,75.44046495364303,39.6869488536155,51.19708994708994,0.35,0.35,-0.007714185530058093,6.15079365079365e-06,0.0,0.0,-0.0026959669196473164,-0.0026959669196473164,102704.95333033231,-0.0026959669196474634
2016-08-11,DATA_GUARD,0,False,0.0,0.0,65.82214082214081,74.82889337363305,35.65476190476188,52.0701058201058,0.35,0.35,0.012917664611881152,5.7539682539682555e-06,0.0,0.0,0.004524922693523482,0.004524922693523482,103169.685304394,0.0
2016-08-12,DATA_GUARD,0,False,0.0,1.007180650037798,61.730769230769205,75.08413867228691,39.77513227513225,51.68650793650793,0.35,0.35,0.0018606093495618925,5.7539682539682555e-06,0.0,0.0,0.0006549533517117418,0.0006549533517117418,103237.25663557916,0.0
2016-08-15,DATA_GUARD,0,False,0.0,1.1621315192743815,61.89560439560437,76.16419695883293,37.506613756613724,50.2116402116402,0.35,0.35,0.012574479609997802,6.15079365079365e-06,0.0,0.0,0.004405065879372247,0.004405065879372247,103692.02355226454,0.0
2016-08-16,DATA_GUARD,0,False,0.0,3.473167044595622,57.61294261294259,74.5354683615317,45.864197530864175,52.123015873015866,0.35,0.35,-0.015780826105231016,6.944444444444444e-06,0.0,0.0,-0.0055187752479419665,-0.0055187752479419665,103119.77057927528,-0.005518775247941976
2016-08-17,DATA_GUARD,0,False,0.0,3.287981859410437,55.878103378103354,72.39380695212151,48.97045855379185,54.953703703703695,0.35,0.35,0.004697569687087455,5.357142857142857e-06,0.0,0.0,0.001647631533337752,0.001647631533337752,103289.67396499225,-0.0038802366227281837
2016-08-18,DATA_GUARD,0,False,0.0,3.4939531368102856,53.35673585673584,71.05992246859078,55.414462081128725,55.78042328042327,0.35,0.35,0.0009660342362534102,6.547619047619047e-06,0.0,0.0,0.0003423679350696459,0.0003423679350696459,103325.03703738165,-0.003539197156258722
2016-08-19,DATA_GUARD,0,False,0.0,1.6761148904006102,54.9165649165649,71.44004071225187,55.04188712522043,52.29497354497354,0.35,0.35,-0.0013511426806670501,6.547619047619047e-06,0.0,0.0,-0.00046864398585251516,-0.00046864398585251516,103276.61438018609,-0.0040061825186492594
2016-08-22,DATA_GUARD,0,False,0.0,2.020030234315954,53.827838827838804,72.43265022436016,57.8769841269841,50.05291005291005,0.35,0.35,0.0009664076694111401,6.547619047619047e-06,0.0,0.0,0.00034249863667485135,0.00034249863667485135,103311.9864798117,-0.0036650559940252236
2016-08-23,DATA_GUARD,0,False,0.0,1.7365835222978132,53.423890923890916,72.73695771728019,56.66446208112871,50.27116402116402,0.35,0.35,0.005947323704333041,6.15079365079365e-06,0.0,0.0,0.00208556131238958,0.00208556131238958,103527.44996192011,-0.0015871383806246309
2016-08-24,DATA_GUARD,0,False,0.0,3.478835978835985,43.226495726495706,69.6372149603841,59.66049382716046,55.224867724867714,0.35,0.35,-0.019272113022112958,6.547619047619047e-06,0.0,0.0,-0.006740983605358583,-0.006740983605358583,102829.57311902223,-0.008317423112179867
2016-08-25,DATA_GUARD,0,False,0.0,5.958049886621322,33.07997557997556,63.95605061881192,62.5617283950617,59.19312169312169,0.35,0.35,-0.004736553667893273,6.944444444444444e-06,0.0,0.0,-0.0016532798948737564,-0.0016532798948737564,102659.56705318611,-0.00995695197864499
2016-08-26,DATA_GUARD,0,False,0.0,10.149281934996228,27.126577126577107,58.261849977512554,67.54409171075834,61.944444444444436,0.35,0.35,0.004837758112094415,7.738095238095238e-06,0.0,0.0,0.0016982451011378068,0.0016982451011378068,102833.90816001911,-0.008275616222427229
2016-08-29,DATA_GUARD,0,False,0.0,11.014739229024952,31.77960927960926,56.928293094062816,66.22795414462077,61.269841269841265,0.35,0.35,0.002779082511351172,8.134920634920636e-06,0.0,0.0,0.0009779665773856085,0.0009779665773856085,102934.47628522156,-0.0073057429211143
2016-08-30,DATA_GUARD,0,False,0.0,10.68594104308391,37.35551485551483,57.114118594674856,66.7085537918871,60.84656084656084,0.35,0.35,-0.009055778914087265,7.738095238095238e-06,0.0,0.0,-0.0031644928580257803,-0.0031644928580257803,102608.74087017236,-0.010447116807843604
2016-08-31,DATA_GUARD,0,False,0.0,7.666288737717317,33.35571835571834,56.20814226191913,66.41534391534388,61.772486772486765,0.35,0.35,-0.002599755780517632,7.738095238095238e-06,0.0,0.0,-0.0009048847612764092,-0.0009048847612764092,102515.89178418518,-0.011342548132321384
2016-09-01,DATA_GUARD,0,False,0.0,5.304232804232812,34.39458689458687,55.026491220152906,65.44532627865958,63.16137566137565,0.35,0.35,0.004423206034516847,7.738095238095238e-06,0.0,0.0,0.0015531518739856582,0.0015531518739856582,102675.11453362313,-0.009807012958222838
2016-09-02,DATA_GUARD,0,False,0.0,2.1560846560846625,39.078144078144064,56.643042729847956,59.45987654320984,61.21693121693121,0.35,0.35,0.011717060511933441,7.738095238095238e-06,0.0,0.0,0.004106000941081466,0.004106000941081466,103096.69865052382,-0.005741279621577222
2016-09-06,DATA_GUARD,0,False,0.0,0.9070294784580563,49.877899877899864,60.89131675368393,49.63624338624336,58.39285714285713,0.35,0.35,0.018537950332284003,7.738095238095238e-06,0.0,0.0,0.006493312378204163,0.006493312378204163,103766.13772002324,0.0
2016-09-07,DATA_GUARD,0,False,0.0,0.1681783824641027,56.06532356532355,64.69248249502756,39.46428571428569,54.279100529100525,0.35,0.35,0.001831501831501825,7.3412698412698415e-06,0.0,0.0,0.0006457974664224642,0.0006457974664224642,103833.14962886328,0.0
2016-09-08,DATA_GUARD,0,False,0.0,0.0,56.77146927146925,64.46859332698008,36.71296296296293,54.52380952380952,0.35,0.35,-0.017138939670932385,8.134920634920636e-06,0.0,0.0,-0.005993341186413636,-0.005993341186413636,103210.84213667757,-0.005993341186413481
2016-09-09,DATA_GUARD,0,False,0.0,12.550018979235853,40.81298331298329,52.58503467789355,51.48567019400349,61.2037037037037,0.35,0.35,-0.07579632643571266,8.53174603174603e-06,0.0,0.0,-0.026523168617578793,-0.026523168617578793,100473.36356752417,-0.03235754740512242
2016-09-12,DATA_GUARD,0,False,0.0,15.90413840478385,34.76190476190474,46.82068265238669,63.90630511463841,57.1031746031746,0.35,0.35,0.05127882599580724,8.53174603174603e-06,0.0,0.0,0.01795313473345317,0.01795313473345317,102277.17540077514,-0.014985332079877622
2016-09-13,DATA_GUARD,0,False,0.0,27.52889034857424,25.912698412698393,37.82879811254853,76.1241181657848,60.74074074074074,0.35,0.35,-0.023611055717305374,9.325396825396825e-06,0.0,0.0,-0.008257807993120371,-0.008257807993120371,101432.59012423684,-0.023119394077969257
2016-09-14,DATA_GUARD,0,False,0.0,26.30983537887384,32.67602767602766,40.004381822297354,75.44091710758373,59.11375661375661,0.35,0.35,0.012867121441117568,8.928571428571428e-06,0.0,0.0,0.00450929607581972,0.00450929607581972,101889.9797048443,-0.01871435019514056
2016-09-15,DATA_GUARD,0,False,0.0,27.065693277588878,35.551485551485534,41.54189645306699,70.50925925925922,60.29761904761904,0.35,0.35,0.046378448136796147,7.738095238095238e-06,0.0,0.0,0.016237486609783414,0.016237486609783414,103544.41688597282,-0.0027807375960614555
2016-09-16,DATA_GUARD,0,False,0.0,15.440941333798486,50.64407814407813,49.6287910710509,54.609788359788325,47.65873015873015,0.35,0.35,-0.0011177060047791176,6.15079365079365e-06,0.0,0.0,-0.00038719908579967527,-0.00038719908579967527,103504.32458241492,-0.0031668599828059696
2016-09-19,DATA_GUARD,0,False,0.0,5.995842781557073,57.65059015059014,54.05865517459542,43.30467372134035,37.347883597883595,0.35,0.35,-0.013118802330516544,6.547619047619047e-06,0.0,0.0,-0.004587324863299837,-0.004587324863299837,103029.51662079895,-0.007739657430568148
2016-09-20,DATA_GUARD,0,False,0.0,1.8858654572940339,60.35816035816035,52.808504357473595,37.61684303350967,37.857142857142854,0.35,0.35,0.005551863001915791,6.547619047619047e-06,0.0,0.0,0.001947408003051479,0.001947408003051479,103230.15712601681,-0.005807321698337864
2016-09-21,DATA_GUARD,0,False,0.0,1.8858654572940339,61.54761904761904,55.30891992648602,31.220238095238063,36.67328042328042,0.35,0.35,0.029083556903456653,6.547619047619047e-06,0.0,0.0,0.010183500868590779,0.010183500868590779,104281.40152077438,0.0
2016-09-22,DATA_GUARD,0,False,0.0,0.0,72.12148962148962,63.472096990505406,22.34457671957669,27.400793650793645,0.35,0.35,0.023349831866097404,3.3730158730158734e-06,0.0,0.0,0.008174633613451552,0.008174633613451552,105133.86377090395,0.0
2016-09-23,DATA_GUARD,0,False,0.0,0.0,77.45726495726494,70.93400793118765,22.889109347442652,17.149470899470895,0.35,0.35,-0.01798043197341692,1.7857142857142853e-06,0.0,0.0,-0.006291990476410208,-0.006291990476410208,104472.36250130922,-0.006291990476410048
2016-09-26,DATA_GUARD,0,False,0.0,1.0336356764928243,69.62454212454212,68.14437397614581,33.34215167548498,21.223544973544968,0.35,0.35,-0.024851492593428115,1.7857142857142853e-06,0.0,0.0,-0.008696861693414125,-0.008696861693414125,103563.78081385112,-0.014934131598874578
2016-09-27,DATA_GUARD,0,False,0.0,1.0336356764928243,66.67073667073666,66.58629529095987,37.746913580246876,25.178571428571427,0.35,0.35,0.02837645063037364,4.563492063492064e-06,0.0,0.0,0.009934723990472042,0.009934723990472042,104592.65839164649,-0.005147774083874568
2016-09-28,DATA_GUARD,0,False,0.0,1.6402116402116453,63.130850630850624,66.5582727046013,38.359788359788325,28.379629629629623,0.35,0.35,0.005473699996251025,4.9603174603174595e-06,0.0,0.0,0.001919019205037065,0.001919019205037065,104793.37371180595,-0.0032386335561674917
2016-09-29,DATA_GUARD,0,False,0.0,5.975056689342408,59.73341473341472,67.18928128037678,43.21428571428569,27.109788359788354,0.35,0.35,-0.021216301875536026,5.357142857142857e-06,0.0,0.0,-0.007422223513580466,-0.007422223513580466,104015.57386937477,-0.0106368192076155
2016-09-30,DATA_GUARD,0,False,0.0,9.064625850340141,53.75457875457874,66.02723586193333,47.17151675485005,28.08201058201057,0.35,0.35,0.020571428571428463,4.9603174603174595e-06,0.0,0.0,0.007203224206349168,0.007203224206349168,104764.82136890794,-0.003510214394861211
2016-10-03,DATA_GUARD,0,False,0.0,8.45804988662132,52.67297517297516,63.08719032652772,47.35449735449732,30.27116402116401,0.35,0.35,-0.0022769690182904423,6.15079365079365e-06,0.0,0.0,-0.0007929411405286389,-0.0007929411405286389,104681.74903196441,-0.004300372141983977
2016-10-04,DATA_GUARD,0,False,0.0,6.160241874527595,55.04985754985754,62.660415423191814,43.81393298059962,30.310846560846553,0.35,0.35,-0.005686707321635565,7.3412698412698415e-06,0.0,0.0,-0.001985575737175622,-0.001985575737175622,104473.89549096144,-0.006277409164573644
2016-10-05,DATA_GUARD,0,False,0.0,5.476190476190482,53.98962148962148,61.00934184592308,44.38712522045852,31.593915343915338,0.35,0.35,0.01042254581028712,7.738095238095238e-06,0.0,0.0,0.003652920795505254,0.003652920795505254,104855.53035638781,-0.0026474192475475222
2016-10-06,DATA_GUARD,0,False,0.0,5.476190476190482,52.395197395197386,59.82258559652533,44.61419753086417,31.48148148148147,0.35,0.35,-0.0015640128100097295,7.3412698412698415e-06,0.0,0.0,-0.0005426326581065799,-0.0005426326581065799,104798.63232123334,-0.003188615329510869
2016-10-07,DATA_GUARD,0,False,0.0,3.8964474678760452,52.847985347985336,60.422622393636026,46.569664902998205,35.350529100529094,0.35,0.35,-0.0065269282410861384,7.738095238095238e-06,0.0,0.0,-0.002279395122475386,-0.002279395122475386,104559.75482987822,-0.00546074233775673
2016-10-10,DATA_GUARD,0,False,0.0,1.4909297052154245,55.95136345136344,60.14909918630777,42.88029100529098,42.347883597883595,0.35,0.35,0.017944963772196676,7.738095238095238e-06,0.0,0.0,0.006285767082173598,0.006285767082173598,105216.99309490802,0.0
2016-10-11,DATA_GUARD,0,False,0.0,6.269841269841277,44.374236874236864,54.29727759587365,52.329144620811256,53.63756613756613,0.35,0.35,-0.04134243038908347,7.738095238095238e-06,0.0,0.0,-0.014464820874274453,-0.014464820874274453,103695.0481368604,-0.014464820874274475
2016-10-12,DATA_GUARD,0,False,0.0,12.41723356009071,33.09625559625558,46.99275316942314,57.82297178130508,60.44973544973544,0.35,0.35,-0.002077402477494883,8.53174603174603e-06,0.0,0.0,-0.0007215452322025741,-0.0007215452322025741,103620.22746927422,-0.015175929083940609
2016-10-13,DATA_GUARD,0,False,0.0,22.56538170823886,17.60480260480259,37.290830752563714,71.49691358024688,68.4126984126984,0.35,0.35,-0.011757902852737034,9.325396825396825e-06,0.0,0.0,-0.004109204490521454,-0.004109204490521454,103194.43076524862,-0.019222772578522562
2016-10-14,DATA_GUARD,0,False,0.0,26.09448223733939,20.910663410663393,34.42226373188985,73.50529100529097,71.66666666666666,0.35,0.35,0.002301540862102547,6.547619047619047e-06,0.0,0.0,0.0008097952541168438,0.0008097952541168438,103277.9971255336,-0.018428543834410838
2016-10-17,DATA_GUARD,0,False,0.0,28.24036281179139,19.908424908424895,32.648328063155276,76.58289241622572,74.48412698412697,0.35,0.35,-0.006888767805713458,7.3412698412698415e-06,0.0,0.0,-0.002406296906602885,-0.002406296906602885,103029.47960053028,-0.020790496192991892
2016-10-18,DATA_GUARD,0,False,0.0,19.961073318216183,30.181115181115164,35.28197050547994,70.89726631393295,72.07010582010581,0.35,0.35,0.02562997217541252,8.134920634920636e-06,0.0,0.0,0.00897577795980708,0.00897577795980708,103954.24933273911,-0.012001329110687298
2016-10-19,DATA_GUARD,0,False,0.0,11.79856386999245,35.687830687830676,37.988896422554255,64.57451499118163,69.14021164021163,0.35,0.35,0.00038210232700319757,8.134920634920636e-06,0.0,0.0,0.00013902351286381755,0.00013902351286381755,103968.70141765846,-0.01186397406475559
2016-10-20,DATA_GUARD,0,False,0.0,2.0143613000755916,49.33658933658932,41.864306859553494,54.06084656084653,63.690476190476176,0.35,0.35,-0.004201520186394747,8.53174603174603e-06,0.0,0.0,-0.0014649864303175263,-0.0014649864303175263,103816.38868090385,-0.013311579934058626
2016-10-21,DATA_GUARD,0,False,0.0,0.14550264550265032,54.13207163207162,44.80553458187928,49.131393298059926,59.84126984126983,0.35,0.35,0.010854972958459719,8.53174603174603e-06,0.0,0.0,0.0038047861703815362,0.0038047861703815362,104211.38784081592,-0.009557441478916018
2016-10-24,DATA_GUARD,0,False,0.0,0.0,62.58852258852258,50.5736487274443,36.837522045855344,54.57671957671957,0.35,0.35,0.03646505274341649,8.134920634920636e-06,0.0,0.0,0.01276805615860847,0.01276805615860847,105541.964693134,0.0
2016-10-25,DATA_GUARD,0,False,0.0,0.0,65.82010582010581,52.560984902342334,30.468474426807727,55.9259259259259,0.35,0.35,-0.00999450851180661,7.738095238095238e-06,0.0,0.0,-0.0034930482172275514,-0.0034930482172275514,105173.30152151996,-0.0034930482172275124
2016-10-26,DATA_GUARD,0,False,0.0,0.5782312925170114,62.94464794464793,50.09115631180091,29.73875661375658,59.43783068783068,0.35,0.35,-0.019192367428444768,8.134920634920636e-06,0.0,0.0,-0.00671204090154297,-0.00671204090154297,104467.3740199572,-0.010181643636265392
2016-10-27,DATA_GUARD,0,False,0.0,6.636054421768712,50.310075229430055,41.888328874568515,43.116903849662435,68.09523809523809,0.35,0.35,-0.013987859593560192,7.738095238095238e-06,0.0,0.0,-0.004890721095841305,-0.004890721095841305,103956.45323001067,-0.015022569152784326
2016-10-28,DATA_GUARD,0,False,0.0,18.106487283782037,35.25743391166777,33.761960145280845,54.20227262360879,74.23280423280421,0.35,0.35,-0.017283572958091242,6.547619047619047e-06,0.0,0.0,-0.0060449945829509815,-0.0060449945829509815,103328.03703337246,-0.020976752386584696
2016-10-31,DATA_GUARD,0,False,0.0,32.25486800359133,25.161788816022668,27.797131414032567,64.29247935174656,80.68783068783068,0.35,0.35,-0.005680933852139969,6.547619047619047e-06,0.0,0.0,-0.001984070895868037,-0.001984070895868037,103123.02688236737,-0.022919203918552733
2016-11-01,DATA_GUARD,0,False,0.0,44.31400402965978,19.527411246161225,22.215191258347463,70.23242063651543,85.97751322751321,0.35,0.35,-0.020544728809579804,8.134920634920636e-06,0.0,0.0,-0.007185367384940233,-0.007185367384940233,102382.05004837048,-0.029939888403167858
2016-11-02,DATA_GUARD,0,False,0.0,53.005825669284604,17.28884847565635,18.2987935877352,76.95395671978274,89.53439153439153,0.35,0.35,-0.026049782252586917,8.53174603174603e-06,0.0,0.0,-0.009111878153484786,-0.009111878153484786,101449.15728322574,-0.03877895794159414
2016-11-03,DATA_GUARD,0,False,0.0,60.713407425790045,16.422812234857304,13.830013380787562,79.26432094799685,91.92724867724866,0.35,0.35,-0.028797637116954378,9.325396825396825e-06,0.0,0.0,-0.010073111482997523,-0.010073111482997523,100427.24861205566,-0.04846144465805147
2016-11-04,DATA_GUARD,0,False,0.0,65.5194473159924,15.403472372600191,11.039982482286126,80.94491066756707,93.19047619047619,0.35,0.35,-0.01136219640971503,9.722222222222223e-06,0.0,0.0,-0.003970449298955817,-0.003970449298955817,100028.50731320785,-0.05223948024803837
2016-11-07,DATA_GUARD,0,False,0.0,58.23972271277162,25.946379954506327,12.772689503139846,75.31165113055046,89.12433862433859,0.35,0.35,0.07164829530889527,9.722222222222223e-06,0.0,0.0,0.025083222802557786,0.025083222802557786,102537.54464875231,-0.028466591967632127
2016-11-08,DATA_GUARD,0,False,0.0,45.755921122669314,37.57475976319188,17.235866378723717,67.66620736133159,86.21560846560844,0.35,0.35,0.0196148786030379,1.091269841269841e-05,0.0,0.0,0.006872300765031519,0.006872300765031519,103242.2134952864,-0.02178992218435749
2016-11-09,DATA_GUARD,0,False,0.0,23.841992371931386,57.123382469247964,26.327867120991396,53.513793488902735,74.14682539682538,0.35,0.35,0.013998044965786827,1.1706349206349205e-05,0.0,0.0,0.004906924865009515,0.004906924865009515,103748.81527980504,-0.01698991883032097
2016-11-10,DATA_GUARD,0,False,0.0,17.78496237044247,64.09385524617234,28.421426240984065,44.72525125208463,71.43518518518518,0.35,0.35,-0.0475455982724714,1.2500000000000002e-05,0.0,0.0,-0.016632834395364986,-0.016632834395364986,102023.17841654074,-0.03334016271939044
2016-11-11,DATA_GUARD,0,False,0.0,14.290781922545259,69.05636627410819,30.123581249000086,37.9289819376026,66.60714285714285,0.35,0.35,-0.0008502024291497934,1.3690476190476188e-05,0.0,0.0,-0.00028867204067861815,-0.00028867204067861815,101993.72717743072,-0.033619210387260345
2016-11-14,DATA_GUARD,0,False,0.0,24.28137416670245,56.16743471582179,25.984018144111968,44.45083014048529,72.1031746031746,0.35,0.35,-0.033753393573483725,1.3690476190476188e-05,0.0,0.0,-0.011804788941195493,-0.011804788941195493,100789.71275477526,-0.04502713164546468
2016-11-15,DATA_GUARD,0,False,0.0,23.08643381705416,56.42686465267108,28.860926712470555,47.975734355044665,65.95238095238095,0.35,0.35,0.04629707288434126,1.646825396825397e-05,0.0,0.0,0.016214679874598806,0.016214679874598806,102423.98568174671,-0.029542552296168534
2016-11-16,DATA_GUARD,0,False,0.0,21.029142523962268,55.38697264503713,32.12177637142089,51.85433475924591,58.54497354497354,0.35,0.35,0.01627254509018039,1.4880952380952383e-05,0.0,0.0,0.005705063400610755,0.005705063400610755,103008.32101380432,-0.024006031029423336
2016-11-17,NORMAL_PARTICIPATION,0,False,0.0,10.309592029838425,71.03871979275202,38.37692255719046,42.46949701557196,45.01322751322751,0.35,0.35,0.02318977756743945,1.329365079365079e-05,0.0,0.0,0.008125063021619682,0.008125063021619682,103845.27011379272,-0.016076018522816593
2016-11-18,NORMAL_PARTICIPATION,0,False,0.0,5.379099851277885,76.27285589982574,41.331425188288705,37.403388861226205,36.977513227513214,0.35,0.35,-0.011255010792476039,1.2103174603174605e-05,0.0,0.0,-0.00393138671387455,-0.00393138671387455,103437.01419856865,-0.019944204191058468
2016-11-21,NORMAL_PARTICIPATION,0,False,0.0,0.9801794135375715,81.07347659409562,45.256048134787825,31.495094591663,27.67195767195766,0.35,0.35,0.03005613597380319,1.2103174603174605e-05,0.0,0.0,0.010527514654323179,0.010527514654323179,104525.94888134352,-0.009626652438625483
2016-11-22,NORMAL_PARTICIPATION,0,False,0.0,0.7000673687196445,80.73277254505825,48.8238731856711,28.66279797842733,21.40873015873015,0.35,0.35,0.008969458426370869,1.2896825396825396e-05,0.0,0.0,0.0031476933857377404,0.0031476933857377404,104854.9645192753,-0.00650926080309544
2016-11-23,NORMAL_PARTICIPATION,0,False,0.0,0.0,81.41629288866234,51.54984085638756,26.06905838981882,16.891534391534382,0.35,0.35,-0.012003000750187565,1.4087301587301586e-05,0.0,0.0,-0.004191893516533902,-0.004191893516533902,104415.42367333054,-0.010673868191471536
2016-11-25,NORMAL_PARTICIPATION,0,False,0.0,0.0,82.9567500604869,52.82764425073686,24.255505163248596,15.859788359788348,0.35,0.35,0.009643128321944028,1.4880952380952383e-05,0.0,0.0,0.0033847675317280287,0.0033847675317280287,104768.84560919166,-0.007325229222235885
2016-11-28,NORMAL_PARTICIPATION,0,False,0.0,0.0,81.01470495449252,51.515486876999006,28.107761939107473,19.589947089947078,0.35,0.35,-0.005565165074828959,1.4087301587301586e-05,0.0,0.0,-0.0019386510301583895,-0.0019386510301583895,104565.7353787229,-0.009249679189216486
2016-11-29,NORMAL_PARTICIPATION,0,False,0.0,0.8512293806411498,77.48122493424351,52.57550071300924,29.54970982177765,22.513227513227502,0.35,0.35,0.009604477047568505,1.3690476190476188e-05,0.0,0.0,0.0033704657761727858,0.0033704657761727858,104918.17061117724,-0.005910389140191374
2016-11-30,NORMAL_PARTICIPATION,0,False,0.0,4.377217553688147,67.0775603471695,49.052649401987274,40.28160786662207,24.94047619047618,0.35,0.35,-0.0323970037453184,1.3690476190476188e-05,0.0,0.0,-0.01133005250133763,-0.01133005250133763,103729.4422298083,-0.017173476622267314
2016-12-01,NORMAL_PARTICIPATION,0,False,0.0,13.534378123880714,55.567149828222604,42.569417066469576,52.5207777882116,30.436507936507933,0.35,0.35,-0.054886781497967885,1.3690476190476188e-05,0.0,0.0,-0.019201474714764948,-0.019201474714764948,101737.68396765595,-0.03604519525990535
2016-12-02,NORMAL_PARTICIPATION,0,False,0.0,21.336980779292656,48.120924589476225,35.509654503614904,63.7463879202441,36.57407407407407,0.35,0.35,0.004013597083998732,1.3690476190476188e-05,0.0,0.0,0.0014136577889233657,0.0014136577889233657,101881.50623702386,-0.03468249304201432
2016-12-05,NORMAL_PARTICIPATION,0,False,0.0,22.647423235845167,50.5093806030431,34.95516901540042,64.60694908280708,38.66402116402116,0.35,0.35,0.02308790536406291,1.4087301587301586e-05,0.0,0.0,0.008089923623453765,0.008089923623453765,102705.7198411238,-0.026873148138341407
2016-12-06,RANGE_CARRY,0,False,0.0,17.306007565024863,57.61210478658625,38.58782354532099,59.91060376499752,35.879629629629626,0.35,0.35,0.007216618157170673,1.4087301587301586e-05,0.0,0.0,0.0025349731010414814,0.0025349731010414814,102966.07607824415,-0.02440629774497105
2016-12-07,RANGE_CARRY,0,False,0.0,9.09724244462693,64.90528275154233,43.45468764304286,49.88669170753733,32.10978835978835,0.35,0.35,0.037130868498139735,1.4087301587301586e-05,0.0,0.0,0.013004960720380654,0.013004960720380654,104305.14585317342,-0.011718739968093805
2016-12-08,RANGE_CARRY,0,False,0.0,4.260811815027419,72.06775472070092,46.858603101062585,38.95799019714921,30.760582010582002,0.35,0.35,0.006106870229007688,1.5277777777777777e-05,0.0,0.0,0.002147335135708246,0.002147335135708246,104529.1239576991,-0.009596568894465363
2016-12-09,RANGE_CARRY,0,False,0.0,0.44506691565515594,78.77452766698998,53.23971795396074,26.78526255019524,27.526455026455015,0.35,0.35,0.023406676783004565,1.4880952380952383e-05,0.0,0.0,0.008202009493099217,0.008202009493099217,105386.4728247055,-0.001473270550539696
2016-12-12,RANGE_CARRY,0,False,0.0,0.0,78.30665572322646,57.212021917243476,28.23914995375006,23.703703703703695,0.35,0.35,-0.013900730251695914,1.6071428571428572e-05,0.0,0.0,-0.004854809159522141,-0.004854809159522141,104874.84161114637,-0.006320927262698728
2016-12-13,GREED_TREND,0,False,0.0,2.4019607843137303,72.0480287230019,63.0432357569976,31.401508382011585,23.399470899470888,0.35,0.35,0.039094804901887104,1.4880952380952383e-05,0.0,0.0,0.013692854334708104,0.013692854334708104,106310.87754070338,0.0
2016-12-14,GREED_EXHAUSTING,0,False,0.0,5.40365528927621,63.756198273773386,64.30263031729781,41.59828505618393,25.681216931216923,0.35,0.35,-0.007307720136024876,1.6071428571428572e-05,0.0,0.0,-0.0025472556190372776,-0.0025472556190372776,106040.07656052306,-0.0025472556190371254
2016-12-15,GREED_EXHAUSTING,0,False,0.0,7.555735633609065,60.67350962541664,66.32445676358063,41.854192760459235,28.234126984126974,0.35,0.35,0.006049562682215681,1.646825396825397e-05,0.0,0.0,0.0021280513038548533,0.0021280513038548533,106265.73528370855,-0.00042462500582363116
2016-12-16,GREED_EXHAUSTING,0,False,0.0,5.267375845249277,60.758587682303464,63.94257504570501,47.19493017887752,25.515873015873,0.35,0.35,-0.012135043106571097,1.4880952380952383e-05,0.0,0.0,-0.004237592468252264,-0.004237592468252264,105815.42440423701,-0.004660418086349427
2016-12-19,GREED_EXHAUSTING,0,False,0.0,2.7792200891196637,63.356686310784035,64.6375236506919,43.238251020925304,20.667989417989407,0.35,0.35,0.01221077334897891,1.4880952380952383e-05,0.0,0.0,0.004283443291190237,0.004283443291190237,106268.67877400579,-0.0003969374317452923
2016-12-20,GREED_EXHAUSTING,0,False,0.0,1.9682905842075449,64.71865474314343,64.97101502509926,41.89035533141964,17.817460317460306,0.35,0.35,0.01206346906245459,1.5277777777777777e-05,0.0,0.0,0.004232144727414662,0.004232144727414662,106718.42320256852,0.0
2016-12-21,GREED_TREND,0,False,0.0,3.450676820355751,65.59602042299856,65.45685172213972,38.19333927526009,18.743386243386237,0.35,0.35,-0.0034720979346386516,1.5277777777777777e-05,0.0,0.0,-0.0012053037215679725,-0.0012053037215679725,106589.79508992258,-0.0012053037215681295
2016-12-22,GREED_EXHAUSTING,0,False,0.0,6.67888764491546,62.436941648681454,64.31713823013213,43.25892211759242,20.436507936507926,0.35,0.35,-0.008692528735632199,1.5277777777777777e-05,0.0,0.0,-0.003032454501915714,-0.003032454501915714,106266.56638594388,-0.00423410319478712
2016-12-23,GREED_EXHAUSTING,0,False,0.0,8.847201197312057,57.6085661004137,63.33527688396717,47.16583648842269,21.058201058201046,0.35,0.35,0.0030799333285020936,1.4880952380952383e-05,0.0,0.0,0.0010876492840233517,0.0010876492840233517,106382.14714078915,-0.003151059130072298
2016-12-27,GREED_EXHAUSTING,0,False,0.0,11.120781767361985,54.1469456271447,63.275582585157004,47.31498951410558,24.993386243386237,0.35,0.35,0.014593794025214102,1.5277777777777777e-05,0.0,0.0,0.005117758464380491,0.005117758464380491,106926.5852747779,0.0
2016-12-28,RANGE_CARRY,0,False,0.0,13.679997024346006,45.455946238883655,59.72877727731275,51.126819699921555,32.96957671957671,0.35,0.35,-0.02314237903656491,1.4880952380952383e-05,0.0,0.0,-0.008090160043750098,-0.008090160043750098,106061.53208697327,-0.008090160043749961
2016-12-29,RANGE_CARRY,0,False,0.0,17.342717745890255,37.16980241465478,56.16829995940273,56.84379901901254,43.8558201058201,0.35,0.35,-0.00484746874658315,1.5674603174603176e-05,0.0,0.0,-0.0016864255692406102,-0.0016864255692406102,105882.66720734896,-0.009762942160233545
2016-12-30,RANGE_CARRY,0,False,0.0,22.029147544066564,26.470828471548643,49.32974101297404,68.32293199244317,56.07142857142856,0.35,0.35,-0.029226486961617337,1.329365079365079e-05,0.0,0.0,-0.010220629563550193,-0.010220629563550193,104800.47968862198,-0.019883788308513672
2017-01-03,RANGE_CARRY,0,False,0.0,22.557946877419976,29.41167801925303,49.394384281888854,67.71589006483674,61.08465608465608,0.35,0.35,0.024220931109937283,1.4880952380952383e-05,0.0,0.0,0.008486998507525668,0.008486998507525668,105689.92120332729,-0.011565543482686236
2017-01-04,RANGE_CARRY,0,False,0.0,19.39086735239302,37.34804038328942,50.35541021805313,63.69018876574716,60.49603174603174,0.35,0.35,0.01701782820097253,1.5674603174603176e-05,0.0,0.0,0.005966428362403877,0.005966428362403877,106320.51254681507,-0.005668120106944063
2017-01-05,RANGE_CARRY,0,False,0.0,14.75643837951562,47.503982875155224,56.83521403210659,53.78124187717588,51.977513227513214,0.35,0.35,0.01774719304599781,1.5674603174603176e-05,0.0,0.0,0.006221706058162725,0.006221706058162725,106982.00752383456,0.0
2017-01-06,GREED_EXHAUSTING,0,False,0.0,12.072916045850969,54.95447221097721,63.229831802376886,44.914068086607195,43.61772486772486,0.35,0.35,0.02533807829181489,1.5277777777777777e-05,0.0,0.0,0.008878257957690766,0.008878257957690766,107931.82138346275,0.0
2017-01-09,GREED_TREND,0,False,0.0,12.921661276194333,57.91829101422408,69.13263734889597,37.2967792473917,39.900793650793645,0.35,0.35,0.010134666111342394,1.5674603174603176e-05,0.0,0.0,0.0035573216310333298,0.0035573216310333298,108315.76958634699,0.0
2017-01-10,GREED_TREND,0,False,0.0,13.902053433057077,59.62385953493333,72.60465342392281,32.21299030640375,39.00132275132274,0.35,0.35,0.005738042880703675,1.4484126984126985e-05,0.0,0.0,0.0020177296907859686,0.0020177296907859686,108534.32153062167,0.0
2017-01-11,GREED_TREND,0,False,0.0,13.083203165677398,57.97816633126316,73.66440829325636,30.94258894575128,40.218253968253954,0.35,0.35,0.007686788972020242,1.5277777777777777e-05,0.0,0.0,0.00270030669576264,0.00270030669576264,108827.39748577088,0.0
2017-01-12,GREED_TREND,0,False,0.0,9.817587641117058,58.03942736357836,72.89473647609626,32.62795946013797,41.23677248677247,0.35,0.35,-0.005085435313262887,1.5277777777777777e-05,0.0,0.0,-0.0017699718040864547,-0.0017699718040864547,108634.77606070897,-0.0017699718040863344
2017-01-13,GREED_TREND,0,False,0.0,6.196931457851672,59.36746147123756,73.0715575786514,32.377111977703926,40.55555555555554,0.35,0.35,0.011483677502896583,1.5277777777777777e-05,0.0,0.0,0.00402921768156936,0.00402921768156936,109072.4892212461,0.0
2017-01-17,GREED_TREND,0,False,0.0,4.7169062927054,61.46218185233565,71.51913973509409,33.98990165956992,41.81878306878306,0.35,0.35,-0.00939931947579431,1.5674603174603176e-05,0.0,0.0,-0.0032795733244645165,-0.0032795733244645165,108714.77799516315,-0.003279573324464491
2017-01-18,GREED_TREND,0,False,0.0,4.546832653756833,62.54531151493682,71.73771000343193,33.30909309157332,40.87962962962962,0.35,0.35,0.006801795674058031,1.646825396825397e-05,0.0,0.0,0.0023913328509996756,0.0023913328509996756,108974.75121517213,-0.0008960830248928575
2017-01-19,GREED_TREND,0,False,0.0,5.240856645684144,59.98383564826557,69.66442329450845,38.299469830178346,43.73677248677247,0.35,0.35,-0.0026685583029320004,1.5674603174603176e-05,0.0,0.0,-0.0009238069139627079,-0.0009238069139627079,108874.0795865522,-0.001819062131161675
2017-01-20,GREED_TREND,0,False,0.0,4.680449476280435,58.97432276191444,70.30638144139392,37.812194653438326,41.494708994708986,0.35,0.35,0.006502963590177657,1.5277777777777777e-05,0.0,0.0,0.0022859678121177353,0.0022859678121177353,109122.96222806099,0.0
2017-01-23,GREED_TREND,0,False,0.0,5.800735617751804,55.37260616718413,69.1763437774361,39.54411109194402,41.666666666666664,0.35,0.35,0.0022209509708248643,1.4484126984126985e-05,0.0,0.0,0.000786747522328385,0.000786747522328385,109208.81444822306,0.0
2017-01-24,GREED_TREND,0,False,0.0,5.104305204805665,60.00416444503153,69.77329444051873,33.84707575192953,37.063492063492056,0.35,0.35,0.020850820938119075,1.4880952380952383e-05,0.0,0.0,0.007307459947389295,0.007307459947389295,110006.85348570532,0.0
2017-01-25,GREED_TREND,0,False,0.0,4.32091972585775,64.28341418693371,69.99799417844413,30.540962656321927,35.09920634920634,0.35,0.35,0.029206683331140626,1.4880952380952383e-05,0.0,0.0,0.010232011784946838,0.010232011784946838,111132.44490699597,0.0
2017-01-26,GREED_TREND,0,False,0.0,2.4584738606513916,70.75498738288684,71.9201108067522,25.72394157507834,31.798941798941787,0.35,0.35,0.0041224594145468085,1.4484126984126985e-05,0.0,0.0,0.0014522754776310654,0.0014522754776310654,111293.83983150359,0.0
2017-01-27,GREED_TREND,0,False,0.0,1.4826059836521817,70.87759788016409,74.71248320210974,25.80615109181112,31.879629629629623,0.35,0.35,0.0047738773431780235,1.4880952380952383e-05,0.0,0.0,0.001680529689159927,0.001680529689159927,111480.87243356105,0.0
2017-01-30,GREED_TREND,0,False,0.0,1.9439821467827307,66.73578468194846,73.26782857095263,32.34492331217691,35.47751322751322,0.35,0.35,-0.022710715530074976,1.5277777777777777e-05,0.0,0.0,-0.007938819879970686,-0.007938819879970686,110595.845867249,-0.007938819879970915
2017-01-31,GREED_EXHAUSTING,0,False,0.0,4.319706753917285,59.399467343340355,70.37393395979619,41.74431697367401,43.00396825396825,0.35,0.35,-0.005542231153173094,1.4880952380952383e-05,0.0,0.0,-0.0019301082845629637,-0.0019301082845629637,110382.38390890238,-0.009853605382513675
2017-02-01,GREED_EXHAUSTING,0,False,0.0,6.599571742212642,52.50584695973448,69.78313740116054,50.07810376189667,46.67989417989417,0.35,0.35,0.019033340937978815,1.5277777777777777e-05,0.0,0.0,0.006671599883848141,0.006671599883848141,111118.8110085679,-0.0032477448111909446
2017-02-02,GREED_EXHAUSTING,0,False,0.0,10.679910490141417,47.10516731961175,71.89223415048887,54.041803781830396,48.7632275132275,0.35,0.35,-0.0025266255157194717,1.4880952380952383e-05,0.0,0.0,-0.0008746463114541961,-0.0008746463114541961,111021.62135038609,-0.0041195504946254236
2017-02-03,GREED_EXHAUSTING,0,False,0.0,10.090559697701378,48.504348184702195,75.20369273012882,52.39149684067839,45.25132275132274,0.35,0.35,0.00865717583686032,1.5277777777777777e-05,0.0,0.0,0.0030399420984566676,0.0030399420984566676,111359.12065096805,-0.0010921315911440743
2017-02-06,GREED_EXHAUSTING,0,False,0.0,9.42841455761589,49.66366531282489,75.80969825333626,50.016098036333965,45.67460317460316,0.35,0.35,0.0037192447072287305,1.4880952380952383e-05,0.0,0.0,0.0013114082665776747,0.0013114082665776747,111505.15792234855,0.0
2017-02-07,GREED_EXHAUSTING,0,False,0.0,5.432758525948778,53.019684845787516,77.72978541394168,44.45918635115468,44.97354497354497,0.35,0.35,0.010292953285827355,1.5674603174603176e-05,0.0,0.0,0.003612722142103066,0.003612722142103066,111907.99507533331,0.0
2017-02-08,GREED_EXHAUSTING,0,False,0.0,4.3530768030137486,53.10075472969745,78.82789618506241,40.84432722966489,45.634920634920626,0.35,0.35,0.0056112852664576,1.5674603174603176e-05,0.0,0.0,0.0019741383353236515,0.0019741383353236515,112128.91693844074,0.0
2017-02-09,GREED_TREND,0,False,0.0,3.0515216982132074,55.36413823329071,79.14328132295516,37.835023946429736,45.07936507936507,0.35,0.35,0.010411795878923824,1.6071428571428572e-05,0.0,0.0,0.0036545749861947668,0.0036545749861947668,112538.70047351306,0.0
2017-02-10,GREED_TREND,0,False,0.0,2.3966259117384734,58.42612370152619,78.64632727095388,34.92466219617006,44.128306878306866,0.35,0.35,0.009872581988708218,1.6071428571428572e-05,0.0,0.0,0.003465850124619305,0.003465850124619305,112928.74274257367,0.0
2017-02-13,GREED_TREND,0,False,0.0,2.6664526798216683,63.23541984088015,80.57164546784615,32.16160854061496,42.88624338624337,0.35,0.35,0.017566370329636705,1.646825396825397e-05,0.0,0.0,0.006158933980452212,0.006158933980452212,113624.26341362066,0.0
2017-02-14,GREED_TREND,0,False,0.0,5.593527333363473,66.72071778755688,83.69410550894713,31.264495985825658,41.68386243386242,0.35,0.35,0.009397141827789168,1.5277777777777777e-05,0.0,0.0,0.003298930195281764,0.003298930195281764,113999.10192711248,0.0
2017-02-15,GREED_TREND,0,False,0.0,10.788730789157432,66.77292736438868,86.02191431047419,32.1969844349756,41.5648148148148,0.35,0.35,0.0172213794949585,1.6071428571428572e-05,0.0,0.0,0.006037929251806903,0.006037929251806903,114687.42043931792,0.0
2017-02-16,GREED_TREND,0,False,0.0,15.420414136263256,62.305696114186276,87.0012780549435,37.40325713707845,42.806878306878296,0.35,0.35,-0.0008479532163742087,1.6071428571428572e-05,0.0,0.0,-0.00028633719715954445,-0.00028633719715954445,114654.58116479988,-0.0002863371971595363
2017-02-17,GREED_TREND,0,False,0.0,17.605595013945496,57.99235327293479,87.50843380851269,38.95395613639581,43.203703703703695,0.35,0.35,0.012554505282256878,1.5674603174603176e-05,0.0,0.0,0.0044042653408533985,0.0044042653408533985,115159.55036279406,0.0
2017-02-21,GREED_TREND,0,False,0.0,17.415063546019468,56.43019843549285,88.4300791019673,39.344115057578534,44.55820105820104,0.35,0.35,0.01589595375722541,1.5674603174603176e-05,0.0,0.0,0.005573772307092386,0.005573772307092386,115801.42347550341,0.0
2017-02-22,GREED_TREND,0,False,0.0,19.35676099449992,55.83019297255081,89.79400793284172,37.65647247031043,44.359788359788354,0.35,0.35,0.00011379800853483779,1.5674603174603176e-05,0.0,0.0,5.0017795050685286e-05,5.0017795050685286e-05,115807.21560736939,0.0
2017-02-23,GREED_EXHAUSTING,0,False,0.0,23.51415886557247,50.58673269729366,89.46255162323428,44.73009803180482,46.92460317460316,0.35,0.35,-0.010781134437048423,1.5277777777777777e-05,0.0,0.0,-0.003763466497411392,-0.003763466497411392,115371.37903127255,-0.0037634664974115495
2017-02-24,GREED_EXHAUSTING,0,False,0.0,25.503829970578845,47.347910346854235,89.30047375305897,48.94466043583177,46.97089947089946,0.35,0.35,0.005406182602444298,1.4880952380952383e-05,0.0,0.0,0.0019018365299031232,0.0019018365299031232,115590.79653441951,-0.0018687874655722858
2017-02-27,GREED_EXHAUSTING,0,False,0.0,25.301217523157387,45.47136345370699,87.44178417243984,51.8738394394256,48.3068783068783,0.35,0.35,0.002974573120155588,1.5277777777777777e-05,0.0,0.0,0.0010510311476100113,0.0010510311476100113,115712.28606195423,-0.0008197204717969031
2017-02-28,GREED_EXHAUSTING,0,False,0.0,24.57722991184126,40.801276665408444,85.82666268695841,55.16107093711751,49.451058201058196,0.35,0.35,-0.007842130778224488,1.4484126984126985e-05,0.0,0.0,-0.002735331089838888,-0.002735331089838888,115395.77464841263,-0.003552809354744446
2017-03-01,GREED_EXHAUSTING,0,False,0.0,24.814997142443335,40.10148770736575,86.03973335144322,57.93988642079015,49.662698412698404,0.35,0.35,0.032335019544722954,1.5674603174603176e-05,0.0,0.0,0.011327445332716525,0.011327445332716525,116702.91397736898,0.0
2017-03-02,GREED_EXHAUSTING,0,False,0.0,23.113066955939647,40.218607633129054,85.87367060158424,63.805608240947045,48.58465608465607,0.35,0.35,-0.015786396413954296,1.964285714285714e-05,0.0,0.0,-0.0055124708877411464,-0.0055124708877411464,116059.59256155418,-0.005512470887741094
2017-03-03,GREED_EXHAUSTING,0,False,0.0,20.803927511554377,47.36065722108204,87.78392142900712,61.65498039549818,44.703703703703695,0.35,0.35,0.005176803394625118,2.1230158730158732e-05,0.0,0.0,0.0018256807912933944,0.0018256807912933944,116271.48033033914,-0.0036968541086601636
2017-03-06,GREED_EXHAUSTING,0,False,0.0,20.74590982708292,45.658475254019116,86.92233256021386,66.32414725150161,42.97222222222221,0.35,0.35,-0.006894999015000236,2.2817460317460315e-05,0.0,0.0,-0.0023984183060437336,-0.0023984183060437336,115992.61268344405,-0.006086405812134821
2017-03-07,GREED_EXHAUSTING,0,False,0.0,21.863057270855748,43.651617064424705,86.1830920199014,67.7859212650137,41.57804232804232,0.35,0.35,-0.0049591929267740475,2.4007936507936506e-05,0.0,0.0,-0.001720112365640758,-0.001720112365640758,115793.09235604429,-0.007796048875875705
2017-03-08,GREED_EXHAUSTING,0,False,0.0,23.023119456800814,40.421087241956606,84.02256154764055,70.07161958929777,41.94708994708994,0.35,0.35,0.0050978270156352146,2.48015873015873e-05,0.0,0.0,0.0018003604872183568,0.0018003604872183568,116001.56166421494,-0.006009724087009949
2017-03-09,GREED_EXHAUSTING,0,False,0.0,22.74731722981628,39.518315666337635,82.86473639378357,69.1204187061363,42.488095238095234,0.35,0.35,0.003060183611016676,2.3611111111111114e-05,0.0,0.0,0.0010864114860780587,0.0010864114860780587,116127.58709320992,-0.004929841634208287
2017-03-10,GREED_EXHAUSTING,0,False,0.0,24.154099514441185,38.56336384577387,83.35488070384447,66.38055764425745,42.06481481481481,0.35,0.35,0.010960451977401142,2.3611111111111114e-05,0.0,0.0,0.003851505414312622,0.003851505414312622,116574.85312365048,-0.001097323531641492
2017-03-13,GREED_EXHAUSTING,0,False,0.0,23.950346010649266,41.908168921622455,84.00285114734992,60.946198833017455,39.98941798941798,0.35,0.35,0.005812004023695083,2.4404761904761902e-05,0.0,0.0,0.0020500645035313745,0.0020500645035313745,116813.83909204367,0.0
2017-03-14,GREED_EXHAUSTING,0,False,0.0,24.817790858765033,43.26010423408247,82.97014581183196,58.56179883253049,38.46957671957671,0.35,0.35,-0.007417490832314688,2.5992063492063493e-05,0.0,0.0,-0.0025792269500402995,-0.0025792269500402995,116512.54969011979,-0.002579226950040314
2017-03-15,GREED_EXHAUSTING,0,False,0.0,23.459155216343373,48.1071800801632,82.3935920126053,51.72140699636359,36.974867724867714,0.35,0.35,0.017492792969296733,2.55952380952381e-05,0.0,0.0,0.006139114444015761,0.006139114444015761,117227.83356683151,0.0
2017-03-16,GREED_EXHAUSTING,0,False,0.0,23.07762446639157,50.80710044226709,81.0038720368339,49.25829813835842,36.5515873015873,0.35,0.35,-0.0005776530780656763,2.3611111111111114e-05,0.0,0.0,-0.00018683135510076448,-0.00018683135510076448,117205.93173183069,-0.00018683135510078053
2017-03-17,GREED_EXHAUSTING,0,False,0.0,21.011393053883285,55.61687099629824,80.44456809725894,44.98589242341206,34.19708994708994,0.35,0.35,-0.0023945173808934683,2.3611111111111114e-05,0.0,0.0,-0.0008227338610904916,-0.0008227338610904916,117109.50244307425,-0.0010094115037091456
2017-03-20,GREED_EXHAUSTING,0,False,0.0,20.403829218708882,55.66776906564407,79.04914033866882,46.24514403782461,32.94047619047618,0.35,0.35,0.0029796391325940252,2.3611111111111114e-05,0.0,0.0,0.0010582209186301309,0.0010582209186301309,117233.43016832988,0.0
2017-03-21,GREED_EXHAUSTING,0,False,0.0,23.418054145177177,44.9640189090984,74.511415464165,54.179095694508185,32.56878306878306,0.35,0.35,-0.04458931616878481,2.48015873015873e-05,0.0,0.0,-0.01559013962732865,-0.01559013962732865,115405.74462301492,-0.015590139627328803
2017-03-22,GREED_EXHAUSTING,0,False,0.0,28.027220324264448,36.16779562855627,71.4441834200473,59.98986142478364,33.18253968253968,0.35,0.35,0.019693087265712617,2.5198412698412697e-05,0.0,0.0,0.0069089595112533835,0.0069089595112533835,116203.07823998139,-0.008788891759535344
2017-03-23,RISK_WARNING,0,False,0.0,31.145496907364347,29.30189823963126,66.27118160011089,67.06096514394748,37.14285714285713,0.35,0.35,-0.00801874805884184,2.5198412698412697e-05,0.0,0.0,-0.0027901828523406755,-0.0027901828523406755,115878.850403687,-0.011554551996797446
2017-03-24,RISK_WARNING,0,False,0.0,31.058371907542774,32.21955410905477,65.51353664622589,64.9336066671165,37.16931216931216,0.35,0.35,0.005464947485270377,2.48015873015873e-05,0.0,0.0,0.0019288526515906638,0.0019288526515906638,116102.36363155142,-0.009647986373463757
2017-03-27,RISK_WARNING,0,False,0.0,30.67297970154766,33.05671884026713,64.97751226007584,63.64891383948768,37.334656084656075,0.35,0.35,0.005322009907997138,2.55952380952381e-05,0.0,0.0,0.001879340372560903,0.001879340372560903,116320.55949087394,-0.007786777851208404
2017-03-28,GREED_EXHAUSTING,0,False,0.0,25.459618321112966,39.727820161377664,68.08169326160072,55.364940723294914,32.44708994708994,0.35,0.35,0.018753695829696326,2.55952380952381e-05,0.0,0.0,0.006580430445155619,0.006580430445155619,117085.99884194521,-0.0012575877560946358
2017-03-29,GREED_EXHAUSTING,0,False,0.0,18.444649546921166,49.9115099464886,69.74559109633388,43.801800410573115,31.218253968253958,0.35,0.35,0.01323972470217516,2.55952380952381e-05,0.0,0.0,0.00465054055052321,0.00465054055052321,117630.5120274582,0.0
2017-03-30,GREED_TREND,0,False,0.0,11.244083883897817,60.18884332933669,71.58969294476556,32.76216211914041,30.187830687830683,0.35,0.35,0.005019368214305153,2.55952380952381e-05,0.0,0.0,0.0017734157797687081,0.0017734157797687081,117839.11983366997,0.0
2017-03-31,GREED_TREND,0,False,0.0,10.842192280658475,63.74451316164312,69.6341261112417,28.96372609905913,31.406084656084648,0.35,0.35,-0.0023885782530808086,2.55952380952381e-05,0.0,0.0,-0.0008193654838163783,-0.0008193654838163783,117742.56652623496,-0.0008193654838163367
2017-04-03,GREED_TREND,0,False,0.0,12.235797553634375,61.31896062092837,68.72122817468151,30.54980094114433,33.944444444444436,0.35,0.35,-0.002149425912825742,2.48015873015873e-05,0.0,0.0,-0.000736178037742978,-0.000736178037742978,117655.88703465086,-0.0015549403226852165
2017-04-04,GREED_TREND,0,False,0.0,13.47088806007478,57.53660231660799,68.33719573852579,32.410719412869014,35.53042328042327,0.35,0.35,0.004553510565780572,2.5992063492063493e-05,0.0,0.0,0.0016106235392930413,0.0016106235392930413,117845.38637584528,0.0
2017-04-05,GREED_TREND,0,False,0.0,17.978249940004016,46.690127355570944,67.11863910124099,39.88850604295737,39.06084656084656,0.35,0.35,-0.011427175506215748,2.5992063492063493e-05,0.0,0.0,-0.003982616585905671,-0.003982616585905671,117376.05338549237,-0.003982616585905707
2017-04-06,GREED_EXHAUSTING,0,False,0.0,20.85988400298936,44.03275221600125,66.05933917532683,43.1251227655351,39.78835978835978,0.35,0.35,0.0007962439252080511,2.638888888888889e-05,0.0,0.0,0.0002958381516005956,0.0002958381516005956,117410.7777001681,-0.0036879566442344913
2017-04-07,GREED_EXHAUSTING,0,False,0.0,24.237956539758468,37.70237199705864,62.09841101444325,48.49102422960792,43.49867724867724,0.35,0.35,-0.001152263374485596,2.5992063492063493e-05,0.0,0.0,-0.00038639733980011726,-0.00038639733980011726,117365.41048800088,-0.004072928967398082
2017-04-10,NORMAL_PARTICIPATION,0,False,0.0,23.62589279854842,43.6265593320821,59.55749132225892,44.08026130814179,47.38095238095237,0.35,0.35,0.0011535926170072042,2.7182539682539677e-05,0.0,0.0,0.0004214260667461722,0.0004214260667461722,117414.87133131489,-0.0036532193390867995
2017-04-11,NORMAL_PARTICIPATION,0,False,0.0,25.546514468661595,39.29165783535729,54.19444475372421,46.94305413707937,55.628306878306866,0.35,0.35,-0.012565157750342837,2.7182539682539677e-05,0.0,0.0,-0.004380136561826341,-0.004380136561826341,116900.57816049446,-0.008017354301317559
2017-04-12,NORMAL_PARTICIPATION,0,False,0.0,27.786644458655672,38.58542266901889,48.33820806174065,48.29523318714195,62.962962962962955,0.35,0.35,-0.013197377194932303,2.7182539682539677e-05,0.0,0.0,-0.004601413367432655,-0.004601413367432655,116362.67027748615,-0.012581876507496759
2017-04-13,RISK_WARNING,0,False,0.0,30.594933451679896,30.990721850325453,42.79781323172301,55.79956977288263,68.58465608465609,0.35,0.35,-0.011853478615874047,2.6785714285714288e-05,0.0,0.0,-0.004131306801270202,-0.004131306801270202,115881.94038635482,-0.016661203716778705
2017-04-17,RISK_WARNING,0,False,0.0,30.33224182837991,32.799147888220254,42.528473903911014,55.884960859761115,68.63756613756613,0.35,0.35,0.023734898563938955,2.6785714285714288e-05,0.0,0.0,0.008324625211664348,0.008324625211664348,116846.61410887167,-0.008475276781631624
2017-04-18,RANGE_CARRY,0,False,0.0,29.42282465911511,34.97458449126986,43.58220497509192,57.636542909102,67.90343915343914,0.35,0.35,-0.0028945976787553285,2.7579365079365076e-05,0.0,0.0,-0.0009951826002627777,-0.0009951826002627777,116730.33039161091,-0.009462024933908797
2017-04-19,RANGE_CARRY,0,False,0.0,24.86778226890715,41.475650716670366,46.15471816955775,53.32360083010291,67.38095238095237,0.35,0.35,0.0034891835310537633,2.7182539682539677e-05,0.0,0.0,0.0012388828866624678,0.0012388828866624678,116874.94560028755,-0.008234864388010021
2017-04-20,RANGE_CARRY,0,False,0.0,20.1574460320877,48.602032906968475,48.708110267161096,45.82213796667387,65.84656084656082,0.35,0.35,0.024228094575799775,2.6785714285714288e-05,0.0,0.0,0.008497243815815635,0.008497243815815635,117868.06050901339,0.0
2017-04-21,RANGE_CARRY,0,False,0.0,16.200409667372302,55.96492731750633,51.02721643283565,36.32810024907752,64.8743386243386,0.35,0.35,-0.000461693055593293,2.5992063492063493e-05,0.0,0.0,-0.00014469772818781127,-0.00014469772818781127,117851.00526843184,-0.0001446977281878148
2017-04-24,RANGE_CARRY,0,False,0.0,11.449513821461458,66.10529063439358,59.888690610876175,27.617970135956778,53.43253968253967,0.35,0.35,0.03635474404955974,2.5992063492063493e-05,0.0,0.0,0.01274105525861575,0.01274105525861575,119352.55143884035,0.0
2017-04-25,GREED_TREND,0,False,0.0,9.481093988394198,72.18031034277891,67.51104743666609,24.630509362971083,44.497354497354486,0.35,0.35,0.022180273714015986,2.6785714285714288e-05,0.0,0.0,0.007780506514191309,0.007780506514191309,120281.17474279563,0.0
2017-04-26,GREED_TREND,0,False,0.0,7.055033405650789,76.7843608789186,75.05338697993196,24.684327613613416,34.391534391534385,0.35,0.35,-0.004385964912280715,2.7182539682539677e-05,0.0,0.0,-0.0015174190685045997,-0.0015174190685045997,120098.65779465878,-0.0015174190685045552
2017-04-27,GREED_TREND,0,False,0.0,7.5566534558067575,75.86302587268321,77.4767517099303,25.817546014423453,32.104497354497354,0.35,0.35,0.017492335832238526,2.7579365079365076e-05,0.0,0.0,0.006140244128585071,0.006140244128585071,120836.09287303338,0.0
2017-04-28,GREED_TREND,0,False,0.0,9.038615539183626,71.40119757208653,79.17838681994795,28.74902033229508,31.28571428571428,0.35,0.35,0.005696779420700793,2.6785714285714288e-05,0.0,0.0,0.0020112835115309916,0.0020112835115309916,121079.12851422673,0.0
2017-05-01,GREED_TREND,0,False,0.0,13.19190295887111,65.88521994778435,84.19834851303885,29.793461931512713,31.067460317460313,0.35,0.35,0.02517559980866535,2.638888888888889e-05,0.0,0.0,0.00882861271081065,0.00882861271081065,122148.0892472413,0.0
2017-05-02,GREED_TREND,0,False,0.0,17.654147953551842,60.895332966014394,86.9546040803998,32.16181061018434,34.80291005291005,0.35,0.35,0.0059428795952949365,2.7579365079365076e-05,0.0,0.0,0.002097934445654815,0.002097934445654815,122404.347931144,0.0
2017-05-03,GREED_TREND,0,False,0.0,18.69483092158418,58.171510901877134,88.5483327918356,38.281314106226155,34.70238095238094,0.35,0.35,-0.009886971169103975,2.7182539682539677e-05,0.0,0.0,-0.00344277125839274,-0.00344277125839274,121982.93776018436,-0.0034427712583927628
2017-05-04,GREED_EXHAUSTING,0,False,0.0,18.91065890667425,56.820983415971796,88.00447103876711,42.14521662767177,34.80820105820106,0.35,0.35,0.0010355540214015413,2.8373015873015875e-05,0.0,0.0,0.00038088636780799975,0.00038088636780799975,122029.39939828239,-0.003063196195224438
2017-05-05,GREED_EXHAUSTING,0,False,0.0,18.329149900170172,56.80872943933622,87.9723201024654,43.201838347124664,33.10185185185185,0.35,0.35,0.010886699507389075,2.8769841269841267e-05,0.0,0.0,0.0038290452244115728,0.0038290452244115728,122496.6554872862,0.0
2017-05-08,GREED_EXHAUSTING,0,False,0.0,18.8299244743631,56.694154810649515,89.48232638645807,41.1802643359255,33.45238095238095,0.35,0.35,0.005993859948345781,3.035714285714286e-05,0.0,0.0,0.0021175831247781662,0.0021175831247781662,122756.05233778786,0.0
2017-05-09,GREED_EXHAUSTING,0,False,0.0,17.187242441560752,57.65832166378619,90.54770960520095,40.159222904377714,35.12566137566137,0.35,0.35,0.010995931021119842,3.075396825396826e-05,0.0,0.0,0.003868565936757024,0.003868565936757024,123230.9422203926,0.0
2017-05-10,GREED_TREND,0,False,0.0,16.998757775559053,59.99586657373155,91.35508684133514,39.65028296643859,36.084656084656075,0.35,0.35,0.0015811412965358596,3.075396825396826e-05,0.0,0.0,0.0005733895331526302,0.0005733895331526302,123301.60155282228,0.0
2017-05-11,GREED_EXHAUSTING,0,False,0.0,18.164267162011274,60.16464720257852,90.60634347580566,41.73149595433128,39.841269841269835,0.35,0.35,-0.002391886720244929,3.035714285714286e-05,0.0,0.0,-0.0008174282092285823,-0.0008174282092285823,123200.81134546993,-0.0008174282092285878
2017-05-12,GREED_EXHAUSTING,0,False,0.0,19.368295174419274,58.965900025347736,90.74164817005159,44.1078071995474,40.859788359788354,0.35,0.35,0.0064975544260093,2.9960317460317458e-05,0.0,0.0,0.002293618255452461,0.002293618255452461,123483.38697545846,0.0
2017-05-15,GREED_EXHAUSTING,0,False,0.0,20.013930234567997,55.68687677699027,90.72705494123677,47.46029926919676,41.98412698412698,0.35,0.35,0.009338002334500661,2.9563492063492062e-05,0.0,0.0,0.003287517086916501,0.003287517086916501,123889.3407200906,0.0
2017-05-16,GREED_EXHAUSTING,0,False,0.0,19.639780671037546,55.54418171852745,90.98559375327686,47.7772605105852,40.92724867724868,0.35,0.35,0.012579358523518547,3.035714285714286e-05,0.0,0.0,0.004422507626088633,0.004422507626088633,124437.24227421629,0.0
2017-05-17,GREED_EXHAUSTING,0,False,0.0,29.244297750487863,43.00896468974901,80.26446830070472,58.918527691933356,47.65343915343916,0.35,0.35,-0.07565728137236616,3.035714285714286e-05,0.0,0.0,-0.02646031633747101,-0.02646031633747101,121144.59347947799,-0.026460316337471146
2017-05-18,RISK_WARNING,0,False,0.0,36.864999035198444,34.47184628549213,71.46999929205782,68.29093335948194,51.370370370370374,0.35,0.35,0.025341671289525358,3.035714285714286e-05,0.0,0.0,0.008889317094191017,0.008889317094191017,122221.48618516393,-0.0178062133856165
2017-05-19,RISK_WARNING,0,False,0.0,39.99255493604637,28.991631527053784,66.07977858325815,74.47648479917781,47.51322751322751,0.35,0.35,0.012074859208617283,3.154761904761905e-05,0.0,0.0,0.004246706675397002,0.004246706675397002,122740.5249864234,-0.013635124475467775
2017-05-22,RISK_WARNING,0,False,0.0,31.720605808651754,40.273451200036114,73.15890734174094,66.70532057305635,33.5515873015873,0.35,0.35,0.025927005880351794,3.115079365079365e-05,0.0,0.0,0.009094700073996143,0.009094700073996143,123856.81324809974,-0.004664431769047739
2017-05-23,GREED_EXHAUSTING,0,False,0.0,27.20598359526444,45.304496919035046,78.75344458172293,62.771303895760006,22.77777777777777,0.35,0.35,0.002463229198739869,3.154761904761905e-05,0.0,0.0,0.0008826361719399066,0.0008826361719399066,123966.13375161371,-0.003785912593308849
2017-05-24,GREED_EXHAUSTING,0,False,0.0,23.487456997026083,50.839527997731246,82.12399752730599,55.127830566472994,19.179894179894177,0.35,0.35,0.013774365032486635,3.115079365079365e-05,0.0,0.0,0.004841275777243338,0.004841275777243338,124566.28799214392,0.0
2017-05-25,GREED_EXHAUSTING,0,False,0.0,22.412209497435267,55.28096754909527,84.57862845467702,48.176015391338105,18.465608465608458,0.35,0.35,0.026335415307168875,3.154761904761905e-05,0.0,0.0,0.009237901309890058,0.009237901309890058,125717.01906715467,0.0
2017-05-26,GREED_EXHAUSTING,0,False,0.0,18.77685411376787,60.93942703645276,86.88252746526989,40.42085414928439,17.030423280423275,0.35,0.35,0.004246332712657175,3.1944444444444434e-05,0.0,0.0,0.0015069803383189,0.0015069803383189,125906.47214308094,0.0
2017-05-30,GREED_TREND,0,False,0.0,18.72266442294262,59.477936281288656,87.13954861791656,38.95893197832415,18.630952380952376,0.35,0.35,0.0020802713397398698,3.1944444444444434e-05,0.0,0.0,0.0007488588577978432,0.0007488588577978432,126000.75831999935,0.0
2017-05-31,GREED_TREND,0,False,0.0,16.562599694317175,57.73378269559296,84.73284164270534,39.42594408918339,20.152116402116395,0.35,0.35,-0.001218494031635653,3.154761904761905e-05,0.0,0.0,-0.00040596695869152613,-0.00040596695869152613,125949.60617535136,-0.0004059669586914394
2017-06-01,GREED_TREND,0,False,0.0,13.238404252421967,59.59420229534164,82.8409395876639,35.577728862165635,21.673280423280417,0.35,0.35,0.011951291146103715,3.353174603174603e-05,0.0,0.0,0.004204747536056935,0.004204747536056935,126479.1924715845,0.0
2017-06-02,GREED_TREND,0,False,0.0,11.419681034753756,63.633318658216474,83.78576394454447,31.700840672770212,20.94576719576719,0.35,0.35,0.03413555992141459,3.353174603174603e-05,0.0,0.0,0.011969241607415741,0.011969241607415741,127993.05248458774,0.0
2017-06-05,GREED_TREND,0,False,0.0,13.087539531760674,63.9052157100431,86.3026442993032,31.76137052973446,20.787037037037035,0.35,0.35,-0.0008203622547009459,3.353174603174603e-05,0.0,0.0,-0.00026533115422469616,-0.00026533115422469616,127959.09194023926,-0.00026533115422466835
2017-06-06,GREED_TREND,0,False,0.0,16.4369538718982,59.05667536057958,86.39963773286586,38.800554920912816,24.0542328042328,0.35,0.35,-0.01134325778363554,3.273809523809523e-05,0.0,0.0,-0.0039488604623676765,-0.0039488604623676765,127453.79934127598,-0.004213143860888002
2017-06-07,GREED_EXHAUSTING,0,False,0.0,19.270205539649428,53.534328120321966,85.26671052919875,43.3111649691156,27.9100529100529,0.35,0.35,0.010927051007474153,3.313492063492063e-05,0.0,0.0,0.003846005551028652,0.003846005551028652,127943.98736104222,-0.0003833420845356095
2017-06-08,GREED_EXHAUSTING,0,False,0.0,19.221425379067696,49.797885220709446,84.01138222923856,44.29397288329261,29.365079365079357,0.35,0.35,0.0027022352890311296,3.432539682539682e-05,0.0,0.0,0.0009680938590974033,0.0009680938590974033,128067.8491495149,0.0
2017-06-09,GREED_EXHAUSTING,0,False,0.0,24.408208916156866,39.87000757621107,74.66617306895246,52.73528074135553,40.694444444444436,0.35,0.35,-0.07231097600413938,3.4722222222222215e-05,0.0,0.0,-0.02528627215700434,-0.02528627215700434,124829.49066135808,-0.025286272157004408
2017-06-12,GREED_EXHAUSTING,0,False,0.0,27.680711837818134,33.23699426412031,62.583416055451416,63.09154086031794,46.951058201058196,0.35,0.35,-0.018104069348579,3.4722222222222215e-05,0.0,0.0,-0.006313854827558205,-0.006313854827558205,124041.33537912426,-0.031440473133033
2017-06-13,NORMAL_PARTICIPATION,0,False,0.0,27.27290753613963,33.94532456222772,53.62151016747813,69.46403633208632,47.7116402116402,0.35,0.35,0.02338461538461556,3.353174603174603e-05,0.0,0.0,0.00820641101953608,0.00820641101953608,125059.26956065747,-0.023492075558675274
2017-06-14,NORMAL_PARTICIPATION,0,False,0.0,24.036920516410323,41.03059316996782,52.650271611535594,68.56406263180682,39.29232804232804,0.35,0.35,-0.013414126462833798,3.432539682539682e-05,0.0,0.0,-0.004672632754055321,-0.004672632754055321,124474.91352151013,-0.028054938471014257
2017-06-15,NORMAL_PARTICIPATION,0,False,0.0,22.58190876254324,41.58276601990038,53.73259773842574,68.96592390912274,41.3558201058201,0.35,0.35,-0.013479300482910461,3.4722222222222215e-05,0.0,0.0,-0.004695185724574216,-0.004695185724574216,123890.48068447632,-0.03261840104897562
2017-06-16,NORMAL_PARTICIPATION,0,False,0.0,22.718612012497683,38.10183579982441,50.56703577321131,71.70169648420092,51.32936507936508,0.35,0.35,-0.011976332485801988,3.511904761904762e-05,0.0,0.0,-0.004168888989078314,-0.004168888989078314,123373.99502369919,-0.0366513075450795
2017-06-19,NORMAL_PARTICIPATION,0,False,0.0,16.430780345092884,42.0961604573699,53.62881253478972,67.4300505041714,48.58465608465608,0.35,0.35,0.04841386276726256,3.5515873015873014e-05,0.0,0.0,0.016967937286002214,0.016967937286002214,125467.39723398488,-0.02030526734695204
2017-06-20,NORMAL_PARTICIPATION,0,False,0.0,13.23600027641964,43.89019528578052,54.613836611781636,68.44613373342888,43.23412698412699,0.35,0.35,-0.022664709120939763,3.511904761904762e-05,0.0,0.0,-0.007909820811376537,-0.007909820811376537,124474.97260419425,-0.028054477132087197
2017-06-21,NORMAL_PARTICIPATION,0,False,0.0,10.379613041915471,46.29970572789966,59.15678367374829,65.80197806202459,33.988095238095234,0.35,0.35,0.029058304384564915,3.4722222222222215e-05,0.0,0.0,0.010192975979042165,0.010192975979042165,125743.74300994074,-0.018147459764557006
2017-06-22,NORMAL_PARTICIPATION,0,False,0.0,12.032086188327105,44.07738052938945,59.062506761840915,65.29385493390708,34.345238095238095,0.35,0.35,-0.001140458920669607,3.3928571428571424e-05,0.0,0.0,-0.000377107050805791,-0.000377107050805791,125696.32415785699,-0.01851772328033119
2017-06-23,GREED_EXHAUSTING,0,False,0.0,9.287653067291371,51.156928017083665,61.82936162718847,54.38152352004915,30.33730158730158,0.35,0.35,0.011212093533065515,3.273809523809523e-05,0.0,0.0,0.003945512498477692,0.003945512498477692,126192.26057583453,-0.014645272690499311
2017-06-26,GREED_EXHAUSTING,0,False,0.0,10.197209021635738,53.18210073957848,60.104407701709114,51.26980496571011,33.941798941798936,0.35,0.35,-0.013255651152812575,3.313492063492063e-05,0.0,0.0,-0.004617940205071703,-0.004617940205071703,125609.5122621525,-0.019195581901999326
2017-06-27,NORMAL_PARTICIPATION,0,False,0.0,16.96115446193162,47.47299315840602,53.55850059349132,52.86989372498167,41.7526455026455,0.35,0.35,-0.055016477480776316,3.3928571428571424e-05,0.0,0.0,-0.019233713546843136,-0.019233713546843136,123193.57488454356,-0.038060093125174554
2017-06-28,NORMAL_PARTICIPATION,0,False,0.0,20.635153077697137,45.56309462463207,50.52968699065553,54.860268937865044,44.689153439153436,0.35,0.35,0.04196938874358236,3.432539682539682e-05,0.0,0.0,0.014711597568190331,0.014711597568190331,125005.94918123168,-0.02390842033044971
2017-06-29,NORMAL_PARTICIPATION,0,False,0.0,28.90627527059525,38.386251427550114,44.11203644246391,60.071911632382346,49.338624338624335,0.35,0.35,-0.05094712376525268,3.511904761904762e-05,0.0,0.0,-0.017808665936886056,-0.017808665936886056,122779.75999213979,-0.04129130919659196
2017-06-30,NORMAL_PARTICIPATION,0,False,0.0,29.96914073298724,39.68282191343541,43.03828458185487,60.7497513385191,48.18121693121693,0.35,0.35,-0.0034530894129748413,3.5912698412698406e-05,0.0,0.0,-0.0011852380405729405,-0.0011852380405729405,122634.2367499847,-0.042427607206759976
2017-07-03,RISK_WARNING,0,False,0.0,36.390337277041446,32.97419786991774,36.063427366947515,67.5895226031934,56.375661375661366,0.35,0.35,-0.02725351420426625,3.5515873015873014e-05,0.0,0.0,-0.00951564465403287,-0.00951564465403287,121467.2929306533,-0.051539525827092425
2017-07-05,RISK_WARNING,0,False,0.0,30.926911022515966,39.38821843733442,36.74367414328918,63.82706546712178,52.976190476190474,0.35,0.35,0.02854760882196894,3.6706349206349205e-05,0.0,0.0,0.010015522214673256,0.010015522214673256,122683.85130135648,-0.04204019887827415
2017-07-06,RISK_WARNING,0,False,0.0,31.546922862712353,40.531790719848765,34.76365231462854,68.09356312391724,53.00925925925926,0.35,0.35,-0.026404342593274843,3.630952380952381e-05,0.0,0.0,-0.009217918717170004,-0.009217918717170004,121552.96153215121,-0.05087059445933062
2017-07-07,NORMAL_PARTICIPATION,0,False,0.0,24.989405473734283,46.51102074350956,38.23134215423688,63.349658469808595,45.07275132275132,0.35,0.35,0.029946011403198858,3.5912698412698406e-05,0.0,0.0,0.010504447245087855,0.010504447245087855,122829.8082040499,-0.04090051469006695
2017-07-10,NORMAL_PARTICIPATION,0,False,0.0,23.434657337098468,46.173465698892784,41.318573187980355,62.77251558519185,44.74206349206349,0.35,0.35,0.020918554807103584,3.630952380952381e-05,0.0,0.0,0.007345095372962444,0.007345095372962444,123732.00485995131,-0.03385583749830645
2017-07-11,NORMAL_PARTICIPATION,0,False,0.0,17.217595000139976,50.30822332848104,48.70378935285754,53.99440531993361,41.45502645502645,0.35,0.35,0.008205571150939228,3.5912698412698406e-05,0.0,0.0,0.0028952931567969836,0.0028952931567969836,124090.2452868991,-0.031058566916135955
2017-07-12,NORMAL_PARTICIPATION,0,False,0.0,15.071732161384801,54.81858989270555,56.50057269397447,47.92933954898785,37.52645502645502,0.35,0.35,0.03560124699555001,3.630952380952381e-05,0.0,0.0,0.012484037638918692,0.012484037638918692,125639.39257968338,-0.018962265595609318
2017-07-13,GREED_TREND,0,False,0.0,11.754235583670642,62.59503492385787,63.186269593218846,38.287132689269626,29.79497354497354,0.35,0.35,0.00659512374474347,3.630952380952381e-05,0.0,0.0,0.0023318945011364047,0.0023318945011364047,125932.37038836605,-0.016674589097344428
2017-07-14,GREED_TREND,0,False,0.0,7.4743268956166915,71.33423362313403,70.8097773481915,29.403748278543077,19.887566137566132,0.35,0.35,0.02349100538763582,3.630952380952381e-05,0.0,0.0,0.008245453076148728,0.008245453076148728,126970.73983917148,-0.008566625563162122
2017-07-17,GREED_TREND,0,False,0.0,3.9616065812884393,76.31566713130537,73.2818495721909,23.573241037489584,17.910052910052908,0.35,0.35,0.0005576249637544439,3.5912698412698406e-05,0.0,0.0,0.00021851199128230934,0.00021851199128230934,126998.48446836832,-0.008349985482290267
2017-07-18,GREED_TREND,0,False,0.0,4.148190961778636,77.5255493793638,76.58932554874582,22.652412683317078,15.978835978835974,0.35,0.35,0.01988497035088499,3.7103174603174604e-05,0.0,0.0,0.00698385668630181,0.00698385668630181,127885.42368327294,-0.001424443897929395
2017-07-19,GREED_TREND,0,False,0.0,4.672991416997418,78.89241169227996,77.56304574561972,21.40080416359018,17.427248677248674,0.35,0.35,0.01831693989071037,3.7103174603174604e-05,0.0,0.0,0.006435046025240693,0.006435046025240693,128708.37227063222,0.0
2017-07-20,GREED_TREND,0,False,0.0,6.310991925850515,78.36467076182845,78.76124296221036,22.069801327394373,18.31349206349206,0.35,0.35,0.003756332102687443,3.869047619047619e-05,0.0,0.0,0.0013398650454644145,0.0013398650454644145,128880.82411969623,0.0
2017-07-21,GREED_TREND,0,False,0.0,7.046250249957782,78.26380107697467,78.32328095277579,22.684228175237866,20.853174603174597,0.35,0.35,-0.0015182943780339686,4.027777777777778e-05,0.0,0.0,-0.0005052224767563335,-0.0005052224767563335,128815.71063052808,-0.0005052224767564395
2017-07-24,GREED_TREND,0,False,0.0,7.083769376328068,74.71301206702562,77.21497951981264,24.801538926982616,23.96825396825396,0.35,0.35,0.013021502612867497,4.067460317460317e-05,0.0,0.0,0.004583964406567115,0.004583964406567115,129406.19726306506,0.0
2017-07-25,GREED_TREND,0,False,0.0,5.521459906246069,74.31158929726674,76.97689010428115,28.422045448993742,21.78571428571428,0.35,0.35,-0.006701902748414534,4.107142857142856e-05,0.0,0.0,-0.0023189695333736583,-0.0023189695333736583,129106.10823418228,-0.002318969533373627
2017-07-26,GREED_TREND,0,False,0.0,5.307530763240867,71.07888003946933,78.80262589903361,31.989360235362202,22.863756613756607,0.35,0.35,0.00896068790839255,4.146825396825396e-05,0.0,0.0,0.003163195133016758,0.003163195133016758,129514.49604739135,0.0
2017-07-27,GREED_EXHAUSTING,0,False,0.0,7.6958066637881375,62.521771180718154,76.54316023585773,40.86661051964046,33.24074074074073,0.35,0.35,-0.017846595224031758,3.948412698412698e-05,0.0,0.0,-0.006220643645871432,-0.006220643645871432,128708.83252050591,-0.006220643645871382
2017-07-28,GREED_EXHAUSTING,0,False,0.0,11.30968509646903,50.04256810615855,74.0437909240827,48.789422468331985,50.978835978835974,0.35,0.35,-0.003221787877486282,3.869047619047619e-05,0.0,0.0,-0.001102476947596389,-0.001102476947596389,128566.9339997,-0.007316262477249036
2017-07-31,GREED_EXHAUSTING,0,False,0.0,13.276327935615713,39.54414283135878,67.40842303702065,58.845494327677066,64.97354497354497,0.35,0.35,-0.013014997414238838,3.7500000000000003e-05,0.0,0.0,-0.004530874094983593,-0.004530874094983593,127984.41340896931,-0.011813987508102253
2017-08-01,GREED_EXHAUSTING,0,False,0.0,14.821605963462412,36.936690311670866,67.04333677730538,63.5227094136658,65.6547619047619,0.35,0.35,0.006549646319098823,3.7103174603174604e-05,0.0,0.0,0.002316493275176651,0.002316493275176651,128280.88844195862,-0.009524861255541084
2017-08-02,GREED_EXHAUSTING,0,False,0.0,15.965206206305142,37.20673840580282,67.62716562967451,66.51887515185648,61.75264550264549,0.35,0.35,0.007331251084504498,3.7500000000000003e-05,0.0,0.0,0.002590312879576574,0.002590312879576574,128613.17607949334,-0.006959220746751038
2017-08-03,GREED_EXHAUSTING,0,False,0.0,15.62004098167124,38.5306071850304,68.75755429521361,69.00503151143477,59.52380952380952,0.35,0.35,-0.010421601136901937,3.7500000000000003e-05,0.0,0.0,-0.0036231853979156775,-0.0036231853979156775,128147.18669794255,-0.010557191597676319
2017-08-04,GREED_EXHAUSTING,0,False,0.0,15.159764495034002,39.72566228040415,69.23050885423726,69.60911940766886,58.4589947089947,0.35,0.35,0.003916619522172482,3.7500000000000003e-05,0.0,0.0,0.0013951918327603687,0.0013951918327603687,128325.97660621474,-0.00917672907240985
2017-08-07,GREED_EXHAUSTING,0,False,0.0,14.15308509510057,41.55144722155816,69.32012053193067,66.55418969569372,58.247354497354486,0.35,0.35,0.017686072218128235,3.7500000000000003e-05,0.0,0.0,0.006214500276344882,0.006214500276344882,129123.45842329631,-0.0030192575814212974
2017-08-08,GREED_EXHAUSTING,0,False,0.0,15.21111546431181,40.963914306080746,68.62175266195571,62.84303671545788,60.60185185185184,0.35,0.35,-0.0037270520083486636,3.511904761904762e-05,0.0,0.0,-0.001281640821969651,-0.001281640821969651,128957.96852790711,-0.004297028799622571
2017-08-09,GREED_EXHAUSTING,0,False,0.0,17.852517329727487,38.048658831469794,65.80391232359038,61.21953557287037,65.90608465608464,0.35,0.35,-0.003912011800166759,3.6706349206349205e-05,0.0,0.0,-0.0013453450030742387,-0.0013453450030742387,128784.47556934148,-0.005636592816473218
2017-08-10,RISK_WARNING,0,False,0.0,33.97095772651692,26.060773912777986,54.11023391771018,70.37095713713843,76.9179894179894,0.35,0.35,-0.06491973559962227,3.6706349206349205e-05,0.0,0.0,-0.02269804833288367,-0.02269804833288367,125861.31931834348,-0.028206701493175834
2017-08-11,RISK_WARNING,0,False,0.0,45.36269306898486,21.492443372112263,46.36964927485179,74.25236210555768,82.03703703703702,0.35,0.35,0.0228592412384383,3.630952380952381e-05,0.0,0.0,0.008024335623929594,0.008024335623929594,126871.27278662444,-0.02040870590887156
2017-08-14,RISK_WARNING,0,False,0.0,46.511254798612775,22.81815923058002,45.102375964286715,75.54241731951807,74.07407407407406,0.35,0.35,0.03888527385733842,3.5515873015873014e-05,0.0,0.0,0.013632931167528764,0.013632931167528764,128600.90011566125,-0.007054005224216731
2017-08-15,RISK_WARNING,0,False,0.0,32.88600149721072,33.43990283736605,52.5063783875926,69.64800236173899,57.215608465608454,0.35,0.35,0.0017926565874730738,3.511904761904762e-05,0.0,0.0,0.0006502571865679567,0.0006502571865679567,128684.52377516056,-0.006408334955239958
2017-08-16,RANGE_CARRY,0,False,0.0,23.529214197312523,40.48572590169832,59.51559040419486,65.25015351445937,42.08333333333332,0.35,0.35,0.005217428799344503,3.5912698412698406e-05,0.0,0.0,0.0018494433337388299,0.0018494433337388299,128922.51850981187,-0.004570743473864658
2017-08-17,NORMAL_PARTICIPATION,0,False,0.0,29.383843520792936,37.899121430810105,52.49975113459431,67.19613490699324,52.559523809523796,0.35,0.35,-0.06149061662198385,3.511904761904762e-05,0.0,0.0,-0.021498888436741966,-0.021498888436741966,126150.82766738562,-0.025971366006589114
2017-08-18,RISK_WARNING,0,False,0.0,37.88064392857214,30.113284628898242,45.98725167051334,69.60816398348585,63.465608465608454,0.35,0.35,-0.0035193564605328076,3.432539682539682e-05,0.0,0.0,-0.0012094632532499746,-0.0012094632532499746,125998.25287695484,-0.02714941784701741
2017-08-21,RISK_WARNING,0,False,0.0,46.71593901109318,20.193380013680066,38.47244985041227,76.08389170668272,73.09523809523809,0.35,0.35,-0.0018117603889551415,3.511904761904762e-05,0.0,0.0,-0.0006112887551819185,-0.0006112887551819185,125921.23156179857,-0.027744110468359784
2017-08-22,RISK_WARNING,0,False,0.0,41.22742347543805,23.00689261922251,44.27225086260459,73.48700856220445,58.253968253968246,0.35,0.35,0.044526134405513895,3.432539682539682e-05,0.0,0.0,0.01560645854986637,0.01560645854986637,127886.41604271591,-0.012570639228520863
2017-08-23,RISK_WARNING,0,False,0.0,36.51524844899003,28.401316930579455,47.49031266038107,72.75773167290292,48.10185185185184,0.35,0.35,-0.011195917559333801,3.432539682539682e-05,0.0,0.0,-0.003896259637830322,-0.003896259637830322,127388.1373616619,-0.016417920392103325
2017-08-24,NORMAL_PARTICIPATION,0,False,0.0,26.953861074077512,39.76714837551699,49.48037832092252,66.19420142333924,40.62169312169311,0.35,0.35,-0.008341860568581105,3.432539682539682e-05,0.0,0.0,-0.0028973396910668787,-0.0028973396910668787,127019.05065511288,-0.019267691790773367
2017-08-25,NORMAL_PARTICIPATION,0,False,0.0,23.335661856747397,43.714796624833674,46.81513799295937,63.75670887101189,42.18253968253967,0.35,0.35,-0.006729626057112137,3.511904761904762e-05,0.0,0.0,-0.002332541739036867,-0.002332541739036867,126722.77341780698,-0.02155529083449348
2017-08-28,NORMAL_PARTICIPATION,0,False,0.0,18.6702622211736,48.529688266176436,47.032838285697714,56.882957257263854,39.93386243386242,0.35,0.35,0.00876261884866425,3.5515873015873014e-05,0.0,0.0,0.0030900019144928046,0.0030900019144928046,127114.34703027784,-0.01853189480994666
2017-08-29,NORMAL_PARTICIPATION,0,False,0.0,21.06643130698713,45.485028671072236,48.89472710172824,55.112818333071196,39.98677248677248,0.35,0.35,0.012313340945216744,3.353174603174603e-05,0.0,0.0,0.004331464965746495,0.004331464965746495,127664.93837108322,-0.01428070009731841
2017-08-30,NORMAL_PARTICIPATION,0,False,0.0,21.18513237340796,46.83905993319286,53.77526040123436,48.60228449879716,37.28835978835978,0.35,0.35,0.03463299201627712,3.5515873015873014e-05,0.0,0.0,0.012144632523157308,0.012144632523157308,129215.38213369154,-0.002309501429016536
2017-08-31,GREED_EXHAUSTING,0,False,0.0,20.59019733350159,52.117754395964766,60.59217089447304,41.80099416281982,32.3015873015873,0.35,0.35,0.028429130239616907,3.5515873015873014e-05,0.0,0.0,0.009973280901326233,0.009973280901326233,130504.08343648305,0.0
2017-09-01,GREED_TREND,0,False,0.0,14.006095388941695,61.5665619112732,65.75989989327165,33.98498414968318,23.002645502645493,0.35,0.35,-0.000706669715045849,3.4722222222222215e-05,0.0,0.0,-0.00022476495582160268,-0.00022476495582160268,130474.75069193493,-0.00022476495582146594
2017-09-05,GREED_TREND,0,False,0.0,12.160621569448857,62.21276264268565,62.361532246240536,35.29304248623905,26.243386243386237,0.35,0.35,-0.02676844360323638,3.511904761904762e-05,0.0,0.0,-0.009346127880180351,-0.009346127880180351,129255.31698683345,-0.009568792153981764
2017-09-06,NORMAL_PARTICIPATION,0,False,0.0,8.632535557969584,61.476481579259634,57.33164844512223,35.456712974530554,31.230158730158717,0.35,0.35,0.008633954522140552,3.5515873015873014e-05,0.0,0.0,0.0030449694002095107,0.0030449694002095107,129648.89547187275,-0.006552959433077987
2017-09-07,NORMAL_PARTICIPATION,0,False,0.0,8.219252979441164,59.018627576589836,54.13362688555055,35.76415418111336,36.52777777777777,0.35,0.35,0.006186964997033639,3.7103174603174604e-05,0.0,0.0,0.002189554812453837,0.002189554812453837,129932.76883488249,-0.004377752684486924
2017-09-08,RANGE_CARRY,0,False,0.0,9.5329404137878,54.6487787283973,54.993515099644675,39.477454231490746,40.099206349206334,0.35,0.35,-0.024658861185983816,3.630952380952381e-05,0.0,0.0,-0.008607000224618145,-0.008607000224618145,128814.43746433541,-0.01294707359076619
2017-09-11,GREED_EXHAUSTING,0,False,0.0,10.138050128251022,56.28584104848816,60.14123780344233,42.273199444388325,35.83333333333332,0.35,0.35,0.031845758576764416,3.5912698412698406e-05,0.0,0.0,0.0111693587558358,0.0111693587558358,130253.21212930574,-0.0019223253447039346
2017-09-12,GREED_EXHAUSTING,0,False,0.0,10.634664991364998,61.24716922433646,64.36331836445527,40.29427978715352,30.760582010582002,0.35,0.35,0.008453297623033151,3.630952380952381e-05,0.0,0.0,0.0029822553585377933,0.0029822553585377933,130641.66046914512,0.0
2017-09-13,GREED_TREND,0,False,0.0,7.57083383850036,71.8167693783442,70.15885833607592,31.972647680587368,17.916666666666657,0.35,0.35,0.004149721968627951,3.5515873015873014e-05,0.0,0.0,0.0014754880064801002,0.0014754880064801002,130834.42067231397,0.0
2017-09-14,GREED_TREND,0,False,0.0,7.229636483135388,71.99916117253396,68.32527777707911,33.891723933157245,16.216931216931208,0.35,0.35,-0.016881560459542033,3.5912698412698406e-05,0.0,0.0,-0.005885202906871457,-0.005885202906871457,130064.43355945442,-0.005885202906871445
2017-09-15,GREED_TREND,0,False,0.0,6.666674947484154,71.12471160742179,68.38360299871506,35.9510747628813,17.804232804232797,0.35,0.35,0.008070787532314494,3.630952380952381e-05,0.0,0.0,0.0028483768267862633,0.0028483768267862633,130434.90607799424,-0.003053589355666131
2017-09-18,GREED_EXHAUSTING,0,False,0.0,5.799561716208355,67.38703343412764,66.3043580928201,42.247468454456516,24.50396825396825,0.35,0.35,-0.00243938035569069,3.630952380952381e-05,0.0,0.0,-0.000830181934015551,-0.000830181934015551,130326.62137540328,-0.003881236254964726
2017-09-19,GREED_EXHAUSTING,0,False,0.0,5.922231691205929,63.92303843392077,67.86700727554235,43.2558559091372,28.862433862433857,0.35,0.35,0.004263679304435053,3.630952380952381e-05,0.0,0.0,0.0015158889470284589,0.0015158889470284589,130524.1820602498,-0.0023712308310760433
2017-09-20,GREED_EXHAUSTING,0,False,0.0,5.885226549865059,58.08939243100394,64.7459972885584,50.1953536274498,33.78306878306878,0.35,0.35,-0.008324661810613976,3.5912698412698406e-05,0.0,0.0,-0.0028902883797466373,-0.0028902883797466373,130146.92953356514,-0.005254665669905845
2017-09-21,GREED_EXHAUSTING,0,False,0.0,5.872328808435461,51.27867813814427,61.53117686671202,54.69136662266632,35.77380952380952,0.35,0.35,-0.0192444910807974,3.5912698412698406e-05,0.0,0.0,-0.0067122286243108354,-0.0067122286243108354,129273.35358778379,-0.011931623776895828
2017-09-22,RANGE_CARRY,0,False,0.0,6.784461152882216,46.5774911800566,56.267857862000604,58.08937059047063,39.29894179894179,0.35,0.35,-0.002482186035563827,3.5912698412698406e-05,0.0,0.0,-0.0008454218584790854,-0.0008454218584790854,129164.06306894177,-0.012766958379826887
2017-09-25,RANGE_CARRY,0,False,0.0,10.702589807852979,40.38592333521177,49.72215715695347,62.326891910007966,47.94973544973544,0.35,0.35,-0.03138340090524916,3.5515873015873014e-05,0.0,0.0,-0.010961104999376888,-0.010961104999376888,127748.28221149696,-0.023588123407879857
2017-09-26,RANGE_CARRY,0,False,0.0,14.525480367585642,42.595749430558676,46.201669019723134,61.90282929484339,54.345238095238095,0.35,0.35,0.006843247552819287,3.630952380952381e-05,0.0,0.0,0.002418737833962941,0.002418737833962941,128057.27181490567,-0.021226439060435753
2017-09-27,RANGE_CARRY,0,False,0.0,14.718184349763307,46.735055956844775,44.187620928270896,59.11984462533572,59.42460317460316,0.35,0.35,0.027120955502276667,3.6706349206349205e-05,0.0,0.0,0.00951619355278096,0.00951619355278096,129275.8895993374,-0.011912240410190233
2017-09-28,RANGE_CARRY,0,False,0.0,11.11417432470065,53.887780187493156,46.819399133178,53.215934425205,57.056878306878296,0.35,0.35,-0.0016917937296556662,3.7103174603174604e-05,0.0,0.0,-0.0005680107418874196,-0.0005680107418874196,129202.45950537792,-0.012473484871564744
2017-09-29,RANGE_CARRY,0,False,0.0,6.58263802967335,59.78857335779342,50.82633981192013,45.43967088998962,50.93253968253967,0.35,0.35,0.02117253362507232,3.6706349206349205e-05,0.0,0.0,0.007434245895759439,0.007434245895759439,130162.9823596778,-0.005131969929517588
2017-10-02,RANGE_CARRY,0,False,0.0,5.1385867249409305,64.16461819797922,54.88548236491413,39.70274534569459,45.76719576719575,0.35,0.35,0.002814889505083684,3.6706349206349205e-05,0.0,0.0,0.0010090704537634163,0.0010090704537634163,130294.32597935067,-0.0041280779949797175
2017-10-03,RANGE_CARRY,0,False,0.0,2.937026338619478,67.80665954652365,58.644264394572424,33.4760623596508,40.58862433862433,0.35,0.35,0.0062843018140685825,3.4722222222222215e-05,0.0,0.0,0.002222075079368448,0.002222075079368448,130583.8497540925,-0.001915175814849568
2017-10-04,GREED_TREND,0,False,0.0,2.0486238979185694,68.83738679586848,60.09735902075392,31.547222424868764,40.32407407407406,0.35,0.35,0.0026021066655563807,3.7103174603174604e-05,0.0,0.0,0.0009348543964367967,0.0009348543964367967,130705.92664013874,-0.000982111828943255
2017-10-05,GREED_TREND,0,False,0.0,0.146810540996853,71.51075929750128,63.28562334370728,29.109430193699097,37.010582010582006,0.35,0.35,0.028798039989203383,3.7500000000000003e-05,0.0,0.0,0.010103688996221183,0.010103688996221183,132026.5386728736,0.0
2017-10-06,GREED_TREND,0,False,0.0,0.0,71.50659905404932,66.78477655548696,28.950718740974082,36.17724867724867,0.35,0.35,0.003612512613521801,3.7103174603174604e-05,0.0,0.0,0.0012884964782246939,0.0012884964782246939,132196.6544029858,0.0
2017-10-09,GREED_TREND,0,False,0.0,1.2194065410439776,68.78717481768517,68.84380631550685,32.11287859839633,40.529100529100525,0.35,0.35,-0.002513623841219448,3.7103174603174604e-05,0.0,0.0,-0.0008556512809347432,-0.0008556512809347432,132083.54016631056,-0.0008556512809350103
2017-10-10,GREED_TREND,0,False,0.0,2.9953399994623364,62.84062107966145,67.50945562498435,35.430999727501664,49.08068783068782,0.35,0.35,0.002096605112490879,3.7103174603174604e-05,0.0,0.0,0.0007579288528638712,0.0007579288528638712,132183.650092391,-9.837095086495662e-05
2017-10-11,GREED_TREND,0,False,0.0,6.1138505615819225,58.68653728743198,67.30880101544709,36.654337500172176,53.994708994708986,0.35,0.35,0.008730988975617526,3.7500000000000003e-05,0.0,0.0,0.003080221141466134,0.003080221141466134,132590.80496596175,0.0
2017-10-12,GREED_TREND,0,False,0.0,8.05712715112866,55.73678236984724,66.80672870137236,38.56419634284334,55.760582010582006,0.35,0.35,-0.005404650791751453,3.8293650793650795e-05,0.0,0.0,-0.0018667369040971354,-0.0018667369040971354,132343.29281718787,-0.0018667369040968884
2017-10-13,GREED_TREND,0,False,0.0,9.120607792512212,54.80503639572462,68.41028437966632,38.6624813884157,54.68253968253967,0.35,0.35,0.011188867277576175,3.7896825396825396e-05,0.0,0.0,0.003940736483659598,0.003940736483659598,132864.8228595602,0.0
2017-10-16,GREED_TREND,0,False,0.0,7.5262031942269445,55.38218439916941,67.6200201493437,38.48509512148577,56.93783068783068,0.35,0.35,0.010331356957306248,3.7896825396825396e-05,0.0,0.0,0.003640607871565123,0.003640607871565123,133348.53157951683,0.0
2017-10-17,GREED_TREND,0,False,0.0,6.858076400931956,57.28626237349221,68.17934502634783,34.38536848413474,57.26851851851851,0.35,0.35,0.0035132482826301104,3.8293650793650795e-05,0.0,0.0,0.0012545277719364116,0.0012545277719364116,133515.82101573027,0.0
2017-10-18,GREED_TREND,0,False,0.0,6.214262412519628,57.84908314530537,66.99426275485199,36.665737735530485,58.76322751322751,0.35,0.35,-0.003833440904379093,3.7896825396825396e-05,0.0,0.0,-0.001317071380024746,-0.001317071380024746,133339.97114908995,-0.0013170713800246814
2017-10-19,GREED_EXHAUSTING,0,False,0.0,7.060026176124761,55.34332276443954,65.10859637748443,42.87754185635918,59.834656084656075,0.35,0.35,-0.011034103626332725,3.7896825396825396e-05,0.0,0.0,-0.0038373033327085172,-0.0038373033327085172,132828.3052334163,-0.005149320710337246
2017-10-20,GREED_EXHAUSTING,0,False,0.0,5.92128994464915,54.41547008622917,63.763308181533546,46.40564548338336,59.953703703703695,0.35,0.35,0.007285938337535658,3.8293650793650795e-05,0.0,0.0,0.0025749692911533535,0.0025749692911533535,133170.3340403883,-0.0025876107618831856
2017-10-23,RANGE_CARRY,0,False,0.0,8.557222382183417,47.19089004824891,59.63909078054863,52.823436591027246,65.73412698412697,0.35,0.35,-0.018644802711971442,3.869047619047619e-05,0.0,0.0,-0.006500532139666195,-0.006500532139666195,132304.65600390866,-0.009071322054626907
2017-10-24,RANGE_CARRY,0,False,0.0,10.524150517132382,45.986096072404884,57.028143857609514,54.56870150430663,69.2526455026455,0.35,0.35,0.005101221079691687,3.7896825396825396e-05,0.0,0.0,0.0018100603144000267,0.0018100603144000267,132544.13541115168,-0.007277681380277068
2017-10-25,RANGE_CARRY,0,False,0.0,16.366906560638526,36.56180127538618,52.804091282990775,63.453135434369806,75.85846560846561,0.35,0.35,-0.012148823082763771,3.9087301587301594e-05,0.0,0.0,-0.004226681332935574,-0.004226681332935574,131983.9135882193,-0.01147360227317551
2017-10-26,RANGE_CARRY,0,False,0.0,17.011790743634123,34.25154569937642,50.939176819868095,66.72573248667031,76.09656084656083,0.35,0.35,-0.009284356163275276,3.9087301587301594e-05,0.0,0.0,-0.0032241179111146003,-0.0032241179111146003,131558.3818884405,-0.01466072793769635
2017-10-27,RANGE_CARRY,0,False,0.0,19.069035868090253,36.0830138454279,59.131014111909515,63.76105856212666,63.82804232804231,0.35,0.35,0.08617979133914533,3.869047619047619e-05,0.0,0.0,0.03018807577822467,0.03018807577822467,135529.87629014938,0.0
2017-10-30,GREED_EXHAUSTING,0,False,0.0,18.43930431086441,44.20585193239373,67.6568733604526,53.72759585469538,53.33994708994708,0.35,0.35,0.0071240601503759216,3.8293650793650795e-05,0.0,0.0,0.0025183119256474455,0.0025183119256474455,135871.1827938924,0.0
2017-10-31,GREED_EXHAUSTING,0,False,0.0,18.548494472498877,52.12336485489087,77.0062447647969,41.789215448649976,43.94841269841269,0.35,0.35,0.010582504339386789,3.9087301587301594e-05,0.0,0.0,0.0037292832648171217,0.0037292832648171217,136377.88492205655,0.0
2017-11-01,GREED_TREND,0,False,0.0,18.420060354233495,52.45929769233455,77.00665477415633,38.11302288165755,47.1031746031746,0.35,0.35,-0.0013112695305286248,4.027777777777778e-05,0.0,0.0,-0.0004327637801294631,-0.0004327637801294631,136318.8655130516,-0.0004327637801295747
2017-11-02,GREED_TREND,0,False,0.0,18.31847646657619,52.34547943362501,77.53292154247045,39.288794632082194,46.01190476190475,0.35,0.35,-0.005085529357373941,4.146825396825396e-05,0.0,0.0,-0.0017529809100015144,-0.0017529809100015144,136079.90114413417,-0.0021849860634858276
2017-11-03,GREED_EXHAUSTING,0,False,0.0,19.533219967215746,52.58000686664664,80.26948174079193,40.17703008807745,40.29761904761904,0.35,0.35,0.027881040892193454,4.107142857142856e-05,0.0,0.0,0.009785060740839137,0.009785060740839137,137411.45124243692,0.0
2017-11-06,GREED_TREND,0,False,0.0,18.599656295253457,55.45921858650669,82.35308018536945,38.730111686951155,35.165343915343904,0.35,0.35,0.010180831826401393,4.146825396825396e-05,0.0,0.0,0.0035902455043198525,0.0035902455043198525,137904.79208750214,0.0
2017-11-07,GREED_TREND,0,False,0.0,17.704255108323913,57.24063701834998,84.4739598243596,36.26721193271201,31.752645502645493,0.35,0.35,0.0016289851959256918,4.186507936507936e-05,0.0,0.0,0.0005973571201612936,0.0005973571201612936,137987.17049695997,0.0
2017-11-08,GREED_TREND,0,False,0.0,16.70066612881639,59.20354528070245,85.38850259557636,34.4957505525768,32.63888888888888,0.35,0.35,0.012510276298387968,4.305555555555555e-05,0.0,0.0,0.0044065828155469,0.0044065828155469,138595.2223912378,0.0
2017-11-09,GREED_TREND,0,False,0.0,17.32452409147518,56.123662962059036,83.17886333896541,39.36663868015722,37.89021164021163,0.35,0.35,-0.01602711194266948,4.345238095238095e-05,0.0,0.0,-0.00558124513231527,-0.00558124513231527,137821.68848090456,-0.005581245132315171
2017-11-10,GREED_EXHAUSTING,0,False,0.0,17.12310353943938,53.918728237893276,79.6496076603626,43.23485948185487,42.02380952380951,0.35,0.35,-0.0003049546155778904,4.3849206349206344e-05,0.0,0.0,-7.82321313252775e-05,-7.82321313252775e-05,137810.90639647184,-0.005659040630938361
2017-11-13,GREED_EXHAUSTING,0,False,0.0,16.34470859066813,50.40959902994597,74.51534689427605,48.04521870346546,45.62169312169311,0.35,0.35,0.002996644475946164,4.345238095238095e-05,0.0,0.0,0.001077069614200205,0.001077069614200205,137959.33833625686,-0.004588066197447338
2017-11-14,GREED_EXHAUSTING,0,False,0.0,15.82996560866375,45.18640348987759,70.47814297310654,50.97746467993332,45.2579365079365,0.35,0.35,-0.010072277086016879,4.3849206349206344e-05,0.0,0.0,-0.003496794995978923,-0.003496794995978923,137476.9228123141,-0.00806881766650569
2017-11-15,GREED_EXHAUSTING,0,False,0.0,20.21940974878717,37.87660370699234,64.82362660769773,57.09490745726337,49.246031746031726,0.35,0.35,-0.01467478719751325,4.464285714285714e-05,0.0,0.0,-0.005107157661986781,-0.005107157661986781,136774.8064926268,-0.01313476660452384
2017-11-16,GREED_EXHAUSTING,0,False,0.0,17.814641848604417,40.67651404993487,65.36444430320931,56.70990185295272,44.662698412698404,0.35,0.35,0.03745345830047131,4.4246031746031744e-05,0.0,0.0,0.013137470325799878,0.013137470325799878,138571.6814542407,-0.00016985388522738898
2017-11-17,GREED_EXHAUSTING,0,False,0.0,14.65919595704741,47.27941247880807,66.31787561317968,55.64024530926715,36.818783068783056,0.35,0.35,-0.011208740696214803,4.5039682539682535e-05,0.0,0.0,-0.0038937834500243876,-0.0038937834500243876,138032.11333435215,-0.004062975961004356
2017-11-20,GREED_EXHAUSTING,0,False,0.0,7.174317086614283,55.885048845681695,70.20882840435034,51.88100602233666,25.324074074074066,0.35,0.35,-0.0024495342308998858,4.5833333333333334e-05,0.0,0.0,-0.0008275453141482933,-0.0008275453141482933,137917.88550576032,-0.004887158978434614
2017-11-21,GREED_EXHAUSTING,0,False,0.0,7.063347332659419,57.85803907532824,71.59664698699588,49.660829808317025,19.404761904761894,0.35,0.35,0.03150989389159742,4.623015873015873e-05,0.0,0.0,0.011058512465233698,0.011058512465233698,139443.05216180443,0.0
2017-11-22,GREED_EXHAUSTING,0,False,0.0,6.568097877422978,61.14081370244249,74.15545040520898,41.933790503176375,16.37566137566137,0.35,0.35,0.003979148566463975,4.623015873015873e-05,0.0,0.0,0.0014227516014369943,0.0014227516014369943,139641.4449875769,0.0
2017-11-24,GREED_TREND,0,False,0.0,6.759133349673948,63.9387139805597,78.75835716713591,36.38792740379241,12.063492063492054,0.35,0.35,0.011249762024264864,4.5833333333333334e-05,0.0,0.0,0.003967208375159369,0.003967208375159369,140195.43169765096,0.0
2017-11-27,GREED_TREND,0,False,0.0,5.96957803976953,62.02061107662141,77.50376430621354,36.729359075054,21.468253968253958,0.35,0.35,-0.0016430197333515695,4.5833333333333334e-05,0.0,0.0,-0.0005452652400063826,-0.0005452652400063826,140118.98800193853,-0.0005452652400064206
2017-11-28,GREED_TREND,0,False,0.0,5.152979599045927,60.210323264137664,75.69284239738231,36.66577763274557,31.977513227513214,0.35,0.35,0.007371470694118143,4.5039682539682535e-05,0.0,0.0,0.0026092905365921433,0.0026092905365921433,140484.59915132888,0.0
2017-11-29,GREED_EXHAUSTING,0,False,0.0,10.198787142604594,51.231030145831674,64.1814609724103,43.45686583621864,52.24206349206347,0.35,0.35,-0.051409900787910634,4.623015873015873e-05,0.0,0.0,-0.017963415672594116,-0.017963415672594116,137961.0159011758,-0.017963415672594074
2017-11-30,NORMAL_PARTICIPATION,0,False,0.0,13.013827225347066,50.157069598134626,56.99993116431805,45.79704198027321,60.37698412698412,0.35,0.35,0.024810735172760223,4.5833333333333334e-05,0.0,0.0,0.008713548977132743,0.008713548977132743,139163.1459701657,-0.009406391797720959
2017-12-01,NORMAL_PARTICIPATION,0,False,0.0,19.223102630741792,45.28431775436741,49.28242219920232,56.089026901242256,69.43783068783068,0.35,0.35,-0.013339168490153153,4.5039682539682535e-05,0.0,0.0,-0.004639433177902809,-0.004639433177902809,138517.50785361038,-0.014002184649433036
2017-12-04,NORMAL_PARTICIPATION,0,False,0.0,22.752374544287523,44.503293117113124,46.213102912150056,59.12761434932952,73.53835978835978,0.35,0.35,-0.03452619626350628,4.5039682539682535e-05,0.0,0.0,-0.012054892898576405,-0.012054892898576405,136847.6941318574,-0.025888282711714394
2017-12-05,NORMAL_PARTICIPATION,0,False,0.0,28.269316423826982,41.10948487750247,42.72471460330493,64.11794619715812,77.07010582010581,0.35,0.35,0.001451752209787438,4.5833333333333334e-05,0.0,0.0,0.0005379049400922699,0.0005379049400922699,136921.30518257114,-0.0253643032067834
2017-12-06,NORMAL_PARTICIPATION,0,False,0.0,26.86819036820523,39.68628637337362,41.92098081677659,64.64642772235341,76.71957671957671,0.35,0.35,0.013230328831473903,4.623015873015873e-05,0.0,0.0,0.004660664694190469,0.004660664694190469,137559.44947551805,-0.02082185302504136
2017-12-07,NORMAL_PARTICIPATION,0,False,0.0,19.062932764801104,45.53687617487092,46.04563965136444,61.98654154519888,68.8558201058201,0.35,0.35,0.009888259050654602,4.623015873015873e-05,0.0,0.0,0.0034909402709037136,0.0034909402709037136,138039.66129733546,-0.017403600599377733
2017-12-08,RANGE_CARRY,0,False,0.0,9.857748804803729,52.171897293821246,50.891857623455955,58.601320273820214,57.23544973544972,0.35,0.35,0.01321664903251274,4.5833333333333334e-05,0.0,0.0,0.004655618828046125,0.004655618828046125,138682.32134348847,-0.012829006301957713
2017-12-11,RANGE_CARRY,0,False,0.0,4.109403098946555,60.208119364845345,57.91943548060997,53.16490478895087,39.193121693121675,0.35,0.35,0.02293805309734509,4.5436507936507935e-05,0.0,0.0,0.008057852314229511,0.008057852314229511,139799.8030074688,-0.004874528225847774
2017-12-12,GREED_EXHAUSTING,0,False,0.0,0.8735415378272617,64.93872372141423,62.35926972621562,48.58556251560419,25.383597883597872,0.35,0.35,-0.003754585092393903,4.7420634920634924e-05,0.0,0.0,-0.0012832813696394532,-0.0012832813696394532,139620.40052479008,-0.006151554204229082
2017-12-13,GREED_EXHAUSTING,0,False,0.0,0.5947261392806041,66.39561652602124,65.78986098518406,44.188888924574506,17.923280423280413,0.35,0.35,0.005001823581513909,4.7817460317460317e-05,0.0,0.0,0.0017817196027362172,0.0017817196027362172,139869.164929347,-0.0043807949462056905
2017-12-14,GREED_EXHAUSTING,0,False,0.0,1.200114027629953,65.00652780115665,65.90595576307446,45.08096308973074,17.982804232804224,0.35,0.35,-0.0014516045414484369,4.623015873015873e-05,0.0,0.0,-0.0004780119863323497,-0.0004780119863323497,139802.3057919925,-0.004856712860043966
2017-12-15,GREED_EXHAUSTING,0,False,0.0,2.5560913932869886,65.87019454195463,69.84117446450135,40.523381650297345,16.1111111111111,0.35,0.35,0.03253552082792521,4.7023809523809525e-05,0.0,0.0,0.0114179977659643,0.0114179977659643,141398.5682072021,0.0
2017-12-18,GREED_TREND,0,False,0.0,3.056512851019663,65.67898116308872,74.39118262612986,38.06967470873496,16.005291005290996,0.35,0.35,0.02569431641050568,4.6626984126984126e-05,0.0,0.0,0.009023318283359527,0.009023318283359527,142674.45249294702,0.0
2017-12-19,GREED_TREND,0,False,0.0,2.9620977861431386,67.57768215069056,77.06483044103526,36.26817964060788,17.103174603174594,0.35,0.35,-0.016275573566899904,4.94047619047619e-05,0.0,0.0,-0.00566433765317687,-0.00566433765317687,141866.29621954483,-0.005664337653176865
2017-12-20,GREED_TREND,0,False,0.0,1.9632632776289596,68.52846240765011,75.45751460715431,38.2985507913351,20.224867724867718,0.35,0.35,-0.004152823920265725,4.900793650793651e-05,0.0,0.0,-0.0014216332133628448,-0.0014216332133628448,141664.61438098236,-0.007077918256000237
2017-12-21,GREED_TREND,0,False,0.0,1.623647897686369,69.43027151097697,72.50749335119957,38.362150141468284,21.302910052910043,0.35,0.35,-0.00048373644703925134,4.94047619047619e-05,0.0,0.0,-0.0001371946612256427,-0.0001371946612256427,141645.1787522047,-0.007214141864628543
2017-12-22,GREED_TREND,0,False,0.0,2.9107112726922213,65.56087981477269,70.44840415170152,38.01889210171486,21.494708994708986,0.35,0.35,-0.0033377280085444827,4.8214285714285716e-05,0.0,0.0,-0.0011368655172762831,-0.0011368655172762831,141484.14723279286,-0.008342805872782244
2017-12-26,GREED_EXHAUSTING,0,False,0.0,5.9003938123747615,58.897461896143206,66.91482525315772,43.366646882001966,24.39814814814814,0.35,0.35,-0.01619195927730621,4.7420634920634924e-05,0.0,0.0,-0.005636362334358761,-0.005636362334358761,140686.6913144211,-0.013932145130356677
2017-12-27,GREED_EXHAUSTING,0,False,0.0,8.978771353407389,54.38383631300579,62.321379484309624,49.164886248337815,31.051587301587293,0.35,0.35,0.0,5.297619047619047e-05,0.0,0.0,3.443452380952381e-05,3.443452380952381e-05,140691.5357936428,-0.01389819035333073
2017-12-28,GREED_EXHAUSTING,0,False,0.0,11.06044579516567,53.20881249502867,60.22517702789207,52.98068542407708,43.62433862433861,0.35,0.35,0.002706198726895259,5.178571428571428e-05,0.0,0.0,0.000980830268699055,0.000980830268699055,140829.530310499,-0.012930991850410245
2017-12-29,RANGE_CARRY,0,False,0.0,14.656277778752758,48.171821571911345,56.94924326333287,56.73543676541532,57.36772486772486,0.35,0.35,-0.018892264865140063,4.98015873015873e-05,0.0,0.0,-0.00657992167105299,-0.00657992167105299,139902.8830320847,-0.019425828607958606
2018-01-02,GREED_EXHAUSTING,0,False,0.0,13.610006308287737,49.591660365572785,60.39634738681051,53.46156238764966,61.01851851851851,0.35,0.35,0.05133217993079575,4.98015873015873e-05,0.0,0.0,0.017998634007524543,0.017998634007524543,142420.9438203767,-0.0017768329798416582
2018-01-03,GREED_EXHAUSTING,0,False,0.0,11.719975070773662,52.58497327362439,66.09268584663306,47.31862144781832,56.507936507936506,0.35,0.35,0.029275758224036164,5.178571428571428e-05,0.0,0.0,0.01028017609269837,0.01028017609269837,143885.05620213848,0.0
2018-01-04,GREED_TREND,0,False,0.0,5.029102984497528,62.86030408110103,76.36337544315329,35.88998220357235,46.30291005291004,0.35,0.35,0.0058676813864995125,5.059523809523809e-05,0.0,0.0,0.002086575390036734,0.002086575390036734,144185.2832194039,0.0
2018-01-05,GREED_TREND,0,False,0.0,2.4452330671489206,66.04998920127902,82.16434624334285,32.063979124992656,40.224867724867714,0.35,0.35,0.03020043552207019,5.059523809523809e-05,0.0,0.0,0.010603039337486471,0.010603039337486471,145714.0854492659,0.0
2018-01-08,GREED_TREND,0,False,0.0,0.46977635106252036,69.72461736789556,83.39843822810087,28.221033809596253,37.962962962962955,0.35,0.35,0.011108882477280702,4.98015873015873e-05,0.0,0.0,0.003920479898794277,0.003920479898794277,146285.3545922409,0.0
2018-01-09,GREED_TREND,0,False,0.0,1.306816271825883,68.64568532877033,83.39489900448736,28.06299326668513,40.767195767195766,0.35,0.35,0.0007629743793202692,5.2182539682539675e-05,0.0,0.0,0.00030095968355574505,0.00030095968355574505,146329.38058626783,0.0
2018-01-10,GREED_TREND,0,False,0.0,3.5605274590157605,63.79071650112248,80.88653325436015,33.909524070192205,49.92063492063491,0.35,0.35,-0.007105499900888934,5.178571428571428e-05,0.0,0.0,-0.0024532642510254124,-0.0024532642510254124,145970.39594800086,-0.002453264251025322
2018-01-11,GREED_TREND,0,False,0.0,4.848613574688083,61.59218036946735,78.96523846922986,35.22750606741101,54.94708994708994,0.35,0.35,0.020025492574903714,5.0992063492063484e-05,0.0,0.0,0.007042067242486141,0.007042067242486141,146998.32929167902,0.0
2018-01-12,GREED_TREND,0,False,0.0,5.46084656084657,64.14182046972887,78.3134699896607,33.71925570130653,54.30555555555554,0.35,0.35,0.021198115053973732,5.138888888888889e-05,0.0,0.0,0.0074527430466685834,0.0074527430466685834,148093.8700681795,0.0
2018-01-16,GREED_TREND,0,False,0.0,7.635518006485758,64.49447551569216,76.52784154105179,34.800554358139856,57.93650793650793,0.35,0.35,-0.007740052190066127,5.138888888888889e-05,0.0,0.0,-0.0026756154887453668,-0.0026756154887453668,147697.62781563684,-0.0026756154887453976
2018-01-17,GREED_TREND,0,False,0.0,11.130710282292782,62.76906987626061,75.63646664240741,36.98749852829909,64.14682539682539,0.35,0.35,0.031513728753120196,5.2182539682539675e-05,0.0,0.0,0.011063723714385718,0.011063723714385718,149331.71356305922,0.0
2018-01-18,GREED_TREND,0,False,0.0,16.30301763065647,58.54410675976494,74.00909313179835,39.26964342658762,74.39153439153438,0.35,0.35,0.0009650702196615235,5.178571428571428e-05,0.0,0.0,0.00037143529116724747,0.00037143529116724747,149387.180631567,0.0
2018-01-19,GREED_TREND,0,False,0.0,15.365570487971922,59.61491961869424,75.30961521897423,34.5201169973435,74.8611111111111,0.35,0.35,0.009583836988430239,5.2182539682539675e-05,0.0,0.0,0.003388261596744234,0.003388261596744234,149893.34347874683,0.0
2018-01-22,GREED_TREND,0,False,0.0,15.502930383776642,58.90221729438363,76.92643602646184,35.360229590673235,75.52910052910053,0.35,0.35,0.031243764075372882,5.178571428571428e-05,0.0,0.0,0.01096897814066622,0.01096897814066622,151537.52028679659,0.0
2018-01-23,GREED_TREND,0,False,0.0,12.986249531821576,61.98496047619699,78.90162911967711,33.189414676592804,74.87433862433862,0.35,0.35,0.025335176226675804,5.178571428571428e-05,0.0,0.0,0.008900972393622244,0.008900972393622244,152886.35157146733,0.0
2018-01-24,GREED_TREND,0,False,0.0,16.04749235592438,63.20248531453558,78.92462180278382,37.3886729248244,78.90873015873015,0.35,0.35,-0.0202741868082984,5.178571428571428e-05,0.0,0.0,-0.007062304668618725,-0.007062304668618725,151806.62157699608,-0.00706230466861868
2018-01-25,GREED_EXHAUSTING,0,False,0.0,19.038561101308947,63.86533802730528,78.12239692092737,41.247446742470025,83.82936507936506,0.35,0.35,-0.0012520810688094741,5.138888888888889e-05,0.0,0.0,-0.00040482559630553814,-0.00040482559630553814,151745.16637089304,-0.007464271263225464
2018-01-26,GREED_EXHAUSTING,0,False,0.0,22.84212814485747,61.57548267289178,78.50683641410991,45.101058860509916,85.33068783068782,0.35,0.35,0.04464925332010816,5.0992063492063484e-05,0.0,0.0,0.015660383503307698,0.015660383503307698,154121.55387103447,0.0
2018-01-29,GREED_EXHAUSTING,0,False,0.0,28.997520581604338,57.85307086703642,77.54609402762543,48.87487387222556,86.81878306878305,0.35,0.35,-0.013240317029104998,5.059523809523809e-05,0.0,0.0,-0.0046012240554248445,-0.0046012240554248445,153412.4060699036,-0.004601224055424846
2018-01-30,RISK_WARNING,0,False,0.0,34.56407413660068,51.85727224226053,74.11321844275965,57.37028678081682,88.49867724867725,0.35,0.35,-0.025552956899432044,5.178571428571428e-05,0.0,0.0,-0.008909874200515502,-0.008909874200515502,152045.52083102235,-0.013470101928438227
2018-01-31,RISK_WARNING,0,False,0.0,36.92871047047341,46.53697110915059,69.82985928326133,66.98962018127601,92.12962962962963,0.35,0.35,0.012343477843457462,5.178571428571428e-05,0.0,0.0,0.004353877959495826,0.004353877959495826,152707.50847300864,-0.009174871148840524
2018-02-01,RISK_WARNING,0,False,0.0,35.87142987311108,38.756540770875255,66.35924459870296,74.32327889754397,92.3478835978836,0.35,0.35,-0.025009144730603117,5.257936507936508e-05,0.0,0.0,-0.008719024068409503,-0.008719024068409503,151376.0480312056,-0.017813899294878976
2018-02-02,RISK_WARNING,0,False,0.0,41.08152862516214,30.25142143918669,59.2554010986116,79.24133875128926,91.60052910052907,0.35,0.35,-0.0610835521836397,5.337301587301587e-05,0.0,0.0,-0.021344550803956433,-0.021344550803956433,148144.99428350138,-0.03877822042031931
2018-02-05,NORMAL_PARTICIPATION,0,False,0.0,51.64195837101423,21.85546175468059,44.37697177841587,83.57583549952417,93.69444444444444,0.35,0.35,-0.11543413594589402,5.337301587301587e-05,0.0,0.0,-0.040367255120745446,-0.040367255120745446,142164.78750439791,-0.0775801052242292
2018-02-06,PANIC_ACCELERATING,1,True,0.0,60.93741414117221,21.659932031226514,34.79095689432736,84.00808657243194,91.75,0.35,0.35,0.07709424302755519,5.4563492063492063e-05,0.0,0.0,0.027018451329485584,0.027018451329485584,146005.85989635217,-0.05265774819188063
2018-02-07,PANIC_ACCELERATING,1,True,0.0,62.38697960599157,28.065536429086638,28.938411713485873,82.1590650015839,84.9973544973545,0.35,0.35,-0.03954705727022789,5.4960317460317456e-05,0.0,0.0,-0.013805745838230556,-0.013805745838230556,143990.1401037308,-0.06573651454216067
2018-02-08,PANIC_ACCELERATING,1,True,0.0,62.480554964144595,28.627250421728306,26.25538629852692,81.84042636826418,83.98015873015873,0.35,0.35,-0.12391441463296304,5.615079365079365e-05,0.0,0.0,-0.04333354710566405,-0.04333354710566405,137750.53658479464,-0.10622146529834975
2018-02-09,PANIC_ACCELERATING,1,True,0.0,63.70939474087197,29.164750295967142,21.328073741401276,79.54608044499896,79.23148148148147,0.35,0.35,0.04707315722434524,5.615079365079365e-05,0.0,0.0,0.01651210304439385,0.01651210304439385,140025.0876393033,-0.09146330203448882
2018-02-12,PANIC_ACCELERATING,1,True,0.0,60.33425309928658,30.70225820772326,20.717792872814872,74.91785911779753,72.49867724867725,0.35,0.35,0.05597574090724766,5.615079365079365e-05,0.0,0.0,0.0196280073334097,0.0196280073334097,142773.50108634887,-0.07363053706415001
2018-02-13,PANIC_STABILIZING_1,1,True,0.15,56.26641216375128,38.99734717855952,24.768341318301463,71.97020875471766,56.81878306878306,0.4175,0.35,0.012171096567383355,5.8928571428571435e-05,0.0,0.0,0.004298187370012745,0.004298187370012745,143387.16834549073,-0.06964882753859358
2018-02-14,PANIC_STABILIZING_1,1,True,0.15,46.79385697815503,49.22237346342282,29.423629309047076,65.3725525041478,48.46031746031745,0.4175,0.4175,0.058556701030927805,5.773809523809524e-05,0.0675,3.375e-05,0.024481055120888547,0.024447305120888548,146892.59820045313,-0.0469042485558534
2018-02-15,PANIC_STABILIZING_2,1,True,0.4,41.586831888549305,57.011068914910844,35.778039825796775,58.97736320004676,46.80820105820106,0.53,0.4175,0.052263342423061854,5.7341269841269845e-05,0.0,0.0,0.021853346751310863,0.021853346751310863,150102.69308412864,-0.026075916612343097
2018-02-16,PANIC_STABILIZING_2,1,True,0.4,37.232674838256834,63.60393083796735,41.30089606183145,51.78101998156058,45.54629629629628,0.53,0.53,-0.011165573309244947,5.7341269841269845e-05,0.11250000000000004,5.6250000000000026e-05,-0.005890803457074425,-0.005947053457074425,149210.02434430647,-0.031867895199381824
2018-02-20,PANIC_STABILIZING_2,1,True,0.4,37.33325520597716,67.21538145898957,44.598383502990686,45.87417403440605,45.82275132275132,0.53,0.53,0.004986896293522891,5.8928571428571435e-05,0.0,0.0,0.002670751464138561,0.002670751464138561,149608.5272352882,-0.02928225496300585
2018-02-21,PANIC_STABILIZING_2,1,True,0.4,42.10667277422059,66.45965969088867,44.32943392833575,44.533920357131926,46.44312169312169,0.53,0.53,-0.009000417237885139,6.051587301587301e-05,0.0,0.0,-0.004741778675761663,-0.004741778675761663,148899.11671113182,-0.033885183666605534
2018-02-22,PANIC_STABILIZING_2,1,True,0.4,46.17592861911362,63.414822892362785,45.39408253435952,44.672825149173356,46.66005291005291,0.53,0.53,0.0001954769637915188,5.972222222222221e-05,0.0,0.0,0.0001316722352539494,0.0001316722352539494,148918.7225906565,-0.03375797316922702
2018-02-23,PANIC_STABILIZING_2,1,True,0.4,43.936044828078685,63.11986246249594,50.68412730040122,45.35763542300129,44.597883597883595,0.53,0.53,0.0595637205526407,5.932539682539682e-05,0.0,0.0,0.0315966548294075,0.0315966548294075,153624.05606598977,-0.003227957365787959
2018-02-26,PANIC_STABILIZING_2,1,True,0.4,38.29102265764919,65.2463795609591,57.59797425978932,39.83945049807242,42.15873015873016,0.53,0.53,0.04013961605584648,5.972222222222221e-05,0.0,0.0,0.021302065954043083,0.021302065954043083,156896.5658404351,0.0
2018-02-27,PANIC_STABILIZING_2,1,True,0.4,35.02517754584712,67.71626512422799,60.69030707141894,39.84861896553364,41.9021164021164,0.53,0.53,-0.03580782452119824,6.051587301587301e-05,0.0,0.0,-0.018949704535917607,-0.018949704535917607,153923.42227505872,-0.01894970453591749
2018-02-28,PANIC_STABILIZING_2,1,True,0.4,39.85529504936299,63.07085217432049,58.42553637222746,43.817768718827274,44.043650793650784,0.53,0.53,-0.020089696249451672,6.051587301587301e-05,0.0,0.0,-0.010619096551891928,-0.010619096551891928,152288.89459232223,-0.029367572345712745
2018-03-01,PANIC_STABILIZING_2,1,True,0.4,49.554892564378896,50.86819597015245,49.57851754013348,52.8217139082391,47.03835978835978,0.53,0.53,-0.048135368089744945,6.011904761904762e-05,0.0,0.0,-0.02548348913518387,-0.02548348913518387,148408.04220156962,-0.05410267327009799
2018-03-02,PANIC_STABILIZING_1,1,True,0.4,54.45431170847392,45.97696918016454,46.359327319404834,53.29297966291799,47.4074074074074,0.53,0.53,0.02749927952797715,5.932539682539682e-05,0.0,0.0,0.014602501086335828,0.014602501086335828,150575.170799039,-0.040290206528962424
2018-03-05,PANIC_STABILIZING_1,1,True,0.4,54.718479877772495,46.90034048920245,47.480387171561745,53.23887807935009,46.79232804232803,0.53,0.53,0.03136901774379264,6.011904761904762e-05,0.0,0.0,0.01665383535659105,0.01665383535659105,153082.8249023168,-0.02430735763838776
2018-03-06,PANIC_STABILIZING_2,1,True,0.4,46.19352375588642,59.566477756264135,55.607834242198216,51.13291866968683,45.83994708994708,0.53,0.53,0.012638298481400412,6.210317460317461e-05,0.0,0.0,0.00672748668720571,0.00672748668720571,154112.687568887,-0.017743398376095287
2018-03-07,PANIC_STABILIZING_2,1,True,0.4,38.29185638154572,68.60253934548814,60.75214151898238,46.50256639707292,46.150793650793645,0.53,0.53,0.0074770318021202264,6.13095238095238e-05,0.0,0.0,0.003991642331314197,0.003991642331314197,154727.85029637956,-0.01382258134484049
2018-03-08,RECOVERY_RETESTED,1,True,1.0,31.539012705022316,74.4223007606874,65.10096650182159,38.77514693802289,46.02513227513227,0.8,0.53,0.014913228300060366,6.13095238095238e-05,0.0,0.0,0.00793282647522247,0.00793282647522247,155955.27948366496,-0.005999407008866142
2018-03-09,RECOVERY_RETESTED,1,True,1.0,26.799939206629734,76.63133441129709,70.46683642669687,31.890172957149122,45.93253968253968,0.8,0.8,0.05822343866633495,6.091269841269841e-05,0.27,0.000135,0.0465909334727505,0.046455933472750496,163200.3275720823,0.0
2018-03-12,RECOVERY_RETESTED,1,True,1.0,24.344836335827512,75.54720542611209,75.46028912953294,29.603650496927298,47.189153439153436,0.8,0.8,0.014969825221412325,6.091269841269841e-05,0.0,0.0,0.0119880427168124,0.0119880427168124,165156.78007041418,0.0
2018-03-13,RECOVERY_RETESTED,1,True,1.0,23.776893265311838,71.77484501598909,75.51527913548968,36.489377467592426,53.03571428571428,0.8,0.8,-0.03630630630630627,6.25e-05,0.0,0.0,-0.029032545045045016,-0.029032545045045016,160361.85841352527,-0.029032545045045155
2018-03-14,RECOVERY_RETESTED,1,True,1.0,25.599692766088328,67.5343155737293,71.40098069108146,42.694944309326125,58.94841269841269,0.8,0.8,-0.003392139318099785,6.329365079365079e-05,0.0,0.0,-0.002701052724321098,-0.002701052724321098,159928.71257898025,-0.031655179334478145
2018-03-15,PANIC_STABILIZING_2,1,True,1.0,28.151059479565372,62.59063201266738,67.94849603542879,50.47323362336491,62.043650793650784,0.8,0.8,-0.004462311557788978,6.448412698412699e-05,0.0,0.0,-0.0035569524208343578,-0.0035569524208343578,159359.85375761153,-0.03509953578854674
2018-03-16,PANIC_STABILIZING_2,1,True,1.0,28.053161538579005,57.01191325322291,65.15179349864742,52.11130406242716,60.8068783068783,0.8,0.8,-0.0066225165562914245,6.488095238095238e-05,0.0,0.0,-0.0052850370545569495,-0.0052850370545569495,158517.63102549376,-0.04019907049586369
2018-03-19,PANIC_STABILIZING_2,1,True,1.0,36.524772963625544,46.018958067482664,55.44814365083872,59.40669902069002,65.97883597883597,0.8,0.8,-0.06277777777777782,6.527777777777778e-05,0.0,0.0,-0.0502091666666667,-0.0502091666666667,150558.59286972956,-0.08838987533215847
2018-03-20,PANIC_STABILIZING_1,1,True,1.0,41.78725469826649,40.267044260501315,46.22421736057178,63.866516084615604,72.57275132275132,0.8,0.8,0.007344542917865571,6.607142857142857e-05,0.0,0.0,0.0058888486200067425,0.0058888486200067425,151445.20963158063,-0.08302154130752404
2018-03-21,PANIC_STABILIZING_1,1,True,1.0,49.4432549157585,35.13722124856826,37.512782307857385,69.08291399870882,79.39814814814815,0.8,0.8,-0.01446716899892364,6.646825396825397e-05,0.0,0.0,-0.011560441548345263,-0.011560441548345263,149694.43613785788,-0.09362221718032993
2018-03-22,PANIC_STABILIZING_1,1,True,1.0,52.93363174166165,33.4960448055622,31.53269023034215,69.65137154727883,84.04100529100528,0.8,0.8,-0.07306275212256241,6.369047619047618e-05,0.0,0.0,-0.05843746360281184,-0.05843746360281184,140946.67297450837,-0.14658863587425164
2018-03-23,PANIC_ACCELERATING,1,True,1.0,59.28279853825143,28.29795597510204,22.38466698083614,71.73733073049094,89.58333333333333,0.36,0.8,-0.08078554595443843,6.28968253968254e-05,0.0,0.0,-0.06461585739847138,-0.06461585739847138,131839.28285279853,-0.2017325428808362
2018-03-26,PANIC_ACCELERATING,1,True,1.0,61.37452913372706,30.752761286898888,18.638416819365016,68.27291664287968,83.66402116402115,0.36,0.36,0.11253161960757518,6.369047619047618e-05,0.44000000000000006,0.00022000000000000003,0.04055214496348897,0.04033214496348897,137156.64392070004,-0.16953670408067023
2018-03-27,PANIC_ACCELERATING,1,True,1.0,62.142317489359094,34.09360841318544,16.19628083235617,68.64982301953435,76.37566137566137,0.36,0.36,-0.09589504086523692,6.567460317460317e-05,0.0,0.0,-0.03448018296545354,-0.03448018296545354,132427.45774338674,-0.19817123047006235
2018-03-28,PANIC_ACCELERATING,1,True,1.0,61.90093236614581,34.40940600290036,15.82579641064428,68.73831535992026,69.82804232804232,0.36,0.36,-0.03447748513169069,6.488095238095238e-05,0.0,0.0,-0.012370370837884838,-0.012370370837884838,130789.28098198272,-0.2080901496976325
2018-03-29,PANIC_STABILIZING_1,1,True,1.0,60.156367068692624,36.57656591442642,13.454194082814693,69.20469867031771,68.06878306878306,0.8,0.36,0.055366853804051264,6.329365079365079e-05,0.0,0.0,0.01997257530596639,0.01997257530596639,133401.47974560855,-0.192273670576932
2018-04-02,PANIC_STABILIZING_1,1,True,1.0,58.69395120666157,33.88583095126373,12.594419838746504,67.21730801570548,65.77380952380952,0.8,0.8,-0.0887988393616489,6.329365079365079e-05,0.44000000000000006,0.00022000000000000003,-0.0710264127591604,-0.0712464127591604,123897.10285697016,-0.24982127403944943
2018-04-03,PANIC_STABILIZING_1,1,True,1.0,57.02552389552661,38.452227322733656,13.233612320651217,64.73509219381413,58.89550264550264,0.8,0.8,0.033545624245086225,6.488095238095238e-05,0.0,0.0,0.026849475586545175,0.026849475586545175,127223.67509537205,-0.22967936865122618
2018-04-04,PANIC_STABILIZING_1,1,True,1.0,56.18068752125267,39.74379782495707,12.915348519011344,61.4132736078158,57.42724867724868,0.8,0.8,0.04729526339088097,6.40873015873016e-05,0.0,0.0,0.03784902817302224,0.03784902817302224,132038.9675583322,-0.2005234813730462
2018-04-05,PANIC_STABILIZING_1,1,True,1.0,50.16668069672635,49.26048981630575,15.454660272013797,56.50252455246019,52.47354497354497,0.8,0.8,0.015706894802691718,6.25e-05,0.0,0.0,0.012578015842153374,0.012578015842153374,133699.7557840625,-0.19046765305632662
2018-04-06,PANIC_STABILIZING_1,1,True,1.0,48.74423591204493,48.84602834163411,15.1551285250496,57.54128516026294,51.19047619047618,0.8,0.8,-0.07462338743237629,6.28968253968254e-05,0.0,0.0,-0.059686130580821666,-0.059686130580821666,125719.73470171096,-0.23878550642540586
2018-04-09,PANIC_STABILIZING_1,1,True,1.0,49.501739642281656,47.79963543158976,14.636593985666222,57.71078208679169,51.69312169312169,0.8,0.8,0.020002878111958555,6.329365079365079e-05,0.0,0.0,0.016014961219725576,0.016014961219725576,127733.13137751305,-0.22659468583091558
2018-04-10,PANIC_STABILIZING_1,1,True,1.0,49.709016819170266,48.09892258385408,15.424324877224931,54.93342534125052,51.54100529100529,0.8,0.8,0.0660623589164786,6.448412698412699e-05,0.0,0.0,0.05286278395857971,0.05286278395857971,134485.46030587543,-0.18571032779557772
2018-04-11,PANIC_STABILIZING_1,1,True,1.0,45.053407939206124,53.94130230211392,17.53124044992451,48.56187680909377,50.29761904761906,0.8,0.8,-0.016823821339950418,6.369047619047618e-05,0.0,0.0,-0.01344631897672224,-0.01344631897672224,132677.1259088713,-0.19665952646748908
2018-04-12,PANIC_STABILIZING_2,1,True,1.0,41.332058707623894,60.158760157648324,21.427299160264266,46.00658933057358,48.260582010582006,0.8,0.8,0.03506469469823159,6.329365079365079e-05,0.0,0.0,0.028064414488744006,0.028064414488744006,136400.63176355316,-0.1741142464426887
2018-04-13,PANIC_STABILIZING_2,1,True,1.0,39.11778651050498,63.94572664149788,22.821837312134903,46.93424097381766,47.19576719576719,0.8,0.8,-0.014841425947299203,6.40873015873016e-05,0.0,0.0,-0.011860323297521904,-0.011860323297521904,134782.87617285116,-0.183909518486696
2018-04-16,RECOVERY_RETESTED,1,True,1.0,36.25079365079366,71.76958036225788,26.459088054195835,41.71539729291166,45.629629629629626,0.8,0.8,0.02207775064352191,6.448412698412699e-05,0.0,0.0,0.017675097340214354,0.017675097340214354,137165.17662900037,-0.16948503978752594
2018-04-17,RECOVERY_RETESTED,1,True,1.0,33.23703703703705,76.87155454021622,31.73102232888172,37.39618073745672,44.056878306878296,0.8,0.8,0.06396306221949555,6.567460317460317e-05,0.0,0.0,0.05118358469623136,0.05118358469623136,144185.78206436438,-0.12697630698000328
2018-04-18,RECOVERY_RETESTED,1,True,1.0,30.959788359788373,81.73819008643908,36.85947042182556,30.23909539193241,42.74867724867724,0.8,0.8,0.00696467589220684,6.607142857142857e-05,0.0,0.0,0.005584954999479758,0.005584954999479758,144991.05316875863,-0.1221005089410071
2018-04-19,RECOVERY_RETESTED,1,True,1.0,30.36296296296298,81.37775519564543,38.964355008300096,30.909332193738134,42.563492063492056,0.8,0.8,-0.02719889094826944,6.646825396825397e-05,0.0,0.0,-0.021745819107821904,-0.021745819107821904,141838.10395429825,-0.14119115246842473
2018-04-20,RECOVERY_RETESTED,1,True,1.0,32.984656084656095,76.66103807172503,34.879722351768585,36.67710454459958,43.739417989417994,0.8,0.8,-0.04794138604045972,6.686507936507937e-05,0.0,0.0,-0.03833973581649477,-0.03833973581649477,136400.0685199779,-0.17411765679965374
2018-04-23,RECOVERY_RETESTED,1,True,1.0,37.57380952380954,65.65171176839988,31.46754304736341,46.701852811957224,45.43121693121693,0.8,0.8,-0.007874656297284566,6.646825396825397e-05,0.0,0.0,-0.006286431387034002,-0.006286431387034002,135542.59884804033,-0.17930950948394564
2018-04-24,RECOVERY_RETESTED,1,True,1.0,44.82777777777779,53.222517275138756,24.019915561640534,55.48142266693825,47.81746031746031,0.8,0.8,-0.06374325587497331,6.884920634920635e-05,0.0,0.0,-0.050980834858708815,-0.050980834858708815,128632.52399984817,-0.2211489958510573
2018-04-25,PANIC_STABILIZING_1,1,True,1.0,50.3835978835979,47.84255223875587,20.120353309685083,61.22099185843313,50.51587301587301,0.8,0.8,0.003941007496671922,6.884920634920635e-05,0.0,0.0,0.0031665758386073793,0.0031665758386073793,129039.84864240518,-0.2186827050794441
2018-04-26,PANIC_STABILIZING_1,1,True,1.0,49.32880783519082,50.97583264887512,20.576543376549168,64.26958635784946,50.1058201058201,0.8,0.8,0.06200603660345094,6.805555555555556e-05,0.0,0.0,0.049618440393871865,0.049618440393871865,135442.60468070259,-0.1799149594527275
2018-04-27,PANIC_STABILIZING_2,1,True,1.0,42.38489249127548,59.25049000037645,26.02663718738188,61.84318535331269,49.02116402116402,0.8,0.8,0.002332802155377678,6.686507936507937e-05,0.0,0.0,0.0018796147401751583,0.0018796147401751583,135697.18459690816,-0.17837351552231762
2018-04-30,PANIC_STABILIZING_2,1,True,1.0,36.998120004502994,61.12094598245346,29.516115948127947,62.861613275055824,48.95502645502645,0.8,0.8,-0.021306934587710824,6.686507936507937e-05,0.0,0.0,-0.017032174654295646,-0.017032174654295646,133385.96644875742,-0.19236760130653652
2018-05-01,PANIC_STABILIZING_2,1,True,1.0,34.329439600566374,61.86635861638579,30.115586670481918,57.296630191021514,49.48412698412698,0.8,0.8,0.03250548456784941,6.884920634920635e-05,0.0,0.0,0.02601815749554937,0.02601815749554937,136856.42353151727,-0.17135449435882155
2018-05-02,PANIC_STABILIZING_2,1,True,1.0,35.46098179850201,58.015925759085576,29.432715828578097,57.28963627677004,49.90740740740741,0.8,0.8,-0.0174360138839329,6.805555555555556e-05,0.0,0.0,-0.013935199996035208,-0.013935199996035208,134949.30189886346,-0.1829018352057472
2018-05-03,PANIC_STABILIZING_2,1,True,1.0,35.83854200223044,54.834991663917435,29.04703553455182,54.0748795460706,48.095238095238095,0.8,0.8,6.602948216372084e-05,6.765873015873016e-05,0.0,0.0,6.63553317627227e-05,6.63553317627227e-05,134958.25650456213,-0.18284761638593938
2018-05-04,PANIC_STABILIZING_2,1,True,1.0,35.55180044436212,55.37853457227422,33.04024606315496,53.90029220627283,47.36111111111111,0.8,0.8,0.05626991070102183,6.765873015873016e-05,0.0,0.0,0.04502946030684921,0.04502946030684921,141035.3539589159,-0.1460516855633428
2018-05-07,PANIC_STABILIZING_2,1,True,1.0,33.063798298106065,59.53692618373526,41.18690214084555,47.04732868143197,46.712962962962955,0.8,0.8,0.02376859607450932,6.765873015873016e-05,0.0,0.0,0.019028408605639202,0.019028408605639202,143719.03230188708,-0.12980240810814525
2018-05-08,PANIC_STABILIZING_2,1,True,1.0,30.00947555125779,65.19091717341716,47.3166575593575,41.06699486169069,47.56613756613756,0.8,0.8,-0.0033123196922748566,6.845238095238096e-05,0.0,0.0,-0.0026361652776294093,-0.0026361652776294093,143340.16517919837,-0.1320963927845672
2018-05-09,PANIC_STABILIZING_2,1,True,1.0,27.63948473960031,66.9747643885773,51.591650153868926,35.47769440368753,47.017195767195766,0.8,0.8,0.03349362901249697,6.884920634920635e-05,0.0,0.0,0.026808673051267422,0.026808673051267422,147182.92480260215,-0.10882904873871313
2018-05-10,PANIC_STABILIZING_2,1,True,1.0,22.452206525475862,68.55646758293307,56.21836412037021,33.35889765871278,42.73809523809524,0.8,0.8,0.031118948475912456,6.924603174603173e-05,0.0,0.0,0.024909007987079172,0.024909007987079172,150849.10545207185,-0.08663086439589274
2018-05-11,PANIC_STABILIZING_2,1,True,1.0,18.475780431445358,69.4995217039317,62.89429169124253,33.42114282875645,36.772486772486765,0.8,0.8,-0.002989235876579066,7.003968253968254e-05,0.0,0.0,-0.0023773807647553165,-0.0023773807647553165,150490.47969038953,-0.08880229060999922
2018-05-14,PANIC_STABILIZING_2,1,True,1.0,16.406849883491823,69.22393707677554,64.53512982904913,34.91583039634809,33.00925925925925,0.8,0.8,0.004439639639639559,7.083333333333332e-05,0.0,0.0,0.0035658783783783137,0.0035658783783783137,151027.11043806927,-0.08555307039965765
2018-05-15,PANIC_STABILIZING_2,1,True,1.0,20.890622510283077,66.06661993245443,57.640988181335274,42.063831781363206,37.51322751322751,0.8,0.8,-0.03234648336036061,7.123015873015872e-05,0.0,0.0,-0.02586294065654246,-0.02586294065654246,147121.10524328038,-0.10920335707346884
2018-05-16,PANIC_STABILIZING_2,1,True,1.0,21.52244977298281,65.90525341173468,53.06106168271945,41.532670496896756,39.42460317460317,0.8,0.8,0.018419374453128468,7.083333333333332e-05,0.0,0.0,0.01474966622916944,0.01474966622916944,149291.0924408853,-0.0960644039122378
2018-05-17,PANIC_STABILIZING_2,1,True,1.0,23.609884947545996,64.62430533130579,47.6184500578396,46.53703433814642,43.40608465608465,0.8,0.8,-0.011285695562901377,7.083333333333332e-05,0.0,0.0,-0.009014389783654436,-0.009014389783654436,147945.3243423956,-0.10421283171469276
2018-05-18,PANIC_STABILIZING_2,1,True,1.0,23.173141994691573,59.811856671033674,47.29225636199396,49.061613176979684,42.705026455026456,0.8,0.8,-0.01602450807116773,7.083333333333332e-05,0.0,0.0,-0.01280543979026752,-0.01280543979026752,146050.81939927745,-0.11568378036306448
2018-05-21,PANIC_STABILIZING_2,1,True,1.0,25.90025132489015,56.46829154697922,46.301683327279136,53.938560543803284,45.125661375661366,0.8,0.8,0.017467967908035176,7.043650793650793e-05,0.0,0.0,0.013988461628015442,0.013988461628015442,148093.84568218444,-0.10331355685764154
2018-05-22,NORMAL_PARTICIPATION,1,False,0.0,26.47045292151053,53.82166596384305,47.60948945672104,57.80362405146266,49.87433862433861,0.35,0.8,-0.005207796984185387,7.123015873015872e-05,0.0,0.0,-0.004151991555602278,-0.004151991555602278,147478.96128547535,-0.1070365913975917
2018-05-23,NORMAL_PARTICIPATION,0,False,0.0,24.58260109016413,55.3383316435189,51.68564816029385,56.84421432616518,51.712962962962955,0.35,0.35,0.025140119193741484,7.123015873015872e-05,0.45000000000000007,0.00022500000000000005,0.008845341320984123,0.008620341320984123,148750.28026942036,-0.09933894202828952
2018-05-24,RANGE_CARRY,0,False,0.0,20.906317345483092,54.14008381162216,52.568856258466276,56.53151026781706,54.31878306878307,0.35,0.35,-0.0008511129383592664,7.083333333333332e-05,0.0,0.0,-0.00025184786175907656,-0.00025184786175907656,148712.81782939844,-0.09956577158990931
2018-05-25,RANGE_CARRY,0,False,0.0,19.004867174415214,53.05877675176117,52.46076759464373,50.81422454163129,53.69708994708994,0.35,0.35,0.002526637983309765,7.043650793650793e-05,0.0,0.0,0.0009301070243171479,0.0009301070243171479,148851.13666586755,-0.09872827138912954
2018-05-29,RANGE_CARRY,0,False,0.0,27.66036238484646,48.971920052041334,46.278861750350394,51.09488544624366,64.23280423280424,0.35,0.35,-0.012774169390958656,7.003968253968254e-05,0.0,0.0,-0.0044254334931847356,-0.0044254334931847356,148192.4058601678,-0.10271678948338459
2018-05-30,RISK_WARNING,0,False,0.0,31.664602909309284,49.20428285097785,44.22458441016257,45.31101817267671,70.27116402116401,0.35,0.35,0.02132749817651347,7.123015873015872e-05,0.0,0.0,0.007510923964954317,0.007510923964954317,149305.46775276717,-0.0959773635141642
2018-05-31,RISK_WARNING,0,False,0.0,35.40083679003304,47.00790121096053,42.89026695634194,47.94188361084173,74.68253968253968,0.35,0.35,-0.0021282065931554905,7.162698412698412e-05,0.0,0.0,-0.000698314767921882,-0.000698314767921882,149201.20553970392,-0.09660865587175804
2018-06-01,NORMAL_PARTICIPATION,0,False,0.0,23.540304165201235,53.37225443191477,50.513779627098415,42.85630448139144,62.0568783068783,0.35,0.35,0.046519616964630695,7.123015873015872e-05,0.0,0.0,0.016328165540795345,0.016328165540795345,151637.38752264247,-0.08185793245671025
2018-06-04,NORMAL_PARTICIPATION,0,False,0.0,16.227670357423932,55.832733820358726,56.76797646488336,42.45238624637155,57.1031746031746,0.35,0.35,0.025645234089696878,7.083333333333332e-05,0.0,0.0,0.009021873598060573,0.009021873598060573,153005.44086561186,-0.07357457077827279
2018-06-05,GREED_TREND,0,False,0.0,7.144736946487242,62.53758905889549,62.968928019284476,34.72633856111903,52.38756613756613,0.35,0.35,0.01032165146423436,7.162698412698412e-05,0.0,0.0,0.0036591355521645654,0.0036591355521645654,153565.3085139578,-0.07018465455377842
2018-06-06,GREED_TREND,0,False,0.0,4.393440254481955,65.20266087635326,65.47892256780911,31.30038497879472,56.99074074074073,0.35,0.35,0.016499036456270932,7.162698412698412e-05,0.0,0.0,0.005821220299377366,0.005821220299377366,154459.2460051594,-0.06477199459019434
2018-06-07,GREED_TREND,0,False,0.0,3.8386192682006928,65.01535837168494,63.12989073600664,33.89384855816342,60.73412698412698,0.35,0.35,-0.023204175972575736,7.202380952380952e-05,0.0,0.0,-0.00807464611421103,-0.00807464611421103,153212.04225459986,-0.07232362976997808
2018-06-08,RANGE_CARRY,0,False,0.0,5.7912022512563235,63.09857143839779,58.98182941087376,36.28895617806641,65.83994708994709,0.35,0.35,-0.000664672648720499,7.162698412698412e-05,0.0,0.0,-0.00018607788736963498,-0.00018607788736963498,153183.5328814575,-0.0724962498291134
2018-06-11,RANGE_CARRY,0,False,0.0,7.848858908596015,62.178810129393895,53.58614954504937,38.068530008099266,69.97354497354497,0.35,0.35,0.007808446957100035,7.123015873015872e-05,0.0,0.0,0.002779256038159615,0.002779256038159615,153609.26914016492,-0.06991847943103524
2018-06-12,RANGE_CARRY,0,False,0.0,7.6720676565835255,64.8917275561016,54.16973227050473,33.92066754671511,67.91666666666667,0.35,0.35,0.01585227422718516,7.162698412698412e-05,0.0,0.0,0.005594853519197345,0.005594853519197345,154468.6905001951,-0.0647148095625395
2018-06-13,RANGE_CARRY,0,False,0.0,7.026765337135161,65.46040806119753,55.74277183938815,35.7331447183532,68.6111111111111,0.35,0.35,-0.0011434065719890807,7.083333333333332e-05,0.0,0.0,-0.00035415063352951153,-0.00035415063352951153,154413.985315594,-0.0650460414052636
2018-06-14,NORMAL_PARTICIPATION,0,False,0.0,5.2254512206285915,67.46885618754018,59.74714051692364,32.70831921537313,67.8968253968254,0.35,0.35,0.030399999999999983,7.162698412698412e-05,0.0,0.0,0.010686557539682532,0.010686557539682532,156064.1392546008,-0.05505460212978697
2018-06-15,GREED_TREND,0,False,0.0,4.856826153313567,66.87375157506474,61.43381975279154,35.775105608606246,68.10185185185185,0.35,0.35,-0.009935363328788527,7.162698412698412e-05,0.0,0.0,-0.0034308196253934444,-0.0034308196253934444,155528.71134282596,-0.05829653934572543
2018-06-18,GREED_TREND,0,False,0.0,4.696702942235763,65.76513774789281,62.7431096849452,35.6666219212441,69.64285714285714,0.35,0.35,-0.002231431303793441,7.162698412698412e-05,0.0,0.0,-0.0007344434166451645,-0.0007344434166451645,155414.48430468093,-0.058988167252834844
2018-06-19,NORMAL_PARTICIPATION,0,False,0.0,8.936304287060208,58.664001155437326,58.830384933857346,44.0870583148026,73.88888888888889,0.35,0.35,-0.008945686900958538,7.162698412698412e-05,0.0,0.0,-0.003084432875652949,-0.003084432875652949,154935.1187599389,-0.06189065508613878
2018-06-20,NORMAL_PARTICIPATION,0,False,0.0,10.978303361263338,56.356446205613075,56.99072539658213,41.40310699763587,78.96825396825396,0.35,0.35,0.02095422308188266,7.162698412698412e-05,0.0,0.0,0.007380535618341471,0.007380535618341471,156078.6229224786,-0.05496690565210305
2018-06-21,NORMAL_PARTICIPATION,0,False,0.0,17.50236989023183,49.452360688560596,52.42100904274765,46.160180112418374,82.6058201058201,0.35,0.35,-0.02589201136722452,7.162698412698412e-05,0.0,0.0,-0.009015646438846043,-0.009015646438846043,154671.47324154756,-0.06348698990375234
2018-06-22,NORMAL_PARTICIPATION,0,False,0.0,19.96741425190029,45.23245197390079,51.29862441732393,48.48566023302263,84.25925925925925,0.35,0.35,-0.010048622366288562,7.162698412698412e-05,0.0,0.0,-0.003470460288518457,-0.003470460288518457,154134.69203589612,-0.06673712111497221
2018-06-25,RISK_WARNING,0,False,0.0,32.87037061968687,34.7737686331746,40.191104504882645,61.59994464656115,89.4973544973545,0.35,0.35,-0.06385068762278978,7.123015873015872e-05,0.0,0.0,-0.02230144106480182,-0.02230144106480182,150697.2662854162,-0.08755022820639391
2018-06-26,RISK_WARNING,0,False,0.0,37.17184137115762,37.042427974885335,35.78501179708537,64.54342766900737,89.72883597883599,0.35,0.35,0.011024833857992355,7.123015873015872e-05,0.0,0.0,0.0039049914534719276,0.0039049914534719276,151285.73782232232,-0.08398711964581762
2018-06-27,RISK_WARNING,0,False,0.0,47.49215868405611,33.25190223134635,28.651898277141303,70.25422551214697,92.53968253968254,0.35,0.35,-0.04013118746799882,7.123015873015872e-05,0.0,0.0,-0.013999616010624981,-0.013999616010624981,149167.79558492574,-0.09681094823156267
2018-06-28,RISK_WARNING,0,False,0.0,48.12101170627309,35.39400806548074,30.557387264913604,69.97926870787772,91.78571428571429,0.35,0.35,0.024508743854792847,7.123015873015872e-05,0.0,0.0,0.0086243599523521,0.0086243599523521,150454.27234734903,-0.08902152074408798
2018-06-29,NORMAL_PARTICIPATION,0,False,0.0,50.424969989792054,32.531002808618105,30.46432426383139,71.39359668423079,92.31481481481482,0.35,0.35,0.004559334674866022,7.123015873015872e-05,0.0,0.0,0.001642066739377711,0.001642066739377711,150701.3283037679,-0.087525633283013
2018-07-02,RISK_WARNING,0,False,0.0,44.120348922210574,38.0855702721531,34.0251599011813,66.17275122118117,91.03835978835978,0.35,0.35,0.022427052544580883,7.123015873015872e-05,0.0,0.0,0.007895767993777912,0.007895767993777912,151891.23102840857,-0.08032094738314632
2018-07-03,RISK_WARNING,0,False,0.0,42.964984095469845,38.16918250123572,33.95946322184573,66.26152623546311,91.48809523809524,0.35,0.35,-0.034430317312434844,7.321428571428571e-05,0.0,0.0,-0.012003021773637908,-0.012003021773637908,150068.07727514993,-0.09135987507646504
2018-07-05,RISK_WARNING,0,False,0.0,37.19453409713113,43.12522276415913,34.77295949866983,60.17082230015029,89.44444444444444,0.35,0.35,0.03672224192976237,7.321428571428571e-05,0.0,0.0,0.012900373961131114,0.012900373961131114,152004.0115916273,-0.07963807766886255
2018-07-06,RISK_WARNING,0,False,0.0,31.404886542241837,50.544051663814685,39.4585919324583,53.14474886645262,81.83201058201058,0.35,0.35,0.044988571506781705,7.242063492063492e-05,0.0,0.0,0.015793073440072008,0.015793073440072008,154404.6221098794,-0.06510273423804125
2018-07-09,NORMAL_PARTICIPATION,0,False,0.0,20.256913953218067,60.892619922939765,49.1354052674205,39.29958170158799,70.92592592592591,0.35,0.35,0.027832351015062207,7.281746031746031e-05,0.0,0.0,0.009788654204478121,0.009788654204478121,155916.0355632861,-0.05595134818678538
2018-07-10,NORMAL_PARTICIPATION,0,False,0.0,14.30183819555613,67.07806683902048,56.808948673117094,30.45205943883073,62.55291005291005,0.35,0.35,0.0023956674100031883,7.321428571428571e-05,0.0,0.0,0.0008860728792154016,0.0008860728792154016,156054.1885338335,-0.05511485227975388
2018-07-11,NORMAL_PARTICIPATION,0,False,0.0,15.067899425048415,66.01455138054531,57.28154181565615,31.10031006656668,60.965608465608476,0.35,0.35,-0.014632037933971498,7.361111111111111e-05,0.0,0.0,-0.005073366054667802,-0.005073366054667802,155262.46851103724,-0.05990860051375746
2018-07-12,GREED_TREND,0,False,0.0,15.90826868141081,65.6362677968453,60.12671476732354,31.254829343835144,56.17063492063493,0.35,0.35,0.0493471978532356,7.281746031746031e-05,0.0,0.0,0.01731885059783881,0.01731885059783881,157951.43600663156,-0.04362729801774201
2018-07-13,GREED_TREND,0,False,0.0,17.118497647171502,63.63436773547655,63.424203526832365,33.44640566990473,51.111111111111114,0.35,0.35,0.002926097593961119,7.321428571428571e-05,0.0,0.0,0.0010717234436006774,0.0010717234436006774,158120.71626355025,-0.04260233097220789
2018-07-16,GREED_TREND,0,False,0.0,19.048551280758293,61.44145685192276,67.3859378747304,35.66717176233965,47.94973544973545,0.35,0.35,-0.006742261722341603,7.321428571428571e-05,0.0,0.0,-0.002312202317105275,-0.002312202317105275,157755.10917702332,-0.04481602808092522
2018-07-17,GREED_TREND,0,False,0.0,20.788561720067406,59.22269224796853,68.2651578580326,38.211938172219256,46.924603174603185,0.35,0.35,0.018512804689910567,7.440476190476188e-05,0.0,0.0,0.006527844736706793,0.006527844736706793,158784.91003615313,-0.038580735417246714
2018-07-18,GREED_EXHAUSTING,0,False,0.0,22.200108817512646,58.29118362339804,68.54456833308109,42.91360557269303,45.78703703703704,0.35,0.35,-0.006361708573159652,7.480158730158729e-05,0.0,0.0,-0.0021779769688598464,-0.0021779769688598464,158439.0801590919,-0.0406746844329261
2018-07-19,GREED_EXHAUSTING,0,False,0.0,20.36645297236357,55.38698943975748,66.07676199445218,44.23294234697462,44.411375661375665,0.35,0.35,-0.014792682926829226,7.40079365079365e-05,0.0,0.0,-0.0051293338656600695,-0.0051293338656600695,157626.39321958786,-0.045595384262249294
2018-07-20,GREED_EXHAUSTING,0,False,0.0,21.392099024813593,48.90239785695784,63.55754631601875,51.30538478618522,46.41534391534392,0.35,0.35,-0.0013863616670997114,7.40079365079365e-05,0.0,0.0,-0.00043712142475474023,-0.00043712142475474023,157557.4913460048,-0.04601257496767286
2018-07-23,GREED_EXHAUSTING,0,False,0.0,21.660067506614237,46.704777971162706,62.93703900463259,53.798729962826705,46.739417989417994,0.35,0.35,0.00867678958785234,7.361111111111111e-05,0.0,0.0,0.003084723577970541,0.003084723577970541,158043.5126544457,-0.04306978746458834
2018-07-24,GREED_EXHAUSTING,0,False,0.0,23.97289454861936,47.75192652625612,67.71110998589535,55.259165033231454,51.25661375661377,0.35,0.35,0.012755760368663882,7.361111111111111e-05,0.0,0.0,0.004512363351254581,0.004512363351254581,158756.66240885115,-0.03875177064383528
2018-07-25,GREED_EXHAUSTING,0,False,0.0,23.937204341552185,54.567347141224325,73.25037186042623,51.6174533993587,53.53174603174603,0.35,0.35,0.04170458544161715,7.480158730158729e-05,0.0,0.0,0.014645225936312033,0.014645225936312033,161081.6895987236,-0.024674073144034248
2018-07-26,GREED_EXHAUSTING,0,False,0.0,24.98001604863073,53.626341929497926,74.03013829336881,57.76431353587637,58.452380952380956,0.35,0.35,-0.043680838672102484,7.440476190476188e-05,0.0,0.0,-0.015239930439997775,-0.015239930439997775,158626.81585408174,-0.03953797242564561
2018-07-27,GREED_EXHAUSTING,0,False,0.0,29.972478942736334,47.91698875368115,68.02241769876423,64.79595770088383,60.35714285714286,0.35,0.35,-0.04171741778319138,7.361111111111111e-05,0.0,0.0,-0.01455324900189476,-0.01455324900189476,156318.28030457956,-0.0535158154698
2018-07-30,RISK_WARNING,0,False,0.0,40.81834959037527,36.82009035359591,55.94388506464471,76.45777119991081,67.47354497354497,0.35,0.35,-0.043063234826819174,7.40079365079365e-05,0.0,0.0,-0.01502402703065655,-0.01502402703065655,153969.75023589784,-0.06773581944227047
2018-07-31,RISK_WARNING,0,False,0.0,45.899194491319086,34.92598613948669,47.481245553292275,76.33939488326708,71.0978835978836,0.35,0.35,0.019937040923399874,7.55952380952381e-05,0.0,0.0,0.0070271012279518605,0.0070271012279518605,155051.71125684795,-0.06118470467429771
2018-08-01,RISK_WARNING,0,False,0.0,46.98744859691417,38.270214591389625,47.333057774107374,75.7079832385903,70.19841269841271,0.35,0.35,0.013674011564307031,7.51984126984127e-05,0.0,0.0,0.004834783015761428,0.004834783015761428,155801.3526369973,-0.05664573642951998
2018-08-02,RISK_WARNING,0,False,0.0,36.66220175718266,45.40869936893126,55.21929126740912,73.56195349691723,58.74338624338625,0.35,0.35,0.0398263059174182,7.51984126984127e-05,0.0,0.0,0.01398808603935034,0.01398808603935034,157980.71536273079,-0.0434500158251081
2018-08-03,GREED_EXHAUSTING,0,False,0.0,29.27243175374932,49.32016204796508,62.839761114005206,71.64278899662668,49.675925925925924,0.35,0.35,0.008945118485754522,7.480158730158729e-05,0.0,0.0,0.003179412501760114,0.003179412501760114,158483.00122419206,-0.04040874884686396
2018-08-06,GREED_EXHAUSTING,0,False,0.0,18.670288329072502,56.07832241731355,68.18019410223818,64.71419280302564,40.39021164021164,0.35,0.35,0.0183806421591437,7.440476190476188e-05,0.0,0.0,0.0064815878509383905,0.0064815878509383905,159510.22271950706,-0.03418907385152292
2018-08-07,GREED_EXHAUSTING,0,False,0.0,15.266567071379576,60.57246756033711,70.57780656711127,55.79944309760979,35.826719576719576,0.35,0.35,0.009763957529189682,7.599206349206348e-05,0.0,0.0,0.00346677997648623,0.00346677997648623,160063.2095656759,-0.030840819871679748
2018-08-08,GREED_EXHAUSTING,0,False,0.0,14.646229337938498,61.5622705279226,72.83162171601266,48.66236927139033,32.38756613756613,0.35,0.35,0.002679368859779485,7.638888888888889e-05,0.0,0.0,0.0009874318787005975,0.0009874318787005975,160221.26108140819,-0.029883841201685746
2018-08-09,GREED_EXHAUSTING,0,False,0.0,13.749323944203608,61.05848014729475,72.23602293410282,46.39306871918134,32.28174603174603,0.35,0.35,-0.0008907363420428416,7.638888888888889e-05,0.0,0.0,-0.0002621049419372168,-0.0002621049419372168,160179.26629707534,-0.03013811344115991
2018-08-10,GREED_EXHAUSTING,0,False,0.0,13.784846399924637,56.391591346695456,66.32586153809484,50.49472152048707,40.324074074074076,0.35,0.35,-0.023322436849925632,7.638888888888889e-05,0.0,0.0,-0.008113200119696193,-0.008113200119696193,158879.6998545811,-0.03800679701527765
2018-08-13,RANGE_CARRY,0,False,0.0,17.426472623891218,48.00878476920301,59.20575151297762,57.790933518375596,48.96825396825397,0.35,0.35,-0.0028966809877924993,7.599206349206348e-05,0.0,0.0,-0.0009644435044575334,-0.0009644435044575334,158726.46936006617,-0.038934585111228714
2018-08-14,RANGE_CARRY,0,False,0.0,17.304229251562955,46.935053715888785,56.3680782377725,59.51652278305713,49.636243386243386,0.35,0.35,0.018468111077204696,7.638888888888889e-05,0.0,0.0,0.006513491654799421,0.006513491654799421,159760.33289363873,-0.032674693551634326
2018-08-15,RANGE_CARRY,0,False,0.0,23.51859927575892,42.54120178930942,52.584542816040816,62.49102833667357,52.07010582010582,0.35,0.35,-0.03641026870250974,7.718253968253967e-05,0.0,0.0,-0.012693425395084758,-0.012693425395084758,157732.42702695943,-0.04495336516181414
2018-08-16,RANGE_CARRY,0,False,0.0,24.346085336719227,45.43820087919172,52.61906201149768,63.053227228876956,50.64814814814815,0.35,0.35,0.009166666666666767,7.678571428571428e-05,0.0,0.0,0.0032582440476190827,0.0032582440476190827,158246.3577684365,-0.041841590148654295
2018-08-17,RANGE_CARRY,0,False,0.0,25.567385245332627,43.98504692764533,51.20201496018742,65.29267458948313,52.36111111111111,0.35,0.35,-0.00014789799967940276,7.678571428571428e-05,0.0,0.0,-1.8535856020766815e-06,-1.8535856020766815e-06,158246.06444526615,-0.04184336617728723
2018-08-20,RANGE_CARRY,0,False,0.0,18.491122309513305,50.45225925007688,52.463699611956635,61.108028001498305,49.15343915343916,0.35,0.35,-0.0020092449922959332,7.599206349206348e-05,0.0,0.0,-0.0006538409060337354,-0.0006538409060337354,158142.596695113,-0.04246984817886801
2018-08-21,RANGE_CARRY,0,False,0.0,13.171775737405227,53.883056503751675,50.71488301124356,56.13947668088974,48.44576719576719,0.35,0.35,0.010350534818803991,7.638888888888889e-05,0.0,0.0,0.0036723399643591747,0.0036723399643591747,158723.35007302402,-0.03895347193525622
2018-08-22,RANGE_CARRY,0,False,0.0,9.670614678317214,57.12937998950105,49.072544310953504,49.57528944824006,49.563492063492056,0.35,0.35,0.011613691931540382,7.718253968253967e-05,0.0,0.0,0.004114960826832784,0.004114960826832784,159376.49044087817,-0.034998803119506205
2018-08-23,RANGE_CARRY,0,False,0.0,8.834922325566552,56.88353029509184,50.98121796247282,47.38221554448713,51.15079365079365,0.35,0.35,-0.004978851963746256,7.757936507936506e-05,0.0,0.0,-0.0016921716000096022,-0.0016921716000096022,159106.7980700449,-0.03663175073884273
2018-08-24,RANGE_CARRY,0,False,0.0,8.186768486171793,58.5289241937204,57.42476202529622,42.380476949101734,51.81216931216932,0.35,0.35,0.027775753601010367,7.718253968253967e-05,0.0,0.0,0.00977168241114728,0.00977168241114728,160661.53917023994,-0.02721802216207969
2018-08-27,GREED_EXHAUSTING,0,False,0.0,12.240865001884336,56.63611407230888,65.99007888142212,41.473746131484056,57.308201058201064,0.35,0.35,0.03013293943869999,7.757936507936506e-05,0.0,0.0,0.010596955390846582,0.010596955390846582,162364.0623338517,-0.01690949493791183
2018-08-28,GREED_TREND,0,False,0.0,14.49335241953031,57.165544357599124,73.1649832754239,36.65255069847666,59.914021164021165,0.35,0.35,0.0044393461428162695,7.876984126984127e-05,0.0,0.0,0.0016049715468110912,0.0016049715468110912,162624.6520341222,-0.015331662649346933
2018-08-29,GREED_TREND,0,False,0.0,15.242987105477715,57.062488452292484,77.97186226644813,34.80031990453341,62.063492063492056,0.35,0.35,0.03498092779973061,7.916666666666666e-05,0.0,0.0,0.012294783063239046,0.012294783063239046,164624.08685161645,-0.003225379052380517
2018-08-30,GREED_TREND,0,False,0.0,15.646999279225382,55.99834103340839,76.3493396373715,36.33371906401938,63.875661375661366,0.35,0.35,-0.005649655172413781,7.916666666666666e-05,0.0,0.0,-0.00192592097701149,-0.00192592097701149,164307.03386942754,-0.00514508820421633
2018-08-31,GREED_TREND,0,False,0.0,16.015918769952755,55.207624693088995,74.79219860581453,36.55723792516924,66.48148148148147,0.35,0.35,0.0029074606327610386,7.837301587301586e-05,0.0,0.0,0.001068553681783824,0.001068553681783824,164482.6047554117,-0.004082032325376184
2018-09-04,GREED_EXHAUSTING,0,False,0.0,19.221534372013917,51.522849423996774,69.01753553264363,42.2857988276575,73.48544973544972,0.35,0.35,-0.01189488243430148,7.837301587301586e-05,0.0,0.0,-0.004112266391688057,-0.004112266391688057,163806.20846785873,-0.00817751231272279
2018-09-05,GREED_EXHAUSTING,0,False,0.0,23.37025567941015,44.23951450331568,60.288470643748894,47.615181693877396,78.8425925925926,0.35,0.35,-0.039753639417693165,7.916666666666666e-05,0.0,0.0,-0.013862315462859274,-0.013862315462859274,161535.47513130237,-0.021926468520201747
2018-09-06,RISK_WARNING,0,False,0.0,30.543698272264482,36.71965601831077,48.622535967272164,57.67387996204286,84.4973544973545,0.35,0.35,-0.027253644314868652,7.956349206349207e-05,0.0,0.0,-0.009487059240362758,-0.009487059240362758,160002.97850931156,-0.031205510054781338
2018-09-07,RISK_WARNING,0,False,0.0,37.332340043226104,30.631806095119618,39.38016261248541,65.5765154489441,88.06878306878308,0.35,0.35,-0.009902533178281714,7.916666666666666e-05,0.0,0.0,-0.0034144282790652663,-0.0034144282790652663,159456.6598147547,-0.034513389357852864
2018-09-10,RISK_WARNING,0,False,0.0,38.95310933745156,35.169711161422335,37.22117412300054,68.08526046515168,88.48544973544972,0.35,0.35,0.008790729775872919,7.956349206349207e-05,0.0,0.0,0.0031284716913967912,0.0031284716913967912,159955.51546098985,-0.031492891828036274
2018-09-11,RISK_WARNING,0,False,0.0,34.67114496238725,41.90700219129186,40.83740637746404,67.05163021388302,85.92592592592591,0.35,0.35,0.022193415193306976,7.956349206349207e-05,0.0,0.0,0.007819411587498711,0.007819411587498711,161206.27347206985,-0.02391973612382159
2018-09-12,RANGE_CARRY,0,False,0.0,26.626257253956453,49.20355093479592,42.8885984362858,65.36610033856643,81.69312169312168,0.35,0.35,-0.008654094549211955,7.996031746031745e-05,0.0,0.0,-0.002976958885874978,-0.002976958885874978,160726.36902379838,-0.02682548693869491
2018-09-13,RANGE_CARRY,0,False,0.0,18.293827258366676,53.51422964604638,48.06587186673602,62.64808101865168,75.55555555555554,0.35,0.35,0.029612081729345485,8.035714285714285e-05,0.0,0.0,0.010416460748128062,0.010416460748128062,162400.5689379239,-0.01668845282231335
2018-09-14,RANGE_CARRY,0,False,0.0,13.071346020404265,58.02987946427024,49.98943311796111,59.37453265922577,70.61507936507935,0.35,0.35,-0.007615760713258535,7.996031746031745e-05,0.0,0.0,-0.0026135420432912807,-0.0026135420432912807,161976.12822315024,-0.019258378892515804
2018-09-17,RANGE_CARRY,0,False,0.0,16.094980725968238,53.10855734446952,47.68545685619302,59.26703515397636,72.15608465608466,0.35,0.35,-0.042173353581489326,8.035714285714285e-05,0.0,0.0,-0.014708441610664121,-0.014708441610664121,159593.7117988586,-0.033683559761723325
2018-09-18,RANGE_CARRY,0,False,0.0,19.906758364117223,51.269415556704075,45.07179502117044,59.659279262584484,72.51984126984127,0.35,0.35,0.023757942511346553,8.035714285714285e-05,0.0,0.0,0.008367512021828435,0.008367512021828435,160929.11410094379,-0.025597895331138987
2018-09-19,RANGE_CARRY,0,False,0.0,23.958890522188568,46.59941344430791,44.11999833188165,63.31185552660819,72.5595238095238,0.35,0.35,-0.002222537475764952,8.075396825396826e-05,0.0,0.0,-0.0007253980371526537,-0.0007253980371526537,160812.37643745422,-0.02630472470526335
2018-09-20,RANGE_CARRY,0,False,0.0,19.803662884384853,53.28970157612065,51.9707849573057,60.278424428665566,63.32671957671957,0.35,0.35,0.031398104265403015,8.035714285714285e-05,0.0,0.0,0.011041568635748197,0.011041568635748197,162587.99732936616,-0.015553601492792613
2018-09-21,RANGE_CARRY,0,False,0.0,18.49480354599584,56.31454254593689,53.52760853497106,59.56627787557207,59.96031746031745,0.35,0.35,-0.015933371625502568,8.075396825396826e-05,0.0,0.0,-0.005524189989560819,-0.005524189989560819,161689.8303420965,-0.020991870432685578
2018-09-24,RANGE_CARRY,0,False,0.0,17.93041389494324,57.468486326975636,55.46447432058823,55.79485587306558,60.91269841269841,0.35,0.35,0.008603481082847919,8.115079365079365e-05,0.0,0.0,0.0030639663948697875,0.0030639663948697875,162185.24254865688,-0.01799222242338705
2018-09-25,RANGE_CARRY,0,False,0.0,18.908328464241432,54.8124645336898,54.424479321112095,54.31743585736535,65.67460317460318,0.35,0.35,0.004050925925926041,8.273809523809524e-05,0.0,0.0,0.0014716038359788761,0.0014716038359788761,162423.91497373066,-0.016547096010944173
2018-09-26,RANGE_CARRY,0,False,0.0,21.052850942030734,49.562890576437475,55.76965375934619,53.064563980488515,69.81481481481481,0.35,0.35,-0.0010144092219021017,8.234126984126983e-05,0.0,0.0,-0.0003015214022689102,-0.0003015214022689102,162374.94068712578,-0.016843628109620257
2018-09-27,RANGE_CARRY,0,False,0.0,21.19056461557198,48.27381019679882,57.680489508617285,50.77758651334051,69.3121693121693,0.35,0.35,0.0277053379797374,8.194444444444445e-05,0.0,0.0,0.009750132181796978,0.009750132181796978,163958.1178218367,-0.007257723528313109
2018-09-28,RANGE_CARRY,0,False,0.0,19.82358195438668,50.37887206122924,59.388373656175446,48.40325404262526,68.16137566137564,0.35,0.35,-0.0015494649854597142,8.115079365079365e-05,0.0,0.0,-0.0004895647290378842,-0.0004895647290378842,163877.84971031168,-0.0077437351318985215
2018-10-01,GREED_EXHAUSTING,0,False,0.0,18.65338538799423,53.44902831780892,62.08364385912218,44.156669722249454,67.4669312169312,0.35,0.35,0.005757660950238996,8.154761904761904e-05,0.0,0.0,0.002068187284964601,0.002068187284964601,164216.7797953699,-0.005691563341471806
2018-10-02,GREED_EXHAUSTING,0,False,0.0,20.074227414335564,53.23097494677438,62.109349830640404,45.437006454853794,70.89947089947088,0.35,0.35,-0.005724700068204358,8.313492063492064e-05,0.0,0.0,-0.0019496073254588267,-0.0019496073254588267,163896.6215585176,-0.0076300743533467275
2018-10-03,GREED_EXHAUSTING,0,False,0.0,24.060896089962473,51.319952947140074,63.629648203048106,45.68314164299455,76.02513227513226,0.35,0.35,0.0029463030643799293,8.313492063492064e-05,0.0,0.0,0.0010852437709456735,0.0010852437709456735,164074.489346143,-0.006553111073064888
2018-10-04,RISK_WARNING,0,False,0.0,34.4230785450618,39.78388813253233,56.72816503640876,58.72190335499452,82.30158730158729,0.35,0.35,-0.057037460616457425,8.313492063492064e-05,0.0,0.0,-0.019909073517347397,-0.019909073517347397,160807.9182754294,-0.026331718220291345
2018-10-05,RISK_WARNING,0,False,0.0,45.77587612884624,28.96241185631747,47.64164799276179,71.1082161218845,87.63227513227513,0.35,0.35,-0.037598097502972716,8.273809523809524e-05,0.0,0.0,-0.013105554364135689,-0.013105554364135689,158700.44136028725,-0.039092180819790046
2018-10-08,RANGE_CARRY,0,False,0.0,58.82348622334109,18.883563353258904,35.56512347131905,83.95876631792432,92.33465608465609,0.35,0.35,-0.017914947243569124,8.313492063492064e-05,0.0,0.0,-0.006216193836836495,-0.006216193836836495,157713.9286548002,-0.04506537008314615
2018-10-09,PANIC_ACCELERATING,2,True,0.0,63.31743718315037,20.96015701291325,31.56530217119462,85.23045002993443,93.69708994708994,0.35,0.35,0.007699275362318847,8.313492063492064e-05,0.0,0.0,0.002748784075224295,0.002748784075224295,158147.4501903276,-0.04244046097955034
2018-10-10,PANIC_ACCELERATING,2,True,0.0,68.92041795829421,20.825012830947497,26.916900532889855,85.13063640308961,94.39153439153438,0.35,0.35,-0.12967540574282144,8.392857142857143e-05,0.0,0.0,-0.04533183843855893,-0.04533183843855893,150978.33552882963,-0.08584839529772625
2018-10-11,PANIC_ACCELERATING,2,True,0.0,75.82696558198073,18.905297001949524,23.32585342606109,85.9933512965522,94.96031746031746,0.35,0.35,-0.04053763286617995,8.472222222222222e-05,0.0,0.0,-0.014133102058718537,-0.014133102058718537,148844.54330414522,-0.09876819322412489
2018-10-12,PANIC_ACCELERATING,2,True,0.0,78.44646396785971,17.19335259197783,20.759338620749087,87.06514444131476,86.05158730158729,0.35,0.35,0.08448577451522721,8.472222222222222e-05,0.0,0.0,0.029625090524773964,0.029625090524773964,153254.07637364915,-0.07206911936458404
2018-10-15,PANIC_ACCELERATING,2,True,0.0,77.7252488123523,19.76802258753235,20.775758010807298,87.16048424924954,80.93253968253968,0.35,0.35,-0.0377457332708373,8.51190476190476e-05,0.0,0.0,-0.013155679263840673,-0.013155679263840673,151237.9148990013,-0.08427668040923664
2018-10-16,PANIC_ACCELERATING,2,True,0.0,69.83184169170408,27.56468595097897,23.47680402291432,81.68436275209005,65.56878306878306,0.35,0.35,0.086131805157593,8.630952380952381e-05,0.0,0.0,0.030202232995633738,0.030202232995633738,155805.63764255476,-0.056619791351421256
2018-10-17,PANIC_STABILIZING_1,2,True,0.15,64.31707870748748,35.470655081468486,24.979764061910714,73.96219727499978,60.324074074074055,0.4175,0.35,0.003310821505830175,8.591269841269842e-05,0.0,0.0,0.001214630781008815,0.001214630781008815,155994.8839658901,-0.05547393271180234
2018-10-18,PANIC_STABILIZING_1,2,True,0.15,59.848321422627684,39.62496554740928,25.425878002172468,67.13568728349135,53.73677248677248,0.4175,0.4175,-0.06935040689954375,8.630952380952381e-05,0.0675,3.375e-05,-0.028903519582940466,-0.028937269582940465,151480.8179550096,-0.08280593814903547
2018-10-19,PANIC_STABILIZING_1,2,True,0.15,61.74203966583452,37.34154276362481,24.10549325127826,65.56789968843758,56.52116402116402,0.4175,0.4175,-0.004068486184099052,8.67063492063492e-05,0.0,0.0,-0.0016480865334486557,-0.0016480865334486557,151231.1644588622,-0.08431755333093105
2018-10-22,PANIC_STABILIZING_1,2,True,0.15,63.26240804238852,33.001247627674424,23.027043906315942,64.94298044036911,58.00925925925926,0.4175,0.4175,0.015078014184397137,8.630952380952381e-05,0.0,0.0,0.006345346219604852,0.006345346219604852,152190.77855654765,-0.07850723117960101
2018-10-23,PANIC_ACCELERATING,2,True,0.15,67.3990624569476,28.28526233900224,23.235055707823943,68.78101758995517,56.68650793650793,0.36,0.4175,-0.01101127677710556,8.749999999999999e-05,0.0,0.0,-0.0045462393044415714,-0.0045462393044415714,151498.88285730034,-0.0826965578239709
2018-10-24,PANIC_ACCELERATING,2,True,0.15,75.02475457586516,21.88029769663736,21.433267996230843,75.81804611504514,57.61111111111111,0.36,0.36,-0.13599434828682433,8.71031746031746e-05,0.057499999999999996,2.8749999999999997e-05,-0.04890221935151073,-0.04893096935151073,144085.89566342166,-0.1275811044391214
2018-10-25,PANIC_ACCELERATING,2,True,0.15,83.18530794413145,18.920513215719627,20.593836580348327,79.7993386610673,56.82407407407407,0.36,0.36,0.10261651676206052,8.749999999999999e-05,0.0,0.0,0.03699794603434178,0.03699794603434178,149416.7778554867,-0.09530339722182024
2018-10-26,PANIC_ACCELERATING,2,True,0.15,88.91038721237744,18.149929141271368,19.46988710069341,81.8767118663809,55.81878306878306,0.36,0.36,-0.07767148683722658,8.749999999999999e-05,0.0,0.0,-0.027905735261401568,-0.027905735261401568,145247.19280903984,-0.12054962111083745
2018-10-29,PANIC_ACCELERATING,2,True,0.15,87.21516253452826,21.674266247486894,18.25792988894827,78.03897617370973,53.70238095238094,0.36,0.36,-0.05346690679873922,8.71031746031746e-05,0.0,0.0,-0.019192340415800088,-0.019192340415800088,142459.55924020938,-0.1374283321612828
2018-10-30,PANIC_ACCELERATING,2,True,0.15,85.18466076747688,25.996622293935584,14.777638382242017,75.14986796104016,53.67460317460316,0.36,0.36,0.038632077875745185,8.749999999999999e-05,0.0,0.0,0.013963548035268267,0.013963548035268267,144448.8001387432,-0.12538377124355538
2018-10-31,PANIC_STABILIZING_1,2,True,0.15,76.8980693421948,36.44306884256392,13.722586475221354,62.18396269288956,52.92063492063492,0.4175,0.36,0.06748777336146694,8.71031746031746e-05,0.0,0.0,0.024351344441874128,0.024351344441874128,147966.32262513717,-0.10408569020265412
2018-11-01,PANIC_STABILIZING_1,2,True,0.15,65.87618743294946,50.49424732867598,15.715916303525221,49.683271824246866,50.64682539682539,0.4175,0.4175,0.04366946049063025,8.749999999999999e-05,0.057499999999999996,2.8749999999999997e-05,0.01828296850483813,0.01825421850483813,150667.3322096938,-0.08773147463000219
2018-11-02,PANIC_STABILIZING_2,2,True,0.4,57.478201454360935,58.67075967515805,16.94383854820204,42.00019912074152,49.11375661375661,0.53,0.4175,-0.04479321128125324,8.67063492063492e-05,0.0,0.0,-0.01865065926151053,-0.01865065926151053,147857.28713481,-0.10474588405167862
2018-11-05,PANIC_STABILIZING_2,2,True,0.4,53.692564668505064,62.63173808450241,15.44844064126596,38.030726790955924,48.597883597883595,0.53,0.53,-0.00979066121545602,8.71031746031746e-05,0.11250000000000004,5.6250000000000026e-05,-0.005148111952128199,-0.0052043619521281986,147087.7842953007,-0.1094051105102063
2018-11-06,PANIC_STABILIZING_2,2,True,0.4,53.4266064325358,63.92013758070042,13.222618750787772,34.77711648927297,48.57142857142856,0.53,0.53,0.02115638339154069,8.829365079365078e-05,0.0,0.0,0.011254381213389581,0.011254381213389581,148743.16629159285,-0.09938201611719144
2018-11-07,RECOVERY_RETESTED,2,True,1.0,47.18586195060345,72.40090795769821,19.712674755445803,29.07870200435306,47.46164021164021,0.8,0.53,0.09194685960965532,8.789682539682539e-05,0.0,0.0,0.04877314710105383,0.04877314710105383,155997.8386214092,-0.05545604270742077
2018-11-08,RECOVERY_RETESTED,2,True,1.0,40.91228147145229,76.98451262543345,26.053078833692286,31.476437111131002,46.35185185185185,0.8,0.8,-0.0170385734370867,8.86904761904762e-05,0.27,0.000135,-0.013613120654431267,-0.013748120654431267,153853.16151421156,-0.06844174699569316
2018-11-09,RECOVERY_RETESTED,2,True,1.0,40.09728339028774,75.90889462671363,27.920139025249075,36.936249330127524,46.04761904761904,0.8,0.8,-0.05081217339583366,8.789682539682539e-05,0.0,0.0,-0.040632159351587566,-0.040632159351587566,147601.77533882056,-0.10629297037705077
2018-11-12,RECOVERY_RETESTED,2,True,1.0,50.271715780948334,58.83997610252263,20.054908149196226,48.19303669792995,47.8584656084656,0.8,0.8,-0.08784781797836627,8.829365079365078e-05,0.0,0.0,-0.07026059565253429,-0.07026059565253429,137231.1866841435,-0.16908535861721619
2018-11-13,RECOVERY_RETESTED,2,True,1.0,60.84026519795547,47.88717155914181,13.335247998829685,51.072009133730326,49.629629629629626,0.8,0.8,-0.0003925609696255883,8.829365079365078e-05,0.0,0.0,-0.00029639004554174046,-0.00029639004554174046,137190.51272647243,-0.16933163344561697
2018-11-14,PANIC_STABILIZING_1,2,True,1.0,69.29860501217765,36.43913564157429,9.75998871130996,58.03746184600493,51.19047619047618,0.8,0.8,-0.02537921555151934,8.908730158730158e-05,0.0,0.0,-0.020285554980898013,-0.020285554980898013,134407.52703770198,-0.1861822022662487
2018-11-15,PANIC_STABILIZING_1,2,True,1.0,70.70951284800489,39.55541988314412,10.660763259816926,59.77225586856403,50.7010582010582,0.8,0.8,0.053524058963768884,8.908730158730158e-05,0.0,0.0,0.04283706463133257,0.04283706463133257,140165.1509603536,-0.15132063666659923
2018-11-16,PANIC_STABILIZING_1,2,True,1.0,68.9522648230892,41.81620064718401,12.159985517976915,64.82956156192125,49.38492063492063,0.8,0.8,-0.010964143426294926,8.86904761904762e-05,0.0,0.0,-0.008753576645797847,-0.008753576645797847,138938.20456835232,-0.15874961652124508
2018-11-19,PANIC_STABILIZING_1,2,True,1.0,65.58534933617369,43.51806575012114,12.191910554208862,65.26442106683191,48.82936507936507,0.8,0.8,-0.09585575714607975,8.829365079365078e-05,0.0,0.0,-0.07666694698670508,-0.07666694698670508,128286.23660428247,-0.22324571507395607
2018-11-20,PANIC_STABILIZING_1,2,True,1.0,65.58155826681642,38.84211281487761,9.342477637923642,68.66662023682848,49.517195767195766,0.8,0.8,-0.05547734036676,8.908730158730158e-05,0.0,0.0,-0.04436405483309054,-0.04436405483309054,122594.93896923926,-0.2577056847622531
2018-11-21,PANIC_STABILIZING_1,2,True,1.0,66.31627416520213,37.85614254701624,6.519393917440183,68.19652167597053,50.9126984126984,0.8,0.8,0.022415094339622632,8.948412698412699e-05,0.0,0.0,0.01794997229709493,0.01794997229709493,124795.51472750113,-0.2443815223674446
2018-11-23,PANIC_STABILIZING_1,2,True,1.0,68.2581789271069,40.17874250337908,5.318560454968215,68.8399281493126,53.38624338624337,0.8,0.8,-0.022145124381781955,9.027777777777777e-05,0.0,0.0,-0.01769804394987001,-0.01769804394987001,122586.87822310717,-0.2577544913939195
2018-11-26,PANIC_STABILIZING_1,2,True,1.0,66.91454617530992,46.0258305092806,6.6765826411154015,65.05141397463753,53.650793650793645,0.8,0.8,0.0686381822299389,9.027777777777777e-05,0.0,0.0,0.05492860133950667,0.05492860133950667,129320.40398647888,-0.21698398375565664
2018-11-27,PANIC_STABILIZING_1,2,True,1.0,64.55428313160282,49.39592777942064,8.760193095712347,60.47211212693103,53.379629629629626,0.8,0.8,0.010384105960264955,9.027777777777777e-05,0.0,0.0,0.00832534032376752,0.00832534032376752,130397.04036047342,-0.21046510894146175
2018-11-28,PANIC_STABILIZING_2,2,True,1.0,59.14078275763123,57.461059233398394,14.677946068915995,50.59513519913679,50.257936507936506,0.8,0.8,0.0948036285459597,9.027777777777777e-05,0.0,0.0,0.0758609583923233,0.0758609583923233,140289.08481374139,-0.15057023542158254
2018-11-29,PANIC_STABILIZING_2,2,True,1.0,55.7204263442693,62.26693596491851,17.627212630797533,44.97038244793688,49.33201058201058,0.8,0.8,-0.009179877708063944,8.988095238095238e-05,0.0,0.0,-0.0073259259759749645,-0.0073259259759749645,139261.33736315864,-0.1567930949986739
2018-11-30,PANIC_STABILIZING_2,2,True,1.0,54.925024490860814,63.74494071874634,20.648398468399648,41.62710170829683,48.86904761904761,0.8,0.8,0.020946795140343477,8.86904761904762e-05,0.0,0.0,0.01677517420751288,0.01677517420751288,141597.47055779686,-0.14264815227429883
2018-12-03,PANIC_STABILIZING_2,2,True,1.0,53.233868636398995,63.987700303128385,24.377932423807152,41.078540866746,47.98941798941798,0.8,0.8,0.05129257283545341,8.86904761904762e-05,0.0,0.0,0.04105179636360083,0.04105179636360083,147410.3010847365,-0.10745231880950634
2018-12-04,PANIC_STABILIZING_2,2,True,1.0,55.29124404494414,58.71721897167726,24.32152188755815,44.399746618349695,47.94973544973544,0.8,0.8,-0.109950159130487,8.908730158730158e-05,0.0,0.0,-0.08794230984407216,-0.08794230984407216,134446.69871253462,-0.18594502353936904
2018-12-06,PANIC_STABILIZING_2,2,True,1.0,59.32100514722799,52.687766851768934,24.44186992408308,49.35003500468525,48.12830687830688,0.8,0.8,0.014539198488732863,9.067460317460317e-05,0.0,0.0,0.011649493711621212,0.011649493711621212,136012.93468373452,-0.17646169521017696
2018-12-07,PANIC_STABILIZING_1,2,True,1.0,67.68111111111114,38.68864483016606,16.816587033027,58.196338077810445,50.74074074074074,0.8,0.8,-0.0978886118038238,9.027777777777777e-05,0.0,0.0,-0.0782928338875035,-0.0782928338875035,125364.09658198904,-0.24093884290708278
2018-12-10,PANIC_STABILIZING_1,2,True,1.0,72.29308976973783,34.91514199900337,16.478234251912284,61.471469948464346,51.53439153439154,0.8,0.8,0.03134790461096171,8.988095238095238e-05,0.0,0.0,0.025096299879245557,0.025096299879245557,128510.27154390136,-0.22188921648199167
2018-12-11,PANIC_ACCELERATING,2,True,1.0,74.73087325157337,30.6599205366014,15.301533323482934,67.44419574037532,51.92460317460317,0.36,0.8,0.010721369476261122,9.027777777777777e-05,0.0,0.0,0.008595151136564455,0.008595151136564455,129614.83675042214,-0.2152012366966638
2018-12-12,PANIC_ACCELERATING,2,True,1.0,72.9554293118879,34.120512787810874,19.930348995322095,67.48217088304064,51.40873015873015,0.36,0.36,0.025193147463889787,9.027777777777777e-05,0.44000000000000006,0.00022000000000000003,0.009127310864778101,0.008907310864778101,130769.35639404561,-0.2082107901456276
2018-12-13,PANIC_ACCELERATING,2,True,1.0,72.4474448290714,31.898851624594414,23.83206537630457,70.30150666226616,51.23677248677248,0.36,0.36,0.0002069393667654129,9.107142857142857e-05,0.0,0.0,0.00013278388632126294,0.00013278388632126294,130786.72045739934,-0.20810565329719588
2018-12-14,PANIC_ACCELERATING,2,True,1.0,70.44333102105837,27.355975436041973,24.237415690697222,69.9350090006281,51.98412698412698,0.36,0.36,-0.07543103448275867,9.107142857142857e-05,0.0,0.0,-0.027096886699507407,-0.027096886699507407,127242.80751136506,-0.22956352468778207
2018-12-17,PANIC_ACCELERATING,2,True,1.0,75.61044671116098,18.93133588154728,21.858025355236265,76.60473367175386,54.07407407407407,0.36,0.36,-0.06455944055944052,9.067460317460317e-05,0.0,0.0,-0.02318336685536684,-0.02318336685536684,124292.89082512225,-0.24742483613370103
2018-12-18,PANIC_ACCELERATING,2,True,1.0,79.11899996389106,16.580212186510895,18.31233765190729,77.72748116192356,55.67460317460316,0.36,0.36,0.016685604927934916,8.988095238095238e-05,0.0,0.0,0.006064341583580379,0.006064341583580379,125046.64537149646,-0.2428609632726968
2018-12-19,PANIC_ACCELERATING,2,True,1.0,85.74786963194579,13.258522019151966,17.73125811530374,83.69326696163922,57.55291005291004,0.36,0.36,-0.07229411764705873,8.948412698412699e-05,0.0,0.0,-0.0259686125116713,-0.0259686125116713,121799.35749195969,-0.26252281353492823
2018-12-20,PANIC_ACCELERATING,2,True,1.0,86.91837905165215,13.572243492241777,17.130826945821422,83.40753689001892,60.25,0.36,0.36,-0.04017923192357287,8.988095238095238e-05,0.0,0.0,-0.014406999682962423,-0.014406999682962423,120044.594187188,-0.2731476471265225
2018-12-21,PANIC_ACCELERATING,2,True,1.0,85.99684454969353,11.889879936790711,15.081315688634056,84.86932552112087,66.02910052910052,0.36,0.36,-0.09660442173874739,8.948412698412699e-05,0.0,0.0,-0.03472032198467922,-0.03472032198467922,115876.60722448869,-0.29838419485361134
2018-12-24,PANIC_ACCELERATING,2,True,1.0,85.75123642474755,13.156983672026383,12.89414515002535,83.33731653584677,77.3505291005291,0.36,0.36,-0.0740280316879951,8.948412698412699e-05,0.0,0.0,-0.026592821566408395,-0.026592821566408395,112795.12128484708,-0.3170421387680412
2018-12-26,PANIC_ACCELERATING,2,True,1.0,84.73794978367086,16.728697766360945,12.30352967907749,81.80898687224672,72.77380952380952,0.36,0.36,0.1907131199326102,9.186507936507937e-05,0.0,0.0,0.06871551682653332,0.06871551682653332,120545.89633944683,-0.27011233636274345
2018-12-27,PANIC_ACCELERATING,2,True,1.0,85.30798004313236,19.99045109058284,12.778632034335411,77.0951908605978,66.01455026455027,0.36,0.36,0.014210819854991508,9.146825396825396e-05,0.0,0.0,0.005174434830336625,0.005174434830336625,121169.65322411981,-0.2663355802137858
2018-12-28,PANIC_ACCELERATING,2,True,1.0,81.88708191059847,26.34229925433104,12.662116935143379,70.16001072284926,53.62037037037036,0.36,0.36,-0.004113325414631941,9.027777777777777e-05,0.0,0.0,-0.001423019371489721,-0.001423019371489721,120997.2264603452,-0.26737959889531426
2018-12-31,PANIC_ACCELERATING,2,True,1.0,77.28143092812853,32.78151025946991,12.511184228252526,62.705916049779795,53.55555555555555,0.36,0.36,0.022639425731640017,8.988095238095238e-05,0.0,0.0,0.008207717072914216,0.008207717072914216,121990.33746173907,-0.26136645792120194
2019-01-02,PANIC_STABILIZING_1,2,True,1.0,72.58897162008098,40.313913698036174,12.816053639787933,56.62487222455354,52.97486772486772,0.8,0.36,0.014319654427645823,9.186507936507937e-05,0.0,0.0,0.005213869244746146,0.005213869244746146,122626.37913038702,-0.2575153192130195
2019-01-03,PANIC_STABILIZING_1,2,True,1.0,69.4002056781857,40.725469481412375,11.624803760655686,51.54948105045472,51.969576719576715,0.8,0.8,-0.09688478163660752,9.067460317460317e-05,0.44000000000000006,0.00022000000000000003,-0.0774896903886511,-0.0777096903886511,113097.12117468331,-0.31521357387529214
2019-01-04,PANIC_STABILIZING_1,2,True,1.0,66.96611237148893,48.56570025275582,12.536630527741622,44.911447426948605,50.792328042328045,0.8,0.8,0.1279088958574024,9.027777777777777e-05,0.0,0.0,0.10234517224147748,0.10234517224147748,124672.06552132154,-0.24512898914493297
2019-01-07,PANIC_STABILIZING_2,2,True,1.0,63.340233950225524,57.93904891964977,13.970837377821235,39.155337005763435,49.97354497354497,0.8,0.8,0.031878423010995416,9.067460317460317e-05,0.0,0.0,0.025520873329431256,0.025520873329431256,127853.80551320972,-0.22586402169684117
2019-01-08,RECOVERY_RETESTED,2,True,1.0,58.63703291187759,75.14049602553659,19.497754389789776,32.20021697023352,48.57275132275132,0.8,0.8,0.028867775459352263,9.186507936507937e-05,0.0,0.0,0.023112593383354828,0.023112593383354828,130808.8385325511,-0.20797173160689453
2019-01-09,RECOVERY_RETESTED,2,True,1.0,54.67889828691553,83.2018101505043,22.216377127369906,27.517941138517184,47.99867724867725,0.8,0.8,0.02362762857367895,9.226190476190476e-05,0.0,0.0,0.01892055523989554,0.01892055523989554,133283.81438787282,-0.1929861170032039
2019-01-10,RECOVERY_RETESTED,2,True,1.0,51.96632296031343,87.9513058599246,24.086338050947926,24.466542562012204,47.284391534391524,0.8,0.8,0.009617604062476026,9.186507936507937e-05,0.0,0.0,0.0077124562658538376,0.0077124562658538376,134311.75997728546,-0.18676205772465426
2019-01-11,RECOVERY_RETESTED,2,True,1.0,51.24718074136842,89.05196835770153,24.077503364714463,24.554517070572444,46.373015873015866,0.8,0.8,-0.011907483615302583,9.107142857142857e-05,0.0,0.0,-0.00950777260652778,-0.00950777260652778,133034.7543050389,-0.19449413915480884
2019-01-14,RECOVERY_RETESTED,2,True,1.0,52.28739354656178,85.74469423464366,22.77192988800338,26.473709297995487,46.161375661375665,0.8,0.8,-0.02604939937913353,9.107142857142857e-05,0.0,0.0,-0.020821305217592543,-0.020821305217592543,130264.79708110623,-0.21126582253802628
2019-01-15,RECOVERY_RETESTED,2,True,1.0,52.56999917513709,83.09215685025836,23.926599972149678,24.89178556960573,45.53968253968254,0.8,0.8,0.055432372505543226,9.186507936507937e-05,0.0,0.0,0.0443642710203076,0.0443642710203076,136043.8998432178,-0.17627420572612384
2019-01-16,RECOVERY_RETESTED,2,True,1.0,52.03922038230837,81.30381853951202,25.55889588000836,25.383998152068912,45.32804232804233,0.8,0.8,0.0014255702280911997,9.186507936507937e-05,0.0,0.0,0.0011588291983459758,0.0011588291983459758,136201.551486613,-0.17531964822428847
2019-01-17,RECOVERY_RETESTED,2,True,1.0,49.37841524262023,83.11133060413535,28.978302608996646,23.68258016738007,44.673280423280424,0.8,0.8,0.02341350116130969,9.107142857142857e-05,0.0,0.0,0.01874901521476204,0.01874901521476204,138755.1964477097,-0.1598577037615304
2019-01-18,RECOVERY_RETESTED,2,True,1.0,47.19779982614153,85.48317928260109,31.003493420141847,24.207044455140984,44.08465608465608,0.8,0.8,0.027435118415754634,9.067460317460317e-05,0.0,0.0,0.02196622965323863,0.02196622965323863,141803.1249584603,-0.14140294514095697
2019-01-22,RECOVERY_RETESTED,2,True,1.0,47.670112567115524,84.53232358047539,30.614331821469364,29.15766838612886,44.48677248677248,0.8,0.8,-0.055204232502627515,9.027777777777777e-05,0.0,0.0,-0.044145330446546456,-0.044145330446546456,135543.17914881615,-0.179305995848141
2019-01-23,RECOVERY_RETESTED,2,True,1.0,49.66325189692151,79.07131128405179,30.959502654327917,37.885195687348016,45.054232804232804,0.8,0.8,0.0009238659074626288,9.107142857142857e-05,0.0,0.0,0.0007573070116843887,0.0007573070116843887,135645.82694877154,-0.17868447852434954
2019-01-24,RECOVERY_RETESTED,2,True,1.0,50.6675689910003,75.22935725351158,29.74638954353203,45.15549761856852,45.95899470899471,0.8,0.8,0.017669109198108712,9.027777777777777e-05,0.0,0.0,0.014153342914042527,0.014153342914042527,137565.66885243639,-0.16706011830827894
2019-01-25,RECOVERY_RETESTED,2,True,1.0,47.94658317101266,78.1232160609161,31.400592840478584,39.06435677812293,46.79232804232803,0.8,0.8,0.03563165201295693,8.86904761904762e-05,0.0,0.0,0.028523059705603638,0.028523059705603638,141489.4626385557,-0.14330212433160772
2019-01-28,RECOVERY_RETESTED,2,True,1.0,48.57931935676723,79.6421294577203,30.334385051499442,38.5651945942111,48.61772486772486,0.8,0.8,-0.03687220732797136,8.948412698412699e-05,0.0,0.0,-0.02947986903698027,-0.02947986903698027,137318.37180985836,-0.16855746551057116
2019-01-29,RECOVERY_RETESTED,2,True,1.0,49.68014472552557,74.37702883005075,28.187735298702147,42.17244183046642,50.77380952380952,0.8,0.8,-0.028281403678067085,9.067460317460317e-05,0.0,0.0,-0.022606988021818746,-0.022606988021818746,134214.01702317726,-0.18735387692860417
2019-01-30,RECOVERY_RETESTED,2,True,1.0,49.74687144950116,75.56049424162597,28.109794227137126,40.58509549044223,49.338624338624335,0.8,0.8,0.0749575081641618,9.067460317460317e-05,0.0,0.0,0.05998414145196436,0.05998414145196436,142264.72960513187,-0.13860799693189918
2019-01-31,RECOVERY_RETESTED,2,True,1.0,44.36300816939033,81.74163042874173,31.62629751236351,31.099041518990663,46.12433862433861,0.8,0.8,0.043952529846503774,9.067460317460317e-05,0.0,0.0,0.03518015879783794,0.03518015879783794,147269.6253839719,-0.10830408947677561
2019-02-01,RECOVERY_RETESTED,2,True,1.0,40.240608279189395,88.74132853334065,35.86693854308962,28.069091058070608,43.478835978835974,0.8,0.8,-0.012763350464585987,9.027777777777777e-05,0.0,0.0,-0.010192624816113235,-0.010192624816113235,145768.56134562352,-0.11739281134280133
2019-02-04,RECOVERY_RETESTED,2,True,1.0,37.58790538854498,86.5687875053988,37.447129595684565,28.338713637986412,47.39417989417989,0.8,0.8,0.03663035234089507,8.988095238095238e-05,0.0,0.0,0.029322258063192243,0.029322258063192243,150042.82471890017,-0.0915127755885663
2019-02-05,RECOVERY_RETESTED,2,True,1.0,35.31126906056418,84.09459440577992,37.82444733612467,28.971510600654682,51.76587301587301,0.8,0.8,0.026406372116999588,9.067460317460317e-05,0.0,0.0,0.021143232614234595,0.021143232614234595,153215.2150640287,-0.07230441887577499
2019-02-06,RECOVERY_RETESTED,2,True,1.0,33.60364718644746,82.91697035061343,38.96697841505871,25.758864064898773,55.91931216931217,0.8,0.8,-0.00788983394086673,9.067460317460317e-05,0.0,0.0,-0.006293732232058464,-0.006293732232058464,152250.91952653846,-0.07814308645623469
2019-02-07,RECOVERY_RETESTED,2,True,1.0,36.65909863371997,78.00411745195088,37.06896112302116,34.09184312624686,57.42724867724868,0.8,0.8,-0.04082432476566833,9.067460317460317e-05,0.0,0.0,-0.03264132489189975,-0.03264132489189975,147281.24779718224,-0.10823371747506072
2019-02-08,RECOVERY_RETESTED,2,True,1.0,39.09852881120205,72.24651385612874,34.77224171577981,40.46367622797643,57.16931216931217,0.8,0.8,0.005090401443698989,9.067460317460317e-05,0.0,0.0,0.004090456075594111,0.004090456075594111,147883.69527205528,-0.10458598666669672
2019-02-11,RECOVERY_RETESTED,2,True,1.0,41.8717137572757,68.56600624455258,32.137711127751544,45.89532834699816,56.56746031746031,0.8,0.8,-0.002320578620187308,9.107142857142857e-05,0.0,0.0,-0.0018382486104355608,-0.0018382486104355608,147611.84827471536,-0.10623198023247116
2019-02-12,RECOVERY_RETESTED,2,True,1.0,36.89077628945795,72.13536943078029,34.50894429291906,43.13428843349974,51.76587301587301,0.8,0.8,0.04329371816638372,9.186507936507937e-05,0.0,0.0,0.034653347548979994,0.034653347548979994,152727.09295532637,-0.07525992641530332
2019-02-13,RECOVERY_RETESTED,2,True,1.0,33.55857289443788,76.15264178112004,35.75012902304116,41.984230735964594,50.9589947089947,0.8,0.8,0.002034174125305155,9.107142857142857e-05,0.0,0.0,0.0016455535859584097,0.0016455535859584097,152978.413570812,-0.0737382170711367
2019-02-14,RECOVERY_RETESTED,2,True,1.0,29.606142234344322,79.09322011911404,37.93913022218603,35.838205866798276,50.019841269841265,0.8,0.8,0.0036540803897686658,9.146825396825396e-05,0.0,0.0,0.0029415579626085836,0.0029415579626085836,153428.40844135848,-0.07101356434810213
2019-02-15,RECOVERY_RETESTED,2,True,1.0,26.077744222537632,79.9646197992768,39.200260834583624,31.140465004737973,48.974867724867714,0.8,0.8,0.01194174757281563,9.107142857142857e-05,0.0,0.0,0.009571612343966791,0.009571612343966791,154896.96568951098,-0.062121666313238566
2019-02-19,RECOVERY_RETESTED,2,True,1.0,23.141041383243387,79.13550206079289,40.9571187116969,26.6311798454188,47.28835978835978,0.8,0.8,0.005980363938725253,9.107142857142857e-05,0.0,0.0,0.004802505436694488,0.004802505436694488,155640.85920936233,-0.057617500516749964
2019-02-20,RECOVERY_RETESTED,2,True,1.0,19.22395325734873,77.44676822774868,41.84165501795587,29.120664794034894,48.48544973544973,0.8,0.8,-0.0007947609359104657,9.186507936507937e-05,0.0,0.0,-0.0006174357328553566,-0.0006174357328553566,155544.76098139415,-0.05819936114594859
2019-02-21,RECOVERY_RETESTED,2,True,1.0,21.416707346594773,72.82702982300029,40.39717599850713,36.14981101872929,52.86375661375661,0.8,0.8,-0.011326397505647345,9.186507936507937e-05,0.0,0.0,-0.009042744988644862,-0.009042744988644862,154138.2093735197,-0.0667158241532485
2019-02-22,RECOVERY_RETESTED,2,True,1.0,18.89745466944736,73.24037152273998,42.40030463395018,39.69353760166607,51.58730158730159,0.8,0.8,0.021721641190667773,9.186507936507937e-05,0.0,0.0,0.017395685968407237,0.017395685968407237,156819.54925951405,-0.05048070571093466
2019-02-25,RECOVERY_RETESTED,2,True,1.0,19.819417838986094,72.01827645871062,44.33180536813044,39.70185388199898,51.22354497354497,0.8,0.8,0.011023622047244164,9.226190476190476e-05,0.0,0.0,0.008837350018747712,0.008837350018747712,158205.41850610264,-0.042089471357747765
2019-02-26,RECOVERY_RETESTED,2,True,1.0,18.4481180003903,70.34048411802263,47.927686621196834,39.16088306356891,53.33994708994709,0.8,0.8,0.0031152647975078995,9.265873015873017e-05,0.0,0.0,0.002510743584038066,0.002510743584038066,158602.6317455769,-0.03968440364387671
2019-02-27,RECOVERY_RETESTED,2,True,1.0,20.68296712184996,63.97851458209181,48.59382579837098,45.64953928969194,59.391534391534385,0.8,0.8,-0.0031055900621118626,9.186507936507937e-05,0.0,0.0,-0.002466099033816474,-0.002466099033816474,158211.5019486684,-0.04205263700820938
2019-02-28,RANGE_CARRY,2,False,0.0,19.387286741895384,60.641335239460766,47.37464247831448,50.31251781098289,64.61640211640211,0.35,0.8,-0.006230529595015577,9.186507936507937e-05,0.0,0.0,-0.004966050660139446,-0.004966050660139446,157425.81561497453,-0.046809852142573716
2019-03-01,RANGE_CARRY,0,False,0.0,15.92404329725642,61.9752635739977,46.85064405777508,48.49050955731274,64.58333333333333,0.35,0.35,0.01998432601880884,9.186507936507937e-05,0.45000000000000007,0.00022500000000000005,0.007054226408170395,0.006829226408170395,158500.9121523001,-0.04030030081281788
2019-03-04,RANGE_CARRY,0,False,0.0,15.092053175146988,62.61366494344096,43.78092524199126,45.50711700121667,69.58333333333333,0.35,0.35,0.00019976949673439215,9.146825396825396e-05,0.0,0.0,0.00012937368893640232,0.00012937368893640232,158521.41800000504,-0.04017614092246269
2019-03-05,RANGE_CARRY,0,False,0.0,15.347273328865475,62.25146842683328,42.570443014131705,42.14088284999061,72.50661375661376,0.35,0.35,0.002488938053097467,9.226190476190476e-05,0.0,0.0,0.0009310985566793515,0.0009310985566793515,158669.0170635076,-0.03928245031260924
2019-03-06,NORMAL_PARTICIPATION,0,False,0.0,20.618719219293954,54.52912108137236,37.86838548012197,49.751588755131856,79.49074074074075,0.35,0.35,-0.017241379310344973,9.226190476190476e-05,0.0,0.0,-0.005974512520525502,-0.005974512520525502,157721.04703444222,-0.04502226934190501
2019-03-07,RANGE_CARRY,0,False,0.0,29.625134873714302,42.66282127607216,32.42519404003224,59.148932605537766,83.22089947089948,0.35,0.35,-0.03644444444444439,9.265873015873017e-05,0.0,0.0,-0.012695327380952361,-0.012695327380952361,155718.72670747337,-0.057146024274128626
2019-03-08,RISK_WARNING,0,False,0.0,39.33578858467246,29.600495379389585,29.097376470084654,71.64663036323525,85.69444444444446,0.35,0.35,-0.0056807147018838045,9.186507936507937e-05,0.0,0.0,-0.0019285378440720299,-0.0019285378440720299,155418.4172499873,-0.05896435384774967
2019-03-11,RISK_WARNING,0,False,0.0,36.43351109743782,31.608756799553607,33.069945331932026,70.09287461707716,77.48015873015873,0.35,0.35,0.06247049823396322,9.226190476190476e-05,0.0,0.0,0.021924644619982364,0.021924644619982364,158825.9108155934,-0.03833248173112613
2019-03-12,RANGE_CARRY,0,False,0.0,27.76360741602694,41.31462180344584,42.31690735618684,64.11680494915743,65.7010582010582,0.35,0.35,0.016284948295672175,9.226190476190476e-05,0.0,0.0,0.005759702141580499,0.005759702141580499,159740.70075425645,-0.032793563266664605
2019-03-13,RANGE_CARRY,0,False,0.0,18.061669955716248,55.50363937393784,50.673606931370294,52.15871757918947,54.39814814814815,0.35,0.35,0.021661792637703847,9.226190476190476e-05,0.0,0.0,0.007641597661291584,0.007641597661291584,160961.37491955326,-0.025402560821736975
2019-03-14,RANGE_CARRY,0,False,0.0,18.672676428977656,58.740283390826015,53.145789792729055,48.75736083112781,53.273809523809526,0.35,0.35,-0.0044264109184802836,9.186507936507937e-05,0.0,0.0,-0.0014895315198807976,-0.0014895315198807976,160721.61787812723,-0.026854254426588064
2019-03-15,NORMAL_PARTICIPATION,0,False,0.0,17.625438623486378,64.2766928992095,54.66745469646897,39.33099683532372,51.55423280423281,0.35,0.35,0.02482400889218228,9.186507936507937e-05,0.0,0.0,0.0087481154138511,0.0087481154138511,162127.62914082597,-0.01834106312981365
2019-03-18,NORMAL_PARTICIPATION,0,False,0.0,17.7840035567965,62.93195691691654,55.57943921332937,36.161782456784024,53.99470899470899,0.35,0.35,0.009038322487346262,9.186507936507937e-05,0.0,0.0,0.003223125172158493,0.003223125172158493,162650.18678341212,-0.015177053499913162
2019-03-19,NORMAL_PARTICIPATION,0,False,0.0,18.748297634100506,60.98501566312649,57.79925877282937,32.35120277007032,57.427248677248684,0.35,0.35,0.010032246506628484,9.146825396825396e-05,0.0,0.0,0.0035707406423993344,0.0035707406423993344,163230.96841585348,-0.01166050617927794
2019-03-20,NORMAL_PARTICIPATION,0,False,0.0,22.16235191493475,54.72866816906239,59.51772189493943,36.53506813222082,63.425925925925924,0.35,0.35,0.014042993969492601,9.226190476190476e-05,0.0,0.0,0.004975018127417648,0.004975018127417648,164043.0454426783,-0.0067434992814769945
2019-03-21,GREED_TREND,0,False,0.0,23.257899351448287,54.33203139435318,62.495266116324636,36.39815549976509,63.82936507936508,0.35,0.35,0.04630799023322396,9.305555555555555e-05,0.0,0.0,0.016268282692739496,0.016268282692739496,166711.74407971767,0.0
2019-03-22,RISK_WARNING,0,False,0.0,32.026441071324946,47.68460091601681,59.72401926302376,47.15333866683267,67.18253968253968,0.35,0.35,-0.06536841822912476,9.345238095238095e-05,0.0,0.0,-0.022818202332574616,-0.022818202332574616,162907.68177209026,-0.0228182023325747
2019-03-25,RISK_WARNING,0,False,0.0,39.74503331478568,38.14057943121417,55.69307140455887,56.47976373323783,69.80820105820106,0.35,0.35,-0.00628515669842733,9.226190476190476e-05,0.0,0.0,-0.002139834606354327,-0.002139834606354327,162559.0862769934,-0.024909209759922946
2019-03-26,RISK_WARNING,0,False,0.0,45.506590988075324,32.336404752754305,52.17537964489009,65.84211747147883,71.42857142857143,0.35,0.35,0.013718411552346543,9.226190476190476e-05,0.0,0.0,0.004861414281416528,0.004861414281416528,163349.35334059436,-0.02016888946657225
2019-03-27,RISK_WARNING,0,False,0.0,43.9163961029873,30.41253406144949,51.39081710276299,65.91085247949768,68.07539682539682,0.35,0.35,-0.019586894586894443,9.226190476190476e-05,0.0,0.0,-0.006795442867317816,-0.006795442867317816,162239.32214255506,-0.026827275797822625
2019-03-28,RISK_WARNING,0,False,0.0,40.74752346261831,36.503615894083275,51.66020070918042,65.64195819614655,64.0542328042328,0.35,0.35,0.006349436977842293,9.146825396825396e-05,0.0,0.0,0.0022817573073241676,0.0022817573073241676,162609.51290138913,-0.024606731823085926
2019-03-29,RISK_WARNING,0,False,0.0,34.654112669889834,42.348397700162984,52.13703577720253,63.505034690364845,57.36772486772487,0.35,0.35,0.022566486673789354,9.107142857142857e-05,0.0,0.0,0.007957466764397703,0.007957466764397703,163903.47269587687,-0.016845072309350617
2019-04-01,NORMAL_PARTICIPATION,0,False,0.0,24.619899108972646,55.5911759120188,56.651496367720796,54.11809622826587,48.52513227513227,0.35,0.35,0.039364631133074646,8.988095238095238e-05,0.0,0.0,0.013836043515623744,0.013836043515623744,166171.24827645885,-0.003242097947222966
2019-04-02,GREED_EXHAUSTING,0,False,0.0,16.07153059764759,64.05993696795015,60.883956486349376,43.80951913311088,41.47486772486772,0.35,0.35,0.01103066034531941,9.107142857142857e-05,0.0,0.0,0.003919927549433222,0.003919927549433222,166822.6275305015,0.0
2019-04-03,GREED_TREND,0,False,0.0,12.251319463381371,68.70181347409648,62.55922167673259,34.522511765962484,41.07142857142857,0.35,0.35,0.017306012764528145,9.067460317460317e-05,0.0,0.0,0.006116042959648342,0.006116042959648342,167842.92188711942,0.0
2019-04-04,GREED_TREND,0,False,0.0,10.111547262205416,67.96819357386251,62.11173553530949,31.903298087399765,45.21825396825397,0.35,0.35,-0.001492478174157763,9.146825396825396e-05,0.0,0.0,-0.00046291299587585195,-0.00046291299587585195,167765.2252173121,-0.00046291299587575274
2019-04-05,GREED_TREND,0,False,0.0,6.782637014522258,70.849791698647,62.202204092644365,27.559580199742033,47.12962962962964,0.35,0.35,0.015052910052910207,9.146825396825396e-05,0.0,0.0,0.005327972883597936,0.005327972883597936,168659.07378808066,0.0
2019-04-08,GREED_TREND,0,False,0.0,6.0234762848449845,70.58599448058133,62.464186873097965,27.38149748152807,52.16269841269841,0.35,0.35,0.007805780708384447,9.146825396825396e-05,0.0,0.0,0.0027914776130139214,0.0027914776130139214,169129.88181679175,0.0
2019-04-09,GREED_TREND,0,False,0.0,8.653765912961624,68.38301864839373,61.51078216701696,31.297667388538645,57.810846560846564,0.35,0.35,-0.010990858192068464,9.107142857142857e-05,0.0,0.0,-0.003787603938652534,-0.003787603938652534,168489.28481027865,-0.0037876039386524063
2019-04-10,GREED_TREND,0,False,0.0,9.41451483179878,65.32615715179814,60.83140443425404,34.54492191086951,62.142857142857146,0.35,0.35,0.016185757056754735,9.067460317460317e-05,0.0,0.0,0.005723953461927649,0.005723953461927649,169453.70963536613,0.0
2019-04-11,NORMAL_PARTICIPATION,0,False,0.0,8.32071550125204,64.44263455446914,59.757569950688946,39.36752398497263,61.25661375661375,0.35,0.35,-0.007552267610164032,9.107142857142857e-05,0.0,0.0,-0.0025840972349859825,-0.0025840972349859825,169015.82477283926,-0.0025840972349859825
2019-04-12,GREED_TREND,0,False,0.0,3.9853103486992096,67.93995492397109,61.81086005365802,36.83042674815763,54.25925925925926,0.35,0.35,0.012302626461666133,9.107142857142857e-05,0.0,0.0,0.004365115690154574,0.004365115690154574,169753.5984014396,0.0
2019-04-15,GREED_TREND,0,False,0.0,3.1669214325668853,67.81532711068161,61.86727594368076,39.15121005984407,51.61375661375661,0.35,0.35,0.0008067924238350788,9.146825396825396e-05,0.0,0.0,0.00034183171342164263,0.00034183171342164263,169811.62556484065,0.0
2019-04-16,GREED_TREND,0,False,0.0,2.846851149649387,69.79899757413375,62.61375817654358,36.13399531432521,49.19973544973545,0.35,0.35,0.009763275751759393,9.107142857142857e-05,0.0,0.0,0.0034763429416872155,0.0034763429416872155,170401.94901078942,0.0
2019-04-17,GREED_TREND,0,False,0.0,2.8597252001332407,68.44088161907273,61.94168094359399,36.72720545972393,49.83465608465608,0.35,0.35,0.009973008249591242,9.107142857142857e-05,0.0,0.0,0.003549749315928363,0.003549749315928363,171006.83321272334,0.0
2019-04-18,GREED_TREND,0,False,0.0,2.745813005328273,68.92608012816103,62.76126019266039,35.78778275158302,48.52513227513228,0.35,0.35,0.0031367628607277265,9.146825396825396e-05,0.0,0.0,0.0011573213663340692,0.0011573213663340692,171204.74307458955,0.0
2019-04-19,GREED_EXHAUSTING,0,False,0.0,2.825529676882321,65.11509811257896,64.05981135784846,40.059149239290484,53.19444444444445,0.35,0.35,0.0,9.067460317460317e-05,0.0,0.0,5.893849206349206e-05,5.893849206349206e-05,171214.8336239805,0.0
2019-04-22,GREED_EXHAUSTING,0,False,0.0,3.6521123273106197,63.05950835003798,66.07131687329318,41.82877352162013,59.76851851851851,0.35,0.35,0.008442776735459567,9.067460317460317e-05,0.0,0.0,0.0030139103494743404,0.0030139103494743404,171730.85978302333,0.0
2019-04-23,GREED_EXHAUSTING,0,False,0.0,4.257932433130725,62.36187701929828,68.17405733438675,42.338890494037564,67.92989417989418,0.35,0.35,0.03799069767441865,9.146825396825396e-05,0.0,0.0,0.013356198551125891,0.013356198551125891,174024.53124364096,0.0
2019-04-24,GREED_EXHAUSTING,0,False,0.0,6.403922961474197,62.36060638466741,68.6773782484603,41.84898478456328,71.77910052910052,0.35,0.35,-0.00971465443074282,9.186507936507937e-05,0.0,0.0,-0.003340416749172685,-0.003340416749172685,173443.21678470777,-0.0033404167491727366
2019-04-25,GREED_EXHAUSTING,0,False,0.0,12.230032664040456,60.28935068679164,70.75597170469887,42.2540702838788,73.33994708994709,0.35,0.35,0.01116138763197605,9.146825396825396e-05,0.0,0.0,0.003965940036270982,0.003965940036270982,174131.08218217388,0.0
2019-04-26,GREED_EXHAUSTING,0,False,0.0,17.023148378104974,57.073303300383714,72.26126940655709,43.582892979418496,72.66534391534391,0.35,0.35,0.0035799522673030104,9.107142857142857e-05,0.0,0.0,0.0013121797221274823,0.0013121797221274823,174359.57345720544,0.0
2019-04-29,GREED_EXHAUSTING,0,False,0.0,21.22408594120436,54.44331146855679,74.44172185250771,42.76098335621896,72.32671957671958,0.35,0.35,0.005350772889417321,9.067460317460317e-05,0.0,0.0,0.0019317090033595544,0.0019317090033595544,174696.38541507465,0.0
2019-04-30,GREED_EXHAUSTING,0,False,0.0,19.629411930825565,49.687187631247845,71.64084211448868,46.791800125467375,72.80291005291005,0.35,0.35,-0.02290952099349497,9.146825396825396e-05,0.0,0.0,-0.007958877982643874,-0.007958877982643874,173305.99819954715,-0.00795887798264383
2019-05-01,GREED_EXHAUSTING,0,False,0.0,24.43831940271944,39.66170299445388,65.87830866788495,54.90643802110469,77.6362433862434,0.35,0.35,-0.01151150545313695,9.107142857142857e-05,0.0,0.0,-0.0039698304800265035,-0.0039698304800265035,172618.00276552318,-0.01189711306626795
2019-05-02,RANGE_CARRY,0,False,0.0,27.481207388839152,32.532647925136054,59.57319457273275,62.63039874196536,80.21031746031747,0.35,0.35,-0.012233352109916495,9.107142857142857e-05,0.0,0.0,-0.004222476809899345,-0.004222476809899345,171889.12725187463,-0.016069354592140206
2019-05-03,GREED_EXHAUSTING,0,False,0.0,27.786518230897688,36.82230805922823,60.75035148242006,61.122065737435825,77.3994708994709,0.35,0.35,0.04709718210331859,9.265873015873017e-05,0.0,0.0,0.01654424191076468,0.01654424191076468,174732.90255495984,0.0
2019-05-06,RANGE_CARRY,0,False,0.0,29.755709428128473,41.90774471172022,59.876632519736994,59.541994997105526,78.02910052910053,0.35,0.35,-0.017901541521630926,9.107142857142857e-05,0.0,0.0,-0.0062063431039993955,-0.0062063431039993955,173648.45021014608,-0.006206343103999368
2019-05-07,RISK_WARNING,0,False,0.0,37.97221002380494,36.63777841013201,54.402478833424034,62.646066438937034,81.63888888888889,0.35,0.35,-0.05816757082579871,9.146825396825396e-05,0.0,0.0,-0.02029919542395018,-0.02029919542395018,170123.52638426426,-0.026379554756413293
2019-05-08,RANGE_CARRY,0,False,0.0,51.28761315707005,25.875424950581706,44.1518422828325,69.16390081658881,90.1494708994709,0.35,0.35,-0.008793599999999957,9.107142857142857e-05,0.0,0.0,-0.0030185635714285565,-0.0030185635714285565,169609.99770487772,-0.02931848996482378
2019-05-09,RANGE_CARRY,0,False,0.0,58.37409375381689,18.392832820511355,37.768090190388534,72.84041359365555,92.27910052910055,0.35,0.35,-0.015832020455073814,9.107142857142857e-05,0.0,0.0,-0.0054820107307044065,-0.0054820107307044065,168680.19387742484,-0.0346397764189329
2019-05-10,RANGE_CARRY,0,False,0.0,58.97198079926961,22.8267910741702,38.18686229976905,73.78870185815211,88.76851851851852,0.35,0.35,0.0027948354589828472,9.107142857142857e-05,0.0,0.0,0.0010373888392154252,0.0010373888392154252,168855.18082794998,-0.03363832249716736
2019-05-13,PANIC_ACCELERATING,3,True,0.0,63.45269270482279,20.66189669813105,33.626312767733836,75.91450456231762,88.92857142857143,0.35,0.35,-0.10336931632319268,9.107142857142857e-05,0.0,0.0,-0.03612006428454601,-0.03612006428454601,162756.12084166578,-0.06854336841069153
2019-05-14,PANIC_ACCELERATING,3,True,0.0,62.137522162640856,26.067299699839754,31.105520144022773,76.60322192366735,84.07407407407408,0.35,0.35,0.031375410434148154,9.027777777777777e-05,0.0,0.0,0.011040074207507408,0.011040074207507408,164552.9604934838,-0.058260018076870645
2019-05-15,PANIC_ACCELERATING,3,True,0.0,59.43201181577707,29.30546471118821,29.33268496452429,75.40151742313012,75.95238095238095,0.35,0.35,0.041570569508312616,9.027777777777777e-05,0.0,0.0,0.014608379883464969,0.014608379883464969,166956.8126513214,-0.04450272266949018
2019-05-16,PANIC_STABILIZING_1,3,True,0.15,49.81581847689937,38.588196778084786,34.77482894161165,73.2108697022317,60.09920634920635,0.4175,0.35,0.03123089671661261,9.067460317460317e-05,0.0,0.0,0.010989752342877905,0.010989752342877905,168791.6266743157,-0.03400204422733377
2019-05-17,PANIC_STABILIZING_1,3,True,0.15,48.34587532039981,37.730119232549,37.11883354665324,75.34111716356256,51.42195767195767,0.4175,0.4175,-0.031114975234481923,8.988095238095238e-05,0.0675,3.375e-05,-0.012938146505634298,-0.012971896505634298,166602.0791620788,-0.046532869734271176
2019-05-20,PANIC_STABILIZING_1,3,True,0.15,48.43935736307672,36.94005501926942,35.39071986833084,74.69629135488769,52.8968253968254,0.4175,0.4175,-0.05012916383412647,8.948412698412699e-05,0.0,0.0,-0.020876801396779547,-0.020876801396779547,163123.96064312154,-0.06643821365118607
2019-05-21,PANIC_STABILIZING_1,3,True,0.15,47.918919383930444,37.799601362160594,32.8149991260119,70.97361559077102,54.37169312169311,0.4175,0.4175,0.03005882942329996,8.948412698412699e-05,0.0,0.0,0.012601685788195986,0.012601685788195986,165179.59753967222,-0.054673761355751305
2019-05-22,PANIC_STABILIZING_1,3,True,0.15,46.74169254342271,38.92243358233306,32.37766593181814,68.4251375877621,54.623015873015866,0.4175,0.4175,-0.013034476050192478,8.948412698412699e-05,0.0,0.0,-0.005389769246987105,-0.005389769246987105,164289.3176246232,-0.0597688516451661
2019-05-23,PANIC_ACCELERATING,3,True,0.15,50.280884979649834,33.52787878728056,31.42589835674627,71.62890750273766,53.664021164021165,0.36,0.4175,-0.0471664906722985,8.908730158730158e-05,0.0,0.0,-0.019640116502510022,-0.019640116502510022,161062.65628635773,-0.07823510093814379
2019-05-24,PANIC_ACCELERATING,3,True,0.15,55.15216122301584,26.4946378452148,29.208263410981942,76.90743036748512,55.55555555555555,0.36,0.36,-0.0014776505356483005,8.86904761904762e-05,0.057499999999999996,2.8749999999999997e-05,-0.00047519228807148343,-0.0005039422880714834,160981.4900028259,-0.07869961725044095
2019-05-28,PANIC_ACCELERATING,3,True,0.15,57.8866671876992,22.496072688732568,26.057549649799984,76.59743186812976,59.576719576719576,0.36,0.36,-0.01072881982981877,8.789682539682539e-05,0.0,0.0,-0.0038061211704807888,-0.0038061211704807888,160368.77494567062,-0.08220619814159602
2019-05-29,PANIC_ACCELERATING,3,True,0.15,60.43793661517059,19.836234526991728,25.28506649258789,78.50367182101145,61.76587301587301,0.36,0.36,-0.02505609573672396,8.86904761904762e-05,0.0,0.0,-0.00896343256045872,-0.00896343256045872,158931.32024664173,-0.09043278098896079
2019-05-30,PANIC_ACCELERATING,3,True,0.15,62.75759137528493,21.230586764234854,24.479995856892184,78.38401278478403,63.77645502645502,0.36,0.36,0.011891062523973872,8.86904761904762e-05,0.0,0.0,0.004337544413392499,0.004337544413392499,159620.6919068906,-0.08648749277953482
2019-05-31,PANIC_ACCELERATING,3,True,0.15,68.07163263817847,18.87018832702535,23.119163650494006,80.5121464822368,65.39021164021163,0.36,0.36,-0.048142532221379764,8.908730158730158e-05,0.0,0.0,-0.017274295726680843,-0.017274295726680843,156863.3568707936,-0.10226777797928255
2019-06-03,PANIC_ACCELERATING,3,True,0.15,69.0354884558584,22.867226035873,19.402588862528287,76.10612105275739,68.79629629629629,0.36,0.36,-0.06392672242134612,8.789682539682539e-05,0.0,0.0,-0.022957366103430632,-0.022957366103430632,153262.1873588977,-0.12287734526305838
2019-06-04,PANIC_ACCELERATING,3,True,0.15,63.136690127290564,29.623873267235258,16.655458754404343,68.44440673282254,64.41137566137564,0.36,0.36,0.08105578435043048,8.789682539682539e-05,0.0,0.0,0.029236336334408943,0.029236336334408943,157743.01221586965,-0.09723349232263945
2019-06-05,PANIC_STABILIZING_1,3,True,0.15,52.91609139716345,42.04821120315403,16.721511492188814,57.742609936981495,57.34126984126984,0.4175,0.36,0.02203856749311295,8.789682539682539e-05,0.0,0.0,0.007990138265774629,0.007990138265774629,159003.4006939342,-0.090020263104587
2019-06-06,PANIC_STABILIZING_1,3,True,0.15,42.78646703070342,52.74717459265005,20.704140096220367,48.180099156571885,46.98412698412698,0.4175,0.4175,0.023103581055063493,8.789682539682539e-05,0.057499999999999996,2.8749999999999997e-05,0.009696944991282659,0.00966819499128266,160540.67657612023,-0.08122240157016591
2019-06-07,PANIC_STABILIZING_2,3,True,0.4,41.00921225834997,59.976436938715665,26.808839342135297,42.116005409420644,45.20502645502645,0.53,0.4175,0.05702672186676705,8.71031746031746e-05,0.0,0.0,0.02385939397858159,0.02385939397858159,164371.0798281379,-0.05930092487053351
2019-06-10,PANIC_STABILIZING_2,3,True,0.4,40.527039550403,63.36838547452691,33.73848113283542,38.94926760061538,43.54497354497354,0.53,0.53,0.036488969279193206,8.51190476190476e-05,0.11250000000000004,5.6250000000000026e-05,0.019379159670353353,0.019322909670353352,167547.20735607547,-0.041123881614821944
2019-06-11,PANIC_STABILIZING_2,3,True,0.4,40.2200715065507,64.4814288089094,40.985479147295855,36.819255912582975,44.451058201058196,0.53,0.53,0.0037787701820679587,8.551587301587301e-05,0.0,0.0,0.0020429406568134786,0.0020429406568134786,167889.49635791875,-0.0391649546077254
2019-06-12,PANIC_STABILIZING_2,3,True,0.4,40.236713014890164,60.30137309385959,43.46504722268684,40.86935741916462,46.92460317460316,0.53,0.53,-0.016933607118411964,8.472222222222222e-05,0.0,0.0,-0.008934992328313896,-0.008934992328313896,166389.40499595628,-0.04775000836708032
2019-06-13,PANIC_STABILIZING_2,3,True,0.4,38.91594196767425,60.30707972564459,43.47700156651839,39.863760728343344,49.107142857142854,0.53,0.53,0.01636194003871161,8.353174603174605e-05,0.0,0.0,0.008711088141152073,0.008711088141152073,167838.8377686299,-0.039454874757554714
2019-06-14,PANIC_STABILIZING_2,3,True,0.4,37.43765152332787,60.273547612195195,40.50035511049467,40.17176455916917,49.53703703703703,0.53,0.53,-0.013015838219981313,8.154761904761904e-05,0.0,0.0,-0.006860066875637715,-0.006860066875637715,166687.45211720778,-0.04604427855378568
2019-06-17,PANIC_STABILIZING_2,3,True,0.4,35.718761912457815,60.88691993221119,40.85088814274716,35.518610674289015,49.86111111111111,0.53,0.53,0.018212610011382857,8.194444444444445e-05,0.0,0.0,0.009691197194921803,0.009691197194921803,168302.85308559475,-0.036799305542026484
2019-06-18,PANIC_STABILIZING_2,3,True,0.4,31.62431292396754,61.474808684655166,43.815844920948614,33.836353886245234,50.09920634920635,0.53,0.53,0.0432856169052489,8.313492063492064e-05,0.0,0.0,0.022980450372480334,0.022980450372480334,172170.52844847512,-0.014664519784296282
2019-06-19,PANIC_STABILIZING_2,3,True,0.4,26.671334085263165,64.27317429904065,48.49120540065099,29.37845541541603,48.94841269841269,0.53,0.53,0.011760862463247257,8.273809523809524e-05,0.0,0.0,0.006272144010282951,0.006272144010282951,173250.40679723045,-0.008484353753942186
2019-06-20,PANIC_STABILIZING_2,3,True,0.4,20.261962170055593,67.57943664498741,52.76762416202738,27.317809193630875,46.81878306878306,0.53,0.53,0.02744591540200192,8.115079365079365e-05,0.0,0.0,0.014584476036076892,0.014584476036076892,175777.17320340525,0.0
2019-06-21,RECOVERY_RETESTED,3,True,1.0,17.237512946916983,71.57807531081431,53.50794721441647,25.679451071105557,47.99603174603174,0.8,0.53,-0.00455059710873662,7.956349206349207e-05,0.0,0.0,-0.002374421626360568,-0.002374421626360568,175359.80408193055,-0.002374421626360701
2019-06-24,RECOVERY_RETESTED,3,True,1.0,19.127384161355433,69.44250549853719,55.280488897649064,29.986635914697647,51.19047619047618,0.8,0.8,-0.00032833257564279794,7.837301587301586e-05,0.27,0.000135,-0.0002469914573396352,-0.00038199145733963517,175292.8181348105,-0.002755506074922809
2019-06-25,PANIC_STABILIZING_2,3,True,1.0,26.33920919375939,60.85723669099934,51.2288670683618,39.30947982923473,55.87301587301587,0.8,0.8,-0.051148278214294685,7.916666666666666e-05,0.0,0.0,-0.040902789238102415,-0.040902789238102415,168122.85293968933,-0.04354558742879844
2019-06-26,PANIC_STABILIZING_2,3,True,1.0,33.68282986736195,52.933771374924845,49.83168349106902,48.22308539695422,57.67857142857142,0.8,0.8,0.012647610932861042,7.876984126984127e-05,0.0,0.0,0.010133842714542802,0.010133842714542802,169826.58348810035,-0.03385302884817143
2019-06-27,PANIC_STABILIZING_1,3,True,1.0,35.59465004882694,52.43333507609373,46.723596285267654,50.84469560911964,57.81746031746031,0.8,0.8,0.010833125172554414,7.996031746031745e-05,0.0,0.0,0.008682492201535595,0.008682492201535595,171301.10147484922,-0.02546446530560842
2019-06-28,PANIC_STABILIZING_2,3,True,1.0,31.056838813221592,60.61675297559476,47.80374194621683,48.51272822269681,58.379629629629626,0.8,0.8,0.004239988554632257,7.956349206349207e-05,0.0,0.0,0.003407903542118504,0.003407903542118504,171884.87910533414,-0.022143342205003136
2019-07-01,PANIC_STABILIZING_2,3,True,1.0,23.040596260380955,67.73344952546816,50.99656873781934,44.62322968248542,57.30158730158729,0.8,0.8,0.03982489995208072,7.876984126984127e-05,0.0,0.0,0.031875673929918545,0.031875673929918545,177363.82546517925,0.0
2019-07-02,RECOVERY_RETESTED,3,True,1.0,18.177209744204593,70.76403628678862,57.10630467643227,40.575400343444834,55.72751322751322,0.8,0.8,0.012143782383419621,8.234126984126983e-05,0.0,0.0,0.009731494160703952,0.009731494160703952,179089.84049701376,0.0
2019-07-03,RECOVERY_RETESTED,3,True,1.0,14.668883434329613,73.47230680991316,64.18848122989,33.60432221905338,52.070105820105816,0.8,0.8,0.022150302105509168,8.194444444444445e-05,0.0,0.0,0.017736630573296223,0.017736630573296223,182266.29083733982,0.0
2019-07-05,RECOVERY_RETESTED,3,True,1.0,15.355110600207839,71.32491408432416,65.95550557053349,33.55619553781104,51.17724867724868,0.8,0.8,-0.006477011425062962,8.234126984126983e-05,0.0,0.0,-0.005165140886082116,-0.005165140886082116,181324.85976638136,-0.005165140886082109
2019-07-08,RECOVERY_RETESTED,3,True,1.0,15.252736825019355,67.11580917824641,61.934641859864264,38.92357159379756,57.92989417989418,0.8,0.8,-0.021060284762193238,8.313492063492064e-05,0.0,0.0,-0.016831600825627607,-0.016831600825627607,178272.8721070307,-0.02190980412210708
2019-07-09,PANIC_STABILIZING_2,3,True,1.0,16.150434966923417,60.20422227410412,57.9911222655723,44.98804898333102,64.62962962962962,0.8,0.8,0.0150147919838588,8.432539682539682e-05,0.0,0.0,0.01202869866645212,0.01202869866645212,180417.26276600917,-0.010144651887280642
2019-07-10,PANIC_STABILIZING_2,3,True,1.0,16.413985545746964,57.603038763643816,59.245962568025334,44.85203616273745,66.05820105820105,0.8,0.8,0.02957317073170751,8.432539682539682e-05,0.0,0.0,0.02367540166473109,0.02367540166473109,184688.71392924577,0.0
2019-07-11,PANIC_STABILIZING_2,3,True,1.0,17.018548779334033,57.20589010587552,63.24367245786916,45.83282097545324,62.691798941798936,0.8,0.8,-0.0026650873556411936,8.194444444444445e-05,0.0,0.0,-0.0021156809956240663,-0.0021156809956240663,184297.9715270794,-0.002115680995624092
2019-07-12,PANIC_STABILIZING_2,3,True,1.0,16.686309908265667,60.290057293190614,67.55532393480915,44.07652985884939,58.161375661375665,0.8,0.8,0.016769596199524894,8.075396825396826e-05,0.0,0.0,0.01343182775327071,0.01343182775327071,186773.43013590833,0.0
2019-07-15,GREED_EXHAUSTING,3,False,0.0,16.052995968820074,62.42999125336784,68.38702078482127,42.75220602687609,58.31349206349207,0.35,0.8,0.008468439003877837,7.956349206349207e-05,0.0,0.0,0.006790663901514968,0.006790663901514968,188041.74572569437,0.0
2019-07-16,GREED_EXHAUSTING,0,False,0.0,13.51122688512266,64.96327283389121,67.16149779357517,40.650446584402886,58.386243386243386,0.35,0.35,-0.014177004065464294,8.035714285714285e-05,0.45000000000000007,0.00022500000000000005,-0.00490971928005536,-0.00513471928005536,187076.2041484614,-0.0051347192800552666
2019-07-17,GREED_EXHAUSTING,0,False,0.0,16.633248364524544,57.024741914357385,61.23392520951097,45.748757387903304,65.25132275132275,0.35,0.35,-0.014839096260265805,7.996031746031745e-05,0.0,0.0,-0.0051417094847438245,-0.0051417094847438245,186114.31265522138,-0.010250027529975392
2019-07-18,NORMAL_PARTICIPATION,0,False,0.0,18.00030284678142,52.08739876075921,56.18271617924256,50.73432334303225,68.87566137566138,0.35,0.35,0.00432915921288024,7.956349206349207e-05,0.0,0.0,0.001566921994349354,0.001566921994349354,186405.93926518405,-0.008699166529205438
2019-07-19,NORMAL_PARTICIPATION,0,False,0.0,24.05174398802197,41.676787471937445,50.29771913143432,57.556919237609286,73.03571428571428,0.35,0.35,-0.024200539109163755,7.599206349206348e-05,0.0,0.0,-0.008420793846937473,-0.008420793846937473,184836.2532787872,-0.017046706488160313
2019-07-22,NORMAL_PARTICIPATION,0,False,0.0,24.059815639092083,43.49698752809952,51.330293570642446,60.22399434647008,69.38492063492062,0.35,0.35,0.023583815028901833,7.638888888888889e-05,0.0,0.0,0.008303988037893418,0.008303988037893418,186371.13131498327,-0.008884274097030076
2019-07-23,NORMAL_PARTICIPATION,0,False,0.0,20.275472891196443,46.582154267429246,51.95485453634111,59.51732835238488,64.64285714285714,0.35,0.35,0.019319249105370195,7.757936507936506e-05,0.0,0.0,0.006812163774181155,0.006812163774181155,187640.72198428036,-0.002132631453012568
2019-07-24,NORMAL_PARTICIPATION,0,False,0.0,12.723713202028144,60.146676062516015,58.67315858276026,49.14952992212593,59.11375661375661,0.35,0.35,0.021274114161748514,7.638888888888889e-05,0.0,0.0,0.007495592734389757,0.007495592734389757,189047.20041666142,0.0
2019-07-25,NORMAL_PARTICIPATION,0,False,0.0,5.646804570912894,64.44512174853507,58.43503709621984,47.82433670367171,56.779100529100525,0.35,0.35,-0.02855119800826844,7.797619047619048e-05,0.0,0.0,-0.00994223477908443,-0.00994223477908443,187167.64876579033,-0.009942234779084513
2019-07-26,GREED_EXHAUSTING,0,False,0.0,6.595353452105317,64.98553236049283,61.207733288447606,44.90753490905369,55.476190476190474,0.35,0.35,0.029684230326115113,7.797619047619048e-05,0.0,0.0,0.010440165137949813,0.010440165137949813,189121.70992738695,0.0
2019-07-29,NORMAL_PARTICIPATION,0,False,0.0,9.090711809794776,56.85530496760632,59.38318638536751,51.011359497239646,56.21693121693121,0.35,0.35,-0.009270782193704474,7.876984126984127e-05,0.0,0.0,-0.003193573370971169,-0.003193573370971169,188517.73587069032,-0.003193573370971148
2019-07-30,NORMAL_PARTICIPATION,0,False,0.0,14.77801724999546,52.535573176337685,57.894518844627136,50.55817511413726,61.402116402116405,0.35,0.35,-0.013402477672140645,7.876984126984127e-05,0.0,0.0,-0.004639666788423829,-0.004639666788423829,187643.07639254222,-0.007818423043089329
2019-07-31,NORMAL_PARTICIPATION,0,False,0.0,21.394416843175517,40.66755731465029,48.01116694362583,61.3790427710132,71.1574074074074,0.35,0.35,-0.042190347147596174,7.718253968253967e-05,0.0,0.0,-0.014716452850865008,-0.014716452850865008,184881.63590602012,-0.022419816439872564
2019-08-01,RISK_WARNING,0,False,0.0,34.05012156640295,29.39236568095833,39.140732748512654,69.37463632173417,81.23015873015873,0.35,0.35,-0.01402439024390223,7.718253968253967e-05,0.0,0.0,-0.0048583679345721295,-0.0048583679345721295,183983.41289444306,-0.027169260657154304
2019-08-02,RISK_WARNING,0,False,0.0,46.73862823809491,18.61438150699847,31.75183976515626,78.49771358340466,86.12433862433862,0.35,0.35,-0.04576376004947447,7.678571428571428e-05,0.0,0.0,-0.015967405303030348,-0.015967405303030348,181045.67517172272,-0.04270284336348806
2019-08-05,NORMAL_PARTICIPATION,0,False,0.0,58.908165597884384,14.26549686037633,25.392567145014592,82.48383680921852,91.85846560846561,0.35,0.35,-0.10499027867790012,7.638888888888889e-05,0.0,0.0,-0.03669694475948726,-0.03669694475948726,174401.85203100194,-0.07783272423899235
2019-08-06,PANIC_ACCELERATING,4,True,0.0,63.782479541788526,16.00347866870581,21.686049297525443,84.42240860536721,89.94047619047619,0.35,0.35,0.04108616944243293,7.599206349206348e-05,0.0,0.0,0.014429554146121366,0.014429554146121366,176918.39299806714,-0.06452626160161767
2019-08-07,PANIC_ACCELERATING,4,True,0.0,63.65117354105447,20.14168446910081,19.36787817423879,82.67850310025581,87.25529100529099,0.35,0.35,0.014620167763295111,7.599206349206348e-05,0.0,0.0,0.00516645355842313,0.00516645355842313,177832.4336591225,-0.05969317997705792
2019-08-08,PANIC_ACCELERATING,4,True,0.0,56.17285241387386,28.241676489122643,24.30247478359828,77.68798316882946,74.06746031746032,0.35,0.35,0.06615207436452875,7.480158730158729e-05,0.0,0.0,0.02320184705933109,0.02320184705933109,181958.47458707012,-0.037876324950039564
2019-08-09,PANIC_ACCELERATING,4,True,0.0,52.11005664097217,31.918426903581217,26.5232005632454,75.43355092760675,66.36243386243385,0.35,0.35,-0.02958990779676718,7.480158730158729e-05,0.0,0.0,-0.01030784669712248,-0.01030784669712248,180082.87452578434,-0.047793748296126704
2019-08-12,PANIC_ACCELERATING,4,True,0.0,51.41585126377396,34.76016792373738,28.288680647446494,72.67082881232393,66.005291005291,0.35,0.35,-0.033447297977790114,7.40079365079365e-05,0.0,0.0,-0.01165844913349638,-0.01165844913349638,177983.38749331166,-0.05889499644621354
2019-08-13,PANIC_STABILIZING_1,4,True,0.15,53.426498972526396,36.31349347018428,30.330242654750606,69.75464900398771,64.29894179894178,0.4175,0.35,0.0656310839343004,7.40079365079365e-05,0.0,0.0,0.023018984535735292,0.023018984535735292,182080.384337638,-0.03723171492290578
2019-08-14,PANIC_ACCELERATING,4,True,0.15,58.57978018660544,28.911084597007456,28.93886386249018,69.94912936583114,66.41534391534391,0.36,0.4175,-0.08958507558700546,7.40079365079365e-05,0.0675,3.375e-05,-0.037358659434558905,-0.037392409434558904,175271.9600564832,-0.07323194082911666
2019-08-15,PANIC_ACCELERATING,4,True,0.15,64.02167652949561,20.29808721285104,28.757784894178474,74.86467666177332,59.12698412698412,0.36,0.36,-0.004239563607586039,7.242063492063492e-05,0.057499999999999996,2.8749999999999997e-05,-0.0014798936923817675,-0.0015086436923817674,175007.5371194926,-0.07463010361588562
2019-08-16,PANIC_ACCELERATING,4,True,0.15,65.58576943935732,17.215141555264218,27.39144922904553,78.41098051493121,57.14947089947089,0.36,0.36,0.046124152025205145,7.043650793650793e-05,0.0,0.0,0.01664977409415322,0.01664977409415322,177921.37307730626,-0.05922290388756035
2019-08-19,PANIC_ACCELERATING,4,True,0.15,57.76771679537142,32.66531625689009,33.347975701191594,71.13298094349217,48.88227513227512,0.36,0.36,0.046803776861297886,6.884920634920635e-05,0.0,0.0,0.01689342316213073,0.01689342316213073,180927.07412228853,-0.043329958301692284
2019-08-20,PANIC_STABILIZING_1,4,True,0.15,51.491504738868734,43.90688224719862,37.24132365528713,65.52139230866287,44.47751322751322,0.4175,0.36,-0.020567118529846273,7.162698412698412e-05,0.0,0.0,-0.007358321400903389,-0.007358321400903389,179595.75456077163,-0.05036944394312426
2019-08-21,PANIC_STABILIZING_1,4,True,0.15,47.96841051709658,52.09333433752187,40.568129220252914,57.77995434760728,42.58597883597883,0.4175,0.4175,0.025471386040357258,7.162698412698412e-05,0.057499999999999996,2.8749999999999997e-05,0.010676026390103122,0.010647276390103122,181507.96019806928,-0.04025846494429941
2019-08-22,PANIC_STABILIZING_1,4,True,0.15,48.30181075110146,52.319791706614375,40.00990143684039,54.72868992709431,43.08862433862433,0.4175,0.4175,-0.009677419354838679,7.281746031746031e-05,0.0,0.0,-0.003997906410010228,-0.003997906410010228,180782.30836052555,-0.04409542177925163
2019-08-23,PANIC_STABILIZING_1,4,True,0.15,53.039832943736975,43.953097840252696,36.757946569508945,54.41952056995291,44.55026455026454,0.4175,0.4175,-0.09153094462540712,7.40079365079365e-05,0.0,0.0,-0.0381710597580916,-0.0381710597580916,173881.6560648902,-0.08058331255754903
2019-08-26,PANIC_STABILIZING_1,4,True,0.15,60.686329313545855,34.190518008274104,33.40827736940722,60.710911619372474,46.87169312169311,0.4175,0.4175,0.040516314091072037,7.281746031746031e-05,0.0,0.0,0.016957977303657494,0.016957977303657494,176830.337241961,-0.0649918652392959
2019-08-27,PANIC_ACCELERATING,4,True,0.15,67.57416030144707,23.859475941271356,30.754739460177387,68.26668316850116,48.69047619047618,0.36,0.4175,-0.0060372157133011806,7.440476190476188e-05,0.0,0.0,-0.002477196786493719,-0.002477196786493719,176392.29369879063,-0.06730806438607062
2019-08-28,PANIC_ACCELERATING,4,True,0.15,67.29267383007601,28.978626474155103,33.362640113175665,68.50141532807946,48.04894179894179,0.36,0.36,0.010067672509429748,7.321428571428571e-05,0.057499999999999996,2.8749999999999997e-05,0.003671219246251852,0.003642469246251852,177034.7972038643,-0.0639107626943698
2019-08-29,PANIC_ACCELERATING,4,True,0.15,62.12833581202822,34.99081110353376,37.56611751675174,63.98615718551019,46.51455026455025,0.36,0.36,0.04547077075153072,7.361111111111111e-05,0.0,0.0,0.016416588581662173,0.016416588581662173,179941.1046341981,-0.04854337080980142
2019-08-30,PANIC_STABILIZING_1,4,True,0.15,56.8338787241801,44.38914247408014,41.84099043912794,54.96779821206544,45.31084656084655,0.4175,0.36,-0.007051871306631652,7.361111111111111e-05,0.0,0.0,-0.0024915625592762834,-0.0024915625592762834,179492.77011501673,-0.05091398452386686
2019-09-03,PANIC_STABILIZING_1,4,True,0.15,52.90992066223283,47.836273754220976,43.58153760827835,50.41522018627609,46.68650793650793,0.4175,0.4175,-0.029108751140676903,7.361111111111111e-05,0.057499999999999996,2.8749999999999997e-05,-0.012110025129010384,-0.012138775129010383,177313.94774130738,-0.06243472624382018
2019-09-04,PANIC_STABILIZING_1,4,True,0.15,50.59425927764567,52.54922297460269,44.467917591914436,42.90196181609292,47.89021164021164,0.4175,0.4175,0.04206396774369314,7.321428571428571e-05,0.0,0.0,0.017604353854420458,0.017604353854420458,180435.44522066956,-0.04592949540299984
2019-09-05,PANIC_STABILIZING_2,4,True,0.4,43.237994451560375,59.573736837009534,48.90641722427903,36.24026466805538,46.150793650793645,0.53,0.4175,0.055228758169934666,7.281746031746031e-05,0.0,0.0,0.023100422706582642,0.023100422706582642,184603.5802765175,-0.02389006345492639
2019-09-06,RECOVERY_RETESTED,4,True,1.0,32.33425047499984,70.27734139317893,53.819531102771386,27.55868033804659,41.57407407407407,0.8,0.53,-0.002787240631774379,7.281746031746031e-05,0.11250000000000004,5.6250000000000026e-05,-0.0014430133284912146,-0.0014992633284912147,184326.81089830073,-0.02535350928736435
2019-09-09,RECOVERY_RETESTED,4,True,1.0,22.85478776914481,77.78698293722351,53.70550732200778,26.44212077545866,39.47089947089947,0.8,0.8,-0.0063602484472050635,7.242063492063492e-05,0.27,0.000135,-0.005073714630779925,-0.0052087146307799245,183366.70514152976,-0.03043016472337745
2019-09-10,RECOVERY_RETESTED,4,True,1.0,17.63588555659394,82.17177102080457,48.34210055752096,27.48570919363806,39.74206349206349,0.8,0.8,-0.00828874331149676,7.242063492063492e-05,0.0,0.0,-0.006616510522213282,-0.006616510522213282,182153.45740753727,-0.03684533374050569
2019-09-11,RECOVERY_RETESTED,4,True,1.0,12.88074939317197,87.3689540907473,45.93570289707363,22.32997246487362,40.06613756613756,0.8,0.8,0.02695241096753853,7.202380952380952e-05,0.0,0.0,0.021576333535935587,0.021576333535935587,186083.66115928613,-0.016063987414598135
2019-09-12,RECOVERY_RETESTED,4,True,1.0,10.234372845456306,88.31649982377303,48.32301534244732,21.49831972291807,39.87433862433861,0.8,0.8,0.012422817720928458,7.242063492063492e-05,0.0,0.0,0.009952738303726893,0.009952738303726893,187935.70314140388,-0.0062711297737231275
2019-09-13,RECOVERY_RETESTED,4,True,1.0,7.878552739636201,85.96260688792772,51.31409889334585,24.63013607780877,39.79497354497354,0.8,0.8,-0.010609275538041918,7.202380952380952e-05,0.0,0.0,-0.008473015668528773,-0.008473015668528773,186343.3209840108,-0.014691010061419818
2019-09-16,RECOVERY_RETESTED,4,True,1.0,8.804743215826678,81.08961685480978,49.261843163662284,32.67255725938852,43.28703703703703,0.8,0.8,-0.01378676470588247,7.242063492063492e-05,0.0,0.0,-0.01101492763772185,-0.01101492763772185,184290.76278759912,-0.025544117286390167
2019-09-17,RECOVERY_RETESTED,4,True,1.0,8.735931724287912,77.55183122488447,45.758273369584344,34.94564252104302,46.24338624338623,0.8,0.8,0.013209071140105832,7.361111111111111e-05,0.0,0.0,0.010581979134306889,0.010581979134306889,186240.923794063,-0.015232445468212008
2019-09-18,RECOVERY_RETESTED,4,True,1.0,9.019794158150345,73.61266074440502,43.81855259197132,37.8898023953515,47.77116402116402,0.8,0.8,-0.0006254752385391749,7.361111111111111e-05,0.0,0.0,-0.0004856579686091177,-0.0004856579686091177,186150.4744053413,-0.015710705678298242
2019-09-19,RECOVERY_RETESTED,4,True,1.0,7.702263269826024,70.21190491208945,45.20889409000086,39.14535006206077,45.27777777777777,0.8,0.8,0.004454698295433657,7.202380952380952e-05,0.0,0.0,0.0035781633982516874,0.0035781633982516874,186816.55121942566,-0.012188757752065404
2019-09-20,NORMAL_PARTICIPATION,4,False,0.0,11.123691841254598,61.44232097632545,42.16015279513127,46.52404431118839,46.79894179894179,0.35,0.8,-0.03145998778252901,7.123015873015872e-05,0.0,0.0,-0.025153744194277176,-0.025153744194277176,182117.41547879516,-0.037035909051800986
2019-09-23,RANGE_CARRY,0,False,0.0,12.910464328027082,53.864790741606505,40.02843621941282,52.36334563423259,55.34391534391534,0.35,0.35,0.0009460737937558861,7.043650793650793e-05,0.45000000000000007,0.00022500000000000005,0.00037690955797329027,0.00015190955797329022,182145.08085487978,-0.036889625602400944
2019-09-24,RANGE_CARRY,0,False,0.0,21.81609045444664,43.808046049010386,33.930437403064595,62.68587836985598,68.99470899470899,0.35,0.35,-0.039546313799621924,7.162698412698412e-05,0.0,0.0,-0.013794652290185134,-0.013794652290185134,179632.45279811905,-0.05017539833428586
2019-09-25,RANGE_CARRY,0,False,0.0,23.031698920055106,45.102369269296254,33.71381854808425,64.83356109485453,75.03306878306877,0.35,0.35,0.03198971290610397,7.083333333333332e-05,0.0,0.0,0.011242441183803057,0.011242441183803057,181651.96008340418,-0.03949705111512991
2019-09-26,RANGE_CARRY,0,False,0.0,28.04262312065322,47.20433175586735,31.430897334304433,65.7865852014091,75.46957671957671,0.35,0.35,-0.010019071837253701,6.964285714285715e-05,0.0,0.0,-0.003461407285895938,-0.003461407285895938,181023.1886652742,-0.04282174302052455
2019-09-27,RANGE_CARRY,0,False,0.0,29.895803108161562,46.714864476895364,30.211625815099506,65.59446082045771,75.89285714285712,0.35,0.35,-0.03626929696129044,6.726190476190477e-05,0.0,0.0,-0.012650533698356416,-0.012650533698356416,178733.1487168802,-0.054930558815777464
2019-09-30,RISK_WARNING,0,False,0.0,32.48966038006762,46.483287333218264,28.03445281183203,64.58741477227649,77.77116402116401,0.35,0.35,0.026653162397718422,6.607142857142857e-05,0.0,0.0,0.009371553267772876,0.009371553267772876,180408.15594079724,-0.04607379020597513
2019-10-01,RISK_WARNING,0,False,0.0,35.606754880559926,43.36520719273167,24.806311029560117,65.37095748669948,82.82407407407406,0.35,0.35,-0.024182870791038202,6.924603174603173e-05,0.0,0.0,-0.008418994856228448,-0.008418994856228448,178889.30060391003,-0.054104890059452404
2019-10-02,RISK_WARNING,0,False,0.0,40.1707206101973,39.84919832510153,22.51462585560526,67.44407912125688,85.68121693121691,0.35,0.35,-0.05121383438643168,6.686507936507937e-05,0.0,0.0,-0.017881379733663785,-0.017881379733663785,175690.51308952196,-0.0710187997085151
2019-10-03,RISK_WARNING,0,False,0.0,47.13700403649586,32.94895893338829,19.958307984843234,70.83974055952162,90.2116402116402,0.35,0.35,0.03294777427269535,6.567460317460317e-05,0.0,0.0,0.011574409487506864,0.011574409487506864,177724.02703109026,-0.06026639089014596
2019-10-04,RISK_WARNING,0,False,0.0,44.972016399157575,33.502317789453905,22.735486281937867,67.20774390116863,86.48809523809523,0.35,0.35,0.04207668815744836,6.210317460317461e-05,0.0,0.0,0.01476720791859899,0.01476720791859899,180348.51469038907,-0.046389149296325316
2019-10-07,RISK_WARNING,0,False,0.0,42.99105289713902,36.28660244087288,27.271913804436917,64.07976795880815,83.94179894179894,0.35,0.35,-0.009273852165418428,6.25e-05,0.0,0.0,-0.00320522325789645,-0.00320522325789645,179770.45743657637,-0.04944568497398305
2019-10-08,RISK_WARNING,0,False,0.0,46.10282252792143,32.801063863032084,29.048321696803615,68.25315461299853,83.66402116402115,0.35,0.35,-0.045528049117179226,6.40873015873016e-05,0.0,0.0,-0.015893160444980983,-0.015893160444980983,176913.33671326924,-0.06455299721436059
2019-10-09,RANGE_CARRY,0,False,0.0,51.77993823084828,29.650473224526234,28.891216020812905,69.07910231504526,85.6679894179894,0.35,0.35,0.030303030303030498,6.28968253968254e-05,0.0,0.0,0.01064694354256861,0.01064694354256861,178796.92302118285,-0.05459334578863684
2019-10-10,RANGE_CARRY,0,False,0.0,50.4313474273989,32.79893245056552,30.52185746123097,63.27928452944476,82.71164021164019,0.35,0.35,0.021885026737967772,6.17063492063492e-05,0.0,0.0,0.0076998684852728465,0.0076998684852728465,180173.6358140174,-0.04731383888610752
2019-10-11,RISK_WARNING,0,False,0.0,38.822830918821104,44.47728533714555,36.13021306095212,49.68081496223374,73.20767195767193,0.35,0.35,0.03745568245744857,6.13095238095238e-05,0.0,0.0,0.01314934005058319,0.01314934005058319,182542.80021948586,-0.03478664459213621
2019-10-14,RISK_WARNING,0,False,0.0,32.12115684165594,51.87041805260153,41.440226797392285,44.28094749694592,64.02777777777777,0.35,0.35,0.001097099621689912,6.13095238095238e-05,0.0,0.0,0.00042383605806765965,0.00042383605806765965,182620.16844035953,-0.03437755236838591
2019-10-15,NORMAL_PARTICIPATION,0,False,0.0,24.484203654681792,61.96301961712584,48.65395869057212,35.36080162139834,51.77248677248676,0.35,0.35,0.03795331729376361,6.13095238095238e-05,0.0,0.0,0.013323512243293454,0.013323512243293454,185053.310490447,-0.0215120698649669
2019-10-16,NORMAL_PARTICIPATION,0,False,0.0,23.0647552028081,66.46857457594326,52.14286161763593,33.567083475730314,46.07804232804232,0.35,0.35,-0.00742718446601931,6.091269841269841e-05,0.0,0.0,-0.002559921309138504,-0.002559921309138504,184579.5885775959,-0.024016921968054383
2019-10-17,NORMAL_PARTICIPATION,0,False,0.0,19.453162563568835,71.32953025041752,54.58753464012678,28.186308220011608,41.56084656084655,0.35,0.35,0.006871423680735456,6.051587301587301e-05,0.0,0.0,0.0024443336057177268,0.0024443336057177268,185030.76266888567,-0.021631293731808943
2019-10-18,NORMAL_PARTICIPATION,0,False,0.0,17.823019497096197,67.13116315828718,50.51083442620553,35.77401639800812,43.82936507936506,0.35,0.35,-0.028682452944747916,6.051587301587301e-05,0.0,0.0,-0.009999523213201451,-0.009999523213201451,183180.5432624218,-0.031414514321207565
2019-10-21,NORMAL_PARTICIPATION,0,False,0.0,13.374500394568926,67.46084264484772,49.35538521402785,33.91190524929693,42.69179894179893,0.35,0.35,0.026403960594089115,6.051587301587301e-05,0.0,0.0,0.009280721525391509,0.009280721525391509,184880.59087331028,-0.022425342155086514
2019-10-22,RANGE_CARRY,0,False,0.0,12.75079494746898,64.69425168646724,45.48158628739913,40.772927989461635,46.09788359788359,0.35,0.35,-0.023142509135201106,6.091269841269841e-05,0.0,0.0,-0.008060284943352133,-0.008060284943352133,183390.4006303761,-0.030304872450716447
2019-10-23,RANGE_CARRY,0,False,0.0,10.78744264638083,66.75435965079909,44.72757690410651,37.90924013414178,47.18253968253967,0.35,0.35,0.004675810473815378,6.011904761904762e-05,0.0,0.0,0.0016756110467877634,0.0016756110467877634,183697.6916115472,-0.028680040582978572
2019-10-24,RANGE_CARRY,0,False,0.0,10.078788867145056,66.32913953209311,44.93832392951483,38.77422991382333,48.30026455026454,0.35,0.35,0.02870617437170342,6.011904761904762e-05,0.0,0.0,0.010086238411048576,0.010086238411048576,185550.5103247005,-0.0188830758988886
2019-10-25,RANGE_CARRY,0,False,0.0,6.355177756033945,70.60626944892614,50.8859331719381,31.69137619305432,42.096560846560834,0.35,0.35,0.022765659685358486,6.091269841269841e-05,0.0,0.0,0.008007574143843723,0.008007574143843723,187036.3197935536,-0.011026709385369093
2019-10-28,RANGE_CARRY,0,False,0.0,6.444023398942616,73.19249915087977,58.69817684006014,28.506170819794146,39.04100529100528,0.35,0.35,0.030527867885579596,6.051587301587301e-05,0.0,0.0,0.010724089077413176,0.010724089077413176,189042.11394773118,-0.0004208717216354074
2019-10-29,GREED_TREND,0,False,0.0,6.710868872309828,73.24260100390994,61.66692505954156,32.37061854219735,40.41666666666665,0.35,0.35,-0.023041791147281998,6.011904761904762e-05,0.0,0.0,-0.008025549520596318,-0.008025549520596318,187524.94710076545,-0.008443043515387938
2019-10-30,GREED_TREND,0,False,0.0,6.238281153011582,70.96614953611758,63.67171577102323,36.763179586631246,45.44973544973544,0.35,0.35,0.014059753954305698,5.932539682539682e-05,0.0,0.0,0.0049594753919435025,0.0049594753919435025,188454.97246128722,-0.0035254411899919846
2019-10-31,GREED_EXHAUSTING,0,False,0.0,6.075963150772393,67.58408270524683,63.03263884822585,41.27016362493449,50.8201058201058,0.35,0.35,0.0007279029462738951,5.8928571428571435e-05,0.0,0.0,0.0002930696026244347,0.0002930696026244347,188510.20288517902,-0.0032334047870163918
2019-11-01,GREED_TREND,0,False,0.0,5.643003025070056,68.82023394119928,66.88951624204914,37.32022959687464,50.44973544973544,0.35,0.35,0.027132185699606293,5.5753968253968254e-05,0.0,0.0,0.00953250507422728,0.00953250507422728,190307.1773507256,0.0
2019-11-04,GREED_TREND,0,False,0.0,5.594757411034969,72.40028205289316,67.61111733930103,33.499413105023216,51.19708994708993,0.35,0.35,0.01783887683643748,5.4960317460317456e-05,0.0,0.0,0.006279331099102323,0.006279331099102323,191502.17912784638,0.0
2019-11-05,GREED_TREND,0,False,0.0,3.7031504052861215,78.34490855069164,68.3235353693507,28.52627028010363,54.16666666666665,0.35,0.35,0.001247929320817187,5.535714285714286e-05,0.0,0.0,0.00047275740514315836,0.00047275740514315836,191592.7132011301,0.0
2019-11-06,GREED_TREND,0,False,0.0,3.0319634703196585,79.77896001363584,66.29510257373202,29.78436646000016,58.3201058201058,0.35,0.35,-0.006353198107276525,5.654761904761905e-05,0.0,0.0,-0.0021868633851658313,-0.0021868633851658313,191173.72611176598,-0.002186863385165827
2019-11-07,GREED_TREND,0,False,0.0,3.0319634703196585,78.71766333320411,65.04274114580183,28.768557543740993,62.1164021164021,0.35,0.35,0.010134647618413428,5.654761904761905e-05,0.0,0.0,0.003583882618825652,0.003583882618825652,191858.87030595407,0.0
2019-11-08,GREED_TREND,0,False,0.0,2.899688338044527,75.04972162794861,65.90326285227994,29.31025131436391,60.2116402116402,0.35,0.35,0.011813186813186771,5.654761904761905e-05,0.0,0.0,0.004171371336996322,0.004171371336996322,192659.18489829687,0.0
2019-11-11,GREED_TREND,0,False,0.0,3.0279952163514054,69.60882873888808,65.58893405601854,33.21369897575114,59.62301587301585,0.35,0.35,-0.004213956014118891,5.615079365079365e-05,0.0,0.0,-0.001438386589068596,-0.001438386589068596,192382.06651047827,-0.0014383865890685854
2019-11-12,GREED_TREND,0,False,0.0,3.0279952163514054,64.4631188824559,66.77179589448023,38.53646483795385,58.79629629629628,0.35,0.35,0.008190910379879401,5.615079365079365e-05,0.0,0.0,0.0029033166488308063,0.0029033166488308063,192940.61256711461,0.0
2019-11-13,GREED_EXHAUSTING,0,False,0.0,2.9936036819598706,60.51560807441445,65.52365340016327,43.021396794701964,60.112433862433846,0.35,0.35,-0.001492892533373702,5.773809523809524e-05,0.0,0.0,-0.0004849826247760337,-0.0004849826247760337,192847.0397224059,-0.0004849826247761424
2019-11-14,GREED_EXHAUSTING,0,False,0.0,3.0099641983203873,58.886955864971874,65.32486844766093,43.859500463573035,60.75396825396823,0.35,0.35,-0.0002708559046588066,5.694444444444445e-05,0.0,0.0,-5.778567774169342e-05,-5.778567774169342e-05,192835.89592551507,-0.0005427402774681456
2019-11-15,GREED_EXHAUSTING,0,False,0.0,3.1572034621240683,58.998095559089386,66.20966510203395,45.12434204362518,57.36111111111111,0.35,0.35,0.018824166892441152,5.694444444444445e-05,0.0,0.0,0.006625472301243291,0.006625472301243291,194113.524812655,0.0
2019-11-18,GREED_EXHAUSTING,0,False,0.0,4.5848995405554405,58.639973119183004,68.0197077204645,45.22866831045352,54.23280423280422,0.35,0.35,0.005190826702974105,5.694444444444445e-05,0.0,0.0,0.0018538032349298256,0.0018538032349298256,194473.3730928963,0.0
2019-11-19,GREED_EXHAUSTING,0,False,0.0,7.324769069592658,56.54647003463675,71.3971049266013,44.69456772719668,54.4642857142857,0.35,0.35,0.004095238095238152,5.694444444444445e-05,0.0,0.0,0.001470347222222242,0.001470347222222242,194759.31647681963,0.0
2019-11-20,GREED_EXHAUSTING,0,False,0.0,10.619124998606663,50.54110738781126,71.1183284939984,51.31509012546943,58.64417989417988,0.35,0.35,-0.017515571153055687,5.694444444444445e-05,0.0,0.0,-0.006093436014680601,-0.006093436014680601,193572.5630436052,-0.006093436014680709
2019-11-21,GREED_EXHAUSTING,0,False,0.0,12.965034943781314,44.78747828872695,69.42554330451573,58.678519716864876,62.69841269841269,0.35,0.35,-0.007776883883078511,5.694444444444445e-05,0.0,0.0,-0.00268489547018859,-0.00268489547018859,193052.84094593662,-0.008761971246115552
2019-11-22,GREED_EXHAUSTING,0,False,0.0,14.843241599893455,40.455428638041276,66.9003027651116,64.3708952002524,63.61111111111111,0.35,0.35,0.002702702702702675,5.7341269841269845e-05,0.0,0.0,0.0009832177713427616,0.0009832177713427616,193242.65392996286,-0.007787368400614003
2019-11-25,GREED_EXHAUSTING,0,False,0.0,13.225878373512364,44.004725226467286,67.4583976306305,57.860359068121376,62.17592592592592,0.35,0.35,0.03463072776280307,5.7341269841269845e-05,0.0,0.0,0.0121580265423779,0.0121580265423779,195592.1032455629,0.0
2019-11-26,GREED_EXHAUSTING,0,False,0.0,11.802231798405934,49.03113501130261,70.63777418279187,51.472789604869796,59.00132275132273,0.35,0.35,0.00600237594047659,5.853174603174603e-05,0.0,0.0,0.002138877214087441,0.002138877214087441,196010.45073845028,0.0
2019-11-27,GREED_EXHAUSTING,0,False,0.0,7.719925642647506,57.842538149682476,73.84128578711254,42.117806815831585,56.984126984126966,0.35,0.35,0.02019929975760837,5.8134920634920636e-05,0.0,0.0,0.007107542613575627,0.007107542613575627,197403.60336977994,0.0
2019-11-29,GREED_EXHAUSTING,0,False,0.0,5.895693676210911,59.6648817855587,72.79872918685417,42.76752763848785,59.351851851851826,0.35,0.35,-0.01333157338965163,5.8928571428571435e-05,0.0,0.0,-0.004627747114949499,-0.004627747114949499,196490.06941380483,-0.004627747114949399
2019-12-02,GREED_EXHAUSTING,0,False,0.0,9.06925515123224,55.70324480951597,65.09260478403964,47.41917600965689,67.32804232804232,0.35,0.35,-0.03215847697453045,5.773809523809524e-05,0.0,0.0,-0.011217937179180895,-0.011217937179180895,194285.85615878788,-0.01579377051771358
2019-12-03,NORMAL_PARTICIPATION,0,False,0.0,19.274123977734405,39.83946703342831,54.76971941173097,61.50305548097405,76.42857142857142,0.35,0.35,-0.022466772993088746,5.8134920634920636e-05,0.0,0.0,-0.007825582849168362,-0.007825582849168362,192765.4560949957,-0.023495757907194825
2019-12-04,NORMAL_PARTICIPATION,0,False,0.0,27.8524302162583,30.55261003842499,48.47325566698654,69.1706686988254,81.96428571428571,0.35,0.35,0.014825369546537237,5.694444444444445e-05,0.0,0.0,0.0052258932301769215,0.0052258932301769215,193772.8277870145,-0.018392650999202842
2019-12-05,NORMAL_PARTICIPATION,0,False,0.0,29.372376051421526,28.69335469710926,48.46850902067143,72.22531075645301,81.6600529100529,0.35,0.35,0.005230439442658108,5.615079365079365e-05,0.0,0.0,0.0018671518208033535,0.0018671518208033535,194134.63107523922,-0.01655984105020225
2019-12-06,NORMAL_PARTICIPATION,0,False,0.0,22.335087916241193,39.74969537344678,55.790241907478126,65.7343446211163,75.49603174603173,0.35,0.35,0.030910137757495626,5.5753968253968254e-05,0.0,0.0,0.010854788294488547,0.010854788294488547,196241.92139618957,-0.005884806324504055
2019-12-09,NORMAL_PARTICIPATION,0,False,0.0,20.89563563532786,44.403982076830026,58.2476501010323,63.00310215927303,74.93386243386242,0.35,0.35,-0.012276727998593251,5.535714285714286e-05,0.0,0.0,-0.004260872656650494,-0.004260872656650494,195405.75955922398,-0.010120604570796887
2019-12-10,NORMAL_PARTICIPATION,0,False,0.0,19.977634223608444,49.32460147592514,59.003882678004686,57.645187319032026,74.54365079365078,0.35,0.35,-0.0022198952879581846,5.5753968253968254e-05,0.0,0.0,-0.0007407232714202852,-0.0007407232714202852,195261.0179657489,-0.010853831274890702
2019-12-11,NORMAL_PARTICIPATION,0,False,0.0,19.823124901487557,50.64576977210475,55.89951342395539,53.242821036259244,77.32142857142856,0.35,0.35,0.015080597766770065,5.654761904761905e-05,0.0,0.0,0.005314965170750475,0.005314965170750475,196298.82347544213,-0.00559655383933555
2019-12-12,NORMAL_PARTICIPATION,0,False,0.0,14.224120920435832,57.8451718344866,57.854045307932495,42.83738891048395,72.5727513227513,0.35,0.35,0.022879296975962804,5.694444444444445e-05,0.0,0.0,0.00804476783047587,0.00804476783047587,197878.00193569763,0.0
2019-12-13,GREED_TREND,0,False,0.0,11.744472169246313,61.924216898555414,64.70205866625706,37.67104801346115,62.8174603174603,0.35,0.35,0.008965210535891055,5.654761904761905e-05,0.0,0.0,0.0031745796399428212,0.0031745796399428212,198506.18141183522,0.0
2019-12-16,GREED_TREND,0,False,0.0,11.682039607362677,69.00290681556355,73.3450579520403,32.97585345872502,50.29761904761904,0.35,0.35,0.02868019033308289,5.694444444444445e-05,0.0,0.0,0.010075080505467899,0.010075080505467899,200506.14717039248,0.0
2019-12-17,GREED_TREND,0,False,0.0,12.850360809639383,71.93804220881867,79.61013974298567,32.411237569226905,42.149470899470884,0.35,0.35,0.0013341383608600488,5.694444444444445e-05,0.0,0.0,0.0005039623151899059,0.0005039623151899059,200607.19471253027,0.0
2019-12-18,GREED_TREND,0,False,0.0,10.510169738633271,76.56537703254175,80.60907432109042,28.409986649257217,40.58201058201057,0.35,0.35,0.002314612205202904,5.654761904761905e-05,0.0,0.0,0.0008468702242019687,0.0008468702242019687,200777.082972493,0.0
2019-12-19,GREED_TREND,0,False,0.0,9.554145918159106,76.69883361806518,81.15178269846045,28.160313050998223,42.6190476190476,0.35,0.35,0.020366183790496928,5.654761904761905e-05,0.0,0.0,0.007164920279054876,0.007164920279054876,202215.6347658521,0.0
2019-12-20,GREED_TREND,0,False,0.0,6.8459747393235615,79.35761886103177,81.05496445779299,24.65289402695478,43.57804232804231,0.35,0.35,0.01188642285236119,5.694444444444445e-05,0.0,0.0,0.004197261887215305,0.004197261887215305,203064.38674265385,0.0
2019-12-23,GREED_TREND,0,False,0.0,8.982121601747172,77.78804679718503,83.3732633014698,25.176192093732414,45.8201058201058,0.35,0.35,0.007405179866932343,5.7341269841269845e-05,0.0,0.0,0.002629084778823145,0.002629084778823145,203598.26023096,0.0
2019-12-24,GREED_TREND,0,False,0.0,8.91706640610608,76.91442517461506,82.81565740540076,24.0296029956985,49.80158730158729,0.35,0.35,0.003850093283582101,5.773809523809524e-05,0.0,0.0,0.001385062411158497,0.001385062411158497,203880.25652818315,0.0
2019-12-26,GREED_TREND,0,False,0.0,12.623565638492778,71.8751112746664,84.77209998890123,28.256585191796134,52.38095238095237,0.35,0.35,0.025973904939422088,5.7341269841269845e-05,0.0,0.0,0.009128138554194556,0.009128138554194556,205741.30375823713,0.0
2019-12-27,GREED_TREND,0,False,0.0,15.137672904466195,67.8553361337719,84.04276719776824,32.927880442923,57.1164021164021,0.35,0.35,-0.0029431267997128696,5.7341269841269845e-05,0.0,0.0,-0.0009928225545026788,-0.0009928225545026788,205537.03915147317,-0.0009928225545026148
2019-12-30,GREED_EXHAUSTING,0,False,0.0,20.015748457644957,60.109856813768126,80.7435225448502,43.06127708005031,64.96031746031744,0.35,0.35,-0.01993385749296206,5.694444444444445e-05,0.0,0.0,-0.0069398362336478316,-0.0069398362336478316,204110.6457598131,-0.00792576876221307
2019-12-31,GREED_EXHAUSTING,0,False,0.0,19.66787316804679,56.575948486085224,76.82146075954618,48.476274788304245,72.03703703703702,0.35,0.35,0.005698349988380036,5.694444444444445e-05,0.0,0.0,0.0020314363848219015,0.0020314363848219015,204525.2835521391,-0.005910433072432331
2020-01-02,GREED_EXHAUSTING,0,False,0.0,18.947333339407308,56.51106038448063,78.42996202751009,48.74906968173358,71.45502645502644,0.35,0.35,0.049561873775280096,5.615079365079365e-05,0.0,0.0,0.01738315383722105,0.01738315383722105,208080.5780197272,0.0
2020-01-03,GREED_EXHAUSTING,0,False,0.0,17.43106705736082,57.25810808460839,79.90947725110772,50.400968666817256,68.72354497354497,0.35,0.35,-0.027186261558784675,5.5753968253968254e-05,0.0,0.0,-0.009478951466209556,-0.009478951466209556,206108.19231961734,-0.009478951466209695
2020-01-06,GREED_EXHAUSTING,0,False,0.0,19.74672889396472,54.95546498296892,81.26069576402567,52.77134836530044,68.44576719576719,0.35,0.35,0.019010890524428836,5.4960317460317456e-05,0.0,0.0,0.006689535889899298,0.006689535889899298,207486.96046934166,-0.002852825362342326
2020-01-07,GREED_EXHAUSTING,0,False,0.0,17.14968006484749,53.337276377080684,77.29890562770989,55.31604915711612,71.2037037037037,0.35,0.35,-0.001225980117800729,5.654761904761905e-05,0.0,0.0,-0.00039233708884930273,-0.00039233708884930273,207405.55563929694,-0.003244043181993894
2020-01-08,GREED_EXHAUSTING,0,False,0.0,14.968966050139926,54.17575799123589,77.65507967113633,49.289792451068344,71.51455026455027,0.35,0.35,0.023019790971759102,5.5753968253968254e-05,0.0,0.0,0.008093166919480765,0.008093166919480765,209084.1234211134,0.0
2020-01-09,GREED_EXHAUSTING,0,False,0.0,13.851365191939527,56.12337665089927,79.42159442867626,46.89745879960028,68.26719576719576,0.35,0.35,0.02521454096493425,5.5753968253968254e-05,0.0,0.0,0.008861329417092065,0.008861329417092065,210936.8867146318,0.0
2020-01-10,GREED_EXHAUSTING,0,False,0.0,15.941215741860313,55.90950719920485,81.55184923145741,47.56432869403343,66.22354497354497,0.35,0.35,-0.00816703840967492,5.5753968253968254e-05,0.0,0.0,-0.0028222233640211427,-0.0028222233640211427,210341.57570461193,-0.002822223364020937
2020-01-13,GREED_EXHAUSTING,0,False,0.0,18.026111672280607,58.316278067670936,84.40666800959782,45.3717148418419,60.9589947089947,0.35,0.35,0.034955109020949005,5.5753968253968254e-05,0.0,0.0,0.012270528236697229,0.012270528236697229,212922.57794864677,0.0
2020-01-14,GREED_EXHAUSTING,0,False,0.0,16.69676725168008,60.414909474113585,83.5473834285922,45.23810089068426,58.73015873015871,0.35,0.35,-0.011674019729341123,5.694444444444445e-05,0.0,0.0,-0.004048893016380504,-0.004048893016380504,212060.47720976078,-0.00404889301638045
2020-01-15,GREED_EXHAUSTING,0,False,0.0,15.322503696344006,62.72674601680376,83.26804127871627,41.66446072372697,54.7089947089947,0.35,0.35,0.0006269592476488839,5.694444444444445e-05,0.0,0.0,0.00025644962556599826,0.00025644962556599826,212114.86003973853,-0.0037934817279126065
2020-01-16,GREED_TREND,0,False,0.0,12.06491595254428,64.96958324474501,81.92111626864985,39.82813966593479,51.50132275132274,0.35,0.35,0.027886382623224737,5.694444444444445e-05,0.0,0.0,0.009797247807017545,0.009797247807017545,214193.00188709874,0.0
2020-01-17,GREED_TREND,0,False,0.0,13.540575364987703,66.34990748869365,83.65227450646965,34.65703604907687,48.20767195767195,0.35,0.35,0.014930346722150878,5.615079365079365e-05,0.0,0.0,0.005262119368625823,0.005262119368625823,215320.11103095292,0.0
2020-01-21,GREED_TREND,0,False,0.0,17.52155122825232,63.98873586960764,84.36130706149207,36.01306337624336,50.43650793650792,0.35,0.35,-0.000504504504504566,5.654761904761905e-05,0.0,0.0,-0.0001398206241956457,-0.0001398206241956457,215290.00483862672,-0.00013982062419559682
2020-01-22,GREED_TREND,0,False,0.0,22.908667800768637,57.67994897159786,84.82926566899006,39.727487935520514,56.65343915343914,0.35,0.35,0.006818254655001077,5.654761904761905e-05,0.0,0.0,0.002423145081631329,0.002423145081631329,215811.68375497585,0.0
2020-01-23,GREED_EXHAUSTING,0,False,0.0,26.29058463697115,51.96029640046669,83.9057611859112,42.28139474166553,61.712962962962955,0.35,0.35,0.009246954155160969,5.615079365079365e-05,0.0,0.0,0.003272931970179355,0.003272931970179355,216518.02071427574,0.0
2020-01-24,RISK_WARNING,0,False,0.0,32.17656036626599,44.744431295785624,81.35931972903758,49.45960271442451,67.01719576719576,0.35,0.35,-0.025917602996254674,5.615079365079365e-05,0.0,0.0,-0.00903466303281612,-0.00903466303281612,214561.85335658997,-0.009034663032816082
2020-01-27,RISK_WARNING,0,False,0.0,43.909035726336846,32.2192584594714,72.88171411016471,62.970790093137474,74.65608465608464,0.35,0.35,-0.061827130113811135,5.5753968253968254e-05,0.0,0.0,-0.021603255460468814,-0.021603255460468814,209926.6188264559,-0.03044274035978778
2020-01-28,GREED_EXHAUSTING,0,False,0.0,50.901973675803106,25.541071079336714,67.19232739633439,73.83532489669541,78.65740740740739,0.35,0.35,0.046488352027610036,5.615079365079365e-05,0.0,0.0,0.01630742122553653,0.01630742122553653,213349.98062611156,-0.014631761724557935
2020-01-29,GREED_EXHAUSTING,0,False,0.0,53.65351420529938,24.36958291818786,65.22728039735388,75.8561303186191,77.83068783068781,0.35,0.35,0.0036029945254270057,5.694444444444445e-05,0.0,0.0,0.0012980619727883409,0.0012980619727883409,213626.92212285745,-0.013352692685259182
2020-01-30,RISK_WARNING,0,False,0.0,47.50695813763499,31.613103965606516,69.85993058211704,72.36594974568,68.46560846560845,0.35,0.35,0.011295953994660213,5.654761904761905e-05,0.0,0.0,0.003990339850512026,0.003990339850512026,214479.36614334653,-0.00941563461648065
2020-01-31,GREED_EXHAUSTING,0,False,0.0,51.3737606555533,27.83028785887804,66.63331102991778,77.21191800302155,72.23544973544972,0.35,0.35,-0.04914703493095052,5.694444444444445e-05,0.0,0.0,-0.01716444833694379,-0.01716444833694379,210797.9461438386,-0.02641846877949039
2020-02-03,RISK_WARNING,0,False,0.0,48.750568364260516,30.01091102763498,65.23860420429644,73.26182629077942,72.93650793650792,0.35,0.35,0.04592054677488244,5.615079365079365e-05,0.0,0.0,0.016108689387081872,0.016108689387081872,214193.6247817045,-0.010735346300059678
2020-02-04,RISK_WARNING,0,False,0.0,46.71761451725669,36.15565479132999,66.24704242295513,65.04099389365776,71.35582010582009,0.35,0.35,0.0683030426791913,5.694444444444445e-05,0.0,0.0,0.02394307882660584,0.02394307882660584,219322.07962400926,0.0
2020-02-05,RISK_WARNING,0,False,0.0,38.519630482118,48.92503853828469,72.56017960016692,49.79398870157602,61.62037037037036,0.35,0.35,0.011568428054776092,5.694444444444445e-05,0.0,0.0,0.0040859637080605206,0.0040859637080605206,220218.22168172937,0.0
2020-02-06,RISK_WARNING,0,False,0.0,37.20189765315073,54.80302463319365,76.86936483979949,40.74244626374047,54.093915343915334,0.35,0.35,0.0243764172335601,5.694444444444445e-05,0.0,0.0,0.008568759920634923,0.008568759920634923,222105.21875346923,0.0
2020-02-07,RISK_WARNING,0,False,0.0,37.78084686510427,55.470475928318315,76.52153377034469,38.87267345625407,56.34259259259258,0.35,0.35,-0.012912746725696422,5.694444444444445e-05,0.0,0.0,-0.004482447465104859,-0.004482447465104859,221109.6437786812,-0.004482447465104733
2020-02-10,RISK_WARNING,0,False,0.0,38.77704902947796,54.32484401930413,77.35156856125583,36.47621901731097,57.63227513227512,0.35,0.35,0.03606802466828629,5.654761904761905e-05,0.0,0.0,0.012660564586281155,0.012660564586281155,223909.01670439081,0.0
2020-02-11,RISK_WARNING,0,False,0.0,39.822067246110116,54.06329755521119,76.86194813869015,36.01950605988399,60.6547619047619,0.35,0.35,0.0007215007215006786,5.7341269841269845e-05,0.0,0.0,0.0002897970779220629,0.0002897970779220629,223973.90488315216,0.0
2020-02-12,RISK_WARNING,0,False,0.0,37.51964316731048,55.186645460736734,79.20914382957073,33.221625165604436,57.109788359788354,0.35,0.35,0.029286229271809683,5.694444444444445e-05,0.0,0.0,0.010287194134022277,0.010287194134022277,226277.9679236402,0.0
2020-02-13,RISK_WARNING,0,False,0.0,36.128423804359464,56.1417198305661,79.53986463627633,37.18934460492208,55.25132275132274,0.35,0.35,-0.0038455611437216985,5.7341269841269845e-05,0.0,0.0,-0.001308674574905769,-0.001308674574905769,225981.8437001572,-0.0013086745749056883
2020-02-14,RISK_WARNING,0,False,0.0,32.662288928183635,59.54872051803693,81.21334265032243,36.433089500374244,50.99867724867724,0.35,0.35,0.006764501135620549,5.773809523809524e-05,0.0,0.0,0.002405105159371954,0.002405105159371954,226525.3537983648,0.0
2020-02-18,RISK_WARNING,0,False,0.0,34.14008269705709,59.83523501665142,80.20334212204887,35.98441696556697,54.02777777777777,0.35,0.35,0.0017461148943600513,5.7341269841269845e-05,0.0,0.0,0.0006484120384228433,0.0006484120384228433,226672.2355647757,0.0
2020-02-19,RISK_WARNING,0,False,0.0,34.19784807824218,59.7803547208021,80.48015670836052,33.2998432741527,54.48412698412698,0.35,0.35,0.028934983440822792,5.7341269841269845e-05,0.0,0.0,0.010164516029684802,0.010164516029684802,228976.24913665836,0.0
2020-02-20,RISK_WARNING,0,False,0.0,38.09062430298959,54.45193621560161,77.87287864507175,42.0552208940128,59.378306878306866,0.35,0.35,-0.02846010503134,5.7341269841269845e-05,0.0,0.0,-0.009923764935572173,-0.009923764935572173,226703.94266439718,-0.00992376493557201
2020-02-21,RISK_WARNING,0,False,0.0,44.83818873765738,43.02951066415804,72.08008436875146,55.1594319333174,63.15476190476189,0.35,0.35,-0.05719267654751525,5.7341269841269845e-05,0.0,0.0,-0.01998016496623351,-0.01998016496623351,222174.36049146694,-0.02970565144130688
2020-02-24,NORMAL_PARTICIPATION,0,False,0.0,56.98547480304281,30.35819386423488,59.93885106029191,69.01773384998761,74.19312169312168,0.35,0.35,-0.11522100980210837,5.654761904761905e-05,0.0,0.0,-0.040290597478356976,-0.040290597478356976,213222.8227628939,-0.0687993904746097
2020-02-25,PANIC_ACCELERATING,5,True,0.0,68.62088535014414,19.72625461766148,47.96625241735462,77.1757935750327,83.49206349206348,0.35,0.35,-0.08089464882943154,5.535714285714286e-05,0.0,0.0,-0.02827714494744389,-0.02827714494744389,207193.4900975244,-0.09513108508530732
2020-02-26,PANIC_ACCELERATING,5,True,0.0,77.15769437182861,17.84196590411358,40.91107189919244,80.01485963323995,90.72751322751321,0.35,0.35,0.013763929952240295,5.535714285714286e-05,0.0,0.0,0.004853357626141246,0.004853357626141246,208199.07420277598,-0.09073943263644813
2020-02-27,PANIC_ACCELERATING,5,True,0.05,80.9319815919066,14.431445099921994,34.45800525630202,83.19627015725128,94.53439153439153,0.36,0.35,-0.14952709129740316,5.535714285714286e-05,0.0,0.0,-0.05229849981123396,-0.05229849981123396,197310.57495988306,-0.13829239624707312
2020-02-28,PANIC_ACCELERATING,5,True,0.05,83.57475964537606,13.260305626144083,31.058736179792234,85.15992385347293,96.75396825396824,0.36,0.36,0.015563175943023033,5.2182539682539675e-05,0.010000000000000009,5.000000000000005e-06,0.005636140164885117,0.0056311401648851175,198421.65846349625,-0.1334399999491931
2020-03-02,PANIC_ACCELERATING,5,True,0.05,82.9333617197092,13.714552093108168,30.930881541772678,86.10983884462352,87.57275132275133,0.36,0.36,0.13649870129870134,4.5039682539682535e-05,0.0,0.0,0.04916835786435787,0.04916835786435787,208177.72557486882,-0.09083266775575705
2020-03-03,PANIC_ACCELERATING,5,True,0.05,83.28590739095547,15.88165287213298,32.350345470017515,86.96390142379123,80.66931216931216,0.36,0.36,-0.09416937872527154,3.948412698412698e-05,0.0,0.0,-0.033875706499827914,-0.033875706499827914,201125.55804349284,-0.12163135346209453
2020-03-04,PANIC_ACCELERATING,5,True,0.05,78.84132594510282,22.110380730361726,36.79870992103027,81.22213531561177,65.7632275132275,0.36,0.36,0.12136809066779697,3.234126984126984e-05,0.0,0.0,0.043713211053105314,0.043713211053105314,209917.40201042162,-0.0832350394335527
2020-03-05,PANIC_ACCELERATING,5,True,0.05,76.09189804251464,24.264478870746547,34.758274338721094,77.97294420518254,68.23677248677248,0.36,0.36,-0.0877485082753593,2.321428571428571e-05,0.0,0.0,-0.0315746058362722,-0.0315746058362722,203289.34278376825,-0.11218153170794387
2020-03-06,PANIC_ACCELERATING,5,True,0.05,73.1030667164229,25.99425561358699,34.888968432718464,72.72489137707541,70.07539682539682,0.36,0.36,-0.052415575703165795,1.9246031746031746e-05,0.0,0.0,-0.018857289792822227,-0.018857289792822227,199455.85673510237,-0.12892338184794672
2020-03-09,PANIC_ACCELERATING,5,True,0.05,80.37524389360009,16.196693121693098,28.596560846560877,80.77652892070189,84.29497354497353,0.36,0.36,-0.20315460697553367,1.2500000000000002e-05,0.0,0.0,-0.07312765851119213,-0.07312765851119213,184870.11695572053,-0.19262317531725426
2020-03-10,PANIC_ACCELERATING,5,True,0.05,84.58661955497575,13.102050264550243,26.26679894179897,80.75428873275318,79.01719576719576,0.36,0.36,0.15565020839593924,7.738095238095238e-06,0.0,0.0,0.05603902740349051,0.05603902740349051,195230.05850588865,-0.14737856331391463
2020-03-11,PANIC_ACCELERATING,5,True,0.05,91.42778357613979,10.245370370370347,23.81759259259262,87.10006241865317,70.73677248677247,0.36,0.36,-0.12860373092142463,1.2103174603174605e-05,0.0,0.0,-0.046289597099966835,-0.046289597099966835,186192.93775584814,-0.18684606609690835
2020-03-12,PANIC_ACCELERATING,5,True,0.05,91.85222802058422,10.23902116402114,22.24193121693125,87.00591105809615,70.9484126984127,0.36,0.36,-0.27408368472267275,1.1309523809523808e-05,0.0,0.0,-0.09866288840492408,-0.09866288840492408,167822.60471625792,-0.2670741819336141
2020-03-13,PANIC_ACCELERATING,5,True,0.05,94.22090526926145,11.28664021164019,20.78293650793654,89.95865627795968,68.84656084656085,0.36,0.36,0.2698838248436104,7.738095238095238e-06,0.0,0.0,0.09716312932465213,0.09716312932465213,184128.77416190368,-0.1958608158874533
2020-03-16,PANIC_ACCELERATING,5,True,0.05,94.69243966079586,7.526917989417967,18.67962962962966,90.42351871193118,68.0925925925926,0.36,0.36,-0.3446446164672766,5.7539682539682555e-06,0.0,0.0,-0.12406837938853704,-0.12406837938853704,161284.21555283834,-0.2956290612631174
2020-03-17,PANIC_ACCELERATING,5,True,0.05,94.57434442270062,11.774007936507914,18.980555555555586,87.56574282188946,52.23412698412698,0.36,0.36,0.16294053218220483,4.166666666666665e-06,0.0,0.0,0.0586612582522604,0.0586612582522604,170745.3505733966,-0.2543097757204862
2020-03-18,PANIC_ACCELERATING,5,True,0.05,95.54720156555776,9.403703703703682,17.085582010582037,90.13332137665753,52.23412698412698,0.36,0.36,-0.0925577100646352,2.1825396825396824e-06,0.0,0.0,-0.03331937879787184,-0.03331937879787184,165056.22155966618,-0.27915571076912526
2020-03-19,PANIC_ACCELERATING,5,True,0.05,91.15646082481703,16.827182539682518,17.55859788359791,80.19028412703545,50.0,0.36,0.36,0.023138914892750995,0.0,0.0,0.0,0.008330009361390358,0.008330009361390358,166431.14143041393,-0.2731510710917273
2020-03-20,PANIC_ACCELERATING,5,True,0.05,90.30206929042548,14.85892857142855,17.242989417989445,82.26369024318001,50.0,0.36,0.36,-0.11711586275484831,0.0,0.0,0.0,-0.04216171059174539,-0.04216171059174539,159414.11981197097,-0.303796265276278
2020-03-23,PANIC_ACCELERATING,5,True,0.05,86.02720156555775,21.374074074074056,17.671560846560876,74.97715348279837,50.0,0.36,0.36,0.003109018406290076,0.0,0.0,0.0,0.0011192466262644274,0.0011192466262644274,159592.54352774943,-0.3030170415949959
2020-03-24,PANIC_ACCELERATING,5,True,0.05,85.4347677031239,27.697776061230243,18.63796296296299,74.2328410763332,50.0,0.36,0.36,0.22290847838293115,0.0,0.0,0.0,0.0802470522178552,0.0802470522178552,172399.37470180105,-0.2470862137369143
2020-03-25,PANIC_STABILIZING_1,5,True,0.15,81.42460897296517,43.62647198404381,19.506216931216958,59.64281363976278,50.0,0.4175,0.36,-0.023195592286501476,0.0,0.0,0.0,-0.008350413223140531,-0.008350413223140531,170959.76868362995,-0.25337335497361047
2020-03-26,PANIC_STABILIZING_2,5,True,0.4,80.69187099478471,55.841389493691075,22.962433862433894,49.153135945924795,50.0,0.53,0.4175,0.16287814691559976,0.0,0.057499999999999996,2.8749999999999997e-05,0.0680016263372629,0.0679728763372629,182580.3958990094,-0.20262299436112619
2020-03-27,PANIC_STABILIZING_2,5,True,0.4,80.6182967891663,59.413183439781534,23.25383597883601,43.55781171597537,50.0,0.53,0.53,-0.10388035569927234,0.0,0.11250000000000004,5.6250000000000026e-05,-0.05505658852061435,-0.05511283852061435,172517.87202279747,-0.24656870451295243
2020-03-30,PANIC_STABILIZING_2,5,True,0.4,80.16236000091163,64.17141636871469,26.387169312169338,39.637819187129075,50.0,0.53,0.53,0.10509697789806038,0.0,0.0,0.0,0.05570139828597201,0.05570139828597201,182127.35872378765,-0.20460152784191254
2020-03-31,PANIC_STABILIZING_2,5,True,0.4,80.05863414401745,62.454505119740894,25.87261904761907,43.18592473734444,49.97486772486772,0.53,0.53,-0.027755102040816326,0.0,0.0,0.0,-0.014710204081632653,-0.014710204081632653,179448.228108112,-0.21630200169357683
2020-04-01,PANIC_STABILIZING_2,5,True,0.4,80.29543586286337,59.543545965573266,25.60238095238098,46.976489886296086,49.97486772486772,0.53,0.53,-0.12406381192275406,0.0,0.0,0.0,-0.06575382031905966,-0.06575382031905966,167648.8215605176,-0.26783313905862405
2020-04-02,PANIC_STABILIZING_2,5,True,0.4,81.9001703880346,52.05371283530346,23.792460317460343,55.13163015518896,49.91005291005291,0.53,0.53,0.059200184042023096,0.0,0.0,0.0,0.03137609754227224,0.03137609754227224,172908.9873386474,-0.2448606002125081
2020-04-03,PANIC_STABILIZING_1,5,True,0.4,82.76658538306039,46.10594238736581,22.326190476190504,58.18169775439876,49.84391534391534,0.53,0.53,-0.04027149321266965,0.0,0.0,0.0,-0.021343891402714917,-0.021343891402714917,169218.4366903379,-0.2609782135554837
2020-04-06,PANIC_STABILIZING_1,5,True,0.4,81.41793612850553,52.580901916639185,28.546584223395445,54.71600827701235,49.69973544973544,0.53,0.53,0.20933521923620924,0.0,0.0,0.0,0.1109476661951909,0.1109476661951909,187992.82731832957,-0.17898547108206375
2020-04-07,PANIC_STABILIZING_2,5,True,0.4,79.17790416310125,60.59981210293332,31.901308922521793,45.02844074943808,49.66005291005291,0.53,0.53,-0.0019493177387913674,5.952380952380951e-07,0.0,0.0,-0.0010328586396546628,-0.0010328586396546628,187798.65730244073,-0.1798334630315387
2020-04-08,RECOVERY_RETESTED,5,True,1.0,75.27290677654592,70.94026639549604,38.28731176855788,32.2162684819186,49.58068783068783,0.8,0.53,0.06385937499999983,1.9841269841269894e-07,0.0,0.0,0.03384556200396817,0.03384556200396817,194154.80840243245,-0.1520744656509927
2020-04-09,RECOVERY_RETESTED,5,True,1.0,71.23201126183359,78.14040402946357,40.38898688102589,23.609676377601716,49.52777777777777,0.8,0.8,0.0036864599703321232,3.3730158730158734e-06,0.27,0.000135,0.002949842579440302,0.002814842579440302,194701.3236241267,-0.14968768875271243
2020-04-13,RECOVERY_RETESTED,5,True,1.0,68.06619508452374,79.81846308829847,44.14814443116964,19.377996598456154,49.42195767195767,0.8,0.8,0.0347537241359126,4.563492063492064e-06,0.0,0.0,0.02780389200714278,0.02780389200714278,200114.77819981967,-0.12604569707844893
2020-04-14,RECOVERY_RETESTED,5,True,1.0,65.52729814376109,82.34023388068674,47.53621183916994,20.541197936412,49.38095238095238,0.8,0.8,0.12973569216409997,4.9603174603174595e-06,0.0,0.0,0.10378954579477205,0.10378954579477205,220884.6001360005,-0.03533837693283459
2020-04-15,RECOVERY_RETESTED,5,True,1.0,65.2569382319022,77.61948154677138,49.1337025335985,29.38082963616323,49.43253968253968,0.8,0.8,-0.03317185524553423,2.579365079365079e-06,0.0,0.0,-0.026536968323411514,-0.026536968323411514,215022.992499062,-0.06093757186697879
2020-04-16,RECOVERY_RETESTED,5,True,1.0,63.36779816150929,75.751837155541,51.97286261237074,35.28427922911431,49.4973544973545,0.8,0.8,0.05357535896008381,1.9841269841269894e-07,0.0,0.0,0.042860326850606735,0.042860326850606735,224238.9482379674,-0.020689049264073
2020-04-17,RECOVERY_RETESTED,5,True,1.0,62.12898287568541,71.96626091104046,52.78317460505451,38.937543484380136,49.52380952380952,0.8,0.8,0.02504454685099855,1.9841269841269894e-07,0.0,0.0,0.02003567716333852,0.02003567716333852,228731.72741230988,-0.0010678912126058648
2020-04-20,RECOVERY_RETESTED,5,True,1.0,63.60982036829222,70.53012684104516,53.39387298746092,44.338559218879084,50.17195767195767,0.8,0.8,-0.03238104372220174,0.0,0.0,0.0,-0.025904834977761394,-0.025904834977761394,222806.46975951566,-0.026945062644730622
2020-04-21,RECOVERY_RETESTED,5,True,1.0,66.16343351386561,63.14056289513618,48.788506910808486,54.887619708057024,50.767195767195766,0.8,0.8,-0.1105659629299236,0.0,0.0,0.0,-0.08845277034393889,-0.08845277034393889,203098.62025873348,-0.11301446755065192
2020-04-22,PANIC_STABILIZING_2,5,True,1.0,68.28777322429033,62.01195646103779,47.47180169367967,62.60409967509594,51.600529100529094,0.8,0.8,0.08844096506379895,0.0,0.0,0.0,0.07075277205103916,0.07075277205103916,217468.4106417802,-0.05025778236069367
2020-04-23,PANIC_STABILIZING_2,5,True,1.0,68.96566852929833,62.14027282336078,46.77875714205237,60.61107281201718,51.65343915343916,0.8,0.8,-0.006552593521635064,0.0,0.0,0.0,-0.005242074817308051,-0.005242074817308051,216328.42496279493,-0.05523640212271497
2020-04-24,PANIC_STABILIZING_2,5,True,1.0,66.52461702880954,66.26570133804837,51.27791524823746,56.70519765254317,51.388888888888886,0.8,0.8,0.048309178743961345,0.0,0.0,0.0,0.03864734299516908,0.03864734299516908,224688.94380193678,-0.018723799306201494
2020-04-27,RECOVERY_RETESTED,5,True,1.0,61.74730457210658,71.21897645801384,51.876502442053216,50.09025453686775,51.17724867724868,0.8,0.8,0.019514592933947972,0.0,0.0,0.0,0.015611674347158377,0.015611674347158377,228196.7144219796,-0.003404434816352997
2020-04-28,RECOVERY_RETESTED,5,True,1.0,55.422336370501604,76.29887525169457,49.503093307953044,42.97657242811195,51.52116402116402,0.8,0.8,-0.05409640442124808,0.0,0.0,0.0,-0.04327712353699847,-0.04327712353699847,218321.01702120242,-0.04653422420723052
2020-04-29,RECOVERY_RETESTED,5,True,1.0,50.08275135745382,88.28779535231361,48.504672546585766,31.085378111184628,51.3095238095238,0.8,0.8,0.10402038865880847,0.0,0.0,0.0,0.08321631092704679,0.08321631092704679,236488.88665554786,0.0
2020-04-30,RECOVERY_RETESTED,5,True,1.0,49.21524963613408,91.2974896756394,47.74909201881909,27.71636314618631,52.36772486772486,0.8,0.8,0.006625268357995262,0.0,0.0,0.0,0.00530021468639621,0.00530021468639621,237742.32852576912,0.0
2020-05-01,RECOVERY_RETESTED,5,True,1.0,51.303132210314175,85.63872731896225,47.06611891941901,33.228829416537316,53.01587301587301,0.8,0.8,-0.08972389120763191,0.0,0.0,0.0,-0.07177911296610553,-0.07177911296610553,220677.39506969298,-0.0717791129661054
2020-05-04,RECOVERY_RETESTED,5,True,1.0,54.28682613568167,75.28959153996819,44.99866212504037,44.087638000057616,54.47089947089947,0.8,0.8,0.03528285487548333,0.0,0.0,0.0,0.028226283900386662,0.028226283900386662,226906.29787332792,-0.045578886686418074
2020-05-05,RECOVERY_RETESTED,5,True,1.0,54.254488221447495,68.61204867529761,44.98264746067614,49.939569223742744,60.0,0.8,0.8,0.03192680196622377,0.0,0.0,0.0,0.02554144157297902,0.02554144157297902,232701.81182300052,-0.02120159558470147
2020-05-06,PANIC_STABILIZING_2,5,True,1.0,55.31111998300605,65.50460842566949,49.98770309892988,52.69862705644682,66.005291005291,0.8,0.8,0.019749563740980136,0.0,0.0,0.0,0.01579965099278411,0.01579965099278411,236378.4192351924,-0.005736922402646005
2020-05-07,PANIC_STABILIZING_2,5,True,1.0,53.966231117970096,64.47190283274082,55.334222994713706,53.267412211274014,69.66931216931216,0.8,0.8,0.039034768231063666,0.0,0.0,0.0,0.031227814584850935,0.031227814584850935,243760.00068292915,0.0
2020-05-08,PANIC_STABILIZING_2,5,True,1.0,54.199175114840905,64.87138678881627,59.912181448306264,46.61195345042882,64.53703703703702,0.8,0.8,0.040339182978534005,0.0,0.0,0.0,0.03227134638282721,0.03227134638282721,251626.4640992462,0.0
2020-05-11,PANIC_STABILIZING_2,5,True,1.0,49.746027963277186,68.57400377753608,62.55368399937921,36.63676035428359,58.0026455026455,0.8,0.8,0.024869501968167063,0.0,0.0,0.0,0.019895601574533652,0.019895601574533652,256632.7239745735,0.0
2020-05-12,PANIC_STABILIZING_2,5,True,1.0,51.866173127330995,66.2443919281324,61.53504898396326,37.31095880070432,60.46296296296296,0.8,0.8,-0.059490883283061846,0.0,0.0,0.0,-0.04759270662644948,-0.04759270662644948,244418.87803170507,-0.04759270662644943
2020-05-13,PANIC_STABILIZING_2,5,True,1.0,56.52755734401408,53.680789287875996,57.26126462106998,52.97091634150178,70.35714285714285,0.8,0.8,-0.03787466847180765,0.0,0.0,0.0,-0.03029973477744612,-0.03029973477744612,237013.05085274344,-0.07645039501577333
2020-05-14,PANIC_STABILIZING_1,5,True,1.0,58.08314862147707,46.99691003468532,53.119896612471535,63.79693262254522,78.02910052910052,0.8,0.8,0.03316032295271043,0.0,0.0,0.0,0.026528258362168346,0.026528258362168346,243300.59430097078,-0.05195023248447317
2020-05-15,PANIC_STABILIZING_1,5,True,1.0,60.175646611838715,43.17007152950345,52.87977999002027,68.32107318789569,78.83597883597884,0.8,0.8,0.01716996929946979,0.0,0.0,0.0,0.013735975439575832,0.013735975439575832,246642.5652887231,-0.038927844162384484
2020-05-18,PANIC_STABILIZING_2,5,True,1.0,53.15574688746182,57.56327173704447,55.162242762359504,57.59442649705548,70.31746031746032,0.8,0.8,0.05788416581607447,0.0,0.0,0.0,0.04630733265285958,0.04630733265285958,258063.92460590266,0.0
2020-05-19,RECOVERY_RETESTED,5,True,1.0,48.46886125120468,70.6820462019606,57.095700466175344,51.045038968631395,71.32275132275133,0.8,0.8,-0.007646259350327367,0.0,0.0,0.0,-0.0061170074802618934,-0.0061170074802618934,256485.3456487026,-0.0061170074802618934
2020-05-20,RECOVERY_RETESTED,5,True,1.0,36.69646097912674,87.49670151731543,58.32791928386689,32.355710448124455,71.54100529100529,0.8,0.8,0.05854678515420808,0.0,0.0,0.0,0.04683742812336647,0.04683742812336647,268498.45959022053,0.0
2020-05-21,RECOVERY_RETESTED,5,True,1.0,33.293692461609716,89.44770778940051,58.175001975456695,30.362705740356315,79.06084656084657,0.8,0.8,-0.030735802469135765,0.0,0.0,0.0,-0.024588641975308613,-0.024588641975308613,261896.4470964347,-0.024588641975308634
2020-05-22,RECOVERY_RETESTED,5,True,1.0,30.414362196316418,89.60904565912931,59.51814303416247,23.982010500203838,78.28042328042328,0.8,0.8,0.009038293015957155,0.0,0.0,0.0,0.007230634412765724,0.007230634412765724,263790.12455939123,-0.01753579904337299
2020-05-26,RECOVERY_RETESTED,5,True,1.0,30.976217640153298,84.03906059975994,59.15250312556581,33.09461975655577,78.57804232804233,0.8,0.8,-0.004160565513759096,0.0,0.0,0.0,-0.003328452411007277,-0.003328452411007277,262912.1116833016,-0.02080588438177533
2020-05-27,RECOVERY_RETESTED,5,True,1.0,30.415637578110374,82.98215232599058,60.9829937526103,33.89107904409598,78.94179894179894,0.8,0.8,0.014065082697007458,1.9841269841269894e-07,0.0,0.0,0.011252105840145651,0.011252105840145651,265870.4265906183,-0.00978788855479129
2020-05-28,RECOVERY_RETESTED,5,True,1.0,34.495361995842416,75.98243914395796,63.19235036354692,45.144842324942864,84.64285714285715,0.8,0.8,-0.006380000000000052,5.952380952380951e-07,0.0,0.0,-0.005103880952380995,-0.005103880952380995,264513.455584541,-0.014841813289213635
2020-05-29,RECOVERY_RETESTED,5,True,1.0,33.514564390269626,78.31434849446771,66.21028356469384,41.523016848478605,87.91005291005291,0.8,0.8,0.04127332380588156,5.952380952380951e-07,0.0,0.0,0.03301877809232429,0.03301877809232429,273247.3666769209,0.0
2020-06-01,RECOVERY_RETESTED,5,True,1.0,32.86919895067169,79.37691314949812,66.90116103487948,39.528959176235155,91.85714285714285,0.8,0.8,0.01232324599132073,1.9841269841269894e-07,0.0,0.0,0.009858636475596268,0.009858636475596268,275941.21313290263,0.0
2020-06-02,RECOVERY_RETESTED,5,True,1.0,27.765184442942,86.92946153608034,66.88383291789172,27.994479322914984,92.03571428571429,0.8,0.8,0.0199259103668199,1.9841269841269894e-07,0.0,0.0,0.015940767975995602,0.015940767975995602,280339.927986469,0.0
2020-06-03,RECOVERY_RETESTED,5,True,1.0,26.995686805978398,88.64722629031718,66.48407714780636,25.258748976207972,94.54894179894178,0.8,0.8,0.013573601684998993,5.952380952380951e-07,0.0,0.0,0.010859000395618242,0.010859000395618242,283384.13937538164,0.0
2020-06-04,RECOVERY_RETESTED,5,True,1.0,25.37888548031293,88.06263181325694,66.4193602781769,28.17260258142502,94.0079365079365,0.8,0.8,-0.020318633110136264,9.92063492063492e-07,0.0,0.0,-0.016254708075410598,-0.016254708075410598,278777.8129166333,-0.01625470807541063
2020-06-05,RECOVERY_RETESTED,5,True,1.0,22.014670017662155,89.56744306418217,65.35646993135602,27.27286674675202,91.84523809523809,0.8,0.8,0.05927881216120667,5.952380952380951e-07,0.0,0.0,0.04742316877658439,0.04742316877658439,291998.3401897459,0.0
2020-06-08,RECOVERY_RETESTED,5,True,1.0,19.852857343045596,90.30873015873014,63.686454139919526,25.884249319158616,91.28968253968253,0.8,0.8,0.022249316945969655,5.952380952380951e-07,0.0,0.0,0.017799572604394773,0.017799572604394773,297195.785846316,0.0
2020-06-09,RECOVERY_RETESTED,5,True,1.0,19.8415837369644,91.33745463863262,63.174107343679744,19.004876357004022,91.744708994709,0.8,0.8,0.02230483271375472,1.3888888888888892e-06,0.0,0.0,0.017844143948781553,0.017844143948781553,302498.9902299289,0.0
2020-06-10,RECOVERY_RETESTED,5,True,1.0,22.771134190310573,85.50288562042351,63.67054546602148,21.019613701529007,94.30291005291004,0.8,0.8,0.03609112199276132,2.1825396825396824e-06,0.0,0.0,0.028873334102145567,0.028873334102145567,311233.1446403994,0.0
2020-06-11,RECOVERY_RETESTED,5,True,1.0,34.16645423260024,66.46521540430503,61.19904569178647,38.23880381710102,96.12698412698411,0.8,0.8,-0.14723457419264685,1.3888888888888892e-06,0.0,0.0,-0.11778738157633971,-0.11778738157633971,274573.8074734365,-0.11778738157633972
2020-06-12,RECOVERY_RETESTED,5,True,1.0,41.35636056904347,52.33799372454834,58.09854453851623,55.96627757544808,96.97354497354497,0.8,0.8,0.02168674698795181,1.3888888888888892e-06,0.0,0.0,0.017349675368139226,0.017349675368139226,279337.5738976946,-0.10248127904101323
2020-06-15,PANIC_STABILIZING_1,5,True,1.0,46.141250618434725,43.98238489546282,54.48573777955477,70.49046959854431,97.02116402116404,0.8,0.8,0.03526415094339641,9.92063492063492e-07,0.0,0.0,0.028211519167415544,0.028211519167415544,287218.1112178887,-0.07716091244156464
2020-06-16,PANIC_STABILIZING_1,5,True,1.0,38.655060688982026,52.297720646278094,55.99581863163015,68.55757936690402,95.71296296296298,0.8,0.8,0.0528531593431627,1.7857142857142853e-06,0.0,0.0,0.04228288461738731,0.04228288461738731,299362.5214745386,-0.038140613781916355
2020-06-17,PANIC_STABILIZING_2,5,True,1.0,34.092768460769996,56.898298752375695,57.836744579217964,66.73833594215562,94.7089947089947,0.8,0.8,0.009737056206615913,1.3888888888888892e-06,0.0,0.0,0.007789922743070508,0.007789922743070508,301694.53238899604,-0.030647803473580204
2020-06-18,PANIC_STABILIZING_2,5,True,1.0,28.12777989180653,68.34637782172202,58.99789316061764,55.01248290547321,93.7962962962963,0.8,0.8,0.007714528170885249,1.3888888888888892e-06,0.0,0.0,0.006171900314485977,0.006171900314485977,303556.5609683264,-0.024665058346991064
2020-06-19,RECOVERY_RETESTED,5,True,1.0,25.67617422920848,71.81641585997822,58.43783337740735,48.07562109516021,94.52380952380953,0.8,0.8,-0.0013864906475676841,9.92063492063492e-07,0.0,0.0,-0.0011089941053557346,-0.0011089941053557346,303219.91853157047,-0.02574669904803173
2020-06-22,RECOVERY_RETESTED,5,True,1.0,22.613796439928517,76.25462189729755,58.85099468281928,36.75525145255504,94.06084656084657,0.8,0.8,0.03556218057921634,5.952380952380951e-07,0.0,0.0,0.028449863510992122,0.028449863510992122,311846.4838276079,0.0
2020-06-23,RECOVERY_RETESTED,5,True,1.0,24.587944115324422,68.35725554261826,61.49130620730157,38.98956641294618,93.96825396825398,0.8,0.8,0.026115566522722622,9.92063492063492e-07,0.0,0.0,0.020892651630876512,0.020892651630876512,318361.7837765318,0.0
2020-06-24,PANIC_STABILIZING_2,5,True,1.0,29.18162909226775,57.14339050219746,63.85180874973573,48.914422273475985,93.7367724867725,0.8,0.8,-0.05891783567134268,9.92063492063492e-07,0.0,0.0,-0.04713407012437573,-0.04713407012437573,303356.0971350874,-0.04713407012437576
2020-06-25,PANIC_STABILIZING_2,5,True,1.0,32.92373717407795,49.496904005214894,66.45949053615624,59.79960928466227,92.82407407407408,0.8,0.8,0.026516183986371233,5.952380952380951e-07,0.0,0.0,0.021213066236716035,0.021213066236716035,309791.2101169257,-0.026920862039214066
2020-06-26,PANIC_STABILIZING_1,5,True,1.0,38.8978247269574,36.37513643849075,61.98466508227367,73.10816994600668,92.6388888888889,0.8,0.8,-0.07188436102329199,9.92063492063492e-07,0.0,0.0,-0.057507290405935184,-0.057507290405935184,291975.9570315256,-0.08288000661388195
2020-06-29,PANIC_STABILIZING_1,5,True,1.0,40.530113797708694,36.07185711473692,59.2473488812655,72.87991048998292,89.25925925925925,0.8,0.8,0.031962449709432184,1.9841269841269894e-07,0.0,0.0,0.02556999945008543,0.02556999945008543,299441.7820922599,-0.05942924888733647
2020-06-30,PANIC_STABILIZING_1,5,True,1.0,41.544350657760255,36.35595320213158,57.48102506816259,72.0818410731662,83.65079365079364,0.8,0.8,0.057509205111544226,1.9841269841269894e-07,0.0,0.0,0.04600740377177507,0.04600740377177507,313218.3210671184,-0.0161560305649745
2020-07-01,PANIC_STABILIZING_1,5,True,1.0,37.17191354206394,49.986078970980735,62.29367892601505,58.790630120614345,75.33068783068784,0.8,0.8,0.035735644708060565,9.92063492063492e-07,0.0,0.0,0.02858871417914687,0.02858871417914687,322172.8301237785,0.0
2020-07-02,PANIC_STABILIZING_2,5,True,1.0,33.71593230978769,59.38895456901188,66.28623277832553,48.78077032038133,68.18783068783068,0.8,0.8,0.021261617559818147,1.9841269841269894e-07,0.0,0.0,0.017009333730394198,0.017009333730394198,327652.77531021944,0.0
2020-07-06,PANIC_STABILIZING_2,5,True,1.0,32.503644592983626,62.61515806713785,68.84654356013009,38.84281702252326,66.88492063492065,0.8,0.8,0.07347827097193926,1.9841269841269894e-07,0.0,0.0,0.0587826564600911,0.0587826564600911,346913.07583947544,0.0
2020-07-07,PANIC_STABILIZING_2,5,True,1.0,33.22797497147484,59.2865195490065,69.49397110611757,39.98861120961636,69.59656084656085,0.8,0.8,-0.0196608946608946,5.952380952380951e-07,0.0,0.0,-0.015728596681096635,-0.015728596681096635,341456.6199861977,-0.015728596681096496
2020-07-08,PANIC_STABILIZING_2,5,True,1.0,35.58281950490811,55.667000456112696,71.58904893643584,36.761902909081364,72.2420634920635,0.8,0.8,0.03845446182152701,5.952380952380951e-07,0.0,0.0,0.030763688504840656,0.030763688504840656,351961.08508136874,0.0
2020-07-09,PANIC_STABILIZING_2,5,True,1.0,40.811084063006085,52.606375916351716,73.5320179254831,37.06992019774912,75.78042328042328,0.8,0.8,0.024982282069454298,5.952380952380951e-07,0.0,0.0,0.019985944703182486,0.019985944703182486,358995.3598654771,0.0
2020-07-10,PANIC_STABILIZING_1,5,True,1.0,43.29222642006486,53.68367367414035,76.49232759591376,33.27695255026486,82.8425925925926,0.8,0.8,0.0211789109766638,0.0,0.0,0.0,0.01694312878133104,0.01694312878133104,365077.8644795782,0.0
2020-07-13,PANIC_STABILIZING_1,5,True,1.0,47.57840714157811,49.27679102162816,75.90866677779196,45.50509745692846,91.54497354497353,0.8,0.8,-0.061792427279129036,0.0,0.0,0.0,-0.04943394182330323,-0.04943394182330323,347030.62656591897,-0.049433941823303185
2020-07-14,PANIC_STABILIZING_1,5,True,1.0,44.98439950932797,48.73442271909233,74.5633299467723,52.00850695173747,97.37698412698411,0.8,0.8,0.021203504568352072,1.9841269841269894e-07,0.0,0.0,0.01696284333722134,0.01696284333722134,352917.2527175744,-0.03330963869677184
2020-07-15,PANIC_STABILIZING_1,5,True,1.0,43.5881216456766,47.7518545236278,71.4113007058844,57.20504077896936,97.72089947089948,0.8,0.8,0.004946996466431042,5.952380952380951e-07,0.0,0.0,0.003957716220763881,0.003957716220763881,354313.99905324215,-0.02948375257338609
2020-07-16,PANIC_STABILIZING_1,5,True,1.0,38.717507370720284,50.99262375337518,68.92459943943624,56.01882717239181,97.53571428571429,0.8,0.8,-0.021448663853727234,9.92063492063492e-07,0.0,0.0,-0.017158732670283373,-0.017158732670283373,348234.4198621485,-0.04613658141514598
2020-07-17,PANIC_STABILIZING_1,5,True,1.0,35.04303722683864,53.40923606735567,67.34513280057216,60.0073344910431,96.3862433862434,0.8,0.8,0.004671218109953301,0.0,0.0,0.0,0.0037369744879626413,0.0037369744879626413,349535.7630050039,-0.04257201815489331
2020-07-20,PANIC_STABILIZING_2,5,True,1.0,30.953201884087576,60.604284095651394,68.78915101845136,56.03870266491529,94.04629629629629,0.8,0.8,0.08512160228898424,0.0,0.0,0.0,0.06809728183118739,0.06809728183118739,373338.1983684348,0.0
2020-07-21,PANIC_STABILIZING_2,5,True,1.0,26.40435363010576,67.81354273447808,70.2768987162087,53.31097941393008,91.39550264550265,0.8,0.8,-0.03197099538562953,0.0,0.0,0.0,-0.025576796308503624,-0.025576796308503624,363789.4033145816,-0.025576796308503624
2020-07-22,RECOVERY_RETESTED,5,True,1.0,22.57093420552918,71.80934064132396,70.42810969696234,49.37631441022969,89.10714285714285,0.8,0.8,0.011576438542730605,0.0,0.0,0.0,0.009261150834184485,0.009261150834184485,367158.5118505559,-0.016552516042787513
2020-07-23,RECOVERY_RETESTED,5,True,1.0,22.354810265113503,63.923829641932265,63.57902998583436,58.30767016116281,89.79497354497353,0.8,0.8,-0.07833726018175702,0.0,0.0,0.0,-0.06266980814540561,-0.06266980814540561,344148.7583539289,-0.07818498118346784
2020-07-24,RECOVERY_RETESTED,5,True,1.0,25.58049338435858,54.71737251953707,56.589593695186984,61.56493707218007,90.54232804232804,0.8,0.8,-0.029580828701438078,0.0,0.0,0.0,-0.023664662961150464,-0.023664662961150464,336004.5939789848,-0.0999994229162876
2020-07-27,PANIC_STABILIZING_1,5,True,1.0,28.230387990959553,52.42353964050354,53.50784056964509,64.3832053499422,92.18253968253968,0.8,0.8,0.05371698667048008,0.0,0.0,0.0,0.042973589336384066,0.042973589336384066,350443.9174157762,-0.061323167714183446
2020-07-28,PANIC_STABILIZING_1,5,True,1.0,31.471484080626244,53.345114226219586,55.08025499532459,66.3853160153762,91.85185185185185,0.8,0.8,-0.03758571428571422,0.0,0.0,0.0,-0.03006857142857138,-0.03006857142857138,339906.56945325155,-0.08954783909411468
2020-07-29,PANIC_STABILIZING_2,5,True,1.0,30.32070003360803,59.13794350572699,59.03749745481883,64.5075875491941,90.23809523809526,0.8,0.8,0.034043848060680615,0.0,0.0,0.0,0.027235078448544493,0.027235078448544493,349163.95153748646,-0.06475160306819605
2020-07-30,PANIC_STABILIZING_2,5,True,1.0,27.507516259112037,59.629771582578165,58.591350530778264,63.86471576284694,88.70370370370371,0.8,0.8,0.016242598241521744,0.0,0.0,0.0,0.012994078593217396,0.012994078593217396,353701.01536568295,-0.05259891189428356
2020-07-31,PANIC_STABILIZING_2,5,True,1.0,20.748934807080015,65.57660696534136,61.08204380701636,56.437997087061625,82.41402116402116,0.8,0.8,0.05393818685199303,0.0,0.0,0.0,0.04315054948159443,0.04315054948159443,368963.40853091003,-0.011718034363061403
2020-08-03,PANIC_STABILIZING_2,5,True,1.0,16.03493531901918,67.80543501373965,63.18610110831946,48.647095464720415,81.99074074074075,0.8,0.8,0.03727927626068017,0.0,0.0,0.0,0.02982342100854414,0.02982342100854414,379967.15960027487,0.0
2020-08-04,RECOVERY_RETESTED,5,True,1.0,15.250918086395137,71.81863069060903,66.29891771361673,38.064695027062555,81.39550264550265,0.8,0.8,0.01299842365041215,0.0,0.0,0.0,0.01039873892032972,0.01039873892032972,383918.33889125736,0.0
2020-08-05,RECOVERY_RETESTED,5,True,1.0,15.314539386237852,73.09437237538664,66.30665019999533,30.283032930695445,85.22486772486774,0.8,0.8,0.007971938775510168,0.0,0.0,0.0,0.006377551020408135,0.006377551020408135,386366.79768520663,0.0
2020-08-06,RECOVERY_RETESTED,5,True,1.0,15.118380200982033,76.87152505785703,66.77766893837206,25.508879660046517,84.62301587301587,0.8,0.8,0.03827902562480223,0.0,0.0,0.0,0.030623220499841786,0.030623220499841786,398198.5933245385,0.0
2020-08-07,RECOVERY_RETESTED,5,True,1.0,16.619596096016778,78.06105369483171,66.33994571317668,28.964692718882986,85.28439153439153,0.8,0.8,-0.03268129189518587,0.0,0.0,0.0,-0.026145033516148698,-0.026145033516148698,387787.6777559852,-0.02614503351614872
2020-08-10,RECOVERY_RETESTED,5,True,1.0,17.929958908718362,78.62437879313784,65.46151589531405,35.223759613411566,88.00925925925925,0.8,0.8,-0.013462519765398029,0.0,0.0,0.0,-0.010770015812318423,-0.010770015812318423,383611.198334731,-0.03663346690408453
2020-08-11,RECOVERY_RETESTED,5,True,1.0,23.845711068645272,69.29502678113859,59.967121110127515,47.03803932395213,91.88492063492062,0.8,0.8,-0.056749680715197925,0.0,0.0,0.0,-0.04539974457215834,-0.04539974457215834,366195.3479153146,-0.08037006143600489
2020-08-12,NORMAL_PARTICIPATION,5,False,0.0,24.049247983702553,66.59589180192262,59.47354917476968,50.38180650187325,90.76058201058201,0.35,0.8,0.07480722752905966,0.0,0.0,0.0,0.05984578202324773,0.05984578202324773,388110.59488458186,-0.02533408859065145
2020-08-13,GREED_EXHAUSTING,0,False,0.0,24.954070997568124,62.400550518506726,60.812974454224495,53.806564622692484,87.99603174603175,0.35,0.35,0.0070041508411908815,0.0,0.45000000000000007,0.00022500000000000005,0.002451452794416808,0.0022264527944168082,388974.70480310544,-0.023164040948571163
2020-08-14,GREED_EXHAUSTING,0,False,0.0,19.476290543684023,66.97934349630768,64.67685169759274,52.273528810505404,82.64550264550265,0.35,0.35,-0.002889757623143141,0.0,0.0,0.0,-0.0010114151681000993,-0.0010114151681000993,388581.28988666035,-0.024152027654301356
2020-08-17,GREED_EXHAUSTING,0,False,0.0,17.377770749080913,66.56182783488518,64.58445336596726,49.52925521347066,81.24338624338624,0.35,0.35,0.0330086003023593,0.0,0.0,0.0,0.011553010105825755,0.011553010105825755,393070.5734556557,-0.012878046168042001
2020-08-18,GREED_EXHAUSTING,0,False,0.0,15.008308297597594,67.53677503745793,66.04951122275513,42.82787507797877,78.80952380952381,0.35,0.35,0.029379080006072478,0.0,0.0,0.0,0.010282678002125366,0.010282678002125366,397112.391594611,-0.0027277889679591105
2020-08-19,GREED_EXHAUSTING,0,False,0.0,15.452111628311224,63.843682467372595,67.10521976576369,42.94457322918342,81.17724867724867,0.35,0.35,-0.019544223746851164,0.0,0.0,0.0,-0.006840478311397907,-0.006840478311397907,394395.95289272076,-0.009549607898083456
2020-08-20,GREED_EXHAUSTING,0,False,0.0,19.033289944870106,59.14646020163493,71.1117406356846,43.726707040315226,84.78835978835978,0.35,0.35,0.041143200962695525,0.0,0.0,0.0,0.014400120336943432,0.014400120336943432,400075.3020747794,0.0
2020-08-21,GREED_EXHAUSTING,0,False,0.0,23.961610901880608,55.23178790035248,73.8764246173109,45.02520182512941,90.0132275132275,0.35,0.35,0.02087402767022284,0.0,0.0,0.0,0.0073059096845779934,0.0073059096845779934,402998.21609876805,0.0
2020-08-24,RISK_WARNING,0,False,0.0,30.673279457482163,54.992750878302,78.69665476409521,39.29993984057159,92.72486772486774,0.35,0.35,0.018539484857061916,0.0,0.0,0.0,0.006488819699971671,0.006488819699971671,405613.19886244315,0.0
2020-08-25,RISK_WARNING,0,False,0.0,34.994225003650875,55.41451254497256,81.20616954713118,39.15496981006246,93.5436507936508,0.35,0.35,0.02334305960817007,0.0,0.0,0.0,0.008170070862859523,0.008170070862859523,408927.0874400605,0.0
2020-08-26,RISK_WARNING,0,False,0.0,38.92007066460088,54.806829160134676,82.258366029561,37.399908308782464,94.83862433862434,0.35,0.35,0.06401629327902225,0.0,0.0,0.0,0.022405702647657788,0.022405702647657788,418089.3861658153,0.0
2020-08-27,RISK_WARNING,0,False,0.0,40.4485112163451,54.78138000038579,81.96310673979822,40.28149444294197,95.63095238095237,0.35,0.35,-0.009055085956960363,0.0,0.0,0.0,-0.0031692800849361267,-0.0031692800849361267,416764.3438005168,-0.0031692800849361102
2020-08-28,RISK_WARNING,0,False,0.0,41.64203531962839,54.666047922439645,81.90363402903289,38.0221798380139,96.58333333333333,0.35,0.35,0.015452925238747639,0.0,0.0,0.0,0.005408523833561673,0.005408523833561673,419018.42368694063,0.0
2020-08-31,RISK_WARNING,0,False,0.0,42.09949230713429,54.41993768014536,81.3107388232113,38.454850968006646,96.91402116402116,0.35,0.35,0.02314114985441673,0.0,0.0,0.0,0.008099402449045856,0.008099402449045856,422412.22253394604,0.0
2020-09-01,RISK_WARNING,0,False,0.0,42.4657848414278,54.48762980160615,81.76106920324705,33.7938815499283,97.08597883597884,0.35,0.35,0.05193356470004962,0.0,0.0,0.0,0.018176747645017366,0.018176747645017366,430090.3029051165,0.0
2020-09-02,RISK_WARNING,0,False,0.0,42.82632320304986,55.19743349336309,81.42936083039108,32.872328428214615,97.46957671957671,0.35,0.35,0.028221986567691593,0.0,0.0,0.0,0.009877695298692056,0.009877695298692056,434338.60386813537,0.0
2020-09-03,RISK_WARNING,0,False,0.0,47.30547914059878,49.16877967973421,76.56080224065444,42.336149066837486,97.81349206349206,0.35,0.35,-0.15355949450640105,0.0,0.0,0.0,-0.053745823077240365,-0.053745823077240365,410994.718109023,-0.053745823077240296
2020-09-04,GREED_EXHAUSTING,0,False,0.0,52.84956857595574,40.70607881009446,70.33216447397676,56.26976967239856,98.14417989417989,0.35,0.35,-0.041221258298946295,0.0,0.0,0.0,-0.014427440404631202,-0.014427440404631202,405065.1163068869,-0.06739784882242672
2020-09-08,PANIC_ACCELERATING,6,True,0.0,61.904758581355225,28.26667057157721,60.021703298887964,73.1098305815199,97.41798941798942,0.35,0.35,-0.1413442530358655,0.0,0.0,0.0,-0.04947048856255293,-0.04947048856255293,385026.3471035378,-0.11353413287566927
2020-09-09,PANIC_ACCELERATING,6,True,0.0,64.53427565676732,28.44874333017758,58.03827829803429,77.01048395484982,92.02248677248679,0.35,0.35,0.08592007893438591,0.0,0.0,0.0,0.030072027627035067,0.030072027627035067,396604.8700507718,-0.08687630682908276
2020-09-10,PANIC_ACCELERATING,6,True,0.0,65.5328502358126,30.482337242167052,54.5022006343679,79.41277082375127,86.4021164021164,0.35,0.35,-0.057842228643079086,0.0,0.0,0.0,-0.02024478002507768,-0.02024478002507768,388575.6916997194,-0.10536229513301454
2020-09-11,PANIC_STABILIZING_1,6,True,0.15,59.9624006492325,38.65567169821653,54.5014093538586,78.61286323998787,77.63227513227514,0.4175,0.35,-0.021866039167277584,0.0,0.0,0.0,-0.007653113708547154,-0.007653113708547154,385601.87774676405,-0.1122090592163153
2020-09-14,PANIC_STABILIZING_1,6,True,0.15,55.46200350075134,42.97692038579178,52.70088908156527,77.93733943233917,69.97354497354497,0.4175,0.4175,0.051519354266220674,0.0,0.0675,3.375e-05,0.02150933040614713,0.02147558040614713,393882.90187707596,-0.09314323348366638
2020-09-15,PANIC_STABILIZING_1,6,True,0.15,49.682802555703006,48.43409779893724,53.99480202471415,71.1262832489477,62.69179894179894,0.4175,0.4175,0.04250664166275975,0.0,0.0,0.0,0.017746522894202196,0.017746522894202196,400872.9538128723,-0.07704967911492211
2020-09-16,PANIC_STABILIZING_1,6,True,0.15,46.6452796715166,51.06820905045371,52.10803130211307,67.17885779160315,61.46164021164022,0.4175,0.4175,-0.048040773497226685,0.0,0.0,0.0,-0.02005702293509214,-0.02005702293509214,392832.6357841894,-0.09556131486886466
2020-09-17,PANIC_STABILIZING_1,6,True,0.15,43.309274736655176,48.97906263418192,47.669218673441094,64.08268893718055,64.23941798941799,0.4175,0.4175,-0.04606236969570998,0.0,0.0,0.0,-0.019231039347958917,-0.019231039347958917,385278.0559082612,-0.11295461081043778
2020-09-18,PANIC_STABILIZING_1,6,True,0.15,42.45825346303242,45.216893596011026,41.585502013511324,64.52583448626676,66.8121693121693,0.4175,0.4175,-0.03862660944205998,0.0,0.0,0.0,-0.01612660944206004,-0.01612660944206004,379064.8271740325,-0.12725964535927803
2020-09-21,PANIC_STABILIZING_1,6,True,0.15,46.25059289065977,39.37277684639224,39.86897753956027,65.68181789780213,68.14814814814815,0.4175,0.4175,0.011847527472527375,0.0,0.0,0.0,0.0049463427197801784,0.0049463427197801784,380939.81172224955,-0.12294277245984242
2020-09-22,PANIC_STABILIZING_1,6,True,0.15,49.953361697089555,38.63065087697267,41.76952465045105,68.76920405962143,65.91269841269842,0.4175,0.4175,0.05464109960970642,0.0,0.0,0.0,0.02281265908705243,0.02281265908705243,389630.06177975517,-0.10293476492813347
2020-09-23,PANIC_ACCELERATING,6,True,0.15,52.19791472370472,32.294176048445415,41.85006505328072,75.21942167795551,64.8809523809524,0.36,0.4175,-0.09259533386967012,0.0,0.0,0.0,-0.03865855189058727,-0.03865855189058727,374567.5278183097,-0.1376140078674012
2020-09-24,PANIC_ACCELERATING,6,True,0.15,49.46801551159112,32.05823932870439,41.12911244149644,73.20826450726082,64.2063492063492,0.36,0.36,0.014625358186512338,0.0,0.057499999999999996,2.8749999999999997e-05,0.005265128947144442,0.005236378947144442,376528.9053352614,-0.13309822801388593
2020-09-25,PANIC_STABILIZING_1,6,True,0.15,47.30457635222566,35.05855335442309,41.60375746452534,68.09429341588927,62.40740740740741,0.4175,0.36,0.07008039147151335,0.0,0.0,0.0,0.025228940929744804,0.025228940929744804,386028.3308463062,-0.11122721441655703
2020-09-28,PANIC_STABILIZING_1,6,True,0.15,45.15259711983725,48.149195284505886,45.94754386977914,56.44875192745858,59.10052910052911,0.4175,0.4175,0.059284664380205854,0.0,0.057499999999999996,2.8749999999999997e-05,0.024751347378735942,0.02472259737873594,395571.9538466049,-0.08925444267740001
2020-09-29,PANIC_STABILIZING_1,6,True,0.15,44.440544991063824,54.86662236529088,49.29799554030253,50.58327830579662,55.0925925925926,0.4175,0.4175,-0.010484119642306444,0.0,0.0,0.0,-0.00437711995066294,-0.00437711995066294,393840.48795550026,-0.09324088522633434
2020-09-30,PANIC_STABILIZING_2,6,True,0.4,43.153417236382644,59.419398124240104,50.305000100865676,44.63997356678158,55.3968253968254,0.53,0.4175,0.019788095980056042,0.0,0.0,0.0,0.008261530071673398,0.008261530071673398,397094.2129901871,-0.08574966753186786
2020-10-01,PANIC_STABILIZING_2,6,True,0.4,42.008080227793926,62.379123816873324,52.33055272430234,40.049882877741524,55.66137566137567,0.53,0.53,0.046832696715049416,0.0,0.11250000000000004,5.6250000000000026e-05,0.02482132925897619,0.02476507925897619,406928.28264816984,-0.06310818558574927
2020-10-02,PANIC_STABILIZING_2,6,True,0.4,40.195334497420134,64.8196553977253,50.542917924168194,36.64898889666977,61.23015873015873,0.53,0.53,-0.08246345336509264,0.0,0.0,0.0,-0.0437056302834991,-0.0437056302834991,389143.22557484976,-0.10405563284217512
2020-10-05,PANIC_STABILIZING_2,6,True,0.4,38.32182082372841,68.13572033881103,49.96553928707999,32.153841568377196,64.27248677248677,0.53,0.53,0.06306827942963666,0.0,0.0,0.0,0.033426188097707435,0.033426188097707435,402150.8002298632,-0.07410762790047631
2020-10-06,PANIC_STABILIZING_2,6,True,0.4,39.17300189290168,64.11881738551283,45.03806327874029,36.31862649882681,75.14550264550263,0.53,0.53,-0.053718389944635625,0.0,0.0,0.0,-0.028470746670656882,-0.028470746670656882,390701.2666731168,-0.10046847507081547
2020-10-07,PANIC_STABILIZING_2,6,True,0.4,37.64731606882876,67.16792901181604,46.40810901140198,32.93886945506761,80.3042328042328,0.53,0.53,0.05257432005060103,0.0,0.0,0.0,0.02786438962681855,0.02786438962681855,401587.9189953881,-0.07540357817858245
2020-10-08,PANIC_STABILIZING_2,6,True,0.4,37.04545212000145,67.18540481934626,46.78813164748289,35.0974227871236,87.43386243386244,0.53,0.53,0.014728505155878091,0.0,0.0,0.0,0.007806107732615389,0.007806107732615389,404722.75755518297,-0.06818607890065354
2020-10-09,RECOVERY_RETESTED,6,True,1.0,32.29364764496986,75.48480453094997,52.401980090870076,24.904080702749116,83.61111111111111,0.8,0.53,0.04448576656816483,0.0,0.0,0.0,0.02357745628112736,0.02357745628112736,414265.0906774175,-0.046216276913788046
2020-10-12,RECOVERY_RETESTED,6,True,1.0,29.52843893214509,74.2208476142002,59.01337555815348,24.986753771594696,79.10052910052912,0.8,0.8,0.09326718639262932,0.0,0.27,0.000135,0.07461374911410346,0.07447874911410346,445119.0364327123,0.0
2020-10-13,RECOVERY_RETESTED,6,True,1.0,29.78272141080416,71.29852262663105,65.17248703563324,25.808413581128132,77.11640211640211,0.8,0.8,0.00012965123816943702,0.0,0.0,0.0,0.00010372099053554962,0.00010372099053554962,445165.2046200772,0.0
2020-10-14,RECOVERY_RETESTED,6,True,1.0,34.01938402571523,63.85134502666759,68.23321013139243,35.966001140928455,78.8888888888889,0.8,0.8,-0.024692766398755395,0.0,0.0,0.0,-0.019754213119004316,-0.019754213119004316,436371.31629484706,-0.01975421311900427
2020-10-15,PANIC_STABILIZING_2,6,True,1.0,38.199574405772154,59.21391909273575,67.56946186867636,43.95490977273727,83.04232804232805,0.8,0.8,-0.02067117519458972,0.0,0.0,0.0,-0.016536940155671778,-0.016536940155671778,429155.0699516274,-0.03596447903450484
2020-10-16,PANIC_STABILIZING_2,6,True,1.0,41.69135261706821,55.1191800395039,64.4785259207005,52.394224153898506,86.2962962962963,0.8,0.8,-0.015336590662323735,0.0,0.0,0.0,-0.012269272529858988,-0.012269272529858988,423889.6494408202,-0.04779249356969506
2020-10-19,PANIC_STABILIZING_2,6,True,1.0,43.04308694907882,49.711420808966714,57.276061253150765,55.76768869707323,89.52380952380952,0.8,0.8,-0.04969262577532729,0.0,0.0,0.0,-0.039754100620261835,-0.039754100620261835,407038.2976650623,-0.08564664659169408
2020-10-20,PANIC_STABILIZING_1,6,True,1.0,43.83469343682193,51.999002051886144,51.03400227392685,57.50263690850098,90.62830687830687,0.8,0.8,0.0064573397848712855,0.0,0.0,0.0,0.0051658718278970285,0.0051658718278970285,409141.00533984543,-0.08092321436257888
2020-10-21,PANIC_STABILIZING_1,6,True,1.0,44.26672858352728,53.72329078301681,48.48452525623335,58.76139765926664,92.18915343915346,0.8,0.8,-0.0025940337224384935,0.0,0.0,0.0,-0.002075226977950795,-0.002075226977950795,408291.94488777826,-0.08283050730294195
2020-10-22,PANIC_STABILIZING_2,6,True,1.0,41.86291670183653,59.2438099092463,48.88098272991377,61.02553281518647,93.18121693121695,0.8,0.8,0.0005085970235516601,0.0,0.0,0.0,0.00040687761884132816,0.00040687761884132816,408458.0697421063,-0.0824573315636794
2020-10-23,PANIC_STABILIZING_2,6,True,1.0,40.04558169765942,59.31363230746803,48.57914353971832,61.80419837114339,94.51058201058201,0.8,0.8,0.005845892567282851,0.0,0.0,0.0,0.004676714053826281,0.004676714053826281,410368.3113372679,-0.07816624687121809
2020-10-26,PANIC_STABILIZING_2,6,True,1.0,39.78246946171546,53.302730016397106,43.78850750616917,62.95125591350532,95.23809523809524,0.8,0.8,-0.04558793969849251,0.0,0.0,0.0,-0.036470351758794005,-0.036470351758794005,395402.0346721355,-0.11178584811095404
2020-10-27,PANIC_STABILIZING_1,6,True,1.0,43.90241892960815,47.342983563512895,42.38826518498761,64.68462874309216,96.1772486772487,0.8,0.8,0.023623989842767257,0.0,0.0,0.0,0.018899191874213808,0.018899191874213808,402874.8135928588,-0.09499931842901077
2020-10-28,PANIC_STABILIZING_1,6,True,1.0,51.87006573705821,35.420968700516966,37.54862789713431,70.64925436366615,97.71031746031747,0.8,0.8,-0.11735140759377582,0.0,0.0,0.0,-0.09388112607502067,-0.09388112607502067,365052.47242549714,-0.17996180151355645
2020-10-29,PANIC_STABILIZING_1,6,True,1.0,54.68435820889628,34.57594683668764,35.11992678381049,72.32491505674216,97.68386243386244,0.8,0.8,0.05086913086913092,0.0,0.0,0.0,0.04069530469530474,0.04069530469530474,379908.3940206271,-0.1465900971643619
2020-10-30,PANIC_ACCELERATING,6,True,1.0,57.21965286831922,29.388248330029494,28.92894687793169,76.2017265924519,97.97486772486774,0.36,0.8,-0.06955535275179359,0.0,0.0,0.0,-0.05564428220143487,-0.05564428220143487,358768.6641330494,-0.19407747863124725
2020-11-02,PANIC_STABILIZING_1,6,True,1.0,55.688503767838945,35.639696714935326,26.898555968420343,71.70311279551242,97.78968253968253,0.8,0.36,0.000333757909721788,0.0,0.44000000000000006,0.00022000000000000003,0.00012015284749984367,-9.984715250015636e-05,358732.84210352943,-0.1941579477001416
2020-11-03,PANIC_STABILIZING_1,6,True,1.0,54.46335663083486,41.02848808302525,26.234508397238347,68.17014408542929,97.6574074074074,0.8,0.8,0.05030572918794518,0.0,0.44000000000000006,0.00022000000000000003,0.04024458335035615,0.04002458335035615,373090.9746428123,-0.1619044553106439
2020-11-04,PANIC_STABILIZING_2,6,True,1.0,46.299977074133274,56.43920008230048,33.178247434767755,56.894504272972036,88.02777777777779,0.8,0.8,0.13517017828200983,0.0,0.0,0.0,0.10813614262560788,0.10813614262560788,413435.5934891144,-0.07127603595622933
2020-11-05,PANIC_STABILIZING_2,6,True,1.0,37.979056427203155,67.17607473292827,45.4614568690175,45.70882950088813,75.9920634920635,0.8,0.8,0.07716733295259837,0.0,0.0,0.0,0.0617338663620787,0.0617338663620787,438958.5711668982,-0.013942314872691042
2020-11-06,RECOVERY_RETESTED,6,True,1.0,30.50726645292526,73.98211500521693,57.46823667287049,34.34756015000764,60.97883597883598,0.8,0.8,0.0033826055606218652,0.0,0.0,0.0,0.0027060844484974923,0.0027060844484974923,440146.4301298676,-0.01127395950564658
2020-11-09,RECOVERY_RETESTED,6,True,1.0,29.42195836740855,79.5960297277533,56.611788391751446,29.925485336051818,58.10846560846562,0.8,0.8,-0.061030383091149276,0.0,0.0,0.0,-0.048824306472919424,-0.048824306472919424,418656.5859322455,-0.0595478227244991
2020-11-10,RECOVERY_RETESTED,6,True,1.0,29.73271102054071,80.60081355474813,48.05470224130454,31.98424450979026,58.743386243386254,0.8,0.8,-0.053950478334271246,0.0,0.0,0.0,-0.043160382667417,-0.043160382667417,400587.2074771754,-0.10013809857611522
2020-11-11,RECOVERY_RETESTED,6,True,1.0,29.04134404699307,85.75031182582887,41.81030251604738,32.3702111004012,58.63756613756615,0.8,0.8,0.06721669353351611,0.0,0.0,0.0,0.05377335482681289,0.05377335482681289,422128.12552392774,-0.051749505255717976
2020-11-12,RECOVERY_RETESTED,6,True,1.0,29.61495479788968,81.95231675779912,41.639888756865396,37.39012883793661,56.26984126984127,0.8,0.8,-0.0146310468026285,0.0,0.0,0.0,-0.011704837442102801,-0.011704837442102801,417187.18443493056,-0.06284862315109352
2020-11-13,RECOVERY_RETESTED,6,True,1.0,27.689089922024806,82.89420373333456,45.89733995662581,38.81837408172425,51.296296296296305,0.8,0.8,0.026229155825056027,0.0,0.0,0.0,0.020983324660044822,0.020983324660044822,425941.1585699387,-0.043184071555064985
2020-11-16,RECOVERY_RETESTED,6,True,1.0,25.407076158949803,83.49855260308745,48.14359576884926,38.92943876123898,49.576719576719576,0.8,0.8,0.02301226402094536,0.0,0.0,0.0,0.018409811216756288,0.018409811216756288,433782.6548886578,-0.025569270943208044
2020-11-17,RECOVERY_RETESTED,6,True,1.0,21.64511391658395,87.07424805770484,50.33205437436362,33.00847789261314,47.26190476190476,0.8,0.8,-0.009224137931034382,0.0,0.0,0.0,-0.007379310344827506,-0.007379310344827506,430581.63805603114,-0.0327598977024548
2020-11-18,RECOVERY_RETESTED,6,True,1.0,21.13462202752063,84.81424169693534,48.86494708994713,33.86451133092047,46.52116402116402,0.8,0.8,-0.023182589402244935,0.0,0.0,0.0,-0.018546071521795948,-0.018546071521795948,422596.04020067194,-0.05069840181841423
2020-11-19,RECOVERY_RETESTED,6,True,1.0,21.565320633246902,81.05259291779986,47.08916827374775,34.1236108355802,45.98544973544974,0.8,0.8,0.02477383437717462,0.0,0.0,0.0,0.019819067501739698,0.019819067501739698,430971.499647377,-0.03188412936454399
2020-11-20,NORMAL_PARTICIPATION,6,False,0.0,22.876106711057208,75.13846361059962,44.604045335683644,38.98198168077115,45.49603174603175,0.35,0.8,-0.020301507537688446,0.0,0.0,0.0,-0.016241206030150758,-0.016241206030150758,423972.00272848085,-0.04760749868059333
2020-11-23,NORMAL_PARTICIPATION,0,False,0.0,22.783450235043222,74.02964046043984,44.49227284891115,40.44083009162885,45.07275132275132,0.35,0.35,0.00020517029134192732,0.0,0.45000000000000007,0.00022500000000000005,7.180960196967456e-05,-0.00015319039803032548,423907.05428862915,-0.0477533960669515
2020-11-24,NORMAL_PARTICIPATION,0,False,0.0,21.164564325728623,76.07101450587892,45.24291938997826,41.535644565898274,44.642857142857146,0.35,0.35,0.04088704088704076,0.0,0.0,0.0,0.014310464310464266,0.014310464310464266,429973.3610599806,-0.03412630502660685
2020-11-25,NORMAL_PARTICIPATION,0,False,0.0,17.226504240523884,81.46441250853502,48.942328042328086,35.502512836709876,45.502645502645514,0.35,0.35,0.018844207723035966,0.0,0.0,0.0,0.006595472703062588,0.006595472703062588,432809.2386258958,-0.02775591143680356
2020-11-27,NORMAL_PARTICIPATION,0,False,0.0,12.934393543675457,86.61780256411748,53.02500000000004,27.69383215536007,47.083333333333336,0.35,0.35,0.027314834176738856,0.0,0.0,0.0,0.009560191961858599,0.009560191961858599,436946.97803002526,-0.018461071316357103
2020-11-30,NORMAL_PARTICIPATION,0,False,0.0,11.68389335861645,84.94553816782656,55.10516979406389,25.53183853956898,53.28042328042329,0.35,0.35,0.005149786528117817,0.0,0.0,0.0,0.0018024252848412357,0.0018024252848412357,437734.5423113615,-0.016691920733241772
2020-12-01,NORMAL_PARTICIPATION,0,False,0.0,12.19575035853495,81.47508099962901,56.448067835360256,25.01192782461203,58.92857142857144,0.35,0.35,0.039296291608657,0.0,0.0,0.0,0.013753702063029947,0.013753702063029947,443755.0127890087,-0.00316779437483683
2020-12-02,NORMAL_PARTICIPATION,0,False,0.0,13.78868839326528,76.0151346603118,56.8163973894041,26.787591300894295,64.37169312169313,0.35,0.35,0.004018763974338313,0.0,0.0,0.0,0.0014065673910184096,0.0014065673910184096,444379.18411959865,-0.0017656827000874786
2020-12-03,NORMAL_PARTICIPATION,0,False,0.0,15.294366361219462,73.57385246217628,57.924052031056256,26.5410688839915,72.31481481481482,0.35,0.35,0.004065750659835388,0.0,0.0,0.0,0.0014230127309423856,0.0014230127309423856,445011.5413559667,-0.00034518255810589427
2020-12-04,RANGE_CARRY,0,False,0.0,15.270462296948905,75.45187429984391,58.513693672299574,24.065118862403896,80.23809523809524,0.35,0.35,0.012263831843440265,0.0,0.0,0.0,0.0042923411452040925,0.0042923411452040925,446921.6827050196,0.0
2020-12-07,GREED_TREND,0,False,0.0,14.391637617998597,79.7822837016883,60.24155260649624,19.5520537460887,87.59920634920634,0.35,0.35,0.01694607805697701,0.0,0.0,0.0,0.005931127319941953,0.005931127319941953,449572.4321071858,0.0
2020-12-08,GREED_TREND,0,False,0.0,12.6374009919722,83.01647494423689,62.050091215895584,17.69772815844786,88.16137566137566,0.35,0.35,0.009153296594973659,0.0,0.0,0.0,0.0032036538082407806,0.0032036538082407806,451012.7065413861,0.0
2020-12-09,GREED_TREND,0,False,0.0,15.764185173310482,72.21158471235549,60.894362346939566,28.590789806955417,89.39153439153439,0.35,0.35,-0.06698048263158862,0.0,0.0,0.0,-0.023443168921056017,-0.023443168921056017,440439.5394763937,-0.023443168921056023
2020-12-10,RANGE_CARRY,0,False,0.0,18.714471440387793,64.22267915306203,58.35578260177908,38.76879904510012,90.47486772486774,0.35,0.35,0.012273914690808851,0.0,0.0,0.0,0.004295870141783098,0.004295870141783098,442331.610543291,-0.019248007588669735
2020-12-11,RANGE_CARRY,0,False,0.0,23.026537105383454,53.791444376088954,54.51220758820076,53.39649789534258,91.69708994708996,0.35,0.35,-0.007017975868012671,0.0,0.0,0.0,-0.002456291553804435,-0.002456291553804435,441245.1151443328,-0.021657020424006523
2020-12-14,RANGE_CARRY,0,False,0.0,23.19420787326564,54.64896332740566,53.58410996991618,55.67276409797776,91.77513227513226,0.35,0.35,0.02132672039677619,0.0,0.0,0.0,0.0074643521388716655,0.0074643521388716655,444538.72406332707,-0.014354323911858424
2020-12-15,RANGE_CARRY,0,False,0.0,22.40033498562151,54.487314055883274,55.024441688801694,56.02434233564937,91.3994708994709,0.35,0.35,0.031079276435595604,0.0,0.0,0.0,0.01087774675245846,0.01087774675245846,449374.303725349,-0.003632719859715805
2020-12-16,NORMAL_PARTICIPATION,0,False,0.0,18.75343747440921,58.18988793366498,58.00847234656256,47.70352256186418,91.03042328042328,0.35,0.35,0.016780878370422636,0.0,0.0,0.0,0.005873307429647923,0.005873307429647923,452013.617162112,0.0
2020-12-17,GREED_EXHAUSTING,0,False,0.0,14.559233602125197,62.76184541414056,61.89718177042605,40.59832866490914,90.02645502645504,0.35,0.35,0.02049673904987781,0.0,0.0,0.0,0.007173858667457233,0.007173858667457233,455256.29896739905,0.0
2020-12-18,GREED_TREND,0,False,0.0,11.660797781531647,67.34216976759008,63.03498504930599,34.78356131663616,89.45105820105822,0.35,0.35,-0.010893592298230281,0.0,0.0,0.0,-0.0038127573043805984,-0.0038127573043805984,453520.5171881459,-0.0038127573043804652
2020-12-21,GREED_TREND,0,False,0.0,12.46915295292595,66.18395616399106,61.60619494137112,36.471151130298985,89.60185185185186,0.35,0.35,-0.003730846714055547,0.0,0.0,0.0,-0.0013057963499194412,-0.0013057963499194412,452928.31175218796,-0.005113574969728862
2020-12-22,GREED_EXHAUSTING,0,False,0.0,14.252507573451624,59.890039077123426,60.83276933876751,41.38090268933018,90.05026455026456,0.35,0.35,0.007890373099953774,0.0,0.0,0.0,0.0027616305849838207,0.0027616305849838207,454179.1324307279,-0.0023660661897800805
2020-12-23,RANGE_CARRY,0,False,0.0,16.4831387416242,49.66700214405228,59.6791460663188,50.771498956400016,90.255291005291,0.35,0.35,-0.01507223062615104,0.0,0.0,0.0,-0.005275280719152863,-0.005275280719152863,451783.2100103745,-0.007628865245581706
2020-12-24,GREED_EXHAUSTING,0,False,0.0,15.436695805648176,48.671205174286875,60.436036409977305,53.89048087878686,89.09920634920637,0.35,0.35,0.01299225568759188,0.0,0.0,0.0,0.004547289490657158,0.004547289490657158,453837.59905331,-0.0031162664136814566
2020-12-28,GREED_EXHAUSTING,0,False,0.0,13.93666006984652,51.67871058606196,60.86422844661251,53.8018595501645,88.00925925925928,0.35,0.35,0.029998213574088606,0.0,0.0,0.0,0.01049937475093101,0.01049937475093101,458602.61008183344,0.0
2020-12-29,GREED_EXHAUSTING,0,False,0.0,11.832168648293086,56.511254349416554,61.622655734168,49.63576844121133,87.7579365079365,0.35,0.35,0.002948475064706191,0.0,0.0,0.0,0.0010319662726471666,0.0010319662726471666,459075.87250798586,0.0
2020-12-30,GREED_EXHAUSTING,0,False,0.0,11.861152646728208,59.157985814683805,60.48733767714484,43.67617458366897,88.01587301587301,0.35,0.35,-0.00016849573218036262,0.0,0.0,0.0,-5.897350626312691e-05,-5.897350626312691e-05,459048.79919414327,-5.89735062630492e-05
2020-12-31,RANGE_CARRY,0,False,0.0,12.10555815526268,60.100026575575235,58.12488017048549,38.12829490042119,88.64285714285715,0.35,0.35,0.007818632559748462,0.0,0.0,0.0,0.0027365213959119616,0.0027365213959119616,460304.99605490564,0.0
2021-01-04,RANGE_CARRY,0,False,0.0,17.677750245190975,50.806698801480046,53.58256181289202,44.326927266159146,89.97089947089948,0.35,0.35,-0.043731573157315684,0.0,0.0,0.0,-0.015306050605060488,-0.015306050605060488,453259.54449152714,-0.015306050605060406
2021-01-05,RANGE_CARRY,0,False,0.0,22.851885726475086,44.917589401922015,52.75320674091759,50.24742178258549,90.87566137566138,0.35,0.35,0.025083750552201245,0.0,0.0,0.0,0.008779312693270435,0.008779312693270435,457238.8517638276,-0.006661114516150701
2021-01-06,RANGE_CARRY,0,False,0.0,27.8314666147897,38.825375362978555,48.36977689701961,60.138022244723366,91.73015873015873,0.35,0.35,-0.04135785565825556,0.0,0.0,0.0,-0.014475249480389444,-0.014475249480389444,450620.2053124194,-0.02103994270210141
2021-01-07,RANGE_CARRY,0,False,0.0,23.381615696513283,51.75845763244272,50.679740722486464,51.03445399894935,89.85978835978837,0.35,0.35,0.07223132755794892,0.0,0.0,0.0,0.025280964645282122,0.025280964645282122,462012.3187913724,0.0
2021-01-08,NORMAL_PARTICIPATION,0,False,0.0,18.97436685068494,60.239508999496174,54.21940115771889,45.17896525731745,89.38492063492065,0.35,0.35,0.03875968992248069,0.0,0.0,0.0,0.013565891472868241,0.013565891472868241,468279.9277672244,0.0
2021-01-11,RANGE_CARRY,0,False,0.0,14.581791805282785,68.73264910316944,57.278754060471435,40.37597971191092,88.9021164021164,0.35,0.35,-0.04419592179945353,0.0,0.0,0.0,-0.015468572629808735,-0.015468572629808735,461036.3056934754,-0.01546857262980883
2021-01-12,RANGE_CARRY,0,False,0.0,14.370016885355694,67.36686456002998,55.04576254125927,44.342139302759676,89.61640211640213,0.35,0.35,-0.0043459518426306465,0.0,0.0,0.0,-0.0015210831449207261,-0.0015210831449207261,460335.03113968857,-0.01696612678962639
2021-01-13,RANGE_CARRY,0,False,0.0,13.18185607962576,65.5516016531095,50.4667330094872,45.260309133541476,89.06084656084657,0.35,0.35,0.019438922023415017,0.0,0.0,0.0,0.0068036227081952555,0.0068036227081952555,463466.9770109284,-0.010277935206926991
2021-01-14,RANGE_CARRY,0,False,0.0,14.614981121292638,63.07795981935493,47.89006601540249,46.55552109484277,88.9021164021164,0.35,0.35,-0.015224268689057352,0.0,0.0,0.0,-0.005328494041170073,-0.005328494041170073,460997.3959856466,-0.015551663331591414
2021-01-15,RANGE_CARRY,0,False,0.0,18.034792766762177,56.207501680627786,45.22610172793799,51.37940900684472,89.35185185185185,0.35,0.35,-0.024309421441050638,0.0,0.0,0.0,-0.008508297504367723,-0.008508297504367723,457075.0929918618,-0.023927642657646353
2021-01-19,RANGE_CARRY,0,False,0.0,18.171930838409803,57.03705736104636,44.20519179865041,53.108673862691,89.52380952380952,0.35,0.35,0.04335334418820724,0.0,0.0,0.0,0.015173670465872533,0.015173670465872533,464010.5998310784,-0.009117042356486027
2021-01-20,RANGE_CARRY,0,False,0.0,15.231725711275528,60.615161500855415,49.716288819440656,47.31043997074867,87.43386243386243,0.35,0.35,0.06970712201448181,0.0,0.0,0.0,0.024397492705068635,0.024397492705068635,475331.29505553166,0.0
2021-01-21,NORMAL_PARTICIPATION,0,False,0.0,10.570272836664758,69.63320414918728,58.00359470833444,35.85497417153018,85.41005291005293,0.35,0.35,0.024853505758739125,0.0,0.0,0.0,0.008698727015558693,0.008698727015558693,479466.0722331717,0.0
2021-01-22,GREED_TREND,0,False,0.0,10.567555513136769,69.08099396280575,62.35358066859001,33.449024639787844,85.25132275132275,0.35,0.35,-0.009069400630914881,0.0,0.0,0.0,-0.0031742902208202082,-0.0031742902208202082,477944.10776886693,-0.003174290220820164
2021-01-25,GREED_TREND,0,False,0.0,11.088597896334775,66.24504840012143,63.3689579661679,30.93230598477987,87.07671957671958,0.35,0.35,0.027755670513330832,0.0,0.0,0.0,0.009714484679665791,0.009714484679665791,482587.0884815241,0.0
2021-01-26,GREED_TREND,0,False,0.0,13.305427864438919,62.24414192676005,63.69800161750934,31.13405279348395,88.80952380952381,0.35,0.35,0.001064756557932478,0.0,0.0,0.0,0.0003726647952763673,0.0003726647952763673,482766.9317000561,0.0
2021-01-27,RANGE_CARRY,0,False,0.0,23.86196797623282,48.942533263644584,57.91339422975244,40.58949351212014,92.16798941798942,0.35,0.35,-0.08064204215818993,0.0,0.0,0.0,-0.028224714755366472,-0.028224714755366472,469140.9727594985,-0.028224714755366587
2021-01-28,RISK_WARNING,0,False,0.0,31.903481866637872,43.63758267357235,52.144516737289734,51.66736736971314,94.27116402116401,0.35,0.35,0.01472444257467398,0.0,0.0,0.0,0.005153554901135893,0.005153554901135893,471558.7165189869,-0.023216617471291334
2021-01-29,RISK_WARNING,0,False,0.0,41.43383169288333,32.73646357708153,43.68870609263615,68.08176358000189,96.65211640211639,0.35,0.35,-0.062292703150912176,0.0,0.0,0.0,-0.02180244610281926,-0.02180244610281926,461277.58301776706,-0.04451288452300295
2021-02-01,RISK_WARNING,0,False,0.0,37.69616311740493,39.58067800473006,46.55171291887434,68.96994393540949,94.92063492063492,0.35,0.35,0.07350502929147784,0.0,0.0,0.0,0.02572676025201724,0.02572676025201724,473144.76080569514,-0.01993129657923476
2021-02-02,RISK_WARNING,0,False,0.0,30.836521970144997,46.35317505069013,51.78742098094165,67.4544167526923,88.1878306878307,0.35,0.35,0.048393739703459504,0.0,0.0,0.0,0.016937808896210826,0.016937808896210826,481158.7963444654,-0.003331080175536627
2021-02-03,NORMAL_PARTICIPATION,0,False,0.0,19.454477431775718,61.258173287336156,58.52991820047291,58.30512004663921,79.9404761904762,0.35,0.35,-0.011490866234531438,0.0,0.0,0.0,-0.004021803182086003,-0.004021803182086003,479223.6703662386,-0.0073394864087727996
2021-02-04,GREED_EXHAUSTING,0,False,0.0,15.146247523443265,68.84143721023061,64.66287554109722,49.35920358488864,70.32407407407408,0.35,0.35,0.03537009438648764,0.0,0.0,0.0,0.012379533035270673,0.012379533035270673,485156.23562482116,0.0
2021-02-05,GREED_TREND,0,False,0.0,15.304628402288964,71.26280295454673,67.36906610953035,39.98052076245389,65.68121693121694,0.35,0.35,0.010459648786105058,0.0,0.0,0.0,0.00366087707513677,0.00366087707513677,486932.33296567976,0.0
2021-02-08,GREED_TREND,0,False,0.0,14.56196139646807,74.64250895918973,69.74579895780626,29.781153865079556,63.597883597883616,0.35,0.35,0.019563152896486358,0.0,0.0,0.0,0.0068471035137702245,0.0068471035137702245,490266.4090536974,0.0
2021-02-09,GREED_TREND,0,False,0.0,13.11684726384258,75.61942788022817,69.13949064850102,27.607860479148815,66.72619047619048,0.35,0.35,-0.0004657228017883597,0.0,0.0,0.0,-0.00016300298062592588,-0.00016300298062592588,490186.4941677209,-0.00016300298062588148
2021-02-10,GREED_TREND,0,False,0.0,13.84298654194582,75.18105378638002,68.27284099725419,30.906645771874935,72.24867724867725,0.35,0.35,-0.007082284968782049,0.0,0.0,0.0,-0.002478799739073717,-0.002478799739073717,488971.4200138805,-0.002641398667953876
2021-02-11,GREED_TREND,0,False,0.0,15.778933643460448,71.969574513115,68.8851509456179,33.997733578647654,75.7010582010582,0.35,0.35,0.016142656030032843,0.0,0.0,0.0,0.005649929610511494,0.005649929610511494,491734.07411851076,0.0
2021-02-12,GREED_TREND,0,False,0.0,17.584972914948555,70.93767282132656,70.62541762107713,33.47167795312005,75.61507936507937,0.35,0.35,0.016994550660386132,0.0,0.0,0.0,0.005948092731135146,0.005948092731135146,494658.9539904265,0.0
2021-02-16,GREED_TREND,0,False,0.0,19.358998464468687,68.61625359555929,71.02262360299305,36.99170968509916,77.97619047619048,0.35,0.35,-0.00835528108255379,0.0,0.0,0.0,-0.0029243483788938263,-0.0029243483788938263,493212.3988802192,-0.002924348378893993
2021-02-17,GREED_EXHAUSTING,0,False,0.0,21.45451844443146,64.4120680929701,69.13972951779898,45.99550034708765,80.62169312169313,0.35,0.35,-0.01392068870775709,0.0,0.0,0.0,-0.004872241047714981,-0.004872241047714981,490809.349185153,-0.007782341296399431
2021-02-18,GREED_EXHAUSTING,0,False,0.0,19.121432913371294,56.51969875707311,63.14537993245198,55.900210712994586,84.78835978835978,0.35,0.35,-0.013467075322745492,0.0,0.0,0.0,-0.004713476362960922,-0.004713476362960922,488495.9309190486,-0.012459135777611263
2021-02-19,RANGE_CARRY,0,False,0.0,16.601630966335637,52.51571439759417,56.177885007096585,59.50750441868268,85.22486772486774,0.35,0.35,-0.013180192054227158,0.0,0.0,0.0,-0.004613067218979505,-0.004613067218979505,486242.46635352104,-0.01701472816575833
2021-02-22,RANGE_CARRY,0,False,0.0,20.715685052688215,47.39832327040099,47.5779665812629,63.954502155751435,87.44708994708996,0.35,0.35,-0.07746613241747746,0.0,0.0,0.0,-0.027113146346117112,-0.027113146346117112,473058.90320358105,-0.04366655169707789
2021-02-23,RANGE_CARRY,0,False,0.0,26.89682539682541,47.01331296345828,41.1920431544281,66.38308372260946,89.08730158730161,0.35,0.35,-0.00889348500517062,0.0,0.0,0.0,-0.003112719751809717,-0.003112719751809717,471586.4034118098,-0.04664334971092676
2021-02-24,NORMAL_PARTICIPATION,0,False,0.0,29.65714285714287,49.60003284208921,38.8079302564034,67.28916584921545,88.16137566137566,0.35,0.35,0.024102671118530816,0.0,0.0,0.0,0.008435934891485785,0.008435934891485785,475564.6756067018,-0.03860089508072306
2021-02-25,RISK_WARNING,0,False,0.0,34.61798941798943,47.50868718453017,35.44696833447026,68.25592094796065,89.84126984126983,0.35,0.35,-0.10443199184921037,0.0,0.0,0.0,-0.03655119714722363,-0.03655119714722363,458182.2173923458,-0.07374118330179202
2021-02-26,RISK_WARNING,0,False,0.0,39.19735449735452,48.11557751025145,32.99520166115666,66.97871236149598,90.92592592592594,0.35,0.35,0.015017064846416295,0.0,0.0,0.0,0.005255972696245703,0.005255972696245703,460590.4106168653,-0.06887279225156917
2021-03-01,RISK_WARNING,0,False,0.0,37.750000000000014,49.21966856993635,32.94263501995848,65.19811118959353,87.28174603174604,0.35,0.35,0.08720017933198831,0.0,0.0,0.0,0.03052006276619591,0.03052006276619591,474647.65885839995,-0.04045473142777445
2021-03-02,RISK_WARNING,0,False,0.0,30.77222222222224,55.857597675770116,34.61400784809957,62.798091008313236,83.43253968253968,0.35,0.35,-0.04793814432989696,0.0,0.0,0.0,-0.016778350515463933,-0.016778350515463933,466683.8540667294,-0.056554318279334215
2021-03-03,RISK_WARNING,0,False,0.0,31.01878306878308,52.29757395135662,32.867188001837036,65.23169576803515,83.10185185185185,0.35,0.35,-0.08673524634542495,0.0,0.0,0.0,-0.030357336220898732,-0.030357336220898732,452516.5753999608,-0.08519481604548351
2021-03-04,RISK_WARNING,0,False,0.0,38.237566137566155,44.604171990555535,25.277381131887683,69.48516190895451,90.10582010582011,0.35,0.35,-0.0494427317998577,0.0,0.0,0.0,-0.017304956129950193,-0.017304956129950193,444685.7959145892,-0.1010254796212674
2021-03-05,RISK_WARNING,0,False,0.0,40.14444444444445,44.44397181442044,22.683644260721078,66.26843534288233,90.03968253968254,0.35,0.35,0.044779842833977845,0.0,0.0,0.0,0.015672944991892247,0.015672944991892247,451655.3319326344,-0.08693590141425878
2021-03-08,RISK_WARNING,0,False,0.0,40.612433862433875,44.3260741992711,21.095537908476746,66.18611354635215,88.14153439153439,0.35,0.35,-0.08548233046800391,0.0,0.0,0.0,-0.029918815663801366,-0.029918815663801366,438142.3393129689,-0.11425369786908057
2021-03-09,RISK_WARNING,0,False,0.0,38.95634920634922,47.999823675005416,24.502559329007358,61.64258620568216,77.30820105820106,0.35,0.35,0.11775456919060057,0.0,0.0,0.0,0.041214099216710195,0.041214099216710195,456199.98115645506,-0.07774846189222273
2021-03-10,RISK_WARNING,0,False,0.0,37.05793650793652,49.202708466954086,25.55454485774547,60.26996123984071,68.57804232804233,0.35,0.35,-0.008526045316514907,0.0,0.0,0.0,-0.0029841158607802174,-0.0029841158607802174,454838.62755699846,-0.08050056733471911
2021-03-11,NORMAL_PARTICIPATION,0,False,0.0,28.972751322751332,63.196335443885836,30.93904549093703,49.8994703173889,56.26984126984127,0.35,0.35,0.06938390858758403,0.0,0.0,0.0,0.024284368005654408,0.024284368005654408,465884.0961717794,-0.05817110473088494
2021-03-12,NORMAL_PARTICIPATION,0,False,0.0,24.93333333333334,69.79018096526617,33.18939687354887,45.40364873135692,52.6984126984127,0.35,0.35,-0.024895351398986576,0.0,0.0,0.0,-0.0087133729896453,-0.0087133729896453,461824.67427189095,-0.06637761118779018
2021-03-15,NORMAL_PARTICIPATION,0,False,0.0,22.951058201058213,73.18584441891758,36.751797497671674,40.00331021330977,49.10052910052911,0.35,0.35,0.031970176231360226,0.0,0.0,0.0,0.011189561680976078,0.011189561680976078,466992.2899504529,-0.05593078588143585
2021-03-16,NORMAL_PARTICIPATION,0,False,0.0,22.345238095238106,71.68631750258392,38.99734331679684,36.440544867723396,48.54497354497355,0.35,0.35,0.016420361247947435,0.0,0.0,0.0,0.005747126436781602,0.005747126436781602,469676.1536858004,-0.05050510074282333
2021-03-17,NORMAL_PARTICIPATION,0,False,0.0,20.78968253968255,74.57944405795561,42.17044805370214,32.951287023754645,46.81216931216932,0.35,0.35,0.012600969305331278,0.0,0.0,0.0,0.004410339256865947,0.004410339256865947,471747.58486441465,-0.046317506114435525
2021-03-18,NORMAL_PARTICIPATION,0,False,0.0,24.216402116402126,68.1272308889751,39.29814574789307,37.555275316813116,47.60582010582011,0.35,0.35,-0.09178898106785782,0.0,0.0,0.0,-0.032126143373750235,-0.032126143373750235,456592.15431684005,-0.07695564664603882
2021-03-19,NORMAL_PARTICIPATION,0,False,0.0,26.22883597883599,64.53251630882808,36.27773801831897,39.39061576969869,47.18253968253969,0.35,0.35,0.012764960768239852,0.0,0.0,0.0,0.004467736268883948,0.004467736268883948,458632.08764476917,-0.07283172791077097
2021-03-22,NORMAL_PARTICIPATION,0,False,0.0,26.705555555555563,60.30681105981899,35.822549503576084,43.576119239142514,45.91931216931217,0.35,0.35,0.053307123034227466,0.0,0.0,0.0,0.018657493061979613,0.018657493061979613,467189.0126380027,-0.05553309230697856
2021-03-23,NORMAL_PARTICIPATION,0,False,0.0,24.206084656084666,61.92521432855121,38.69561597120188,46.04527308933026,43.90873015873017,0.35,0.35,-0.013064002634756822,0.0,0.0,0.0,-0.004572400922164887,-0.004572400922164887,465052.83716579137,-0.05985157366666838
2021-03-24,NORMAL_PARTICIPATION,0,False,0.0,25.93306878306879,55.85246284676358,38.29391329402204,57.81451734240619,43.445767195767196,0.35,0.35,-0.05050055617352622,0.0,0.0,0.0,-0.017675194660734177,-0.017675194660734177,456832.9377413593,-0.07646888011209296
2021-03-25,NORMAL_PARTICIPATION,0,False,0.0,27.466137566137576,47.37339057488824,34.61304448803947,62.760241071010654,44.78835978835979,0.35,0.35,-0.005388940955951216,0.0,0.0,0.0,-0.0018861293345829254,-0.0018861293345829254,455971.29173648165,-0.07821077924871367
2021-03-26,NORMAL_PARTICIPATION,0,False,0.0,26.023015873015883,50.25038612751029,34.97516713036748,59.45584156138642,43.70370370370372,0.35,0.35,0.044169611307420586,0.0,0.0,0.0,0.015459363957597205,0.015459363957597205,463020.3178896517,-0.06396050419292953
2021-03-29,NORMAL_PARTICIPATION,0,False,0.0,24.282275132275146,55.1689745847682,35.78307099604107,52.17199660047283,43.45238095238096,0.35,0.35,-0.0005640157924423628,0.0,0.0,0.0,-0.00019740552735482696,-0.00019740552735482696,462928.9151196227,-0.06414528356322424
2021-03-30,NORMAL_PARTICIPATION,0,False,0.0,24.136243386243397,62.74478770360571,35.66270970175255,49.800880554179024,43.055555555555564,0.35,0.35,-0.014221218961625204,0.0,0.0,0.0,-0.004977426636568821,-0.004977426636568821,460624.7204066683,-0.06880343175677528
2021-03-31,NORMAL_PARTICIPATION,0,False,0.0,23.852645502645515,66.4823020102282,36.633821980984294,44.39863772654382,43.86243386243387,0.35,0.35,0.04488207007098688,0.0,0.0,0.0,0.015708724524845407,0.015708724524845407,467860.5472488707,-0.05417552138776094
2021-04-01,NORMAL_PARTICIPATION,0,False,0.0,19.24126984126985,73.83707977453228,43.97405430085606,35.65628508405253,42.089947089947096,0.35,0.35,0.05084374315143547,0.0,0.0,0.0,0.017795310103002414,0.017795310103002414,476186.27077212476,-0.03734428148784552
2021-04-05,NORMAL_PARTICIPATION,0,False,0.0,14.099870801033605,76.6989484483392,53.762580684962465,28.18119180673737,41.0978835978836,0.35,0.35,0.060062565172054105,0.0,0.0,0.0,0.021021897810218935,0.021021897810218935,486196.60989492567,-0.017107431346860102
2021-04-06,GREED_TREND,0,False,0.0,12.957169838453126,75.25745303452864,60.70086183869071,30.433242522842765,41.36904761904763,0.35,0.35,-0.0023608105449537398,0.0,0.0,0.0,-0.0008262836907338088,-0.0008262836907338088,485794.8735656795,-0.01791957944608147
2021-04-07,GREED_TREND,0,False,0.0,12.039454979508685,72.21057934286368,63.09673773159948,32.52177467196681,45.661375661375665,0.35,0.35,0.007394991126010719,0.0,0.0,0.0,0.0025882468941037517,0.0025882468941037517,487052.2306383573,-0.015377712847822855
2021-04-08,GREED_TREND,0,False,0.0,13.59567428920438,70.49263078818556,65.91904920512228,33.135100119397386,49.63624338624339,0.35,0.35,0.03122247235000497,0.0,0.0,0.0,0.010927865322501739,0.010927865322501739,492374.67181979737,-0.004617893100290149
2021-04-09,GREED_TREND,0,False,0.0,12.984255988438127,68.74887507159531,68.05088090453074,31.692661100491467,53.81613756613757,0.35,0.35,0.018128321943811754,0.0,0.0,0.0,0.006344912680334113,0.006344912680334113,495498.7461185021,0.0
2021-04-12,GREED_TREND,0,False,0.0,14.208261516880782,66.4235436365593,69.60805419006958,37.76533128055332,54.46428571428572,0.35,0.35,-0.003915353780180819,0.0,0.0,0.0,-0.0013703738230632866,-0.0013703738230632866,494819.72760746063,-0.0013703738230632645
2021-04-13,GREED_TREND,0,False,0.0,14.200760924792428,65.85841938953557,70.63896857531496,39.059216357929394,54.32539682539683,0.35,0.35,0.034253626579316965,0.0,0.0,0.0,0.011988769302760938,0.011988769302760938,500752.00716820144,0.0
2021-04-14,GREED_EXHAUSTING,0,False,0.0,13.776799808346452,65.50042638293526,69.93296751705857,46.045704422518156,52.90343915343916,0.35,0.35,-0.035109944801375526,0.0,0.0,0.0,-0.012288480680481433,-0.012288480680481433,494598.52580240276,-0.012288480680481273
2021-04-15,GREED_EXHAUSTING,0,False,0.0,13.488354400705473,66.22275710977104,71.25971140781267,42.612887919721935,49.768518518518526,0.35,0.35,0.04417143393041356,0.0,0.0,0.0,0.015460001875644745,0.015460001875644745,502245.019938999,0.0
2021-04-16,GREED_EXHAUSTING,0,False,0.0,12.966708309007968,67.40961753782956,71.9355125588096,44.38674635164448,50.33068783068783,0.35,0.35,0.00422130411352617,0.0,0.0,0.0,0.0014774564397341593,0.0014774564397341593,502987.06507803226,0.0
2021-04-19,GREED_EXHAUSTING,0,False,0.0,14.270862139340394,63.54288499531598,72.61451816117498,46.157280605778084,54.37830687830689,0.35,0.35,-0.027278418746087052,0.0,0.0,0.0,-0.009547446561130468,-0.009547446561130468,498184.8229532599,-0.00954744656113038
2021-04-20,GREED_EXHAUSTING,0,False,0.0,18.261612503826225,56.651303943824814,69.17088220986507,54.721786992602325,64.10714285714285,0.35,0.35,-0.021883045237219623,0.0,0.0,0.0,-0.007659065833026868,-0.007659065833026868,494369.1925972461,-0.017133387872408257
2021-04-21,GREED_EXHAUSTING,0,False,0.0,16.16800241021613,54.48842616265451,64.83122321804349,57.06758795488097,67.92989417989418,0.35,0.35,0.025286708027824734,0.0,0.0,0.0,0.008850347809738656,0.008850347809738656,498744.5318981513,-0.008434676504499694
2021-04-22,NORMAL_PARTICIPATION,0,False,0.0,16.922651943551013,49.31761046203551,59.494278300040435,59.68993854152357,71.72619047619048,0.35,0.35,-0.03639864307325569,0.0,0.0,0.0,-0.01273952507563949,-0.01273952507563949,492390.7634276968,-0.02106674780730511
2021-04-23,NORMAL_PARTICIPATION,0,False,0.0,14.680559750732657,50.73950219098432,59.588883676783404,58.60761327846001,68.59126984126985,0.35,0.35,0.037678401522359684,0.0,0.0,0.0,0.01318744053282589,0.01318744053282589,498884.13733931223,-0.008157123758408158
2021-04-26,GREED_EXHAUSTING,0,False,0.0,17.163647430248908,48.382160328377324,60.07911054670069,60.335866270851,69.82804232804233,0.35,0.35,0.019805611589950534,0.0,0.0,0.0,0.006931964056482686,0.006931964056482686,502342.3842476977,-0.001281704590623045
2021-04-27,GREED_EXHAUSTING,0,False,0.0,14.17308281690651,54.56009453062499,61.26748130039011,56.67473662763961,67.73809523809524,0.35,0.35,-0.013127135407300816,0.0,0.0,0.0,-0.0045944973925552855,-0.0045944973925552855,500034.37347310176,-0.005870313194778487
2021-04-28,GREED_EXHAUSTING,0,False,0.0,12.691624433282536,53.206029992159756,60.172996695788044,58.58896396942273,68.48544973544973,0.35,0.35,-0.010295189504373248,0.0,0.0,0.0,-0.0036033163265306364,-0.0036033163265306364,498232.5914513396,-0.009452476925932651
2021-04-29,NORMAL_PARTICIPATION,0,False,0.0,11.185423946302334,51.62302306965867,58.013075620135545,58.195188690430804,68.67063492063492,0.35,0.35,0.010034060572585934,0.0,0.0,0.0,0.003511921200405077,0.003511921200405077,499982.34505199036,-0.005973752079640016
2021-04-30,RANGE_CARRY,0,False,0.0,12.458215087024726,43.15571101930484,55.81440490826052,62.027676828616755,70.5952380952381,0.35,0.35,-0.018775063798760483,0.0,0.0,0.0,-0.006571272329566169,-0.006571272329566169,496696.8249026786,-0.012505769257461496
2021-05-03,RANGE_CARRY,0,False,0.0,13.087275651144928,38.85318256011286,50.45592145827894,61.65927696115326,75.02645502645504,0.35,0.35,-0.01634776147129846,0.0,0.0,0.0,-0.005721716514954461,-0.005721716514954461,493854.8664767075,-0.0181559313059233
2021-05-04,RANGE_CARRY,0,False,0.0,19.441833681932277,31.602541545346,42.53837339162563,68.00937574135936,79.39153439153439,0.35,0.35,-0.052691218130311746,0.0,0.0,0.0,-0.018441926345609108,-0.018441926345609108,484747.2314037234,-0.03626302730365272
2021-05-05,RANGE_CARRY,0,False,0.0,24.736789370890573,31.620346738352083,35.92606554411679,68.12267729694332,82.08333333333334,0.35,0.35,-0.011662679425837208,0.0,0.0,0.0,-0.004081937799043023,-0.004081937799043023,482768.5233568752,-0.040196941680837095
2021-05-06,RANGE_CARRY,0,False,0.0,27.81114990158578,34.71989105081378,33.04672021263144,67.30976589378069,82.52645502645503,0.35,0.35,0.02188603126575872,0.0,0.0,0.0,0.007660110943015551,0.007660110943015551,486466.5838055846,-0.03284474377066682
2021-05-07,RANGE_CARRY,0,False,0.0,23.193910022847476,41.9962355996287,34.659239145096684,62.17685204245982,79.47089947089947,0.35,0.35,0.02447690485590215,0.0,0.0,0.0,0.008566916699565752,0.008566916699565752,490634.10250616923,-0.024559205255003214
2021-05-10,RANGE_CARRY,0,False,0.0,24.38254737819906,42.04062791482863,32.68839006158588,62.66950357751597,78.86243386243386,0.35,0.35,-0.07514450867052025,0.0,0.0,0.0,-0.026300578034682085,-0.026300578034682085,477730.1420067295,-0.05021386199540634
2021-05-11,RANGE_CARRY,0,False,0.0,26.96905460015805,38.3834099987966,28.99902697783172,62.39538249547535,80.55555555555556,0.35,0.35,-0.0050000000000000044,0.0,0.0,0.0,-0.0017500000000000013,-0.0017500000000000013,476894.1142582177,-0.051875987736914375
2021-05-12,RISK_WARNING,0,False,0.0,38.474842842233215,30.176364207735663,21.761674826678725,68.64354313574027,86.75264550264552,0.35,0.35,-0.07610971524288102,0.0,0.0,0.0,-0.026638400335008354,-0.026638400335008354,464190.41792519815,-0.0771324947428127
2021-05-13,RISK_WARNING,0,False,0.0,40.921026600631386,34.0912660197618,19.990025446470003,66.9041445519092,89.21296296296298,0.35,0.35,0.021076487252124743,0.0,0.0,0.0,0.007376770538243659,0.007376770538243659,467614.6441242838,-0.07032471291932896
2021-05-14,RISK_WARNING,0,False,0.0,39.31961376928149,39.9272283866876,21.80341598022652,66.57688428802214,81.81878306878308,0.35,0.35,0.06503162801020967,0.0,0.0,0.0,0.022761069803573383,0.022761069803573383,478258.0536803698,-0.04916430881542855
2021-05-17,RISK_WARNING,0,False,0.0,30.141708330502833,47.89894915940986,25.308634453906098,62.288012754300475,73.75661375661376,0.35,0.35,-0.016880275085964458,0.0,0.0,0.0,-0.00590809628008756,-0.00590809628008756,475432.45905249886,-0.05478193762549066
2021-05-18,NORMAL_PARTICIPATION,0,False,0.0,24.73567194232407,51.57887079802748,26.71880683264753,61.32847040704862,68.30687830687832,0.35,0.35,-0.020985691573926712,0.0,0.0,0.0,-0.007344992050874349,-0.007344992050874349,471940.4114200306,-0.06172455677997446
2021-05-19,NORMAL_PARTICIPATION,0,False,0.0,22.64505600888727,54.410643134852045,25.670769807644007,57.73029555333941,72.18253968253968,0.35,0.35,0.0036808487604198525,0.0,0.0,0.0,0.0012882970661469483,0.0012882970661469483,472548.4108674592,-0.06051577927923635
2021-05-20,NORMAL_PARTICIPATION,0,False,0.0,20.61904693361741,58.50242400351454,27.346625025269116,52.94319048447028,68.86243386243386,0.35,0.35,0.05781469097184777,0.0,0.0,0.0,0.020235141840146718,0.020235141840146718,482110.49498769816,-0.041505182816371944
2021-05-21,NORMAL_PARTICIPATION,0,False,0.0,18.858215412562217,58.572207970704035,29.420533145107502,50.117571381082094,65.06613756613757,0.35,0.35,-0.016518813092688767,0.0,0.0,0.0,-0.005781584582441068,-0.005781584582441068,479323.1323828443,-0.047046801673750416
2021-05-24,NORMAL_PARTICIPATION,0,False,0.0,15.63852132827212,61.36365767051928,34.41313358802378,46.93797697952899,56.600529100529094,0.35,0.35,0.05007776049766721,0.0,0.0,0.0,0.017527216174183523,0.017527216174183523,487724.3325414051,-0.030344184962806775
2021-05-25,RANGE_CARRY,0,False,0.0,14.960676730736964,62.17979626434413,37.642101962667645,44.15294140844833,55.19179894179894,0.35,0.35,0.004838072669826277,0.0,0.0,0.0,0.0016933254344391967,0.0016933254344391967,488550.2085586923,-0.028702242108552545
2021-05-26,RANGE_CARRY,0,False,0.0,12.407456143888156,68.19114874305663,43.58720341778775,38.453153472155286,51.10449735449735,0.35,0.35,0.010120860764468942,0.0,0.0,0.0,0.0035423012675641296,0.0035423012675641296,490280.8005817385,-0.025261612829591384
2021-05-27,RANGE_CARRY,0,False,0.0,12.514431034588616,69.99508184314709,44.772960609621556,36.728961749410736,50.02645502645503,0.35,0.35,-0.011673151750972832,0.0,0.0,0.0,-0.0040856031128404914,-0.0040856031128404914,488277.7078167159,-0.029244007018419893
2021-05-28,RANGE_CARRY,0,False,0.0,11.679172749988224,71.90439638713399,45.49523797197475,33.622119157397016,46.67989417989418,0.35,0.35,0.009744094488189026,0.0,0.0,0.0,0.003410433070866159,0.003410433070866159,489942.9462592208,-0.025933308676213906
2021-06-01,RANGE_CARRY,0,False,0.0,12.424019700092687,70.72535989659768,43.45522009605616,32.615413694930744,47.65873015873016,0.35,0.35,-0.0097475387464665,0.0,0.0,0.0,-0.003411638561263275,-0.003411638561263275,488271.4380109439,-0.02925647216157623
2021-06-02,RANGE_CARRY,0,False,0.0,12.012427610160978,70.38249883639048,45.2810926643794,30.929364999007372,49.16666666666668,0.35,0.35,0.0052170489221379235,0.0,0.0,0.0,0.001825967122748273,0.001825967122748273,489163.005603729,-0.027483926395122427
2021-06-03,RANGE_CARRY,0,False,0.0,15.407422101445995,63.29464367986362,44.920272442918666,37.34242675065343,53.19444444444446,0.35,0.35,-0.03143360752056412,0.0,0.0,0.0,-0.011001762632197442,-0.011001762632197442,483781.3503276244,-0.038183317392920024
2021-06-04,RANGE_CARRY,0,False,0.0,13.353681642554788,63.07613426264508,48.73804772617839,35.00958076327932,50.443121693121704,0.35,0.35,0.05125872004852905,0.0,0.0,0.0,0.017940552016985165,0.017940552016985165,492460.6548080245,-0.02092779516780352
2021-06-07,RANGE_CARRY,0,False,0.0,11.775070937197858,61.37793123475226,51.8026594649288,33.94756439017775,47.810846560846564,0.35,0.35,0.008847855356799439,0.0,0.0,0.0,0.0030967493748798036,0.0030967493748798036,493985.6820329541,-0.017895853929527417
2021-06-08,RANGE_CARRY,0,False,0.0,7.268046318770776,64.31073941800211,56.7500955338166,28.749871925876068,47.242063492063494,0.35,0.35,0.0011439466158245093,0.0,0.0,0.0,0.00040038131553857823,0.00040038131553857823,494183.4646701837,-0.017502637779527763
2021-06-09,RANGE_CARRY,0,False,0.0,7.761788541066399,59.736015931618944,57.79150141332551,31.975151161744076,51.739417989417994,0.35,0.35,0.0011426394972386955,0.0,0.0,0.0,0.0003999238240335434,0.0003999238240335434,494381.10041114874,-0.017109713677325722
2021-06-10,GREED_TREND,0,False,0.0,7.834612033385784,58.594766831048695,60.189558124213384,33.477460422188464,56.27645502645504,0.35,0.35,0.030625832223701632,0.0,0.0,0.0,0.010719041278295571,0.010719041278295571,499680.391833665,-0.006574072126197206
2021-06-11,GREED_TREND,0,False,0.0,7.272673282929941,59.65349561082328,64.32878347034911,34.2668161541294,55.63492063492064,0.35,0.35,0.007936507936507908,0.0,0.0,0.0,0.002777777777777768,0.002777777777777768,501068.3929220918,-0.0038145556598812025
2021-06-14,GREED_TREND,0,False,0.0,9.064765828346237,61.49654191496,69.84500756063552,34.01968609288531,58.6904761904762,0.35,0.35,0.02801684673136795,0.0,0.0,0.0,0.009805896355978783,0.009805896355978783,505981.8176503427,0.0
2021-06-15,GREED_EXHAUSTING,0,False,0.0,10.734582352615734,58.30933864430017,69.67139394464225,40.92175550203347,63.06216931216932,0.35,0.35,-0.018525115781973578,0.0,0.0,0.0,-0.006483790523690752,-0.006483790523690752,502701.13753590157,-0.006483790523690858
2021-06-16,GREED_EXHAUSTING,0,False,0.0,12.353961545054652,54.58001961418606,66.56765457299022,47.828078530264214,70.23148148148148,0.35,0.35,-0.010707803992740517,0.0,0.0,0.0,-0.0037477313974591804,-0.0037477313974591804,500817.14869921986,-0.01020722241582972
2021-06-17,GREED_EXHAUSTING,0,False,0.0,14.685838315080538,51.91364388545694,66.90668641008912,50.711505833863555,70.49603174603175,0.35,0.35,0.03733259952302337,0.0,0.0,0.0,0.013066409833058179,0.013066409833058179,507361.0308155475,0.0
2021-06-18,GREED_EXHAUSTING,0,False,0.0,22.130176884962214,46.0972226091373,66.0862142587953,53.61375829972821,73.08862433862434,0.35,0.35,-0.02387478999027326,0.0,0.0,0.0,-0.00835617649659564,-0.00835617649659564,503121.4324945581,-0.008356176496595591
2021-06-21,GREED_EXHAUSTING,0,False,0.0,24.755315355584354,43.210785858453676,67.81125584124963,52.89271103118627,72.61904761904762,0.35,0.35,0.018298758945556548,0.0,0.0,0.0,0.006404565630944791,0.006404565630944791,506343.70672930445,-0.002005128546447077
2021-06-22,GREED_EXHAUSTING,0,False,0.0,21.70273290752812,43.38406171835262,66.23492859855519,52.021220483418716,74.27248677248677,0.35,0.35,0.02793345787741308,0.0,0.0,0.0,0.009776710257094577,0.009776710257094577,511294.08244050003,0.0
2021-06-23,GREED_EXHAUSTING,0,False,0.0,14.538109461957177,49.606150404836605,68.93491521498271,44.53639865292924,71.56084656084657,0.35,0.35,0.0017308524448291784,0.0,0.0,0.0,0.0006057983556902124,0.0006057983556902124,511603.82355491666,0.0
2021-06-24,GREED_TREND,0,False,0.0,13.652630424210514,54.776623742603,72.0040032859982,38.723465437326375,70.41005291005291,0.35,0.35,0.018401727861770967,0.0,0.0,0.0,0.006440604751619838,0.006440604751619838,514898.86157185136,0.0
2021-06-25,GREED_TREND,0,False,0.0,14.715393107450415,58.89475403633491,73.06267126448942,37.62631200021372,69.21296296296298,0.35,0.35,-0.003138785205293426,0.0,0.0,0.0,-0.0010985748218526991,-0.0010985748218526991,514333.20664672786,-0.0010985748218528268
2021-06-28,GREED_TREND,0,False,0.0,16.293378661818753,60.01236439501432,75.19065061775011,36.48483450138547,68.32010582010582,0.35,0.35,0.03540124244745124,0.0,0.0,0.0,0.012390434856607934,0.012390434856607934,520706.0187382744,0.0
2021-06-29,GREED_TREND,0,False,0.0,17.786972044908865,59.525000455935505,76.70636446702524,36.644189155621554,68.94179894179894,0.35,0.35,0.01125996548039776,0.0,0.0,0.0,0.003940987918139216,0.003940987918139216,522758.1148670243,0.0
2021-06-30,GREED_TREND,0,False,0.0,19.54038262515709,56.577729231256626,78.40970398242355,38.701742334565246,69.87433862433862,0.35,0.35,-0.004388816644993576,0.0,0.0,0.0,-0.0015360858257477516,-0.0015360858257477516,521955.11353648244,-0.0015360858257477128
2021-07-01,GREED_EXHAUSTING,0,False,0.0,20.43104425639761,54.453815138957424,78.31056119565295,41.66494480977959,71.77248677248677,0.35,0.35,0.0004897959183673972,0.0,0.0,0.0,0.00017142857142858902,0.00017142857142858902,522044.5915559458,-0.0013649205833179412
2021-07-02,GREED_EXHAUSTING,0,False,0.0,19.03378958463744,54.20733333850615,78.33230197750565,41.74081806247278,71.98412698412697,0.35,0.35,0.03394255874673635,0.0,0.0,0.0,0.011879895561357722,0.011879895561357722,528246.4267820021,0.0
2021-07-06,GREED_EXHAUSTING,0,False,0.0,21.28512305367134,51.578646656964644,78.59851358943166,40.92341636695722,74.29232804232805,0.35,0.35,0.013415404040403978,0.0,0.0,0.0,0.0046953914141413915,0.0046953914141413915,530726.7505188652,0.0
2021-07-07,GREED_EXHAUSTING,0,False,0.0,23.224012955283218,50.000039647711894,79.3234467327335,40.512063939178745,75.7473544973545,0.35,0.35,0.006385298240149773,0.0,0.0,0.0,0.00223485438405242,0.00223485438405242,531912.8475239963,0.0
2021-07-08,GREED_EXHAUSTING,0,False,0.0,28.520885901720487,44.190356724715464,75.82804994275658,47.997289264853144,79.38492063492065,0.35,0.35,-0.017332095326524355,0.0,0.0,0.0,-0.006066233364283524,-0.006066233364283524,528686.1400614551,-0.00606623336428358
2021-07-09,GREED_EXHAUSTING,0,False,0.0,26.5544696520534,44.019969990781455,74.34632946394919,48.63657570256809,79.41798941798942,0.35,0.35,0.016929133858267775,0.0,0.0,0.0,0.005925196850393721,0.005925196850393721,531818.7095133939,-0.00017698014071387824
2021-07-12,GREED_EXHAUSTING,0,False,0.0,24.322452559908125,45.22898914284307,73.62914720492194,50.0570393760539,77.7579365079365,0.35,0.35,0.012543554006968716,0.0,0.0,0.0,0.00439024390243905,0.00439024390243905,534153.5233600382,0.0
2021-07-13,GREED_EXHAUSTING,0,False,0.0,20.367398926673868,47.89456181477684,74.82979986829288,47.716311749635274,75.89285714285715,0.35,0.35,-0.0005352909688768337,0.0,0.0,0.0,-0.0001873518391068918,-0.0001873518391068918,534053.4487150712,-0.00018735183910700837
2021-07-14,GREED_EXHAUSTING,0,False,0.0,20.4553396477877,47.79527911914204,75.52773323669167,50.98347118528821,74.91402116402116,0.35,0.35,0.005432287681713888,0.0,0.0,0.0,0.0019013006885998606,0.0019013006885998606,535068.8449048623,0.0
2021-07-15,GREED_EXHAUSTING,0,False,0.0,21.749756745872904,45.72332442457674,73.21303334623282,58.31946538443694,75.60846560846561,0.35,0.35,-0.02069857697283306,0.0,0.0,0.0,-0.0072445019404915705,-0.0072445019404915705,531192.5376196525,-0.007244501940491643
2021-07-16,GREED_EXHAUSTING,0,False,0.0,24.014824096852994,37.65467972987755,69.19585620260152,67.55146946191319,75.87301587301587,0.35,0.35,-0.024555132488926823,0.0,0.0,0.0,-0.008594296371124388,-0.008594296371124388,526627.3115212196,-0.015776536914878236
2021-07-19,RISK_WARNING,0,False,0.0,32.69319491141109,25.230979281792557,61.16087425556079,78.74293833464701,78.46560846560847,0.35,0.35,-0.023978331872859138,0.0,0.0,0.0,-0.008392416155500697,-0.008392416155500697,522207.635964081,-0.024036549807096574
2021-07-20,RISK_WARNING,0,False,0.0,35.267033174315486,21.58266173364217,57.63060366112811,79.032326071086,79.72222222222223,0.35,0.35,0.03297420829252373,0.0,0.0,0.0,0.011540972902383305,0.011540972902383305,528234.42014016,-0.012772982074703898
2021-07-21,RISK_WARNING,0,False,0.0,34.871083975016774,28.91422995126477,58.73468143962848,72.3583958825591,78.7367724867725,0.35,0.35,0.022835018963337506,0.0,0.0,0.0,0.007992256637168127,0.007992256637168127,532456.205190506,-0.004882810388298631
2021-07-22,GREED_EXHAUSTING,0,False,0.0,26.61175285820418,41.39526851963263,64.8098894726251,61.39001515225133,75.37698412698411,0.35,0.35,0.02101197373503272,0.0,0.0,0.0,0.007354190807261451,0.007354190807261451,536371.9897199873,0.0
2021-07-23,GREED_EXHAUSTING,0,False,0.0,23.559401015430847,49.07110949665684,70.17923579420828,53.48902455478981,71.52116402116401,0.35,0.35,0.0332147991223426,0.0,0.0,0.0,0.011625179692819908,0.011625179692819908,542607.4104826775,0.0
2021-07-26,GREED_EXHAUSTING,0,False,0.0,23.029011584700623,53.694505398741306,73.42107293591033,44.72979507609441,71.31613756613757,0.35,0.35,0.004173989455184435,0.0,0.0,0.0,0.001460896309314552,0.001460896309314552,543400.1036460584,0.0
2021-07-27,GREED_EXHAUSTING,0,False,0.0,25.58778787739846,50.83201642463249,70.65611841835296,45.94492345466637,74.09391534391534,0.35,0.35,-0.032669729453802865,0.0,0.0,0.0,-0.011434405308831002,-0.011434405308831002,537186.6466161086,-0.011434405308830886
2021-07-28,GREED_EXHAUSTING,0,False,0.0,27.351595860466883,45.921086231482995,67.44373096628247,47.66684804321167,76.93121693121692,0.35,0.35,0.010931021485111048,0.0,0.0,0.0,0.0038258575197888662,0.0038258575197888662,539241.846187595,-0.007652294194577025
2021-07-29,GREED_EXHAUSTING,0,False,0.0,27.762893814859808,43.225322179034286,65.52334889079783,51.95945979354846,76.97089947089945,0.35,0.35,0.004921700223713632,0.0,0.0,0.0,0.0017225950782997711,0.0017225950782997711,540170.741537851,-0.005942880920594584
2021-07-30,GREED_EXHAUSTING,0,False,0.0,27.7914312756659,44.86524572950618,66.04731535158813,54.30367135222064,74.87433862433862,0.35,0.35,-0.014989611160581617,0.0,0.0,0.0,-0.005246363906203566,-0.005246363906203566,537336.8092562596,-0.0111580663108376
2021-08-02,GREED_EXHAUSTING,0,False,0.0,28.122989631482298,46.36969775102026,64.32046700553786,56.891401850460674,75.5026455026455,0.35,0.35,-0.0003013409673046086,0.0,0.0,0.0,-0.00010546933855661299,-0.00010546933855661299,537280.1366984051,-0.011262358815520956
2021-08-03,GREED_EXHAUSTING,0,False,0.0,24.92703499810452,49.706634178199714,63.20238850281743,56.41264594211267,75.49603174603175,0.35,0.35,0.017407686510926945,0.0,0.0,0.0,0.00609269027882443,0.00609269027882443,540553.6181642731,-0.005238286600768305
2021-08-04,GREED_EXHAUSTING,0,False,0.0,20.666780488250485,52.084343758084096,64.07511473714489,51.12795029034739,75.62169312169313,0.35,0.35,0.004962595363306566,0.0,0.0,0.0,0.001736908377157298,0.001736908377157298,541492.5102719653,-0.003510476647489824
2021-08-05,GREED_EXHAUSTING,0,False,0.0,15.985111234627666,54.96366496112404,66.88400574791133,45.91897194705637,74.08068783068784,0.35,0.35,0.018794221698113178,0.0,0.0,0.0,0.006577977594339612,0.006577977594339612,545054.4358720368,0.0
2021-08-06,GREED_EXHAUSTING,0,False,0.0,15.012988377964655,52.550709222363245,67.35522741493895,48.33811902432981,72.58597883597884,0.35,0.35,-0.013021775302032745,0.0,0.0,0.0,-0.004557621355711461,-0.004557621355711461,542570.2841350812,-0.004557621355711361
2021-08-09,GREED_EXHAUSTING,0,False,0.0,13.797531590711264,52.76307019641149,67.73262784170196,47.49244326215406,71.06481481481481,0.35,0.35,0.00535072931173497,0.0,0.0,0.0,0.0018727552591072392,0.0018727552591072392,543586.3854881305,-0.0026934014059670774
2021-08-10,GREED_EXHAUSTING,0,False,0.0,14.463077220856853,48.19595296603561,65.1330621363282,51.48580851598539,71.19708994708995,0.35,0.35,-0.014946048410615198,0.0,0.0,0.0,-0.005231116943715319,-0.005231116943715319,540742.8215366305,-0.00791042885195159
2021-08-11,GREED_EXHAUSTING,0,False,0.0,15.360443848401056,45.572420513535086,63.00327693746553,51.49556062277937,72.52645502645503,0.35,0.35,-0.0054030049589225415,0.0,0.0,0.0,-0.0018910517356228894,-0.0018910517356228894,539720.2488854381,-0.00978652155736437
2021-08-12,GREED_EXHAUSTING,0,False,0.0,15.001720400504155,47.62716971097644,61.551015821541704,53.16178623001221,71.90476190476191,0.35,0.35,0.010418216996576968,0.0,0.0,0.0,0.0036463759488019384,0.0036463759488019384,541688.2718200553,-0.006175830945391647
2021-08-13,GREED_EXHAUSTING,0,False,0.0,13.756154534007242,53.54077896621073,63.27916296108598,51.26215373245268,69.31878306878308,0.35,0.35,0.010016202680807051,0.0,0.0,0.0,0.0035056709382824676,0.0035056709382824676,543587.2526521833,-0.002691810438174347
2021-08-16,GREED_EXHAUSTING,0,False,0.0,12.081332407208988,58.19834063450809,65.58981613420515,50.95360303788724,68.03571428571428,0.35,0.35,0.0017500364590929962,0.0,0.0,0.0,0.0006125127606825486,0.0006125127606825486,543920.2067809772,-0.0020809464457343108
2021-08-17,GREED_EXHAUSTING,0,False,0.0,13.793507548893828,49.201910925559396,63.36021041684094,56.91755578992123,71.13095238095238,0.35,0.35,-0.026277478526714138,0.0,0.0,0.0,-0.009197117484349947,-0.009197117484349947,538917.7087371007,-0.011258925221144134
2021-08-18,RANGE_CARRY,0,False,0.0,21.946297065385377,35.94362328194636,56.232002877429785,65.59636769010667,77.24867724867725,0.35,0.35,-0.02907976377364141,0.0,0.0,0.0,-0.010177917320774492,-0.010177917320774492,533432.6488548733,-0.021322250131897036
2021-08-19,RANGE_CARRY,0,False,0.0,29.502045174125527,26.690347044040085,49.4963906360583,70.89124578552267,81.53439153439153,0.35,0.35,0.014243917462272826,0.0,0.0,0.0,0.004985371111795488,0.004985371111795488,536092.0085725628,-0.016443178349947685
2021-08-20,RISK_WARNING,0,False,0.0,31.346207683665344,29.89999918253567,49.118495637572344,67.26000077031757,81.32275132275133,0.35,0.35,0.030896530782661635,0.0,0.0,0.0,0.010813785773931571,0.010813785773931571,541889.1927083833,-0.0058072055841348336
2021-08-23,RANGE_CARRY,0,False,0.0,24.36850802063393,41.46013268989895,55.21703725590487,56.38275795981125,76.73941798941799,0.35,0.35,0.04455081001472738,0.0,0.0,0.0,0.015592783505154582,0.015592783505154582,550338.7535740681,0.0
2021-08-24,GREED_EXHAUSTING,0,False,0.0,16.629971023949278,52.9601460704402,61.8871964254299,45.16414873127394,73.30026455026456,0.35,0.35,0.00986958054282705,0.0,0.0,0.0,0.003454353189989467,0.003454353189989467,552239.8180030516,0.0
2021-08-25,GREED_TREND,0,False,0.0,11.719866089447228,64.14293284881522,65.66227305716644,33.647006894397755,71.37566137566138,0.35,0.35,0.0011169284467713592,0.0,0.0,0.0,0.0003909249563699757,0.0003909249563699757,552455.7023298101,0.0
2021-08-26,GREED_TREND,0,False,0.0,10.54713737199173,67.4567960817961,63.846780236074316,31.314749046959644,73.86904761904763,0.35,0.35,-0.016944425074959968,0.0,0.0,0.0,-0.005930548776235989,-0.005930548776235989,549179.3368404335,-0.005930548776235889
2021-08-27,GREED_TREND,0,False,0.0,10.061864876564796,70.27191582338642,64.77982515950421,27.54637803973665,71.1441798941799,0.35,0.35,0.029224003404738186,0.0,0.0,0.0,0.010228401191658364,0.010228401191658364,554796.5634238065,0.0
2021-08-30,GREED_TREND,0,False,0.0,11.548305502119687,68.92566305801601,67.86340008739963,29.60057614540534,69.17989417989418,0.35,0.35,0.033149552033080676,0.0,0.0,0.0,0.011602343211578235,0.011602343211578235,561233.5035652535,0.0
2021-08-31,GREED_TREND,0,False,0.0,11.811121365380595,70.06818372994844,72.54869571765055,30.778453738368324,65.96560846560845,0.35,0.35,-0.002801681008605117,0.0,0.0,0.0,-0.000980588353011791,-0.000980588353011791,560683.1645283374,-0.0009805883530117354
2021-09-01,GREED_TREND,0,False,0.0,12.839659271507594,67.16625238684064,73.30712845885586,34.32022480599328,67.98280423280424,0.35,0.35,0.00548531674359487,0.0,0.0,0.0,0.0019198608602582045,0.0019198608602582045,561759.598190921,0.0
2021-09-02,GREED_TREND,0,False,0.0,11.735091097824226,67.8172815672816,70.25496817691618,34.88839496856571,69.98015873015873,0.35,0.35,-0.0013971126338899742,0.0,0.0,0.0,-0.000488989421861491,-0.000488989421861491,561484.9036897765,-0.0004889894218613744
2021-09-03,GREED_TREND,0,False,0.0,12.936834868565898,64.7977788713083,70.44957540033174,33.20674201580271,70.80026455026456,0.35,0.35,0.008994003997335076,0.0,0.0,0.0,0.0031479013990672764,0.0031479013990672764,563252.4028036566,0.0
2021-09-07,GREED_TREND,0,False,0.0,16.854731732922534,60.029213036566,70.28756157871007,35.58460907369823,72.69179894179894,0.35,0.35,0.004093760316936423,0.0,0.0,0.0,0.001432816110927748,0.001432816110927748,564059.4399209125,0.0
2021-09-08,GREED_EXHAUSTING,0,False,0.0,21.403673829054025,51.546936642524884,71.44430901091864,43.75299940764834,74.02777777777779,0.35,0.35,-0.010258433616097906,0.0,0.0,0.0,-0.003590451765634267,-0.003590451765634267,562034.2117089258,-0.003590451765634217
2021-09-09,GREED_EXHAUSTING,0,False,0.0,24.99864339579081,42.80237485384546,68.7180636343554,53.12137086259474,76.36904761904762,0.35,0.35,-0.01069696365689976,0.0,0.0,0.0,-0.003743937279914916,-0.003743937279914916,559929.9908711212,-0.007320946619332025
2021-09-10,GREED_EXHAUSTING,0,False,0.0,27.949643034323817,34.16757724110666,63.67439292826634,64.08984699663064,77.8637566137566,0.35,0.35,-0.02249832102081928,0.0,0.0,0.0,-0.007874412357286748,-0.007874412357286748,555520.8712317902,-0.015137710824092432
2021-09-13,RANGE_CARRY,0,False,0.0,28.68498987581124,28.721561898032494,58.669252697387,68.9380973885243,78.47222222222221,0.35,0.35,-0.0022672621092408862,0.0,0.0,0.0,-0.0007935417382343101,-0.0007935417382343101,555080.0422340075,-0.01591924015696644
2021-09-14,RANGE_CARRY,0,False,0.0,28.227535426602035,28.747093732387857,54.76289573082696,71.605247867819,78.45238095238095,0.35,0.35,-0.008607629803057404,0.0,0.0,0.0,-0.0030126704310700914,-0.0030126704310700914,553407.769003892,-0.0188839511639306
2021-09-15,RANGE_CARRY,0,False,0.0,22.302671085310198,37.63237712502419,56.06301364893222,67.42046237753067,75.58201058201058,0.35,0.35,0.022157393901507172,0.0,0.0,0.0,0.00775508786552751,0.00775508786552751,557699.4948779827,-0.011275309998927785
2021-09-16,RANGE_CARRY,0,False,0.0,18.315928984102555,44.59372923343512,57.45317054616455,64.61780908721134,74.29894179894181,0.35,0.35,0.0019706441967926036,0.0,0.0,0.0,0.0006897254688774113,0.0006897254688774113,558084.15442358,-0.010593361398526069
2021-09-17,RANGE_CARRY,0,False,0.0,16.509240727156214,47.20163440751677,55.6646735263991,63.03284230964494,74.95370370370371,0.35,0.35,-0.0353340115293318,0.0,0.0,0.0,-0.012366904035266128,-0.012366904035266128,551182.3812422209,-0.022829258349965964
2021-09-20,RANGE_CARRY,0,False,0.0,27.365590650109084,38.45221061397533,47.23364077024056,67.86224056124433,80.05291005291006,0.35,0.35,-0.061515748031496065,0.0,0.0,0.0,-0.021530511811023622,-0.021530511811023622,539315.1424728571,-0.04386824454444871
2021-09-21,RISK_WARNING,0,False,0.0,37.34677175602138,33.17407218142514,39.00013275094094,70.24398785475633,84.27910052910055,0.35,0.35,0.0012735036332307548,0.0,0.0,0.0,0.0004457262716307641,0.0004457262716307641,539555.5294005458,-0.04344207150190138
2021-09-22,RISK_WARNING,0,False,0.0,41.74137986644522,33.46334990452638,36.71775320429518,70.82991499903262,84.37169312169313,0.35,0.35,0.029253329343109424,0.0,0.0,0.0,0.010238665270088298,0.010238665270088298,545079.8578607033,-0.03364819506056027
2021-09-23,RISK_WARNING,0,False,0.0,33.36531480851709,41.779962735845096,40.92199498653591,66.28445194313313,79.14021164021165,0.35,0.35,0.02776768190739265,0.0,0.0,0.0,0.009718688667587426,0.009718688667587426,550377.3192982243,-0.02425652272499257
2021-09-24,NORMAL_PARTICIPATION,0,False,0.0,23.893588888117563,48.30307408248586,46.03179355660354,63.03708933927148,73.994708994709,0.35,0.35,0.0028290543885707287,0.0,0.0,0.0,0.000990169035999755,0.000990169035999755,550922.2858779099,-0.023290371746716332
2021-09-27,NORMAL_PARTICIPATION,0,False,0.0,17.541752982862025,56.24377739083622,45.946123338745146,58.21055997716337,72.63888888888889,0.35,0.35,-0.024120177727625314,0.0,0.0,0.0,-0.008442062204668858,-0.008442062204668858,546271.3656705902,-0.03153581518432946
2021-09-28,NORMAL_PARTICIPATION,0,False,0.0,21.702981361428616,52.123757160521876,38.04292129433642,58.77532513538204,77.53968253968254,0.35,0.35,-0.0833995808339959,0.0,0.0,0.0,-0.029189853291898563,-0.029189853291898563,530325.7846491006,-0.05980514265755699
2021-09-29,NORMAL_PARTICIPATION,0,False,0.0,29.390484724355712,45.628646503646515,29.182029500683132,60.79450740385274,82.22883597883599,0.35,0.35,-0.006623038713238216,0.0,0.0,0.0,-0.0023180635496333757,-0.0023180635496333757,529096.4557782748,-0.06198457408591529
2021-09-30,RISK_WARNING,0,False,0.0,39.26487483345892,34.93353437471085,23.437024055827454,66.5668555855937,85.19179894179895,0.35,0.35,-0.01127073577268034,0.0,0.0,0.0,-0.003944757520438119,-0.003944757520438119,527009.2985553063,-0.06568481749157695
2021-10-01,RISK_WARNING,0,False,0.0,39.56857853716262,37.13954185277716,23.977651484407147,67.00537281656824,82.92989417989418,0.35,0.35,0.018222686039977676,0.0,0.0,0.0,0.006377940113992186,0.006377940113992186,530370.5323010092,-0.059725811209944246
2021-10-04,RISK_WARNING,0,False,0.0,41.528895997480085,35.809061162002344,22.143947237815798,69.3312358170043,83.37962962962963,0.35,0.35,-0.06149479659413437,0.0,0.0,0.0,-0.02152317880794703,-0.02152317880794703,518955.2724998284,-0.07996350070377012
2021-10-05,RISK_WARNING,0,False,0.0,35.70740740740742,41.85547522312229,21.508954252603626,64.0727682141344,80.17195767195767,0.35,0.35,0.03847446236559149,0.0,0.0,0.0,0.01346606182795702,0.01346606182795702,525943.5562852554,-0.06757423232027004
2021-10-06,RISK_WARNING,0,False,0.0,31.992063492063508,43.49980758068995,21.172901596618605,60.857433436418226,77.5,0.35,0.35,0.019737906487623302,0.0,0.0,0.0,0.0069082672706681555,0.0069082672706681555,529576.9149413597,-0.06113278590708038
2021-10-07,NORMAL_PARTICIPATION,0,False,0.0,23.119312169312185,54.17374307080191,24.52986655003443,52.21001646808096,68.79629629629629,0.35,0.35,0.027050610820244403,0.0,0.0,0.0,0.00946771378708554,0.00946771378708554,534590.7976002722,-0.052243859839970264
2021-10-08,NORMAL_PARTICIPATION,0,False,0.0,20.338359788359803,55.91650684297744,26.474339294901295,52.276851804366004,63.86243386243387,0.35,0.35,-0.015370356067042512,0.0,0.0,0.0,-0.005379624623464879,-0.005379624623464879,531714.899782024,-0.05734243210861534
2021-10-11,NORMAL_PARTICIPATION,0,False,0.0,19.174603174603188,57.64881478116774,25.945568208921756,51.20209033918709,60.63492063492064,0.35,0.35,-0.022199560715406297,0.0,0.0,0.0,-0.007769846250392203,-0.007769846250392203,527583.5567616749,-0.06466673647790011
2021-10-12,NORMAL_PARTICIPATION,0,False,0.0,20.632539682539697,52.330106366871085,23.363539784879077,51.63519486550792,61.005291005291014,0.35,0.35,-0.010188527878058684,0.0,0.0,0.0,-0.003565984757320539,-0.003565984757320539,525702.2018400499,-0.06800212063863464
2021-10-13,NORMAL_PARTICIPATION,0,False,0.0,20.069312169312184,55.01287527022822,22.8369224254506,46.74606064454258,57.36111111111112,0.35,0.35,0.023423569460204297,0.0,0.0,0.0,0.008198249311071503,0.008198249311071503,530012.0395541139,-0.06036136966624028
2021-10-14,NORMAL_PARTICIPATION,0,False,0.0,16.303968253968268,62.3696532667121,27.810746484851066,40.02690590427778,47.41402116402117,0.35,0.35,0.05519917636810012,0.0,0.0,0.0,0.01931971172883504,0.01931971172883504,540251.7193711112,-0.04220782219891461
2021-10-15,NORMAL_PARTICIPATION,0,False,0.0,11.410846560846574,72.0254771578301,35.88892953665151,34.897233266066245,37.00396825396825,0.35,0.35,0.01853797658360845,0.0,0.0,0.0,0.006488291804262958,0.006488291804262958,543757.0301741458,-0.03599338706150068
2021-10-18,NORMAL_PARTICIPATION,0,False,0.0,7.338095238095253,77.66803988862813,44.812157539105975,31.138808434349198,31.984126984126984,0.35,0.35,0.02999042075012892,0.0,0.0,0.0,0.010496647262545122,0.010496647262545122,549464.655916413,-0.025874549686724313
2021-10-19,NORMAL_PARTICIPATION,0,False,0.0,4.654497354497369,79.15779434897082,51.54377524313836,29.00556730490314,31.66666666666666,0.35,0.35,0.021963084847617553,0.0,0.0,0.0,0.0076870796966661435,0.0076870796966661435,553688.4345169436,-0.01838636971561536
2021-10-20,NORMAL_PARTICIPATION,0,False,0.0,2.8671957671957826,80.74255137490432,54.3047387628024,28.679897707411907,33.029100529100525,0.35,0.35,-0.003150157507875284,0.0,0.0,0.0,-0.0011025551277563494,-0.0011025551277563494,553077.9624942876,-0.01946865285716093
2021-10-21,NORMAL_PARTICIPATION,0,False,0.0,1.3227513227513374,78.48089055441997,55.20255635926659,27.702725461975906,32.90343915343915,0.35,0.35,0.017907303370786387,0.0,0.0,0.0,0.006267556179775235,0.006267556179775235,556544.4096960161,-0.0133231175529126
2021-10-22,NORMAL_PARTICIPATION,0,False,0.0,2.719047619047634,75.57864587276353,52.2454866822058,31.30025423905876,34.411375661375665,0.35,0.35,-0.025319075543290714,0.0,0.0,0.0,-0.008861676440151749,-0.008861676440151749,551612.4932127148,-0.022066728836136362
2021-10-25,NORMAL_PARTICIPATION,0,False,0.0,2.1151571739807173,73.22955728838083,54.10121466003823,29.640564832927225,34.27248677248678,0.35,0.35,0.03001132502831272,0.0,0.0,0.0,0.010503963759909451,0.010503963759909451,557406.6108509344,-0.011794553196221469
2021-10-26,NORMAL_PARTICIPATION,0,False,0.0,5.007772478360727,70.37242599742602,57.523358442476116,32.97630288190057,39.70899470899471,0.35,0.35,0.009345794392523255,0.0,0.0,0.0,0.0032710280373831387,0.0032710280373831387,559229.9035032504,-0.008562105473031711
2021-10-27,GREED_TREND,0,False,0.0,8.931942446648343,64.12474974974977,63.879242688066256,35.02407863271238,46.640211640211646,0.35,0.35,0.007897603485838678,0.0,0.0,0.0,0.002764161220043537,0.002764161220043537,560775.7051156028,-0.00582161129289871
2021-10-28,GREED_EXHAUSTING,0,False,0.0,13.511177143530098,59.25795333148275,69.01438623497451,40.090744953410955,53.095238095238095,0.35,0.35,0.03282896514455569,0.0,0.0,0.0,0.011490137800594491,0.011490137800594491,567219.0952426067,0.0
2021-10-29,GREED_EXHAUSTING,0,False,0.0,16.12601467013233,57.76441988206695,72.71634028986973,40.185108088571056,53.86904761904762,0.35,0.35,0.014780902550686648,0.0,0.0,0.0,0.0051733158927403265,0.0051733158927403265,570153.498802691,0.0
2021-11-01,GREED_TREND,0,False,0.0,14.894985321455925,58.97124645654058,75.27523426788137,39.5323165059882,57.189153439153436,0.35,0.35,0.009860788863109038,0.0,0.0,0.0,0.003451276102088163,0.003451276102088163,572121.2559476306,0.0
2021-11-02,GREED_TREND,0,False,0.0,13.844396917926344,58.347773193361434,75.81576324223387,38.43902770349636,62.09656084656084,0.35,0.35,0.013338438955900145,0.0,0.0,0.0,0.00466845363456505,0.00466845363456505,574792.1775043714,0.0
2021-11-03,GREED_TREND,0,False,0.0,10.957505825152898,61.158602930661765,76.36806659600781,35.64983921981072,66.4021164021164,0.35,0.35,0.03174203300163736,0.0,0.0,0.0,0.011109711550573075,0.011109711550573075,581177.9527979707,0.0
2021-11-04,GREED_TREND,0,False,0.0,12.849507070095319,61.33575592399123,78.1897895794955,33.62669409040374,67.56613756613757,0.35,0.35,0.03729703332926393,0.0,0.0,0.0,0.013053961665242374,0.013053961665242374,588764.6275144796,0.0
2021-11-05,GREED_TREND,0,False,0.0,16.27829089593797,62.553172920819996,78.74127404715644,30.557505017893984,70.52248677248677,0.35,0.35,0.0037074089330899618,0.0,0.0,0.0,0.0012975931265814865,0.0012975931265814865,589528.6044483166,0.0
2021-11-08,GREED_TREND,0,False,0.0,21.44386403209934,57.64733010321246,78.23901758901764,36.59695189225547,74.87433862433863,0.35,0.35,-0.004104127579737216,0.0,0.0,0.0,-0.0014364446529080254,-0.0014364446529080254,588681.7792367204,-0.0014364446529081532
2021-11-09,GREED_EXHAUSTING,0,False,0.0,23.575163398692826,55.57013631278338,75.8095166595167,43.32819594465701,78.32671957671958,0.35,0.35,-0.020605204285882528,0.0,0.0,0.0,-0.007211821500058884,-0.007211821500058884,584436.3113245282,-0.008637906770535442
2021-11-10,GREED_EXHAUSTING,0,False,0.0,26.123537402949182,45.823370639547115,70.76885709238655,55.103743924189814,79.239417989418,0.35,0.35,-0.043820629959124946,0.0,0.0,0.0,-0.01533722048569373,-0.01533722048569373,575472.6827578984,-0.023842645775554616
2021-11-11,GREED_EXHAUSTING,0,False,0.0,26.33917404799759,42.25548552754436,65.68852255616964,60.28378965167388,79.27248677248679,0.35,0.35,0.00810963726661229,0.0,0.0,0.0,0.0028383730433143017,0.0028383730433143017,577106.0889078022,-0.021071947055290807
2021-11-12,GREED_EXHAUSTING,0,False,0.0,21.950543821132072,41.76246204187382,63.84146436352322,62.69495345847336,77.4074074074074,0.35,0.35,0.03174108256423036,0.0,0.0,0.0,0.011109378897480626,0.011109378897480626,583517.379113522,-0.010196664401755262
2021-11-15,GREED_EXHAUSTING,0,False,0.0,15.478281642987538,48.105990444225746,64.38798146886386,62.44822462066293,76.33597883597884,0.35,0.35,-0.0003022061045632185,0.0,0.0,0.0,-0.00010577213659712648,-0.00010577213659712648,583455.6592335916,-0.010301358015372464
2021-11-16,GREED_EXHAUSTING,0,False,0.0,10.11002178649239,51.25383892295658,66.75392304068778,60.80428446201688,74.9074074074074,0.35,0.35,0.020677146311970818,0.0,0.0,0.0,0.007237001209189786,0.007237001209189786,587678.1285449738,-0.003138907746596087
2021-11-17,GREED_EXHAUSTING,0,False,0.0,10.2425850219968,49.853111514876225,66.40180726945437,58.72212036514691,75.17195767195767,0.35,0.35,0.0011846937566639681,0.0,0.0,0.0,0.00041464281483238885,0.00041464281483238885,587921.8050584091,-0.00272556645730726
2021-11-18,GREED_EXHAUSTING,0,False,0.0,13.035850977027463,48.25089690530868,69.38645788645793,52.915529143944674,74.4973544973545,0.35,0.35,0.030588096083303595,0.0,0.0,0.0,0.010705833629156258,0.010705833629156258,594215.9980903177,0.0
2021-11-19,GREED_EXHAUSTING,0,False,0.0,17.985749483633672,45.29066671713732,70.85719122483833,49.60801395051866,75.46296296296296,0.35,0.35,0.016935530168207036,0.0,0.0,0.0,0.005927435558872462,0.005927435558872462,597738.1751270492,0.0
2021-11-22,GREED_EXHAUSTING,0,False,0.0,22.388172915468868,41.14248387042506,69.1291007393949,53.06943253907198,77.38095238095238,0.35,0.35,-0.03466184938466743,0.0,0.0,0.0,-0.0121316472846336,-0.0121316472846336,590486.6264178474,-0.012131647284633562
2021-11-23,GREED_EXHAUSTING,0,False,0.0,26.447133136193795,32.7696088946089,64.02068875598292,61.99571433727029,80.18518518518518,0.35,0.35,-0.013625730994152097,0.0,0.0,0.0,-0.0047690058479532334,-0.0047690058479532334,587670.5922433224,-0.016842797235741114
2021-11-24,NORMAL_PARTICIPATION,0,False,0.0,26.370393502746463,31.175202513437814,59.452735298323574,67.85844861532715,81.6005291005291,0.35,0.35,0.00924882907452429,0.0,0.0,0.0,0.0032370901760835013,0.0032370901760835013,589572.9349442464,-0.01366022871312722
2021-11-26,RISK_WARNING,0,False,0.0,36.5330377515898,24.42001770678242,52.48515216897574,73.5210018571024,84.25925925925925,0.35,0.35,-0.05516066498267047,0.0,0.0,0.0,-0.019306232743934663,-0.019306232743934663,578190.5026426882,-0.032702733902190806
2021-11-29,RISK_WARNING,0,False,0.0,38.716549978281,29.733948233948244,50.93496963349909,71.96126938133577,81.91798941798942,0.35,0.35,0.06211141507087792,0.0,0.0,0.0,0.02173899527480727,0.02173899527480727,590759.783247576,-0.011674663205156643
2021-11-30,RISK_WARNING,0,False,0.0,49.24455444291649,23.831176765000304,45.83006535947717,78.61056376924496,82.53306878306877,0.35,0.35,-0.042966692033015286,0.0,0.0,0.0,-0.01503834221155535,-0.01503834221155535,581875.7354622748,-0.026537437836228084
2021-12-01,NORMAL_PARTICIPATION,0,False,0.0,52.26561184205059,21.523011456834997,43.49747646806474,80.58595858667015,83.33994708994709,0.35,0.35,-0.051318123432625984,0.0,0.0,0.0,-0.017961343201419094,-0.017961343201419094,571424.4656770587,-0.04402213300898439
2021-12-02,NORMAL_PARTICIPATION,0,False,0.0,59.559022028760715,16.019258754552883,38.417283880519214,84.60540450317488,87.94312169312168,0.35,0.35,0.01882656350741474,0.0,0.0,0.0,0.006589297227595159,0.006589297227595159,575189.7513245246,-0.03772291070037803
2021-12-03,PANIC_ACCELERATING,7,True,0.0,60.42622201227086,14.355172399290055,32.8302914258797,82.69417659052381,91.66666666666667,0.35,0.35,-0.050246804201999784,0.0,0.0,0.0,-0.01758638147069992,-0.01758638147069992,565074.2449396944,-0.05464588267331605
2021-12-06,PANIC_ACCELERATING,7,True,0.0,54.7301093965116,23.462309999074716,31.21806785777378,76.94346501557125,91.04497354497353,0.35,0.35,0.023387526652451918,0.0,0.0,0.0,0.008185634328358171,0.008185634328358171,569699.7360771439,-0.04690755955807191
2021-12-07,PANIC_STABILIZING_1,7,True,0.15,42.2346117621324,35.937415356533016,34.52996168437349,67.41138431057784,80.78042328042328,0.4175,0.35,0.09017514161078188,0.0,0.0,0.0,0.03156129956377366,0.03156129956377366,587680.2001088775,-0.016826723533316046
2021-12-08,PANIC_STABILIZING_1,7,True,0.15,29.977719996417107,52.677589354059954,43.34834624540511,56.685796395473794,67.60582010582011,0.4175,0.4175,0.013915432393693417,0.0,0.0675,3.375e-05,0.005809693024367001,0.005775943024367001,591074.6074612549,-0.01114797070536433
2021-12-09,PANIC_STABILIZING_2,7,True,0.4,24.028826334041828,58.087242704889775,48.967941681177024,54.11743191415864,58.558201058201064,0.53,0.4175,-0.043176061730576754,0.0,0.0,0.0,-0.018026005772515792,-0.018026005772515792,580419.8931751709,-0.028973023093593286
2021-12-10,PANIC_STABILIZING_2,7,True,0.4,25.10379981528793,58.23171427730252,52.13489960548788,52.80765124028878,55.68783068783069,0.53,0.53,0.030965279487810804,0.0,0.11250000000000004,5.6250000000000026e-05,0.016411598128539727,0.016355348128539726,589912.8625887807,-0.013091538844085426
2021-12-13,PANIC_STABILIZING_2,7,True,0.4,28.578156149553553,51.136736947031075,49.7792813822226,57.31617090796405,53.624338624338634,0.53,0.53,-0.042992774825341806,0.0,0.0,0.0,-0.02278617065743116,-0.02278617065743116,576471.007428819,-0.03557940346324695
2021-12-14,PANIC_STABILIZING_1,7,True,0.4,31.020815064287522,43.60504874622523,47.83285596520894,62.26787708689983,50.71428571428572,0.53,0.53,-0.02976227615898175,0.0,0.0,0.0,-0.015774006364260327,-0.015774006364260327,567377.7500888252,-0.05079218009084141
2021-12-15,PANIC_STABILIZING_1,7,True,0.4,32.15109262598923,40.24291308114839,46.27267078002376,68.83549933099266,47.870370370370374,0.53,0.53,0.06617363344051452,0.0,0.0,0.0,0.0350720257234727,0.0350720257234727,587276.8371348665,-0.017501539014066037
2021-12-16,PANIC_STABILIZING_1,7,True,0.4,33.989722611800936,36.23280423280425,43.680206466971214,73.96506526179199,46.296296296296305,0.53,0.53,-0.076301345075095,0.0,0.0,0.0,-0.040439712889800354,-0.040439712889800354,563527.5304543026,-0.0572334946910078
2021-12-17,PANIC_STABILIZING_1,7,True,0.4,34.029575189744186,38.25477473271592,41.86411306264252,71.97096171123682,44.93386243386244,0.53,0.53,-0.015280135823429353,0.0,0.0,0.0,-0.008098471986417558,-0.008098471986417558,558963.8185353433,-0.0648684628239855
2021-12-20,PANIC_ACCELERATING,7,True,0.4,38.89507425223034,31.86484383543208,34.08442896678195,73.71852453564975,50.21164021164021,0.36,0.53,-0.029907161803713667,0.0,0.0,0.0,-0.015850795755968244,-0.015850795755968244,550103.7972127635,-0.07969104182472708
2021-12-21,PANIC_STABILIZING_1,7,True,0.4,34.09015923241074,38.01133696721933,33.92142562730802,66.17532702803099,49.53703703703704,0.53,0.36,0.06685351015106988,0.0,0.17000000000000004,8.500000000000002e-05,0.024067263654385156,0.023982263654385154,563296.5315147984,-0.057619949746275156
2021-12-22,PANIC_STABILIZING_1,7,True,0.4,29.00187593729376,45.2887015166427,38.72416744475572,61.05021794632797,44.53703703703704,0.53,0.53,0.03568911385916573,0.0,0.17000000000000004,8.500000000000002e-05,0.01891523034535784,0.01883023034535784,573903.5349559631,-0.03987471632712769
2021-12-23,PANIC_STABILIZING_2,7,True,0.4,18.632483415031803,57.87243651214241,47.17424777718899,51.277590140967725,36.08465608465609,0.53,0.53,0.02375944073249192,0.0,0.0,0.0,0.012592503588220718,0.012592503588220718,581130.4172791886,-0.0277843352473357
2021-12-27,PANIC_STABILIZING_2,7,True,0.4,15.019269156689935,65.81338586485646,55.724658482011456,43.10426406346707,33.373015873015866,0.53,0.53,0.047800338409475396,0.0,0.0,0.0,0.025334179357021962,0.025334179357021962,595852.8795003606,-0.0031540492227853933
2021-12-28,RECOVERY_RETESTED,7,True,1.0,10.816458054693362,74.91265740530447,58.87013694366639,34.221566137837456,33.24074074074074,0.8,0.53,-0.01176538439356356,0.0,0.0,0.0,-0.0062356537285886875,-0.0062356537285886875,592137.3472706138,-0.009370035392577969
2021-12-29,RECOVERY_RETESTED,7,True,1.0,10.369773134479033,80.90787531228709,60.90770707682476,29.635385419303798,34.02777777777777,0.8,0.8,-0.0015757222060109877,0.0,0.27,0.000135,-0.0012605777648087902,-0.0013955777648087901,591310.9735550501,-0.010752536544337388
2021-12-30,RECOVERY_RETESTED,7,True,1.0,9.874643551114154,81.24089215265685,58.66126946274008,31.706621944525143,34.57010582010582,0.8,0.8,-0.009352349777881797,0.0,0.0,0.0,-0.007481879822305438,-0.007481879822305438,586886.8559133009,-0.01815396718043294
2021-12-31,RECOVERY_RETESTED,7,True,1.0,9.888512462041888,77.74095524095524,56.70690333190337,36.02972595121549,34.66269841269841,0.8,0.8,-0.018586263865942754,0.0,0.0,0.0,-0.014869011092754203,-0.014869011092754203,578160.4287425344,-0.03275304673380386
2022-01-03,RECOVERY_RETESTED,7,True,1.0,10.599040216687289,73.75250670838908,58.36997501703388,40.118282690388924,34.96693121693122,0.8,0.8,0.02885829375338167,0.0,0.0,0.0,0.023086635002705337,0.023086635002705337,591508.2075339209,-0.010422569366268397
2022-01-04,RECOVERY_RETESTED,7,True,1.0,13.70685895980015,66.27388312682432,56.99151146945269,46.88606483957525,36.044973544973544,0.8,0.8,-0.038859346695494734,0.0,0.0,0.0,-0.03108747735639579,-0.03108747735639579,573119.7095260879,-0.04118603533349485
2022-01-05,NORMAL_PARTICIPATION,7,False,0.0,22.1793440499323,54.22689075630253,50.337403580050676,55.602304934373215,41.97089947089947,0.35,0.8,-0.0919868677042801,0.0,0.0,0.0,-0.07358949416342409,-0.07358949416342409,530944.1200069744,-0.11174466999013022
2022-01-06,NORMAL_PARTICIPATION,0,False,0.0,29.234142966495924,42.04999747646807,38.4329655285538,63.84315295913965,47.5462962962963,0.35,0.35,-0.0027452293270839867,0.0,0.45000000000000007,0.00022500000000000005,-0.0009608302644793953,-0.0011858302644793953,530314.5104007229,-0.11279799004304092
2022-01-07,RISK_WARNING,0,False,0.0,33.98063525710586,36.182514447220335,29.795405699817497,69.22360572147096,51.957671957671955,0.35,0.35,-0.03269773062978387,0.0,0.0,0.0,-0.011444205720424355,-0.011444205720424355,524245.48204717087,-0.12295131236056234
2022-01-10,RISK_WARNING,0,False,0.0,34.31159142335614,39.74647231264879,27.984968161438786,67.71238526409302,52.67195767195767,0.35,0.35,0.0036787672659124304,0.0,0.0,0.0,0.0012875685430693506,0.0012875685430693506,524920.484038701,-0.12182205205961749
2022-01-11,RISK_WARNING,0,False,0.0,33.55926346514584,44.991861609508675,29.650914570032253,66.50564155236827,50.793650793650805,0.35,0.35,0.04398340248962662,0.0,0.0,0.0,0.015394190871369317,0.015394190871369317,533001.2101622843,-0.10830321310999591
2022-01-12,NORMAL_PARTICIPATION,0,False,0.0,29.197556379909333,52.63514354690826,33.01654070036426,60.99549166271174,47.92989417989418,0.35,0.35,0.011393746687864414,0.0,0.0,0.0,0.003987811340752545,0.003987811340752545,535126.7184328043,-0.10474729455072329
2022-01-13,NORMAL_PARTICIPATION,0,False,0.0,26.515907504142813,49.693789377612916,31.182752079810935,61.03286798590401,49.9537037037037,0.35,0.35,-0.07257008121561448,0.0,0.0,0.0,-0.025399528425465067,-0.025399528425465067,521534.7521367445,-0.1274862910907567
2022-01-14,RANGE_CARRY,0,False,0.0,23.180171768407074,50.1332855965209,28.648805317922996,58.21893460958923,54.13359788359788,0.35,0.35,0.015112994350282571,0.0,0.0,0.0,0.0052895480225989,0.0052895480225989,524293.4352536261,-0.12287108792710533
2022-01-18,RISK_WARNING,0,False,0.0,30.264814814814827,42.25483676954266,21.529663066427805,63.22039201711874,64.12037037037037,0.35,0.35,-0.072074579101155,0.0,0.0,0.0,-0.025226102685404247,-0.025226102685404247,511067.5552186348,-0.14499763193139303
2022-01-19,RISK_WARNING,0,False,0.0,35.4915343915344,41.38291652997537,18.98660004542361,65.61765313022426,67.52645502645504,0.35,0.35,-0.03478782426150839,9.92063492063492e-07,0.0,0.0,-0.012175093650258095,-0.012175093650258095,504845.25987223943,-0.15540736583382075
2022-01-20,RISK_WARNING,0,False,0.0,47.15793650793652,34.417765454530176,14.201439885263449,72.00424574072578,76.07804232804233,0.35,0.35,-0.03868261612552437,1.3888888888888892e-06,0.0,0.0,-0.013538012866155752,-0.013538012866155752,498010.65824867133,-0.16684147178182285
2022-01-21,NORMAL_PARTICIPATION,0,False,0.0,53.680158730158745,32.049550601021195,11.761504992387378,74.405247128397,82.54629629629629,0.35,0.35,-0.08419521654815776,1.3888888888888892e-06,0.0,0.0,-0.029467423014077437,-0.029467423014077437,483335.5675165386,-0.19139250657061402
2022-01-24,PANIC_ACCELERATING,8,True,0.0,59.41566524507703,33.5772337463514,10.021456961162876,72.82493041971217,90.64814814814814,0.35,0.35,0.014469737074289668,1.3888888888888892e-06,0.0,0.0,0.0050653107537791614,0.0050653107537791614,485783.8123643641,-0.18729665833855969
2022-01-25,PANIC_ACCELERATING,8,True,0.0,62.197582035817355,32.54171261597733,7.9008931200107995,72.76635842266768,95.04497354497353,0.35,0.35,-0.07375195686206304,2.1825396825396824e-06,0.0,0.0,-0.02581176625092841,-0.02581176625092841,473244.87415113027,-0.20827396702487322
2022-01-26,PANIC_STABILIZING_1,8,True,0.15,63.390968279203584,35.80201493510318,7.320113811290315,71.28484279210083,96.67724867724867,0.4175,0.35,-0.001877934272300541,2.1825396825396824e-06,0.0,0.0,-0.0006558583445115385,-0.0006558583445115385,472934.49255142093,-0.20879322715016702
2022-01-27,PANIC_ACCELERATING,8,True,0.15,64.44309350704339,31.82025018716196,6.181104634045844,72.74699300818843,97.08730158730161,0.36,0.4175,-0.029915333960489066,2.1825396825396824e-06,0.0675,3.375e-05,-0.012488380599139105,-0.012522130599139106,467012.34507085447,-0.21870082169071592
2022-01-28,PANIC_STABILIZING_1,8,True,0.15,59.13916794282371,35.91167491020433,7.446049200460998,67.77517581284182,91.46693121693123,0.4175,0.36,0.09328937160589601,2.579365079365079e-06,0.057499999999999996,2.8749999999999997e-05,0.03358582457177336,0.03355707457177336,482683.9131603358,-0.19248270690132618
2022-01-31,PANIC_STABILIZING_1,8,True,0.15,51.680546335707426,42.11324833236599,10.126914098972955,62.141347324554125,77.09656084656085,0.4175,0.4175,0.09686003193187864,2.1825396825396824e-06,0.057499999999999996,2.8749999999999997e-05,0.040440334660924414,0.04041158466092441,502189.93498148094,-0.15984965344610869
2022-02-01,PANIC_STABILIZING_1,8,True,0.15,42.38803512184384,53.95697735550678,14.49821775557073,52.42160791178815,60.83994708994709,0.4175,0.4175,0.019084586770176326,3.3730158730158734e-06,0.0,0.0,0.007969779758294647,0.007969779758294647,506192.2781601157,-0.15315384022021916
2022-02-02,PANIC_STABILIZING_2,8,True,0.4,36.30870164822932,61.06806007688362,18.839193184781454,46.436173717767616,51.3558201058201,0.53,0.4175,0.023647040152356746,2.1825396825396824e-06,0.0,0.0,0.00987391059297402,0.00987391059297402,511190.3754575225,-0.14479215695255032
2022-02-03,PANIC_STABILIZING_2,8,True,0.4,37.39879772261537,60.90362042714985,18.5585270144094,43.38091206549458,51.37566137566137,0.53,0.53,-0.12031007751937983,2.1825396825396824e-06,0.11250000000000004,5.6250000000000026e-05,-0.06376331529162052,-0.06381956529162051,478566.42791456316,-0.19937114972982295
2022-02-04,PANIC_STABILIZING_2,8,True,0.4,38.58813153711733,60.19067912450267,18.697211917800185,42.06520434096331,52.55291005291005,0.53,0.53,0.03454353189989434,2.579365079365079e-06,0.0,0.0,0.018309284208531302,0.018309284208531302,487328.63665591244,-0.18471220856467674
2022-02-07,PANIC_STABILIZING_2,8,True,0.4,43.7076241465187,56.67404904904905,16.737680958269227,46.033215751669225,51.82539682539683,0.53,0.53,-0.022657580919931974,3.7698412698412693e-06,0.0,0.0,-0.012006746062167123,-0.012006746062167123,481477.40546676284,-0.19450116204402568
2022-02-08,PANIC_STABILIZING_2,8,True,0.4,42.81673000183713,58.26985388750095,18.97856364768133,45.44884061345159,48.73677248677249,0.53,0.53,0.033989890186508775,5.357142857142857e-06,0.0,0.0,0.018017159655992508,0.018017159655992508,490152.2607518106,-0.1799883608778563
2022-02-09,PANIC_STABILIZING_2,8,True,0.4,38.86259799758656,62.91876960994608,21.60492635492639,44.34225893689837,45.205026455026456,0.53,0.53,0.0620364126770061,4.563492063492064e-06,0.0,0.0,0.03288144356008308,0.03288144356008308,506269.1746495684,-0.15302519444745033
2022-02-10,PANIC_STABILIZING_2,8,True,0.4,38.16789953635246,67.14464990200285,21.715324568265782,40.09422064379367,44.66931216931217,0.53,0.53,-0.06634920634920638,4.9603174603174595e-06,0.0,0.0,-0.03516274801587303,-0.03516274801587303,488467.3592331616,-0.18280715611088771
2022-02-11,PANIC_STABILIZING_2,8,True,0.4,44.733534285117535,57.47099830923361,18.54438997821354,43.54301997850382,48.77645502645503,0.53,0.53,-0.0941856511390683,1.0515873015873016e-05,0.0,0.0,-0.04991345264338874,-0.04991345264338874,464086.266830236,-0.22359607242486312
2022-02-14,PANIC_STABILIZING_2,8,True,0.4,55.7733792534255,46.04953693188988,13.330753021929526,46.631656324255914,54.66269841269841,0.53,0.53,0.0028153153153152033,8.928571428571428e-06,0.0,0.0,0.0014963135456884864,0.0014963135456884864,464780.6853976621,-0.2224343287111067
2022-02-15,PANIC_STABILIZING_1,8,True,0.4,59.73046082700324,40.372897056720596,13.366291711879981,47.34645268065569,55.30423280423281,0.53,0.53,0.07243121841661981,1.1706349206349205e-05,0.0,0.0,0.03839404774493549,0.03839404774493549,482625.49722374376,-0.1925804352028181
2022-02-16,PANIC_STABILIZING_1,8,True,0.4,56.84722486286879,45.76039379715851,15.416720291720324,48.17214391811163,51.44179894179894,0.53,0.53,-0.00017452006980800405,1.0515873015873016e-05,0.0,0.0,-8.755317668078183e-05,-8.755317668078183e-05,482583.24182831467,-0.1926511273506304
2022-02-17,PANIC_STABILIZING_1,8,True,0.4,56.58637771143526,43.13193971282207,15.249668786433526,55.48216168187702,49.563492063492056,0.53,0.53,-0.08867167044859481,9.722222222222223e-06,0.0,0.0,-0.04699141589331081,-0.04699141589331081,459905.97200841823,-0.2305895939962923
2022-02-18,PANIC_STABILIZING_1,8,True,0.4,56.08822330336292,38.85028831352361,12.873411226352436,63.11735390174666,50.67460317460317,0.53,0.53,-0.033901551426929744,8.928571428571428e-06,0.0,0.0,-0.017963625827701335,-0.017963625827701335,451644.39321133366,-0.2444109946376828
2022-02-22,PANIC_ACCELERATING,8,True,0.4,57.31535767133564,34.265188507835575,10.05136817489762,66.4310941125457,53.28042328042327,0.36,0.53,-0.030927835051546282,8.53174603174603e-06,0.0,0.0,-0.01638774265668461,-0.01638774265668461,444242.9611230518,-0.2567933928117808
2022-02-23,PANIC_ACCELERATING,8,True,0.4,58.78561575179966,32.855544620250505,8.56641326200153,68.80331086711539,56.15740740740741,0.36,0.36,-0.07651391162029464,9.325396825396825e-06,0.17000000000000004,8.500000000000002e-05,-0.027539039929337813,-0.027624039929337815,431971.1758266614,-0.2773237618044958
2022-02-24,PANIC_ACCELERATING,8,True,0.4,62.18948674239028,33.952462967168856,8.514379084967352,68.78537574576471,55.813492063492056,0.36,0.36,0.09791758972086839,8.134920634920636e-06,0.0,0.0,0.03525553864871897,0.03525553864871897,447200.5523111508,-0.2518454217582834
2022-02-25,PANIC_STABILIZING_1,8,True,0.4,58.89545792328338,41.18200658641835,10.296256971257003,64.0050416708386,53.56481481481481,0.53,0.36,0.047417271993543064,7.3412698412698415e-06,0.0,0.0,0.017074916330373915,0.017074916330373915,454836.46432476066,-0.23907074493262004
2022-02-28,PANIC_STABILIZING_1,8,True,0.4,53.96930823658678,49.206547934489116,12.197616734381471,54.584610362598944,50.5026455026455,0.53,0.53,0.010595261028703673,7.738095238095238e-06,0.17000000000000004,8.500000000000002e-05,0.005619125249974852,0.0055341252499748516,457353.58628658956,-0.2348596671287072
2022-03-01,PANIC_STABILIZING_1,8,True,0.4,52.53688149270486,49.78478373331314,11.390158015158049,49.74024858417645,54.85449735449736,0.53,0.53,-0.04613038505528022,8.53174603174603e-06,0.0,0.0,-0.024445094158663597,-0.024445094158663597,446173.5348060114,-0.25356359461033706
2022-03-02,PANIC_STABILIZING_1,8,True,0.4,53.51773021473005,49.27981342687226,10.424180483004045,44.042616382986374,57.40079365079365,0.53,0.53,0.047761790567546036,7.3412698412698415e-06,0.0,0.0,0.0253171993976248,0.0253171993976248,457469.39915263833,-0.23466591529744063
2022-03-03,PANIC_STABILIZING_1,8,True,0.4,54.178484142949316,48.56013050865992,9.544887324299122,41.94798118801911,58.57804232804233,0.53,0.53,-0.04176997901964519,8.134920634920636e-06,0.0,0.0,-0.022134265467713538,-0.022134265467713538,447343.6500284384,-0.2516060230997367
2022-03-04,PANIC_STABILIZING_1,8,True,0.4,56.06170463485577,44.93053662906605,9.919843162490254,43.49061456414395,60.50925925925926,0.53,0.53,-0.04279458598726116,9.722222222222223e-06,0.0,0.0,-0.02267656112880397,-0.02267656112880397,437199.43440298626,-0.2685770248653442
2022-03-07,PANIC_STABILIZING_1,8,True,0.4,63.102671288451766,35.346514581808705,7.951885288650026,54.25554576669375,69.6031746031746,0.53,0.53,-0.1116656269494698,8.134920634920636e-06,0.0,0.0,-0.05917895887052058,-0.05917895887052058,411326.42705623707,-0.31186187502779184
2022-03-08,PANIC_ACCELERATING,8,True,0.4,67.90567682040277,28.314830586889418,6.463626651861978,63.97978728932236,77.32804232804233,0.36,0.53,-0.013810861423220855,9.722222222222223e-06,0.0,0.0,-0.007315187109862609,-0.007315187109862609,408317.49727908947,-0.31689573416939343
2022-03-09,PANIC_ACCELERATING,8,True,0.4,66.99340499065583,33.699587192234254,6.705854173501265,66.483805912174,73.04232804232804,0.36,0.36,0.10704960835509136,8.928571428571428e-06,0.17000000000000004,8.500000000000002e-05,0.03854357329354717,0.03845857329354717,424020.80567523505,-0.29062451869481243
2022-03-10,PANIC_STABILIZING_1,8,True,0.4,63.10347772309794,38.746767776179546,7.608197693491843,65.64977155252295,64.94708994708994,0.53,0.36,-0.03216123499142365,9.722222222222223e-06,0.0,0.0,-0.011571822374690292,-0.011571822374690292,419114.11222878814,-0.29883328576143653
2022-03-11,PANIC_STABILIZING_1,8,True,0.4,60.284177184934016,42.242071903836624,8.146264752147138,66.17641597954689,58.994708994708986,0.53,0.53,-0.06202924235711116,1.011904761904762e-05,0.17000000000000004,8.500000000000002e-05,-0.03287074249688796,-0.032955742496887964,405301.8954693644,-0.3219407554432716
2022-03-14,PANIC_STABILIZING_1,8,True,0.4,58.50876210139293,38.14346068757834,6.757347473523976,66.55517360000279,63.08201058201058,0.53,0.53,-0.058573452999527764,1.0515873015873016e-05,0.0,0.0,-0.031038987629432257,-0.031038987629432257,392721.73494970537,-0.34298702794709
2022-03-15,PANIC_STABILIZING_1,8,True,0.4,55.430911011026005,40.24096365272837,7.214311159899427,61.52110724169544,62.47354497354498,0.53,0.53,0.0925740090316105,1.2500000000000002e-05,0.0,0.0,0.04907009978675357,0.04907009978675357,411992.62967211433,-0.31074733584726233
2022-03-16,PANIC_STABILIZING_1,8,True,0.4,50.38729680226478,48.517697319167915,10.53431057107531,51.14361121761498,57.50000000000001,0.53,0.53,0.11228473019517793,1.2896825396825396e-05,0.0,0.0,0.05951696851138081,0.05951696851138081,436513.1820392305,-0.2697251067384986
2022-03-17,PANIC_STABILIZING_2,8,True,0.4,44.47577059818956,61.368681706916995,16.141939208115712,40.039913320748205,48.31349206349207,0.53,0.53,0.03344343517753923,1.2103174603174605e-05,0.0,0.0,0.017730709136159283,0.017730709136159283,444252.8703040675,-0.25677681501663907
2022-03-18,RECOVERY_EARLY,8,True,0.7,39.72279178155139,71.72045543442601,23.70097934068525,31.39130439737647,43.055555555555564,0.665,0.53,0.06212544946064713,1.0515873015873016e-05,0.0,0.0,0.03293143067446044,0.03293143067446044,458882.7529044159,-0.2323014122247079
2022-03-21,RECOVERY_RETESTED,8,True,1.0,38.38666607784257,75.09370936062112,29.736070103717196,31.40173488071967,41.74603174603175,0.8,0.665,-0.007146887342486363,1.1309523809523808e-05,0.135,6.75e-05,-0.004748891392277242,-0.004816391392277242,456672.59396326257,-0.2359989490947323
2022-03-22,RECOVERY_RETESTED,8,True,1.0,38.43803172920821,76.39960885255003,36.362884943767334,31.43180423578902,40.55555555555555,0.8,0.8,0.05910210267096039,1.6071428571428572e-05,0.135,6.75e-05,0.0472848964224826,0.0472173964224826,478235.48486770946,-0.19992480860694473
2022-03-23,RECOVERY_RETESTED,8,True,1.0,41.097465532759664,72.70962716918599,39.14495272583511,40.11723557387691,41.42195767195767,0.8,0.8,-0.042210695761044525,1.4880952380952383e-05,0.0,0.0,-0.03376558041835943,-0.03376558041835943,462087.5861444957,-0.22693981182266132
2022-03-24,RECOVERY_RETESTED,8,True,1.0,40.97778282484166,71.25102981132393,42.28796233208001,38.17205488899034,41.21031746031746,0.8,0.8,0.06479925303454737,1.4484126984126985e-05,0.0,0.0,0.05184229925303472,0.05184229925303472,486043.26906651113,-0.18686259420656437
2022-03-25,RECOVERY_RETESTED,8,True,1.0,40.8589425560014,68.40038326141268,42.81085602409134,42.395272006894366,41.21693121693122,0.8,0.8,-0.0015783935461242127,1.5277777777777777e-05,0.0,0.0,-0.0012596592813438146,-0.0012596592813438146,485431.0201514968,-0.18788687028677986
2022-03-28,PANIC_STABILIZING_2,8,True,1.0,38.462797671621225,69.91986356104003,45.78621205238855,36.69431980096113,39.563492063492056,0.8,0.8,0.045494466889162144,1.646825396825397e-05,0.0,0.0,0.036398867162123365,0.036398867162123365,503100.15937036515,-0.15832687235773213
2022-03-29,RECOVERY_RETESTED,8,True,1.0,33.84339591692535,72.29376729670848,48.218817346758556,35.45257565101016,38.01587301587301,0.8,0.8,0.0512432795698925,1.8055555555555558e-05,0.0,0.0,0.04099823476702511,0.04099823476702511,523726.3778155591,-0.1238197598735582
2022-03-30,RECOVERY_RETESTED,8,True,1.0,32.52102228278701,75.20535598623835,49.722130533895275,35.91764929065685,37.31481481481482,0.8,0.8,-0.030046348090139063,1.646825396825397e-05,0.0,0.0,-0.024033784821317603,-0.024033784821317603,511139.2507458919,-0.1448776872294475
2022-03-31,RECOVERY_RETESTED,8,True,1.0,33.137357105004185,74.03540273466744,47.89301738713507,43.38807762085747,37.81084656084656,0.8,0.8,-0.04135771955841161,1.646825396825397e-05,0.0,0.0,-0.03308288199593564,-0.03308288199593564,494229.29122997454,-0.1731675977949273
2022-04-01,RECOVERY_RETESTED,8,True,1.0,37.06455783514608,70.58096331625744,46.53546929282226,52.13115312384759,37.90343915343916,0.8,0.8,-0.004297009281540087,1.5277777777777777e-05,0.0,0.0,-0.0034345518696765145,-0.0034345518696765145,492531.8350937317,-0.17600739656782993
2022-04-04,RECOVERY_RETESTED,8,True,1.0,34.510288439700226,68.98192877751701,47.69982482482485,54.040292800254825,37.771164021164026,0.8,0.8,0.06248921111686512,1.5674603174603176e-05,0.0,0.0,0.04999450381412701,0.04999450381412701,517155.7198019043,-0.13481229521272775
2022-04-05,PANIC_STABILIZING_2,8,True,1.0,36.776170708523665,58.95127101891808,47.754477166241905,58.994045007327706,38.968253968253975,0.8,0.8,-0.06612510154346063,2.0833333333333333e-05,0.0,0.0,-0.05289591456810184,-0.05289591456810184,489800.2950288576,-0.1805771901305273
2022-04-06,PANIC_STABILIZING_2,8,True,1.0,41.090447169858955,48.807519073695545,43.29740665034785,66.10078321748148,42.64550264550265,0.8,0.8,-0.06576200417536526,2.0436507936507937e-05,0.0,0.0,-0.05260551603870491,-0.05260551603870491,464034.09775295464,-0.22368334989759653
2022-04-07,PANIC_STABILIZING_1,8,True,1.0,47.72423768306123,39.78102682514447,38.034374710845334,74.30489699512466,45.939153439153436,0.8,0.8,0.0065176908752326845,2.1230158730158732e-05,0.0,0.0,0.00521839873193218,0.00521839873193218,466455.61270024197,-0.21963222007512428
2022-04-08,PANIC_STABILIZING_1,8,True,1.0,49.37549229902172,38.2917255490785,34.87945823975239,77.43190364395295,47.39417989417989,0.8,0.8,-0.04088806660499522,2.1626984126984128e-05,0.0,0.0,-0.03270612788717078,-0.03270612788717078,451199.65577757923,-0.24515502848437487
2022-04-11,PANIC_STABILIZING_1,8,True,1.0,52.505847444082754,35.91677181383064,32.02125655066835,78.01591801885917,50.17857142857142,0.8,0.8,-0.07098765432098775,2.2420634920634916e-05,0.0,0.0,-0.05678563932980608,-0.05678563932980608,425577.99485886097,-0.28801938278677885
2022-04-12,PANIC_STABILIZING_1,8,True,1.0,53.91323676617797,31.647715993304235,26.866810087398353,78.27680123875567,54.90740740740741,0.8,0.8,-0.01287375415282388,2.5198412698412697e-05,0.0,0.0,-0.010293963639719421,-0.010293963639719421,421197.11045391916,-0.29534848537255676
2022-04-13,PANIC_STABILIZING_1,8,True,1.0,48.6376401611696,37.66913236766178,23.242553477847622,74.02478855244506,55.82010582010582,0.8,0.8,0.05994951619688682,2.4007936507936506e-05,0.0,0.0,0.04796441454481105,0.04796441454481105,441399.5832648075,-0.2615502880153371
2022-04-14,PANIC_STABILIZING_1,8,True,1.0,42.52669181786831,40.387657615598805,20.35110425551605,72.56338913459405,56.25,0.8,0.8,-0.06727525302639414,2.4404761904761902e-05,0.0,0.0,-0.05381532146873437,-0.05381532146873437,417645.52279524645,-0.30129019665428614
2022-04-18,PANIC_STABILIZING_1,8,True,1.0,39.36613756613758,45.46223744753158,19.057820425467515,69.67928605618356,57.51322751322751,0.8,0.8,0.002765957446808631,2.5992063492063493e-05,0.0,0.0,0.002217964370145318,0.002217964370145318,418571.84568415704,-0.29974048320539404
2022-04-19,PANIC_STABILIZING_1,8,True,1.0,38.507142857142874,47.531594619829924,17.620790959026284,63.98735883484458,60.55555555555555,0.8,0.8,0.06429026098026713,2.6785714285714288e-05,0.0,0.0,0.05143756592707085,0.05143756592707085,440102.1625917516,-0.26372083814421265
2022-04-20,PANIC_STABILIZING_1,8,True,1.0,35.91349206349208,54.200984598043426,17.68182152740979,57.16843161269154,60.542328042328045,0.8,0.8,-0.045055821371610794,2.6785714285714288e-05,0.0,0.0,-0.036039299954431496,-0.036039299954431496,424241.1887435135,-0.29025582370853087
2022-04-21,PANIC_STABILIZING_1,8,True,1.0,38.08386243386246,51.0891048611637,16.3253821047939,57.82999623369639,62.16931216931217,0.8,0.8,-0.05866388308977022,2.7182539682539677e-05,0.0,0.0,-0.04692566996387967,-0.04692566996387967,404333.3867354514,-0.32356104468396996
2022-04-22,PANIC_STABILIZING_1,8,True,1.0,47.14296296296299,42.096825817414064,12.021091679915239,64.31809720400798,71.90476190476191,0.8,0.8,-0.07939676203149271,2.7579365079365076e-05,0.0,0.0,-0.06351189375217829,-0.06351189375217829,378653.407636651,-0.3665229637438361
2022-04-25,PANIC_STABILIZING_1,8,True,1.0,54.159894179894195,37.66034837358368,9.427601761425322,66.13373267547837,79.23280423280424,0.8,0.8,0.03709949409780777,2.7579365079365076e-05,0.0,0.0,0.029685111151262093,0.029685111151262093,389893.7761301492,-0.34771812751079967
2022-04-26,PANIC_ACCELERATING,8,True,1.0,60.31622442461611,34.70671301553656,6.85211366829017,67.78688576079465,86.79894179894181,0.36,0.8,-0.11242740998838552,3.075396825396826e-05,0.0,0.0,-0.08993577719705763,-0.08993577719705763,354828.3763495886,-0.406381604664668
2022-04-27,PANIC_ACCELERATING,8,True,1.0,62.77794076280302,32.58533218092043,6.50818570671515,69.01741587073651,87.55291005291006,0.36,0.36,-0.004449097095001409,2.7579365079365076e-05,0.44000000000000006,0.00022000000000000003,-0.0015840241605497133,-0.0018040241605497133,354188.2573858053,-0.4074525065919997
2022-04-28,PANIC_ACCELERATING,8,True,1.0,63.83864726762718,30.02606387900507,6.3052033125562845,69.92940528628382,85.1521164021164,0.36,0.36,0.10567823343848581,2.7182539682539677e-05,0.0,0.0,0.038061560863251714,0.038061560863251714,367669.21530134423,-0.38489922410728383
2022-04-29,PANIC_ACCELERATING,8,True,1.0,61.708393771923205,30.063959968371748,6.1959785415668085,68.54878876572423,78.69047619047619,0.36,0.36,-0.13147883975273422,2.7182539682539677e-05,0.0,0.0,-0.0473149854855875,-0.0473149854855875,350272.9517158638,-0.4140027083908213
2022-05-02,PANIC_ACCELERATING,8,True,1.0,59.679106501459465,34.320719879543425,6.22176588353062,65.03717230377569,71.64021164021163,0.36,0.36,0.04708458800985493,2.8373015873015875e-05,0.0,0.0,0.016968610413706505,0.016968610413706505,356216.5969719893,-0.404059148646018
2022-05-03,PANIC_STABILIZING_1,8,True,1.0,56.70269925387575,37.80037390331509,5.571884910120236,61.498886118430676,69.72883597883599,0.8,0.36,0.0023529411764706687,3.035714285714286e-05,0.0,0.0,0.0008664873949580121,0.0008664873949580121,356525.2541631404,-0.4035427734101792
2022-05-04,PANIC_STABILIZING_1,8,True,1.0,49.99227134697725,49.61110900816784,8.534929677576768,53.03655200334514,61.44179894179896,0.8,0.8,0.09911319770474702,3.075396825396826e-05,0.44000000000000006,0.00022000000000000003,0.07929670895744842,0.07907670895744842,384718.0979225794,-0.35637689889756907
2022-05-05,PANIC_STABILIZING_1,8,True,1.0,48.956053616641874,48.282791194555905,9.101674994322083,54.20099553334845,56.8915343915344,0.8,0.8,-0.1490270526815377,2.9960317460317458e-05,0.0,0.0,-0.11921565008173811,-0.11921565008173811,338853.6797805293,-0.4331068453031196
2022-05-06,PANIC_STABILIZING_1,8,True,1.0,49.77398835810603,43.54282538841363,9.440000294412089,55.82776753440887,53.32010582010582,0.8,0.8,-0.034857780256553283,2.8373015873015875e-05,0.0,0.0,-0.027880549602068025,-0.027880549602068025,329406.25295356504,-0.4489121380217187
2022-05-09,PANIC_ACCELERATING,8,True,1.0,58.402789509036985,31.217205335587693,6.3675011145599685,65.1451838257341,57.67195767195767,0.36,0.8,-0.11817393816815946,2.8373015873015875e-05,0.0,0.0,-0.09453347593135297,-0.09453347593135297,298266.334868342,-0.5010083891581034
2022-05-10,PANIC_ACCELERATING,8,True,1.0,61.09143507202248,30.186960805343166,6.311908757497025,67.23985384137184,58.43253968253968,0.36,0.36,0.034403669724770714,3.115079365079365e-05,0.44000000000000006,0.00022000000000000003,0.012405257608853965,0.012185257608853965,301900.78699476144,-0.49492804783533784
2022-05-11,PANIC_ACCELERATING,8,True,1.0,67.47961761449871,26.67592172003938,5.933243537655334,74.36455646484107,59.00132275132275,0.36,0.36,-0.0890085524231865,2.9960317460317458e-05,0.0,0.0,-0.03202390426917254,-0.03202390426917254,292232.7450932533,-0.5111024236805031
2022-05-12,PANIC_ACCELERATING,8,True,1.0,67.70377768634513,25.896209129297375,6.245803576685962,74.6611029028486,59.00793650793651,0.36,0.36,-0.007997218358831715,3.075396825396826e-05,0.0,0.0,-0.0028593160694968776,-0.0028593160694968776,291397.159309175,-0.5125003363768116
2022-05-13,PANIC_ACCELERATING,8,True,1.0,65.21288139853134,29.741239033150805,6.955475433416642,69.6607493031117,56.812169312169324,0.36,0.36,0.10865755345250605,3.273809523809523e-05,0.0,0.0,0.03913767162385456,0.03913767162385456,302801.7656423415,-0.49342073462518765
2022-05-16,PANIC_STABILIZING_1,8,True,1.0,59.703183966893164,38.22223441929325,7.3847458803341475,62.06249030950167,54.67592592592593,0.8,0.36,-0.03098324375592798,3.5515873015873014e-05,0.0,0.0,-0.011131237593403913,-0.011131237593403913,299431.2072452744,-0.49905958878796675
2022-05-17,PANIC_STABILIZING_1,8,True,1.0,54.00358738339575,50.44835381600088,9.187712923007071,51.72099630804561,49.56349206349207,0.8,0.8,0.07536704730831989,3.7103174603174604e-05,0.44000000000000006,0.00022000000000000003,0.060301058481576554,0.060081058481576556,317421.3511189868,-0.46896255864615155
2022-05-18,PANIC_STABILIZING_1,8,True,1.0,53.76127680819534,47.602369806781574,8.279902381373,48.597684394885505,49.37169312169312,0.8,0.8,-0.1459344660194175,3.6706349206349205e-05,0.0,0.0,-0.11674023154569274,-0.11674023154569274,280365.5090918096,-0.5309559925092321
2022-05-19,PANIC_STABILIZING_1,8,True,1.0,54.87170527065977,44.414477082124144,7.8428182384065055,44.88527450600503,48.43915343915344,0.8,0.8,-0.020248667850799262,3.5515873015873014e-05,0.0,0.0,-0.016191831106036236,-0.016191831106036236,275825.87812063715,-0.538550673859821
2022-05-20,PANIC_STABILIZING_1,8,True,1.0,57.88941204989366,35.43331945390769,6.638837577072903,50.653528392854746,49.21957671957673,0.8,0.8,-0.00870195794053652,3.630952380952381e-05,0.0,0.0,-0.006954304447667312,-0.006954304447667312,273907.7009896411,-0.5417597329609707
2022-05-23,PANIC_STABILIZING_1,8,True,1.0,57.498112343138565,40.16279094220271,7.6386992034051175,49.899325321526426,48.01587301587302,0.8,0.8,0.049378200438917386,3.5515873015873014e-05,0.0,0.0,0.039509663525737086,0.039509663525737086,284729.70209285,-0.5236548141963148
2022-05-24,PANIC_STABILIZING_1,8,True,1.0,59.732728424568954,36.91956662544899,8.187582119935094,59.1022182388406,48.25396825396825,0.8,0.8,-0.062391077030324205,3.7103174603174604e-05,0.0,0.0,-0.04990544098933873,-0.04990544098933873,270520.1407471433,-0.5474270307569962
2022-05-25,PANIC_STABILIZING_1,8,True,1.0,57.65295545620802,43.43439658145542,8.841796207972711,53.75991218922905,48.0026455026455,0.8,0.8,0.04014869888475836,3.6706349206349205e-05,0.0,0.0,0.03212630037764796,0.03212630037764796,279210.9520469896,-0.5328875356042915
2022-05-26,PANIC_STABILIZING_1,8,True,1.0,54.74515409231309,50.08022413169473,9.874369747899193,50.215826832525096,47.43386243386244,0.8,0.8,0.08363116511794133,3.6706349206349205e-05,0.0,0.0,0.06691227336419434,0.06691227336419434,297893.5915966347,-0.5016319786948233
2022-05-27,PANIC_STABILIZING_2,8,True,1.0,47.5286496981349,66.101299829241,14.561270724506054,37.79591044012294,45.63492063492064,0.8,0.8,0.09795514511873349,3.7103174603174604e-05,0.0,0.0,0.07837153672990743,0.07837153672990743,321239.9701520544,-0.4625741110080934
2022-05-31,RECOVERY_EARLY,8,True,1.0,44.38651722067734,73.3517256752551,18.51984358307891,36.088687562596455,44.69576719576721,0.8,0.8,-0.007209372183839102,3.7500000000000003e-05,0.0,0.0,-0.005759997747071283,-0.005759997747071283,319389.6286477093,-0.46566968291790456
2022-06-01,RECOVERY_RETESTED,8,True,1.0,43.26635038399746,72.56987975370329,20.826814840050165,39.232439758815445,44.37169312169312,0.8,0.8,-0.023298033282904584,4.067460317460317e-05,0.0,0.0,-0.01863029170568875,-0.01863029170568875,313439.30669823085,-0.47562441259233723
2022-06-02,RECOVERY_RETESTED,8,True,1.0,43.18599734187972,71.76110217360218,22.103979609861995,36.184130219946134,44.27248677248678,0.8,0.8,0.0811648079306071,4.027777777777778e-05,0.0,0.0,0.06493990190004123,0.06493990190004123,333794.0245268309,-0.44157151338730716
2022-06-03,RECOVERY_RETESTED,8,True,1.0,42.55141107494051,69.47423442349914,22.891896308072813,38.20560369260556,44.27910052910053,0.8,0.8,-0.07908309455587392,4.107142857142856e-05,0.0,0.0,-0.06325826135898485,-0.06325826135898485,312678.79488324525,-0.4768967285437551
2022-06-06,PANIC_STABILIZING_2,8,True,1.0,43.15603839133252,68.95169507743037,24.844062760239265,38.099232364649794,44.74867724867725,0.8,0.8,0.012445550715619147,4.265873015873015e-05,0.0,0.0,0.009964972318527065,0.009964972318527065,315794.6304188472,-0.4716840189239627
2022-06-07,PANIC_STABILIZING_2,8,True,1.0,42.612581909640745,69.57940924117395,26.867144665674108,42.729884750567834,45.5952380952381,0.8,0.8,0.024277811923786086,4.464285714285714e-05,0.0,0.0,0.019431178110457442,0.019431178110457442,321930.8921288419,-0.4614182169970732
2022-06-08,RECOVERY_RETESTED,8,True,1.0,42.103890674713504,70.62809763545057,28.451557860381417,42.57972634466939,45.615079365079374,0.8,0.8,-0.020402040204020366,4.464285714285714e-05,0.0,0.0,-0.01631270359178772,-0.01631270359178772,316679.32890850434,-0.4702039419831364
2022-06-09,RECOVERY_RETESTED,8,True,1.0,44.30613205653189,64.50741497800321,26.85060081089496,47.43582994081094,46.96428571428572,0.8,0.8,-0.08147013782542112,4.5436507936507935e-05,0.0,0.0,-0.0651670229587496,-0.0651670229587496,296042.2798109624,-0.5047291738593764
2022-06-10,RECOVERY_RETESTED,8,True,1.0,49.49842230596499,49.33250477368125,21.040624027388763,58.00370379189162,48.30687830687831,0.8,0.8,-0.10670223407802604,4.623015873015873e-05,0.0,0.0,-0.0853525412306748,-0.0853525412306748,270774.31891737424,-0.5470017974678945
2022-06-13,PANIC_ACCELERATING,8,True,1.0,59.44654047843034,30.66423492820552,14.433958117781678,71.45201116676446,54.66269841269841,0.36,0.8,-0.1384845091452035,4.98015873015873e-05,0.0,0.0,-0.11077764699870249,-0.11077764699870249,240778.57700003128,-0.5971838724390427
2022-06-14,PANIC_ACCELERATING,8,True,1.0,63.88576711223237,24.671269588916655,10.749939645527911,78.74691415459914,57.62566137566139,0.36,0.36,0.00649913344887354,6.329365079365079e-05,0.44000000000000006,0.00022000000000000003,0.002380195978102411,0.002160195978102411,241298.70591367997,-0.5963137106603708
2022-06-15,PANIC_ACCELERATING,8,True,1.0,66.87280692035024,23.991054710172364,10.476825144472235,82.58157939723402,58.55158730158731,0.36,0.36,0.07188979767541959,6.726190476190477e-05,0.0,0.0,0.02592337478219867,0.02592337478219867,247553.98270153982,-0.5858487996873845
2022-06-16,PANIC_ACCELERATING,8,True,1.0,67.83915290576584,22.363948612478026,11.919968497909705,85.50511725469028,58.35978835978836,0.36,0.36,-0.12208835341365454,6.369047619047618e-05,0.0,0.0,-0.04391104532415373,-0.04391104532415373,236683.62854695774,-0.6040346118153643
2022-06-17,PANIC_ACCELERATING,8,True,1.0,68.41740813683197,21.373702799438096,13.517964182670097,86.10788755684389,57.67195767195768,0.36,0.36,0.03705397987191228,5.773809523809524e-05,0.0,0.0,0.013376385134840801,0.013376385134840801,239849.59991751343,-0.59873802628294
2022-06-21,PANIC_ACCELERATING,8,True,1.0,66.78636911154766,24.770707997913888,14.841570982747484,81.13167845942986,58.0952380952381,0.36,0.36,0.07543008381120409,5.932539682539682e-05,0.0,0.0,0.027192798426001724,0.027192798426001724,246371.7817406275,-0.5878265903156323
2022-06-22,PANIC_ACCELERATING,8,True,1.0,63.234382506648124,32.56706075823723,16.073956729839114,72.86189204927342,55.0925925925926,0.36,0.36,-0.003691550451189518,6.210317460317461e-05,0.0,0.0,-0.0012892121306821947,-0.0012892121306821947,246054.1562509497,-0.5883579692753422
2022-06-23,PANIC_STABILIZING_1,8,True,1.0,61.52755814530631,35.91547640077053,17.779349517584844,66.14538382920733,53.968253968253975,0.8,0.36,0.04281597365170842,5.853174603174603e-05,0.0,0.0,0.015451210832075348,0.015451210832075348,249855.99089529153,-0.5819976014712718
2022-06-24,PANIC_STABILIZING_1,8,True,1.0,61.079641199644605,39.8943590649473,20.493426830191567,58.75178666061017,51.8915343915344,0.8,0.8,0.10461902881958163,6.011904761904762e-05,0.44000000000000006,0.00022000000000000003,0.08370724686518911,0.08348724686518912,270715.77968791313,-0.5470997320350628
2022-06-27,PANIC_STABILIZING_1,8,True,1.0,60.540063436975466,45.45951455657339,22.64050394932751,53.128129796915346,49.847883597883595,0.8,0.8,-0.02358827734095781,6.329365079365079e-05,0.0,0.0,-0.018857963142607518,-0.018857963142607518,265610.6314924362,-0.5556405085956226
2022-06-28,PANIC_STABILIZING_1,8,True,1.0,60.985931939884104,50.26048885019474,21.618664883370798,48.49813415339978,50.21825396825397,0.8,0.8,-0.09114202049780384,6.567460317460317e-05,0.0,0.0,-0.07290048147760815,-0.07290048147760815,246247.48857106606,-0.5880345294681468
2022-06-29,PANIC_STABILIZING_1,8,True,1.0,62.76113611349923,49.09002069296188,18.82701041377515,48.31807783657876,52.294973544973544,0.8,0.8,0.002013693113169568,6.567460317460317e-05,0.0,0.0,0.001624089411170575,0.001624089411170575,246647.41650978164,-0.5873654607096883
2022-06-30,PANIC_STABILIZING_1,8,True,1.0,65.05031601854905,41.464482339482345,16.150044161808896,49.5898260011163,54.72222222222223,0.8,0.8,-0.03536977491961413,6.527777777777778e-05,0.0,0.0,-0.028282764380135748,-0.028282764380135748,239671.54574366633,-0.5990359061595419
2022-07-01,PANIC_STABILIZING_1,8,True,1.0,64.7941352031391,40.33553721789016,16.519897208132534,52.41222202820871,54.27248677248678,0.8,0.8,0.016250000000000098,6.28968253968254e-05,0.0,0.0,0.013012579365079444,0.013012579365079444,242790.29075420703,-0.5938183290658958
2022-07-05,PANIC_STABILIZING_1,8,True,1.0,66.3572209542552,38.54893023275377,17.635748353395442,56.61976180572003,54.48412698412698,0.8,0.8,0.05166051660516602,6.329365079365079e-05,0.0,0.0,0.04134107201429155,0.04134107201429155,252827.50164864748,-0.5770263433569238
2022-07-06,PANIC_STABILIZING_1,8,True,1.0,64.1605991065402,44.51736926001632,20.495229052582022,54.974486549439085,53.174603174603185,0.8,0.8,0.019103313840155955,7.003968253968254e-05,0.0,0.0,0.015296659008632703,0.015296659008632703,256694.91772937137,-0.5705562595616201
2022-07-07,PANIC_STABILIZING_1,8,True,1.0,62.488797570986634,48.97106139753199,24.80948805948809,50.153790412803666,51.468253968253975,0.8,0.8,0.0619739862280031,7.003968253968254e-05,0.0,0.0,0.04959319691891042,0.04959319691891042,269425.2393324076,-0.5492587715764661
2022-07-08,PANIC_STABILIZING_1,8,True,1.0,57.65757401066039,54.960713865125626,28.954862215156357,44.099220391440475,48.26719576719577,0.8,0.8,0.004682997118155674,7.202380952380952e-05,0.0,0.0,0.003760802456429301,0.003760802456429301,270438.494434313,-0.5475636228573969
2022-07-11,PANIC_STABILIZING_1,8,True,1.0,56.61394714833519,53.849886651357245,30.038743785802637,44.340806108358265,47.44708994708996,0.8,0.8,-0.06382215847974193,7.321428571428571e-05,0.0,0.0,-0.05104308392665069,-0.05104308392665069,256634.47966590524,-0.5706573708273566
2022-07-12,PANIC_STABILIZING_1,8,True,1.0,57.745035034388856,44.049838704250476,28.008352049528543,48.425090752178015,49.82142857142858,0.8,0.8,-0.029107621600919065,8.115079365079365e-05,0.0,0.0,-0.023269867122005093,-0.023269867122005093,250662.62942515474,-0.5806481167580163
2022-07-13,PANIC_STABILIZING_1,8,True,1.0,59.82981675207168,34.86222251663429,26.312795778972276,54.51383292346289,56.95767195767197,0.8,0.8,-0.0063116370808679045,8.273809523809524e-05,0.0,0.0,-0.005032762045646705,-0.005032762045646705,249401.10405752182,-0.582758614999767
2022-07-14,PANIC_ACCELERATING,8,True,1.0,60.83228310997422,33.137375821199356,27.768513050866023,57.808568632335216,61.26984126984127,0.36,0.8,0.0103215561730845,8.948412698412699e-05,0.0,0.0,0.008275141763864426,0.008275141763864426,251464.93354966215,-0.5793058833891389
2022-07-15,PANIC_STABILIZING_1,8,True,1.0,58.26317641818059,40.695587394116814,31.623918245977098,57.28393095589488,61.02513227513228,0.8,0.36,0.052652259332023554,8.988095238095238e-05,0.44000000000000006,0.00022000000000000003,0.019012337169052287,0.018792337169052285,256190.54736712074,-0.571400057704751
2022-07-18,PANIC_STABILIZING_1,8,True,1.0,54.38515988436373,47.49428840605312,33.37540124157774,56.75618255148613,63.121693121693134,0.8,0.8,-0.023142963792459725,8.86904761904762e-05,0.44000000000000006,0.00022000000000000003,-0.018496632938729687,-0.018716632938729688,251395.5229296781,-0.5794220055022519
2022-07-19,PANIC_STABILIZING_2,8,True,1.0,48.71564599898053,58.135651407710235,36.80493834170307,45.826951544930644,63.25396825396826,0.8,0.8,0.08750477646159727,9.384920634920635e-05,0.0,0.0,0.07002259101054767,0.07002259101054767,268998.88881366566,-0.5499720446054999
2022-07-20,PANIC_STABILIZING_2,8,True,1.0,43.094749216945985,66.27777672630614,37.9013635484224,34.23134407788105,66.66666666666669,0.8,0.8,0.05024595924104003,9.464285714285715e-05,0.0,0.0,0.0402156959642606,0.0402156959642606,279816.86634092,-0.5318738571759367
2022-07-21,RECOVERY_RETESTED,8,True,1.0,38.51818488638876,76.11480703392469,41.53412025470852,21.10608945215204,61.89814814814816,0.8,0.8,0.042489126798260335,9.424603174603174e-05,0.0,0.0,0.03401015064495747,0.03401015064495747,289333.48011817463,-0.5159528165376475
2022-07-22,RECOVERY_RETESTED,8,True,1.0,35.42371266583007,78.42425513749043,40.63820017496491,23.05570801894328,59.27910052910054,0.8,0.8,-0.05231065468549423,9.305555555555555e-05,0.0,0.0,-0.04182991263728428,-0.04182991263728428,277230.68592178996,-0.5362004679342012
2022-07-25,RECOVERY_RETESTED,8,True,1.0,35.47472607816818,77.80071563159798,38.47982331070569,28.353678529437513,58.968253968253975,0.8,0.8,-0.014900101591601822,9.345238095238095e-05,0.0,0.0,-0.011901390797090983,-0.011901390797090983,273931.25518768915,-0.5417203274168241
2022-07-26,RECOVERY_RETESTED,8,True,1.0,39.4934094809095,65.80533474651124,31.63911768911772,40.383600088296454,62.275132275132286,0.8,0.8,-0.06050189068408396,9.861111111111111e-05,0.0,0.0,-0.04838179032504495,-0.04838179032504495,260677.97063572198,-0.5638927184459737
2022-07-27,PANIC_STABILIZING_2,8,True,1.0,41.58944963871436,63.92041200864731,33.681851599498685,41.903195178100276,63.45238095238097,0.8,0.8,0.12477131357482629,9.583333333333332e-05,0.0,0.0,0.0998362175265277,0.0998362175265277,286703.07321648375,-0.5203534170198432
2022-07-28,PANIC_STABILIZING_2,8,True,1.0,40.249086376292276,65.12053545141781,37.095492130786276,40.97073198164278,59.5767195767196,0.8,0.8,0.028627195836044228,9.146825396825396e-05,0.0,0.0,0.022920050319629036,0.022920050319629036,293274.3220813978,-0.5093598932022998
2022-07-29,RECOVERY_RETESTED,8,True,1.0,34.16570656791247,75.24284158107689,44.71718462159641,32.957822487708604,52.374338624338634,0.8,0.8,0.05502846299810238,9.067460317460317e-05,0.0,0.0,0.04404090531911682,0.04404090531911682,306190.38873271283,-0.4877516587130609
2022-08-01,RECOVERY_RETESTED,8,True,1.0,32.65789539539542,76.04137120313591,45.61518135782845,31.036405407847507,51.11772486772488,0.8,0.8,-0.0014988009592324936,9.027777777777777e-05,0.0,0.0,-0.0011809852118304395,-0.0011809852118304395,305828.7824116149,-0.4883566164289055
2022-08-02,RECOVERY_RETESTED,8,True,1.0,33.152783350577494,72.92526875615111,45.34065788477557,31.968113172809538,54.206349206349216,0.8,0.8,-0.009306514560192158,9.623015873015873e-05,0.0,0.0,-0.007425965616407695,-0.007425965616407695,303557.7083889184,-0.4921560626031669
2022-08-03,RECOVERY_RETESTED,8,True,1.0,33.81917095667097,71.84763997190468,46.10611388699627,31.600471066078246,54.53042328042329,0.8,0.8,0.08000000000000007,9.623015873015873e-05,0.0,0.0,0.0640192460317461,0.0640192460317461,322991.24400710163,-0.45964427662922835
2022-08-04,RECOVERY_RETESTED,8,True,1.0,31.43545089206856,70.66909829998066,46.80003301620951,30.12105514975531,52.427248677248684,0.8,0.8,0.014309764309764272,9.464285714285715e-05,0.0,0.0,0.01146674001923999,0.01146674001923999,326694.900630622,-0.45344815803142735
2022-08-05,RECOVERY_RETESTED,8,True,1.0,29.197246721511448,71.63997148408914,49.33450130803075,33.43147616985375,46.85846560846562,0.8,0.8,-0.02378976486860307,9.384920634920635e-05,0.0,0.0,-0.019013042053612615,-0.019013042053612615,320483.43674623116,-0.4638397711872553
2022-08-08,RECOVERY_RETESTED,8,True,1.0,27.291736379236397,72.28117960397374,49.1311073678721,39.41060249053605,48.18783068783069,0.8,0.8,-0.01020119013884957,9.702380952380953e-05,0.0,0.0,-0.008141547349174895,-0.008141547349174895,317874.2056713354,-0.4682049450768787
2022-08-09,RECOVERY_RETESTED,8,True,1.0,27.418688331188353,71.02889338918752,49.215205751970494,48.85945667136367,50.46296296296297,0.8,0.8,-0.03435442313197834,9.98015873015873e-05,0.0,0.0,-0.027463578188122357,-0.027463578188122357,309144.2425698934,-0.48280994014781664
2022-08-10,RECOVERY_RETESTED,8,True,1.0,25.17005629579161,72.96352550029022,51.087203800439134,46.56490781917724,48.92195767195768,0.8,0.8,0.0821227394011268,0.00010059523809523809,0.0,0.0,0.06571831056852048,0.06571831056852048,329460.6799135717,-0.44882108317149927
2022-08-11,RECOVERY_RETESTED,8,True,1.0,24.062832265038168,73.47761837467719,52.153948065712804,47.36259226154859,45.350529100529116,0.8,0.8,-0.015068493150684814,9.98015873015873e-05,0.0,0.0,-0.012034834203087534,-0.012034834203087534,325495.6752543753,-0.45545443005176767
2022-08-12,RECOVERY_RETESTED,8,True,1.0,21.478551135168804,79.64781588311,54.448497867615544,38.53478739650463,39.708994708994716,0.8,0.8,0.056467315716272504,9.861111111111111e-05,0.0,0.0,0.04519357479524023,0.04519357479524023,340205.9883995112,-0.43084446910689544
2022-08-15,RECOVERY_RETESTED,8,True,1.0,22.08866734381442,80.178146634029,54.89686997922294,36.11899029688401,39.41137566137567,0.8,0.8,0.023959978936282322,9.90079365079365e-05,0.0,0.0,0.019187784736327446,0.019187784736327446,346733.78767093056,-0.4199236352986283
2022-08-16,RECOVERY_RETESTED,8,True,1.0,22.450846119228498,81.21849685820276,56.79248828660596,30.257322584172652,39.715608465608476,0.8,0.8,-0.0064283877603497075,0.00010257936507936509,0.0,0.0,-0.005122194335263894,-0.005122194335263894,344957.74982787797,-0.4228948991679221
2022-08-17,RECOVERY_RETESTED,8,True,1.0,24.459932306255862,72.63062116738588,55.55687662452371,38.48934503085354,41.653439153439166,0.8,0.8,-0.03467908902691519,0.00010178571428571429,0.0,0.0,-0.027722914078675012,-0.027722914078675012,335394.51576862665,-0.4388939342926549
2022-08-18,NORMAL_PARTICIPATION,8,False,0.0,25.17117043514104,65.98595233889353,55.039624708742394,44.45077779731477,42.42063492063493,0.35,0.8,0.006702412868632601,0.00010099206349206349,0.0,0.0,0.005382128707604494,0.005382128707604494,337199.6522203181,-0.43587398922840037
2022-08-19,RISK_WARNING,0,False,0.0,30.14933494418791,51.00069291981057,52.1919188095659,59.26255976089939,43.80952380952382,0.35,0.35,-0.05858854860186402,0.00010218253968253967,0.45000000000000007,0.00022500000000000005,-0.020439573359858756,-0.020664573359858756,330231.5652700925,-0.4475314125621944
2022-08-22,RISK_WARNING,0,False,0.0,38.709261887938375,39.70403071138366,47.048898688604595,67.64362773589527,47.73148148148149,0.35,0.35,-0.07864214992927865,0.00010337301587301587,0.0,0.0,-0.027457560014930063,-0.027457560014930063,321164.21224786463,-0.4627008519581317
2022-08-23,RISK_WARNING,0,False,0.0,49.270765197971095,27.73585665497431,41.30996122172595,78.2287404305905,53.92195767195769,0.35,0.35,-0.00337734111145227,0.00010654761904761904,0.0,0.0,-0.001112813436627342,-0.001112813436627342,320806.81639711134,-0.4632987656695612
2022-08-24,NORMAL_PARTICIPATION,0,False,0.0,52.32862242494597,29.58364667188197,36.742607102901246,76.94441422311439,61.81878306878307,0.35,0.35,0.007701786814541034,0.00010575396825396824,0.0,0.0,0.002764365464454441,0.002764365464454441,321693.6436811211,-0.46181512731264796
2022-08-25,RISK_WARNING,0,False,0.0,48.580554398936776,36.46851893910718,37.73822246616367,72.7359448089998,64.20634920634922,0.35,0.35,0.052583307856924444,0.00010654761904761904,0.0,0.0,0.018473413702304507,0.018473413702304507,327636.42344624427,-0.4518730155111723
2022-08-26,RISK_WARNING,0,False,0.0,49.74987561090506,37.25944852415441,32.52161615396913,71.58685786626961,67.22883597883599,0.35,0.35,-0.12169619517862329,0.00010892857142857142,0.0,0.0,-0.04252286474108958,-0.04252286474108958,313704.3841277853,-0.47518094513353204
2022-08-29,NORMAL_PARTICIPATION,0,False,0.0,53.27254891446071,33.77127127127128,27.103663537487094,72.41923178260936,67.68518518518518,0.35,0.35,-0.030753968253968256,0.00010932539682539683,0.0,0.0,-0.010692827380952381,-0.010692827380952381,310349.9972996589,-0.4807927446934538
2022-08-30,PANIC_ACCELERATING,9,True,0.0,58.83391973906682,27.780551559963328,19.50340950193894,74.76250725515429,69.92063492063492,0.35,0.35,-0.0334356874786762,0.0001125,0.0,0.0,-0.01162936561753667,-0.01162936561753667,306740.82371165964,-0.4868307956966913
2022-08-31,PANIC_ACCELERATING,9,True,0.0,58.787559092706175,27.737121575356877,17.051344621932884,73.9575921000968,72.78439153439153,0.35,0.35,-0.018355100600070617,0.0001125,0.0,0.0,-0.006351160210024715,-0.006351160210024715,304792.66359731194,-0.4900900155280725
2022-09-01,PANIC_ACCELERATING,9,True,0.0,59.32783655504247,29.334840092193037,15.744379673791466,73.66396493403131,75.14550264550265,0.35,0.35,0.0010787486515642097,0.0001121031746031746,0.0,0.0,0.0004504290915395369,0.0004504290915395369,304929.95107988396,-0.48986033723699995
2022-09-02,PANIC_ACCELERATING,9,True,0.0,58.78729622479625,29.23998578410344,14.95088554941499,73.51763822646173,77.87037037037038,0.35,0.35,-0.04166666666666663,0.0001125,0.0,0.0,-0.01451020833333332,-0.01451020833333332,300505.35396264173,-0.4972625700227874
2022-09-06,PANIC_ACCELERATING,9,True,0.0,58.205046327840456,29.725226276696873,14.704665589959736,73.33320919862662,79.52380952380953,0.35,0.35,-0.022863568215892083,0.0001113095238095238,0.0,0.0,-0.007929897685086038,-0.007929897685086038,298122.3772518974,-0.5012492264049698
2022-09-07,PANIC_ACCELERATING,9,True,0.0,52.87746538555364,34.90824753324754,15.331044069279391,67.60135276235843,76.61375661375662,0.35,0.35,0.05907172995780585,0.00011527777777777777,0.0,0.0,0.020750036040787605,0.020750036040787605,304308.4273244396,-0.4909001298775022
2022-09-08,PANIC_STABILIZING_1,9,True,0.15,46.09496797217388,44.317663251486785,15.985740782799633,59.38315073680346,75.03968253968254,0.4175,0.35,0.016298442593263296,0.00011646825396825396,0.0,0.0,0.005780159272721519,0.005780159272721519,306067.37850240624,-0.4879574515424724
2022-09-09,PANIC_STABILIZING_2,9,True,0.4,37.11613367569252,56.888110799875506,19.27560775060778,49.366182189237186,67.73148148148148,0.53,0.4175,0.0634354953670706,0.00011607142857142858,0.0675,3.375e-05,0.02655193092289483,0.026518180922894832,314183.7286201292,-0.4743790146022555
2022-09-12,PANIC_STABILIZING_2,9,True,0.4,34.37227227227229,63.02478213507626,23.048977128388923,43.74896969346682,66.71296296296298,0.53,0.53,0.0365281501340482,0.00011686507936507937,0.11250000000000004,5.6250000000000026e-05,0.019414846158347134,0.019358596158347133,320265.88454200997,-0.4642037302135881
2022-09-13,PANIC_STABILIZING_2,9,True,0.4,37.754332694038595,60.57971837383602,23.17862883892299,43.61346993510178,63.511904761904766,0.53,0.53,-0.16456514710636927,0.00012043650793650793,0.0,0.0,-0.08716292280764557,-0.08716292280764557,292350.5739697524,-0.5109052991176056
2022-09-14,PANIC_STABILIZING_2,9,True,0.4,43.31903310873901,52.732256416079956,22.41744181155949,45.65534133347224,63.0026455026455,0.53,0.53,0.02244582043343657,0.00012480158730158729,0.0,0.0,0.011954941575753128,0.011954941575753128,295845.60800119874,-0.505058200543546
2022-09-15,PANIC_STABILIZING_1,9,True,0.4,49.2032928937341,39.83485691573927,18.66011999394355,54.271420749836274,60.502645502645514,0.53,0.53,-0.050340651021953176,0.00012321428571428574,0.0,0.0,-0.02662263432734947,-0.02662263432734947,287969.4185620304,-0.5182348550837956
2022-09-16,PANIC_ACCELERATING,9,True,0.4,51.712603254515045,34.454379799968045,18.47950976186273,61.12673628494309,59.510582010582006,0.36,0.53,-0.019529693104822554,0.0001224206349206349,0.0,0.0,-0.010293199647143255,-0.010293199647143255,285005.29184449965,-0.5231937599034531
2022-09-19,PANIC_ACCELERATING,9,True,0.4,53.010204427116214,34.70201714319362,17.99102653073244,67.50792419554277,59.1931216931217,0.36,0.36,0.02398373983739832,0.00012162698412698413,0.17000000000000004,8.500000000000002e-05,0.008711987611304664,0.008626987611304664,287464.02896639844,-0.5190803583771473
2022-09-20,PANIC_ACCELERATING,9,True,0.4,51.567111123728786,34.469506270976865,18.183062474238977,69.32388470742357,61.42195767195768,0.36,0.36,-0.023818975784041352,0.00012837301587301589,0.0,0.0,-0.008492672552096155,-0.008492672552096155,285022.69109788054,-0.5231646514173216
2022-09-21,PANIC_ACCELERATING,9,True,0.4,51.48046901943963,32.02691977691978,17.29218104659284,71.72626350259175,63.67063492063492,0.36,0.36,-0.05490036600244008,0.0001275793650793651,0.0,0.0,-0.019682480967227637,-0.019682480967227637,279412.7374051185,-0.5325499540903016
2022-09-22,PANIC_ACCELERATING,9,True,0.4,50.963802352772966,24.965860818802,15.292925488513752,75.42215368662234,65.33730158730158,0.36,0.36,-0.037005163511187544,0.0001259920634920635,0.0,0.0,-0.013241223943392595,-0.013241223943392595,275712.97077650094,-0.5387395648305411
2022-09-23,PANIC_ACCELERATING,9,True,0.4,54.9700426266603,19.830018043253343,13.390804459922137,79.58841306066161,68.58465608465609,0.36,0.36,-0.04781054512958005,0.0001251984126984127,0.0,0.0,-0.017131669262521833,-0.017131669262521833,270989.5473497706,-0.5466417260497511
2022-09-26,PANIC_ACCELERATING,9,True,0.4,59.110032616650294,16.369400913518565,13.220350182114919,82.72917750360823,76.78571428571429,0.36,0.36,-0.013608634443923018,0.00012321428571428574,0.0,0.0,-0.004820251256955143,-0.004820251256955143,269683.3096435361,-0.5488270268396109
2022-09-27,PANIC_ACCELERATING,9,True,0.4,65.72881253101843,17.81603136750196,13.861252639193843,82.93502278369448,86.37566137566138,0.36,0.36,0.0009514747859180606,0.00012916666666666667,0.0,0.0,0.00042519758959716844,0.00042519758959716844,269797.97833675117,-0.5486351891789316
2022-09-28,PANIC_ACCELERATING,9,True,0.4,64.69581503772683,24.66868759515819,15.447633137339047,77.56357051684374,89.06084656084657,0.36,0.36,0.05846007604562731,0.0001275793650793651,0.0,0.0,0.021127278170076622,0.021127278170076622,275498.07527479605,-0.5390990792645309
2022-09-29,PANIC_ACCELERATING,9,True,0.4,63.26941216426513,28.278180491415792,15.378603183014974,73.36148133088359,86.62037037037038,0.36,0.36,-0.08441850022451725,0.00012956349206349208,0.0,0.0,-0.030307739445905573,-0.030307739445905573,267148.35139151907,-0.5530679442805595
2022-09-30,PANIC_ACCELERATING,9,True,0.4,59.55100636350639,29.385317039728807,13.531924571630478,68.7869455929228,83.39947089947093,0.36,0.36,-0.052476704266797514,0.00012797619047619048,0.0,0.0,-0.018809708774142342,-0.018809708774142342,262123.36870235237,-0.5614746060904708
2022-10-03,PANIC_ACCELERATING,9,True,0.4,57.45223448238156,34.20338405632524,12.267831697243489,63.082675892210965,79.7883597883598,0.36,0.36,0.06935817805383016,0.00012678571428571432,0.0,0.0,0.02505008695652171,0.02505008695652171,268689.5818816827,-0.5504895068403943
2022-10-04,PANIC_STABILIZING_1,9,True,0.4,51.840255065990384,48.05735672647438,13.482760281289721,50.815720165815016,71.6931216931217,0.53,0.36,0.0929332042594384,0.00013194444444444446,0.0,0.0,0.033540397977842265,0.033540397977842265,277701.53739049437,-0.535412746004605
2022-10-05,PANIC_STABILIZING_2,9,True,0.4,47.12534446210918,58.18106762224409,15.756330490154047,42.846065026805036,65.31084656084657,0.53,0.53,0.0,0.00013154761904761908,0.17000000000000004,8.500000000000002e-05,6.182738095238096e-05,-2.317261904761906e-05,277695.10231855954,-0.535423511708056
2022-10-06,PANIC_STABILIZING_2,9,True,0.4,46.594233203792044,60.95139151756799,16.865914864444303,40.842865364686965,64.47089947089948,0.53,0.53,-0.02524357838795377,0.00013194444444444446,0.0,0.0,-0.01331708265672661,-0.01331708265672661,273997.0136876151,-0.5416103152030116
2022-10-07,PANIC_STABILIZING_2,9,True,0.4,48.408681685887586,54.17302070978542,14.80803829039126,44.04730282600298,68.24074074074075,0.53,0.53,-0.11403907314856887,0.00013194444444444446,0.0,0.0,-0.06037869487985262,-0.06037869487985262,257453.43160017984,-0.5692872861174407
2022-10-10,PANIC_STABILIZING_1,9,True,0.4,54.406772528831375,43.599778349778354,12.280549246725746,46.291196896272766,74.04761904761905,0.53,0.53,-0.031282051282051304,0.00013154761904761908,0.0,0.0,-0.01651765979853481,-0.01651765979853481,253200.90340304273,-0.5764016521962565
2022-10-11,PANIC_ACCELERATING,9,True,0.4,59.11142876069349,33.4175067925068,9.939089089089116,55.210871992892834,82.49338624338625,0.36,0.53,-0.03970354685018529,0.00013154761904761908,0.0,0.0,-0.020981052449645824,-0.020981052449645824,247888.4819684458,-0.5852891913491102
2022-10-12,PANIC_ACCELERATING,9,True,0.4,63.51828330431274,26.88528864999454,9.01833724480786,62.90269311735153,90.51587301587301,0.36,0.36,-0.0022050716648290836,0.00014027777777777777,0.17000000000000004,8.500000000000002e-05,-0.0007040480215606922,-0.0007890480215606922,247692.88605218093,-0.5856164180921959
2022-10-13,PANIC_ACCELERATING,9,True,0.4,62.320525462437246,31.79000323853266,9.821096937273433,68.09401597992677,94.14021164021165,0.36,0.36,0.06685082872928172,0.000141468253968254,0.0,0.0,0.0241568380250811,0.0241568380250811,253676.36298050836,-0.5756062210237962
2022-10-14,PANIC_ACCELERATING,9,True,0.4,60.13144436453262,32.21237939620293,10.50039388127626,69.57182443354168,90.75396825396825,0.36,0.36,-0.09010875194199885,0.00014503968253968256,0.0,0.0,-0.03234632530229419,-0.03234632530229419,245470.86482203798,-0.5893338002548303
2022-10-17,PANIC_STABILIZING_1,9,True,0.4,54.96863985834576,39.139706933824584,12.581414187296566,63.916775070000845,83.25396825396827,0.53,0.36,0.0984632896983495,0.00014583333333333335,0.0,0.0,0.03554011762473915,0.03554011762473915,254194.92823125966,-0.5747386752113823
2022-10-18,PANIC_STABILIZING_1,9,True,0.4,51.06875604596195,44.34826423061717,13.212485384544232,55.70298324211984,75.66137566137567,0.53,0.53,0.024870466321243567,0.00015218253968253968,0.17000000000000004,8.500000000000002e-05,0.013252872943909885,0.013167872943909885,257542.13474919522,-0.569138888118607
2022-10-19,PANIC_STABILIZING_1,9,True,0.4,47.961342434871874,53.200729090434976,14.765911710029384,46.440570042799614,71.0714285714286,0.53,0.53,-0.01213346814964622,0.00015496031746031747,0.0,0.0,-0.006357906770106148,-0.006357906770106148,255904.70586708572,-0.5718782628988133
2022-10-20,PANIC_STABILIZING_1,9,True,0.4,47.48941798941801,54.39381293057764,15.321180213827299,45.71208277944518,69.84126984126983,0.53,0.53,-0.016888433981576134,0.00015615079365079366,0.0,0.0,-0.00887747913721948,-0.00887747913721948,253632.91717963436,-0.5756789046881192
2022-10-21,PANIC_STABILIZING_2,9,True,0.4,46.754497354497374,57.12419457272399,18.2256003903063,44.663840209143785,68.43915343915346,0.53,0.53,0.07079646017699104,0.00015694444444444444,0.0,0.0,0.03759588778269414,0.03759588778269414,263168.47187191725,-0.5597261764049438
2022-10-24,PANIC_STABILIZING_2,9,True,0.4,46.54721275897749,62.00099469217116,22.08961924108986,41.0169995490204,66.56084656084657,0.53,0.53,0.03403014098201251,0.00015694444444444444,0.0,0.0,0.018109738609355525,0.018109738609355525,267934.38410774124,-0.5517529325430959
2022-10-25,RECOVERY_RETESTED,9,True,1.0,44.89562545739019,70.32571331836039,27.239542693954487,32.67328571455703,62.22222222222223,0.8,0.53,0.06017865538316891,0.00015972222222222223,0.0,0.0,0.031969756797523965,0.031969756797523965,276500.18120536004,-0.5374225828112953
2022-10-26,RECOVERY_RETESTED,9,True,1.0,43.72525508701981,75.61216258275083,27.546730133494865,31.805643132967585,58.29365079365079,0.8,0.8,-0.06607538802660762,0.00015892857142857145,0.27,0.000135,-0.052828524707000384,-0.05296352470700039,261855.7570265999,-0.5619223132754697
2022-10-27,RECOVERY_RETESTED,9,True,1.0,42.80661375661378,76.18453747865514,24.35730183965481,32.90941286909026,55.23809523809524,0.8,0.8,-0.05508072174738843,0.00015773809523809526,0.0,0.0,-0.04403302977886313,-0.04403302977886313,250325.45467968087,-0.5812122011004663
2022-10-28,RECOVERY_RETESTED,9,True,1.0,41.90978835978839,79.66792843263431,24.110024730612995,34.076593705388746,52.68518518518519,0.8,0.8,0.09045226130653261,0.00015853174603174604,0.0,0.0,0.07239351539443244,0.07239351539443244,268447.39433665265,-0.5508946801338326
2022-10-31,RECOVERY_RETESTED,9,True,1.0,41.846296296296316,77.97941218529455,23.99069321422266,36.777113552967414,50.98544973544975,0.8,0.8,-0.03456221198156684,0.00016051587301587302,0.0,0.0,-0.027617666410650298,-0.027617666410650298,261033.50375105467,-0.5632979210411448
2022-11-01,RECOVERY_RETESTED,9,True,1.0,42.34814814814817,76.88526551761846,23.811346851052765,40.61545541882351,49.6362433862434,0.8,0.8,-0.031026252983293534,0.0001621031746031746,0.0,0.0,-0.024788581751714195,-0.024788581751714195,254562.85340338523,-0.5741231462265599
2022-11-02,RECOVERY_RETESTED,9,True,1.0,44.43862433862436,64.50872721460956,17.823152774623395,51.02185734799584,49.8941798941799,0.8,0.8,-0.10344827586206906,0.00016250000000000002,0.0,0.0,-0.08272612068965525,-0.08272612068965525,233503.85606963377,-0.6093542862307522
2022-11-03,PANIC_STABILIZING_1,9,True,1.0,45.97433862433865,54.84597622832917,13.700705747764601,58.348629538999525,50.01984126984129,0.8,0.8,-0.05769230769230771,0.0001621031746031746,0.0,0.0,-0.046121425518925535,-0.046121425518925535,222734.32536353628,-0.627371423422648
2022-11-04,PANIC_STABILIZING_1,9,True,1.0,45.3283068783069,52.21383568442392,13.188608566549773,62.1966877490122,48.60449735449736,0.8,0.8,0.04664723032069973,0.0001632936507936508,0.0,0.0,0.03735044298671852,0.03735044298671852,231053.5510842122,-0.6134535810179736
2022-11-07,PANIC_STABILIZING_2,9,True,1.0,44.15608465608468,56.05239693474988,14.945216014333688,62.317594030734426,48.16137566137567,0.8,0.8,0.031754874651810594,0.0001617063492063492,0.0,0.0,0.025436240991289747,0.025436240991289747,236930.6848914835,-0.6036212931504268
2022-11-08,PANIC_STABILIZING_2,9,True,1.0,43.168783068783085,59.96628876775935,17.58630353042121,60.53586946257722,49.087301587301596,0.8,0.8,0.02159827213822907,0.0001648809523809524,0.0,0.0,0.017311593901059446,0.017311593901059446,241032.33269102479,-0.5967593459464198
2022-11-09,PANIC_STABILIZING_2,9,True,1.0,43.384126984127,58.64692633810281,17.477195472783738,60.85996714388552,50.1851851851852,0.8,0.8,-0.06976744186046513,0.00016448412698412702,0.0,0.0,-0.05578105666297528,-0.05578105666297528,227587.2944835776,-0.6192525357189977
2022-11-10,PANIC_STABILIZING_2,9,True,1.0,40.04417989417991,65.98934480699187,22.271447708212445,49.02236168128005,46.970899470899475,0.8,0.8,0.21874999999999978,0.0001648809523809524,0.0,0.0,0.175032976190476,0.175032976190476,267422.5759801765,-0.552609173868917
2022-11-11,RECOVERY_RETESTED,9,True,1.0,35.43941798941801,73.4797245775187,28.54089509677748,35.060416848130295,41.95105820105821,0.8,0.8,0.05687645687645704,0.00016448412698412702,0.0,0.0,0.04553406232656246,0.04553406232656246,279599.41222238773,-0.532237652107532
2022-11-14,RECOVERY_RETESTED,9,True,1.0,31.381216931216954,80.07597944583239,34.47210887357949,24.38272539956598,37.724867724867735,0.8,0.8,-0.026466696074106788,0.00016448412698412702,0.0,0.0,-0.021140460033888607,-0.021140460033888607,273688.5520228016,-0.5421263633285107
2022-11-15,RECOVERY_RETESTED,9,True,1.0,31.423544973544995,78.61059273559273,35.42423473894065,21.748177290871755,38.121693121693134,0.8,0.8,0.04032623470774821,0.00016686507936507938,0.0,0.0,0.03229436078207158,0.03229436078207158,282527.14886374876,-0.5273396269132423
2022-11-16,RECOVERY_RETESTED,9,True,1.0,33.21342434871848,75.5122913880267,33.62626618214856,27.77913624521781,39.16005291005292,0.8,0.8,-0.04050522648083621,0.0001656746031746032,0.0,0.0,-0.03237104626403405,-0.03237104626403405,273381.4494570347,-0.5426401377176093
2022-11-17,RECOVERY_RETESTED,9,True,1.0,34.02997282997285,71.45228495302025,33.39486356104006,33.62242090965997,39.087301587301596,0.8,0.8,-0.0077167498865184925,0.0001660714285714286,0.0,0.0,-0.006140185623500508,-0.006140185623500508,271702.83661134687,-0.5454484121687619
2022-11-18,RECOVERY_RETESTED,9,True,1.0,35.19932243167539,65.94451741657623,32.042561258737756,43.50586843281337,38.240740740740755,0.8,0.8,-0.0009149130832570851,0.0001660714285714286,0.0,0.0,-0.0006987161808913824,-0.0006987161808913824,271512.99344301247,-0.5457660147182295
2022-11-21,PANIC_STABILIZING_2,9,True,1.0,35.204848966613696,58.78737455943338,29.990132779838692,48.175591354433834,37.400793650793666,0.8,0.8,-0.030219780219780223,0.00016686507936507938,0.0,0.0,-0.024142451159951166,-0.024142451159951166,264958.00425952236,-0.5567323365230846
2022-11-22,PANIC_STABILIZING_2,9,True,1.0,33.8079520697168,60.29219029954324,29.49989884842829,46.451016718806066,35.60185185185187,0.8,0.8,0.04202077431539197,0.00016964285714285717,0.0,0.0,0.033650548023742156,0.033650548023742156,273873.9863061323,-0.5418161367258827
2022-11-23,PANIC_STABILIZING_2,9,True,1.0,29.357728737140523,64.67934426022661,31.72681105475226,41.73870566825972,33.37301587301588,0.8,0.8,0.029904848210240198,0.0001692460317460318,0.0,0.0,0.023957727774541367,0.023957727774541367,280435.38471458305,-0.5308390924588737
2022-11-25,RECOVERY_RETESTED,9,True,1.0,25.851219286513423,70.11983201689084,35.28860330919158,38.60417645213658,31.706349206349216,0.8,0.8,-0.020677518697756248,0.0001692460317460318,0.0,0.0,-0.01650816575185579,-0.01650816575185579,275805.91090102924,-0.5385840784848538
2022-11-28,RECOVERY_RETESTED,9,True,1.0,26.462604305986677,64.60242595536714,34.11881629528691,41.6078508706592,32.64550264550265,0.8,0.8,-0.04402515723270439,0.00016964285714285717,0.0,0.0,-0.03518619721473494,-0.03518619721473494,266101.349727076,-0.5548195500973044
2022-11-29,RECOVERY_RETESTED,9,True,1.0,29.10501730722321,54.09760916378564,30.164643214643245,48.005339542578604,34.662698412698425,0.8,0.8,-0.023966165413533913,0.00016964285714285717,0.0,0.0,-0.019139003759398563,-0.019139003759398563,261008.43499426846,-0.5633398604016029
2022-11-30,PANIC_STABILIZING_1,9,True,1.0,27.998181479799154,52.90329089593795,32.16827604915843,45.621736774725356,34.07407407407408,0.8,0.8,0.13432835820895517,0.00016845238095238095,0.0,0.0,0.10749637704335462,0.10749637704335462,289065.89613390825,-0.5164004773955297
2022-12-01,PANIC_STABILIZING_2,9,True,1.0,24.121826868885716,58.36600886600886,38.36282564076684,39.74337749242869,31.98412698412699,0.8,0.8,0.00551782682512747,0.00016805555555555557,0.0,0.0,0.004447872571213087,0.004447872571213087,290351.6244045954,-0.5142494883434856
2022-12-02,PANIC_STABILIZING_2,9,True,1.0,20.482694459165067,66.06522804316921,45.730433164256716,38.0975026259656,28.974867724867735,0.8,0.8,-0.011819333051920733,0.00016646825396825397,0.0,0.0,-0.009422172790742938,-0.009422172790742938,287615.8812293824,-0.518826313597505
2022-12-05,PANIC_STABILIZING_2,9,True,1.0,21.920724085429985,62.99873823403235,44.713244757362425,44.65027605539937,29.239417989417998,0.8,0.8,-0.050405809483126895,0.00016686507936507938,0.0,0.0,-0.040291274570628505,-0.040291274570628505,276027.47078789613,-0.5382134147125093
2022-12-06,PANIC_STABILIZING_2,9,True,1.0,25.32255963947142,55.403912315677026,39.61964800935392,53.09187396260449,30.529100529100536,0.8,0.8,-0.06342780026990558,0.00016765873015873016,0.0,0.0,-0.05070870846989272,-0.05070870846989272,262030.47424203088,-0.56163001604116
2022-12-07,PANIC_STABILIZING_2,9,True,1.0,32.270834069363495,43.80196162549104,32.807632842926985,59.29868086438292,33.18783068783069,0.8,0.8,-0.012007684918347694,0.00016805555555555557,0.0,0.0,-0.009572536823567046,-0.009572536823567046,259522.17787845232,-0.5658263288549524
2022-12-08,PANIC_STABILIZING_1,9,True,1.0,35.513675755587535,39.07258834464718,30.464627652862973,63.06258274403433,34.58333333333334,0.8,0.8,0.03548857559552743,0.0001648809523809524,0.0,0.0,0.028423836666898135,0.028423836666898135,266898.79387390707,-0.5534854473412582
2022-12-09,PANIC_STABILIZING_1,9,True,1.0,36.824223172752596,36.76237792414264,28.733553090906057,66.82465892973481,42.030423280423285,0.8,0.8,-0.019248826291079824,0.00016448412698412702,0.0,0.0,-0.015366164207467035,-0.015366164207467035,262797.58318046574,-0.560346663278436
2022-12-12,PANIC_STABILIZING_1,9,True,1.0,36.34761200275907,40.78948065712772,27.655608970314876,63.78586040635374,53.13492063492064,0.8,0.8,0.036381043561512616,0.0001656746031746032,0.0,0.0,0.029137969769845014,0.029137969769845014,270454.9712147665,-0.5475360576438315
2022-12-13,PANIC_STABILIZING_1,9,True,1.0,31.242073165602594,46.38662927633516,27.308370345135074,58.16991252569998,58.96164021164022,0.8,0.8,0.03140877598152425,0.00016845238095238095,0.0,0.0,0.02516071126140988,0.02516071126140988,277259.8106547141,-0.5361517430340088
2022-12-14,PANIC_STABILIZING_1,9,True,1.0,25.624386571445413,51.316324728089434,29.106515128573974,52.148355525490224,55.82010582010582,0.8,0.8,-0.02373488580385119,0.00016726190476190476,0.0,0.0,-0.018954456262128574,-0.018954456262128574,272004.5017004133,-0.5449437345329353
2022-12-15,PANIC_STABILIZING_1,9,True,1.0,22.50394207232445,47.602960102960104,28.493645536292618,56.01783007594201,48.8425925925926,0.8,0.8,-0.09908256880733946,0.00016646825396825397,0.0,0.0,-0.07923276139507793,-0.07923276139507793,250452.83391879738,-0.5809990990360225
2022-12-16,PANIC_STABILIZING_1,9,True,1.0,26.240799623152586,40.121986482280604,24.76657771216597,61.76041034935719,47.24867724867725,0.8,0.8,-0.029531568228105987,0.00016686507936507938,0.0,0.0,-0.023591881566611777,-0.023591881566611777,244544.18032296284,-0.5908841186678683
2022-12-19,PANIC_STABILIZING_1,9,True,1.0,31.410571390718474,33.41386134033193,21.265401746284123,68.5385720160388,47.261904761904766,0.8,0.8,-0.041448058761804796,0.0001656746031746032,0.0,0.0,-0.033125312088808916,-0.033125312088808916,236443.57803026272,-0.6044362099174833
2022-12-20,PANIC_ACCELERATING,9,True,1.0,32.01198477889656,32.84330128447777,21.346152665270335,70.12287500973457,45.5357142857143,0.36,0.8,-0.004378762999452612,0.00016805555555555557,0.0,0.0,-0.003469399288450979,-0.003469399288450979,235623.2608488857,-0.6058085786493326
2022-12-21,PANIC_STABILIZING_1,9,True,1.0,30.575099048628484,36.5997636291754,23.345445024856815,70.96987109771739,42.30158730158731,0.8,0.36,0.04343045629466724,0.00016726190476190476,0.44000000000000006,0.00022000000000000003,0.015742011885127825,0.015522011885127826,239280.60790419465,-0.5996899347221121
2022-12-22,PANIC_STABILIZING_1,9,True,1.0,30.542136884783968,36.25147311176723,23.118220952044506,70.22151349641861,41.56746031746032,0.8,0.8,-0.06555121180189694,0.00016646825396825397,0.44000000000000006,0.00022000000000000003,-0.0524076757907239,-0.052627675790723895,226687.82564840539,-0.6207573230533203
2022-12-23,PANIC_STABILIZING_1,9,True,1.0,29.468612835524624,40.577596504067095,23.18713230036762,67.38408518982521,40.674603174603185,0.8,0.8,0.002850627137970463,0.00016726190476190476,0.0,0.0,0.0023139540913287514,0.0023139540913287514,227212.37087001893,-0.619879772909393
2022-12-27,PANIC_STABILIZING_1,9,True,1.0,31.389025685349235,37.347037163213635,20.34094788065379,66.78908323476632,43.70370370370372,0.8,0.8,-0.04263786242183054,0.00016686507936507938,0.0,0.0,-0.03407691692159142,-0.03407691692159142,219469.6737843235,-0.632833098308176
2022-12-28,PANIC_STABILIZING_1,9,True,1.0,34.18256754653816,36.051414860238395,19.390236454942357,66.80328074754068,45.310846560846564,0.8,0.8,-0.040380047505938266,0.00017162698412698414,0.0,0.0,-0.03226971260792522,-0.03226971260792522,212387.45048514826,-0.6446814687049136
2022-12-29,PANIC_STABILIZING_1,9,True,1.0,36.98593225578522,36.03551450610275,18.264760138289574,63.80284303007261,50.76058201058202,0.8,0.8,0.0705445544554455,0.00017162698412698414,0.0,0.0,0.056469968961181796,0.056469968961181796,224380.96322178916,-0.6246166422713473
2022-12-30,PANIC_STABILIZING_1,9,True,1.0,35.81693721031959,39.887591372885495,19.173317855670817,59.96243180019269,54.46428571428572,0.8,0.8,0.0,0.00017123015873015876,0.0,0.0,3.4246031746031744e-05,3.4246031746031744e-05,224388.64737937885,-0.6246037868809616
2023-01-03,PANIC_STABILIZING_1,9,True,1.0,35.62767694164756,45.47488770282888,19.119257703081256,54.473499862019764,60.02645502645504,0.8,0.8,-0.02254335260115614,0.00017003968253968254,0.0,0.0,-0.018000674144416976,-0.018000674144416976,220349.50045619617,-0.6313611717883656
2023-01-04,PANIC_STABILIZING_1,9,True,1.0,33.88896638234876,49.30448200301142,18.46016163222048,50.16385167357651,62.089947089947096,0.8,0.8,0.015375517445298748,0.00017440476190476193,0.0,0.0,0.012335294908619952,0.012335294908619952,223067.57652729042,-0.626813903127607
2023-01-05,PANIC_STABILIZING_1,9,True,1.0,35.5653688352218,51.42009130979719,16.759738520032666,48.23382005616349,65.05291005291006,0.8,0.8,-0.04717530576587081,0.00017519841269841271,0.0,0.0,-0.037705204930156964,-0.037705204930156964,214656.7678410555,-0.6408849613872659
2023-01-06,PANIC_STABILIZING_2,9,True,1.0,30.04685694097461,57.906616700734354,18.750957049486487,42.35155964449131,59.166666666666686,0.8,0.8,0.07823960880195613,0.00017956349206349207,0.0,0.0,0.06262759973997761,0.06262759973997761,228100.2059788824,-0.618394448488421
2023-01-09,PANIC_STABILIZING_2,9,True,1.0,28.84074074074076,61.82092281356987,20.88426199308555,38.94721486870441,56.61375661375663,0.8,0.8,0.02097505668934252,0.00017996031746031748,0.0,0.0,0.01681603741496608,0.01681603741496608,231935.9475769848,-0.6119773552564435
2023-01-10,PANIC_STABILIZING_2,9,True,1.0,24.896296296296317,68.42264743735332,25.180230650818913,32.46448600267383,50.615079365079374,0.8,0.8,0.026651860077734346,0.00018115079365079367,0.0,0.0,0.021357718220917636,0.021357718220917636,236889.5701906356,-0.6036900769466753
2023-01-11,RECOVERY_RETESTED,9,True,1.0,23.961111111111133,71.8524301612537,28.94156551509495,29.38169658544419,50.925925925925945,0.8,0.8,0.04975662520281232,0.00018234126984126986,0.0,0.0,0.039841768416218115,0.039841768416218115,246327.6695863884,-0.5879003887713354
2023-01-12,RECOVERY_RETESTED,9,True,1.0,20.08358821005882,76.39073947897477,34.37873798167919,27.140149671221753,45.15211640211641,0.8,0.8,0.015455950540958385,0.00018194444444444445,0.0,0.0,0.012401149321655598,0.012401149321655598,249382.4157989846,-0.5827898799570925
2023-01-13,RECOVERY_RETESTED,9,True,1.0,17.40051942699004,78.76253564488859,38.919790588908256,23.779822211748183,40.50925925925927,0.8,0.8,0.019786910197869156,0.00017956349206349207,0.0,0.0,0.015865440856708025,0.015865440856708025,253338.97776754637,-0.5761706574727318
2023-01-17,RECOVERY_RETESTED,9,True,1.0,14.808191384661997,80.69858619123325,42.63948717625191,21.219469096366605,39.67592592592594,0.8,0.8,0.005472636815920362,0.00017996031746031748,0.0,0.0,0.004414101516228354,0.004414101516228354,254457.24173342987,-0.57429983172926
2023-01-18,RECOVERY_RETESTED,9,True,1.0,14.986507936507962,77.10252899958782,42.22772772772775,25.64981099966866,43.61772486772488,0.8,0.8,-0.037110341415141024,0.00018154761904761908,0.0,0.0,-0.029651963608303297,-0.029651963608303297,246912.08486168098,-0.5869226776268726
2023-01-19,RECOVERY_RETESTED,9,True,1.0,17.19768518518521,66.23460014636485,40.11760920584453,37.106986798400435,48.51851851851853,0.8,0.8,-0.031346351490236346,0.0001807539682539683,0.0,0.0,-0.025040930398538285,-0.025040930398538285,240729.17653010166,-0.5972665181056327
2023-01-20,PANIC_STABILIZING_2,9,True,1.0,17.211441798941824,62.23433412404001,40.43193929223344,40.74566373095782,45.93915343915345,0.8,0.8,0.08169761273209541,0.00018154761904761908,0.0,0.0,0.06539439970948585,0.06539439970948585,256471.51652184653,-0.5709300038142393
2023-01-23,NORMAL_PARTICIPATION,9,False,0.0,16.782076719576747,62.48218701895173,43.82543888426244,35.82073870427758,42.11640211640213,0.35,0.8,0.06571848945561554,0.00018194444444444445,0.0,0.0,0.052611180453381326,0.052611180453381326,269964.7857587298,-0.5483561248177786
2023-01-24,NORMAL_PARTICIPATION,0,False,0.0,14.412169312169338,69.1799688343806,48.328972880443494,30.12285350544362,40.41005291005292,0.35,0.35,-0.005982512655315242,0.00018234126984126986,0.45000000000000007,0.00022500000000000005,-0.001975357603963509,-0.002200357603963509,269370.7666895832,-0.5493499028528194
2023-01-25,NORMAL_PARTICIPATION,0,False,0.0,14.252799858682236,69.64473191679075,48.75964199493614,30.636104456313163,42.08333333333334,0.35,0.35,-0.007407407407407418,0.00018194444444444445,0.0,0.0,-0.002474328703703707,-0.002474328703703707,268704.2548696245,-0.5504649593235175
2023-01-26,NORMAL_PARTICIPATION,0,False,0.0,11.6189374248198,69.51261871114812,49.267882378176516,29.70020427041298,45.36375661375663,0.35,0.35,0.057835820895522305,0.00018194444444444445,0.0,0.0,0.020360801202321695,0.020360801202321695,274175.2887852429,-0.541312065726826
2023-01-27,NORMAL_PARTICIPATION,0,False,0.0,9.916291922174297,70.89622921240569,50.6084887408417,25.77789004781412,46.8452380952381,0.35,0.35,0.0286596119929452,0.00018154761904761908,0.0,0.0,0.010148870149911771,0.010148870149911771,276957.8581894389,-0.5366569014425564
2023-01-30,NORMAL_PARTICIPATION,0,False,0.0,12.13439153439156,67.4444171061818,50.508026934497536,31.900878107709204,50.14550264550265,0.35,0.35,-0.060008572653236114,0.00018234126984126986,0.0,0.0,-0.020884478603235813,-0.020884478603235813,271173.73772608355,-0.5463335804703362
2023-01-31,NORMAL_PARTICIPATION,0,False,0.0,14.418860877684432,67.18751524633878,49.349525996584845,35.50940710973916,51.22354497354498,0.35,0.35,0.044687642498860036,0.00018194444444444445,0.0,0.0,0.015758938763489903,0.015758938763489903,275447.1480531756,-0.5391842791459165
2023-02-01,NORMAL_PARTICIPATION,0,False,0.0,13.858014316837872,68.12860444478092,49.871927599868805,35.18937624938572,48.86243386243387,0.35,0.35,0.06460061108686155,0.00018115079365079367,0.0,0.0,0.022727961896274556,0.022727961896274556,281707.5003385657,-0.5287108770011406
2023-02-02,NORMAL_PARTICIPATION,0,False,0.0,10.19820660997134,72.03306983454041,54.73059382912327,26.35397944705343,44.02116402116403,0.35,0.35,0.10332103321033204,0.00017956349206349207,0.0,0.0,0.03627907789345748,0.03627907789345748,291927.58868651965,-0.5116129421975257
2023-02-03,NORMAL_PARTICIPATION,0,False,0.0,9.799391828803616,70.64906082553142,59.27756453932928,33.25721491347675,40.38359788359789,0.35,0.35,-0.051653660349312513,0.00017956349206349207,0.0,0.0,-0.017962064852418108,-0.017962064852418108,286683.9664063224,-0.5203853822028555
2023-02-06,GREED_EXHAUSTING,0,False,0.0,11.983279497985405,65.86757976463859,60.41281638781641,41.683641027853525,41.38227513227514,0.35,0.35,-0.025470219435736574,0.00018115079365079367,0.0,0.0,-0.008796828786634785,-0.008796828786634785,284162.0566379726,-0.5246044698791842
2023-02-07,GREED_EXHAUSTING,0,False,0.0,13.528391837215393,62.68254599136952,61.02338199544084,47.02404655943553,41.62698412698414,0.35,0.35,0.06192199437072765,0.00018154761904761908,0.0,0.0,0.021790703982135628,0.021790703982135628,290354.1478971255,-0.514245266607891
2023-02-08,GREED_EXHAUSTING,0,False,0.0,16.08954753072403,57.00867358955594,60.40090931267404,50.56997053979973,42.07010582010583,0.35,0.35,-0.05376751230594479,0.00018154761904761908,0.0,0.0,-0.01870062335469972,-0.01870062335469972,284924.3443378266,-0.5233291829198194
2023-02-09,NORMAL_PARTICIPATION,0,False,0.0,21.460979887450502,45.847815252227015,58.60451943540181,57.98178867400876,43.12830687830689,0.35,0.35,-0.02681072428971576,0.00018194444444444445,0.0,0.0,-0.009265489612511627,-0.009265489612511627,282284.3807850128,-0.5277457714240632
2023-02-10,NORMAL_PARTICIPATION,0,False,0.0,25.468374256609575,34.642860297272065,54.42322679822683,69.0459076927293,44.35846560846562,0.35,0.35,-0.02055921052631582,0.0001839285714285714,0.0,0.0,-0.007076170112781964,-0.007076170112781964,280286.8884863967,-0.5310875226819473
2023-02-13,NORMAL_PARTICIPATION,0,False,0.0,26.334992976169474,34.213893515364106,52.12158902600081,69.08433667470668,45.10582010582012,0.35,0.35,0.04743912678421491,0.00018472222222222222,0.0,0.0,0.01672376381891966,0.01672376381891966,284974.34021098306,-0.5232455411595356
2023-02-14,NORMAL_PARTICIPATION,0,False,0.0,21.621865983630713,42.10008012213894,53.216238297120675,67.02517613167515,40.77380952380954,0.35,0.35,0.02164328657314618,0.00018551587301587303,0.0,0.0,0.007695735618061481,0.007695735618061481,287167.4273911784,-0.5195765648895674
2023-02-15,NORMAL_PARTICIPATION,0,False,0.0,17.084799084799112,53.74185635215048,55.95472994002407,61.38648559782334,37.12962962962964,0.35,0.35,0.02236171047469604,0.00018511904761904762,0.0,0.0,0.007946926047095994,0.007946926047095994,289449.52569979086,-0.515758675379453
2023-02-16,NORMAL_PARTICIPATION,0,False,0.0,13.511059378706463,55.50320698850111,53.818315163903414,61.96400313976213,35.25793650793651,0.35,0.35,-0.05717574827321559,0.00018472222222222222,0.0,0.0,-0.01989144245118101,-0.01989144245118101,283691.9571168118,-0.5253909338206262
2023-02-17,NORMAL_PARTICIPATION,0,False,0.0,12.450286420874683,54.857854703442946,49.247492240139316,61.40372362739533,36.77248677248678,0.35,0.35,-0.021571021571021642,0.00018670634920634922,0.0,0.0,-0.007428498422873448,-0.007428498422873448,281584.5518607877,-0.5289165665202211
2023-02-21,NORMAL_PARTICIPATION,0,False,0.0,19.709008588420378,42.17306592306592,39.93982217511631,67.63969733490605,43.26058201058202,0.35,0.35,-0.07029950083194669,0.00018670634920634922,0.0,0.0,-0.024483466164197214,-0.024483466164197214,274690.38601294346,-0.5404503218243372
2023-02-22,NORMAL_PARTICIPATION,0,False,0.0,26.974331053742844,37.22699169757993,35.14929530370709,68.61586342373816,47.01719576719578,0.35,0.35,0.0008948545861298118,0.00018750000000000003,0.0,0.0,0.00043507410514543416,0.00043507410514543416,274809.89668683015,-0.5402503836593349
2023-02-23,RISK_WARNING,0,False,0.0,34.03938770703479,33.11206689883161,33.6045720089838,71.4977081988467,47.876984126984134,0.35,0.35,0.025033527045149606,0.00018670634920634922,0.0,0.0,0.00888309359278649,0.00888309359278649,277251.05871932325,-0.536166384788133
2023-02-24,RISK_WARNING,0,False,0.0,32.31947914300858,34.152246784599726,33.60309469133001,72.2341197255808,45.01322751322753,0.35,0.35,-0.05058874836458793,0.00018670634920634922,0.0,0.0,-0.01758470280062165,-0.01758470280062165,272375.68125058623,-0.5443227610605716
2023-02-27,NORMAL_PARTICIPATION,0,False,0.0,29.735163314575104,34.76802748126278,34.292421623304,73.4309089517818,42.321428571428584,0.35,0.35,0.021589343132751404,0.00018750000000000003,0.0,0.0,0.007678145096462991,0.007678145096462991,274467.0212519762,-0.5408240051028391
2023-02-28,NORMAL_PARTICIPATION,0,False,0.0,26.22889275830455,37.62989880636939,32.96876918935745,72.09500222640638,42.73809523809525,0.35,0.35,-0.004946043165467651,0.0001886904761904762,0.0,0.0,-0.0016084662983898682,-0.0016084662983898682,274025.550298273,-0.5415625742156608
2023-03-01,NORMAL_PARTICIPATION,0,False,0.0,24.794620671091284,39.74061456414398,32.93540809717283,69.5203781309094,43.187830687830704,0.35,0.35,-0.024401265250790782,0.0001882936507936508,0.0,0.0,-0.0084180519647609,-0.0084180519647609,271718.7889761899,-0.5454217242885046
2023-03-02,NORMAL_PARTICIPATION,0,False,0.0,22.70398549810317,42.73508908067732,33.16920491920495,65.9184971431176,44.126984126984134,0.35,0.35,0.02408522464103746,0.0001890873015873016,0.0,0.0,0.008552735370394856,0.008552735370394856,274042.7278734674,-0.5415338365912139
2023-03-03,RANGE_CARRY,0,False,0.0,19.1923734659029,47.34697092050033,34.13295438295441,60.02273943094624,45.09920634920636,0.35,0.35,0.06105834464043425,0.000189484126984127,0.0,0.0,0.021493585306691668,0.021493585306691668,279932.8886226943,-0.5316797549977554
2023-03-06,RANGE_CARRY,0,False,0.0,16.097161447161472,54.65405110993347,37.32073249720311,54.12046747886404,45.9325396825397,0.35,0.35,0.004262574595055302,0.000189484126984127,0.0,0.0,0.0016150657908090382,0.0016150657908090382,280384.99865483114,-0.5309233869909089
2023-03-07,RANGE_CARRY,0,False,0.0,15.462733321556875,54.82092491651315,38.40517197870142,54.36660274397463,47.55291005291006,0.35,0.35,-0.03735144312393879,0.00019027777777777776,0.0,0.0,-0.012949324537823019,-0.012949324537823019,276754.20231171267,-0.5369976122858665
2023-03-08,RANGE_CARRY,0,False,0.0,16.860981149216467,52.44069910246381,38.904205676264525,54.1471434839556,49.11375661375663,0.35,0.35,0.013668430335096904,0.00019464285714285715,0.0,0.0,0.004910468474426773,0.004910468474426773,278113.19509732944,-0.5347240536574119
2023-03-09,RANGE_CARRY,0,False,0.0,22.20508954332486,41.41981582422759,36.78887816387819,58.878227712667915,54.27910052910054,0.35,0.35,-0.05263157894736836,0.00019543650793650793,0.0,0.0,-0.018294018901420194,-0.018294018901420194,273025.38704948453,-0.5432358206141794
2023-03-10,RISK_WARNING,0,False,0.0,33.63206115779648,29.250804375804375,35.31018308224193,65.95113865559783,61.46164021164022,0.35,0.35,-0.04132231404958686,0.00019503968253968253,0.0,0.0,-0.014336034123704607,-0.014336034123704607,269111.2857841055,-0.5497840074763405
2023-03-13,RISK_WARNING,0,False,0.0,48.248879341526425,18.388865756512814,34.18245451333689,74.972377772188,70.29761904761905,0.35,0.35,0.02155172413793105,0.00019345238095238096,0.0,0.0,0.007668847495894914,0.007668847495894914,271175.05919420795,-0.5463313696894636
2023-03-14,RANGE_CARRY,0,False,0.0,51.885233027144814,22.08327760533643,37.69402911314679,73.22446097493534,69.06084656084657,0.35,0.35,0.06797937177684021,0.0001878968253968254,0.0,0.0,0.023914913058402012,0.023914913058402012,277660.18715844443,-0.5354819238382629
2023-03-15,RANGE_CARRY,0,False,0.0,51.5499437462673,28.780794449912094,41.68036313624551,65.4067266982352,69.32539682539684,0.35,0.35,0.014486391571553847,0.0001882936507936508,0.0,0.0,0.005192627923059719,0.005192627923059719,279101.9731994053,-0.5330698543052195
2023-03-16,RISK_WARNING,0,False,0.0,43.32945771401656,38.71689651836711,48.54000429000431,52.4461525431639,61.15079365079365,0.35,0.35,0.07918649935093036,0.00018313492063492065,0.0,0.0,0.027834312471238323,0.027834312471238323,286870.5847327768,-0.5200731747277101
2023-03-17,RISK_WARNING,0,False,0.0,42.84414698311759,42.1041461629697,51.26133276133279,46.594230615815015,63.492063492063494,0.35,0.35,-0.014835605453087486,0.00018273809523809527,0.0,0.0,-0.005073682146675858,-0.005073682146675858,285415.09456861165,-0.5225081708928049
2023-03-20,RISK_WARNING,0,False,0.0,38.12550312917963,47.68401700019348,55.059112684112705,38.840334472450195,60.35052910052911,0.35,0.35,0.01058201058201047,0.0001740079365079365,0.0,0.0,0.0038168088624338232,0.0038168088624338232,286504.4694310335,-0.5206856758477288
2023-03-21,RISK_WARNING,0,False,0.0,36.157139807875126,49.146664521664526,58.57046332046335,37.65643343940305,61.36904761904763,0.35,0.35,0.042287555376560704,0.00018551587301587303,0.0,0.0,0.014921229699256564,0.014921229699256564,290779.46842927753,-0.5135337167189089
2023-03-22,RISK_WARNING,0,False,0.0,33.833865903718866,50.685843406431644,60.83047227900172,40.005566185594624,58.67724867724869,0.35,0.35,-0.034791421947449774,0.00018432539682539684,0.0,0.0,-0.012057186173670912,-0.012057186173670912,287273.48624294467,-0.5193991312636428
2023-03-23,RISK_WARNING,0,False,0.0,33.25410021365906,50.19716144716145,63.12287287287288,42.80367973015029,57.228835978835995,0.35,0.35,0.03565640194489461,0.00018472222222222222,0.0,0.0,0.01259981012515756,0.01259981012515756,290893.07762359787,-0.5133436515715788
2023-03-24,RISK_WARNING,0,False,0.0,34.353398040898064,49.85018842371784,63.46152244681659,45.198922221218204,57.77116402116403,0.35,0.35,0.010172143974960912,0.00018234126984126986,0.0,0.0,0.0036787722166331444,0.0036787722166331444,291963.20699557045,-0.5115533537179323
2023-03-27,RISK_WARNING,0,False,0.0,33.55192429824785,50.722322112027996,64.92844420050305,45.76533561210977,55.89947089947091,0.35,0.35,-0.020526723470178254,0.00018273809523809527,0.0,0.0,-0.007065573452657627,-0.007065573452657627,289900.3195110698,-0.5150045093749425
2023-03-28,RISK_WARNING,0,False,0.0,32.53319127951483,50.49837232190174,64.26899588664298,50.4112730920131,53.287037037037045,0.35,0.35,-0.016607354685646447,0.000189484126984127,0.0,0.0,-0.005689409457436574,-0.005689409457436574,288250.95789152966,-0.5177638473061187
2023-03-29,RISK_WARNING,0,False,0.0,31.294060341854486,53.840646318587496,64.73523733817855,48.10041601645014,49.55687830687831,0.35,0.35,0.054684358665058275,0.00018511904761904762,0.0,0.0,0.019259852913722775,0.019259852913722775,293802.6289427602,-0.5084760499355551
2023-03-30,RISK_WARNING,0,False,0.0,30.344708679267523,58.02917202917203,66.74779401249992,41.54731330680094,47.35449735449737,0.35,0.35,0.027068242470453807,0.00018511904761904762,0.0,0.0,0.009594212245611213,0.009594212245611213,296621.4337231555,-0.5037602648348356
2023-03-31,GREED_TREND,0,False,0.0,28.421129638041425,65.31262459938931,70.79607128136543,31.180920687562026,46.00529100529102,0.35,0.35,0.04899777282850781,0.00019186507936507936,0.0,0.0,0.017273932791565035,0.017273932791565035,301745.252433827,-0.4951882530010886
2023-04-03,GREED_TREND,0,False,0.0,28.216823441088167,65.14471088735795,71.70873814991465,32.176624340523745,45.83333333333335,0.35,0.35,-0.007077140835102691,0.0001871031746031746,0.0,0.0,-0.002355382228793878,-0.002355382228793878,301034.5270286214,-0.4963772776188562
2023-04-04,GREED_TREND,0,False,0.0,28.79376592979536,61.06679368444074,71.50572105719168,36.214529689624534,47.261904761904766,0.35,0.35,-0.009978617248752597,0.0001890873015873016,0.0,0.0,-0.0033696092910316623,-0.0033696092910316623,300020.15828942443,-0.4980742894233664
2023-04-05,RISK_WARNING,0,False,0.0,30.638131303572504,52.78052527317234,68.68037470243355,46.767616796791344,48.85582010582012,0.35,0.35,-0.03203743700503958,0.0001882936507936508,0.0,0.0,-0.01109071207874798,-0.01109071207874798,296692.72109601606,-0.5036410029642928
2023-04-06,RISK_WARNING,0,False,0.0,30.87555254834669,47.10538164214635,67.96152560123151,53.11378201866813,50.62830687830689,0.35,0.35,0.02008181480104132,0.00018750000000000003,0.0,0.0,0.007150510180364462,0.007150510180364462,298814.2254186531,-0.5000917829028735
2023-04-10,RISK_WARNING,0,False,0.0,30.96563317519202,44.51576997165233,66.5289291392233,59.63449933397748,53.20105820105821,0.35,0.35,-0.0021873860736419948,0.000189484126984127,0.0,0.0,-0.0006424204432350155,-0.0006424204432350155,298622.26105151477,-0.5004129341612779
2023-04-11,GREED_EXHAUSTING,0,False,0.0,29.70307860381392,43.692142773025125,65.14566772655012,61.493188668473266,55.76719576719578,0.35,0.35,-0.019364267446108974,0.00019623015873015875,0.0,0.0,-0.006649944002963537,-0.006649944002963537,296636.43973748386,-0.5037351601737101
2023-04-12,GREED_EXHAUSTING,0,False,0.0,29.34268354488945,40.809718331777155,60.72859414035887,65.8057991238731,58.478835978835995,0.35,0.35,-0.026453055141579807,0.00019464285714285715,0.0,0.0,-0.009132051442410076,-0.009132051442410076,293927.54051010776,-0.5082670762200633
2023-04-13,GREED_EXHAUSTING,0,False,0.0,25.50746807732104,46.61879526585409,60.320064812711905,62.22749304604141,55.608465608465615,0.35,0.35,0.057405281285878296,0.00019384920634920634,0.0,0.0,0.02021785043418439,0.02021785043418439,299870.1235626288,-0.4983252935135163
2023-04-14,GREED_EXHAUSTING,0,False,0.0,21.7580390264214,52.630844079373496,60.312259738730354,59.95486178100027,53.45238095238096,0.35,0.35,-0.005790807093738692,0.00019702380952380953,0.0,0.0,-0.001898717006618066,-0.001898717006618066,299300.75505924376,-0.49927783181051233
2023-04-17,GREED_EXHAUSTING,0,False,0.0,17.241859506565408,60.79564648682296,61.52290630967104,55.12611483128558,50.502645502645514,0.35,0.35,0.0010921004732435957,0.0001986111111111111,0.0,0.0,0.0005113323878574807,0.0005113323878574807,299453.79722901573,-0.4990217963485989
2023-04-18,GREED_EXHAUSTING,0,False,0.0,15.281030505295234,59.97200982495101,60.304253833665626,55.23363621821873,49.68253968253969,0.35,0.35,0.0007272727272726875,0.0002013888888888889,0.0,0.0,0.00038544823232321843,0.00038544823232321843,299569.22116582014,-0.49882869518556894
2023-04-19,GREED_EXHAUSTING,0,False,0.0,13.707583108318424,59.68831331331331,60.248602594190864,52.74241288591381,48.518518518518526,0.35,0.35,-0.0021802325581394832,0.0002009920634920635,0.0,0.0,-0.0006324365540789778,-0.0006324365540789778,299379.7626398779,-0.49914565423858903
2023-04-20,NORMAL_PARTICIPATION,0,False,0.0,13.42275784187551,54.84674064821124,59.194188936836035,55.17349414337078,49.57010582010583,0.35,0.35,-0.023306627822286985,0.00019940476190476191,0.0,0.0,-0.008027706642562348,-0.008027706642562348,296976.42973068496,-0.5031663659970143
2023-04-21,NORMAL_PARTICIPATION,0,False,0.0,12.846753791606757,55.37080042227101,57.42124687712927,54.752964369899836,51.32936507936509,0.35,0.35,0.0018642803877704228,0.00019781746031746034,0.0,0.0,0.0007810794849259972,0.0007810794849259972,297208.39192745415,-0.5027782994380734
2023-04-24,NORMAL_PARTICIPATION,0,False,0.0,12.38358158578749,50.968229784406255,54.87593160387281,57.926197714385545,53.22089947089949,0.35,0.35,-0.005954596203944895,0.0001986111111111111,0.0,0.0,-0.0019550114491584908,-0.0019550114491584908,296627.34611845,-0.5037503735554419
2023-04-25,NORMAL_PARTICIPATION,0,False,0.0,14.917137410519786,45.437671915613095,51.54605340634756,61.904902768043165,54.31878306878309,0.35,0.35,-0.0565331336578061,0.0002009920634920635,0.0,0.0,-0.01965595193896229,-0.01965595193896229,290796.85325936385,-0.513504632362564
2023-04-26,NORMAL_PARTICIPATION,0,False,0.0,19.66884710340595,36.893311378605496,50.39187086245912,68.81038387940663,55.45634920634922,0.35,0.35,0.01666666666666683,0.00019781746031746034,0.0,0.0,0.00596191468253974,0.00596191468253974,292530.5592884472,-0.510604188487259
2023-04-27,NORMAL_PARTICIPATION,0,False,0.0,21.360610295169142,37.64352587881999,53.54481582422761,66.91326284945826,51.25000000000002,0.35,0.35,0.08079625292740045,0.00019940476190476191,0.0,0.0,0.02840830161982825,0.02840830161982825,300840.8556497304,-0.49670128466232444
2023-04-28,GREED_EXHAUSTING,0,False,0.0,19.835378971408407,45.139748992690166,60.13343911138031,57.71755195830146,44.62301587301588,0.35,0.35,0.020223907547851194,0.0002001984126984127,0.0,0.0,0.007208496610001886,0.007208496610001886,303009.4659378316,-0.49307325757899445
2023-05-01,GREED_EXHAUSTING,0,False,0.0,16.79718846998261,51.0289039039039,64.04291896938958,50.010192389461814,39.47089947089948,0.35,0.35,-0.002831858407079557,0.00019702380952380953,0.0,0.0,-0.0008630849662873689,-0.0008630849662873689,302747.9430231379,-0.49351077842938695
2023-05-02,GREED_EXHAUSTING,0,False,0.0,17.641867182308378,50.58004433004433,61.889347330523826,49.545063869779206,41.48809523809525,0.35,0.35,-0.026624068157614533,0.00020376984126984127,0.0,0.0,-0.00918597345833969,-0.00918597345833969,299966.90845396044,-0.49816337497566976
2023-05-03,RANGE_CARRY,0,False,0.0,17.68140777331956,48.24030543148189,56.83336277453927,51.37699318320757,45.615079365079374,0.35,0.35,-0.01969365426695857,0.0002025793650793651,0.0,0.0,-0.006761102406133912,-0.006761102406133912,297938.8014674518,-0.5015563437886079
2023-05-04,RANGE_CARRY,0,False,0.0,20.88020951623895,39.84782576694341,51.68436714024952,55.95001375053554,50.793650793650805,0.35,0.35,-0.011160714285714302,0.0002033730158730159,0.0,0.0,-0.0037740575396825447,-0.0037740575396825447,296814.3632874096,-0.5034374988274395
2023-05-05,RANGE_CARRY,0,False,0.0,20.25026129070249,41.655694560106326,52.816858875682435,54.13070626875177,47.12301587301588,0.35,0.35,0.06132430398796096,0.0002033730158730159,0.0,0.0,0.021595698856103795,0.021595698856103795,303224.2768931306,-0.4927138845888832
2023-05-08,RANGE_CARRY,0,False,0.0,21.121189992513546,42.73269277681042,57.20918502536151,53.19545694379658,42.64550264550265,0.35,0.35,0.008153137185395343,0.0002033730158730159,0.0,0.0,0.0029857904752058303,0.0029857904752058303,304129.64105092926,-0.49119923453728465
2023-05-09,GREED_EXHAUSTING,0,False,0.0,19.00957838090193,49.97850686821275,61.262102438573045,50.67399450819752,36.82539682539684,0.35,0.35,-0.01933895921237694,0.00020535714285714284,0.0,0.0,-0.006635153581474785,-0.006635153581474785,302111.69417387753,-0.49457520575850167
2023-05-10,GREED_EXHAUSTING,0,False,0.0,19.866849517584836,51.193169009345475,64.28550714580129,48.649469983672994,35.54232804232805,0.35,0.35,0.03226963069200428,0.00020456349206349208,0.0,0.0,0.011427337012042767,0.011427337012042767,305564.02631848166,-0.48879954630046163
2023-05-11,GREED_EXHAUSTING,0,False,0.0,20.987460674960698,52.27104310192545,65.78839869281047,44.677280357071595,35.01984126984129,0.35,0.35,0.008336227856894807,0.0002025793650793651,0.0,0.0,0.0030493563372147696,0.0030493563372147696,306495.7999185608,-0.4872407139573859
2023-05-12,GREED_EXHAUSTING,0,False,0.0,21.87152436049497,50.51052628258511,67.89024739024742,43.27943693218833,33.88227513227514,0.35,0.35,-0.01033413709955222,0.0002009920634920635,0.0,0.0,-0.0034863031435734358,-0.0034863031435734358,305427.26264781266,-0.48902834826821273
2023-05-15,GREED_EXHAUSTING,0,False,0.0,22.612722491398983,48.07541154599979,67.63220678661858,43.114580899685244,34.662698412698425,0.35,0.35,0.015315001740341172,0.0002029761904761905,0.0,0.0,0.005492185132928934,0.005492185132928934,307104.72571891814,-0.48622199735922333
2023-05-16,GREED_EXHAUSTING,0,False,0.0,22.904232488791333,46.210547732606564,67.09130243689071,44.26996452945216,35.56878306878308,0.35,0.35,0.0037709976002742174,0.0002013888888888889,0.0,0.0,0.0014507519378737538,0.0014507519378737538,307550.25849488506,-0.4854766329262553
2023-05-17,GREED_TREND,0,False,0.0,22.878695397077774,49.603689824278064,69.75483571807104,39.906992143946574,34.33862433862435,0.35,0.35,0.035860655737704805,0.00020218253968253973,0.0,0.0,0.012682648158990333,0.012682648158990333,311450.8102145822,-0.4789511140920799
2023-05-18,GREED_TREND,0,False,0.0,22.26464542273368,53.77853168294345,74.36483226924406,37.95364234524573,32.830687830687836,0.35,0.35,0.05374216946917243,0.0002033730158730159,0.0,0.0,0.01894195177452781,0.01894195177452781,317350.2964418044,-0.4690814312230408
2023-05-19,GREED_TREND,0,False,0.0,21.2956312404842,56.837372035901446,78.77360343536817,38.899483279701464,31.256613756613763,0.35,0.35,-0.006883604505632079,0.00020535714285714284,0.0,0.0,-0.002275779434114085,-0.002275779434114085,316628.0771637521,-0.47028968478305266
2023-05-22,GREED_TREND,0,False,0.0,20.798523313229214,57.68757518022224,81.02163508045864,37.93550384892887,32.36772486772488,0.35,0.35,0.010396975425330801,0.00020456349206349208,0.0,0.0,0.00377190766870705,0.00377190766870705,317822.369036134,-0.46829166638289266
2023-05-23,GREED_EXHAUSTING,0,False,0.0,21.63351061145181,55.31758859700036,78.72264911970797,43.505586774087696,36.71957671957673,0.35,0.35,-0.038665419395073286,0.00020892857142857147,0.0,0.0,-0.013397093216847077,-0.013397093216847077,313564.47313175775,-0.4754150124925355
2023-05-24,GREED_EXHAUSTING,0,False,0.0,24.34260521025229,49.7373392299863,74.43750473162241,49.75604114550981,42.92328042328043,0.35,0.35,-0.016217969510217367,0.00020654761904761903,0.0,0.0,-0.005542033376195125,-0.005542033376195125,311826.68835607247,-0.47832228000195287
2023-05-25,GREED_EXHAUSTING,0,False,0.0,25.974734713705327,46.34038345067757,72.71932016049665,53.757033734737696,47.60582010582012,0.35,0.35,0.07220573689416443,0.00020773809523809525,0.0,0.0,0.025407037674862312,0.025407037674862312,319749.28077516274,-0.46506799451582614
2023-05-26,GREED_EXHAUSTING,0,False,0.0,26.99063874799171,46.51116557734205,74.79617537705775,49.06992390872844,48.26719576719578,0.35,0.35,0.07564575645756433,0.00020813492063492066,0.0,0.0,0.02661130245856021,0.02661130245856021,328258.22559677763,-0.45083275712312276
2023-05-30,GREED_EXHAUSTING,0,False,0.0,25.983469604057863,50.53734406675583,79.40997173644234,40.909064648817946,46.85846560846562,0.35,0.35,0.014008004574042277,0.00020654761904761903,0.0,0.0,0.005037057553295749,0.005037057553295749,329911.6811714513,-0.44806657011436724
2023-05-31,GREED_EXHAUSTING,0,False,0.0,25.42368166485816,52.889386234974474,80.20153935448054,40.6605805927912,45.80687830687831,0.35,0.35,-0.020298844093600166,0.0002148809523809524,0.0,0.0,-0.006964922813712439,-0.006964922813712439,327613.8717767501,-0.45191074385182817
2023-06-01,GREED_TREND,0,False,0.0,23.362809132662093,56.145107292166124,81.11741089829327,39.45042641584385,43.0357142857143,0.35,0.35,0.036258992805755286,0.0002136904761904762,0.0,0.0,0.012829546291538159,0.012829546291538159,331817.00911045994,-0.4448790073681804
2023-06-02,GREED_TREND,0,False,0.0,20.98843759726115,61.86257475963359,82.72731092436977,38.11144899304289,37.4867724867725,0.35,0.35,0.022493751735628953,0.00021289682539682542,0.0,0.0,0.00801119604397807,0.00801119604397807,334475.26022117026,-0.44043182426807925
2023-06-05,GREED_TREND,0,False,0.0,19.178126971509347,66.53640405110993,85.21548313018904,35.13737781560359,33.61772486772488,0.35,0.35,0.0021727322107549796,0.00021289682539682542,0.0,0.0,0.0008988392102721794,0.0008988392102721794,334775.8996999231,-0.4399288624509109
2023-06-06,GREED_TREND,0,False,0.0,18.61155272919981,69.61320984850397,86.20486137397904,36.72052609671203,30.85317460317462,0.35,0.35,-0.0010840108401083404,0.00021130952380952382,0.0,0.0,-0.00024205260356172865,-0.00024205260356172865,334694.866321791,-0.4400644291279344
2023-06-07,GREED_EXHAUSTING,0,False,0.0,17.93695165753991,69.30206256676844,84.60714390861452,43.613751627745906,30.16534391534393,0.35,0.35,-0.051003798155181856,0.00021051587301587304,0.0,0.0,-0.01771449403685333,-0.01771449403685333,328765.91610816825,-0.4499834044591696
2023-06-08,GREED_EXHAUSTING,0,False,0.0,17.42659886777536,70.28835137658668,84.35276558070679,46.10182447967076,27.04365079365081,0.35,0.35,0.0343053173241854,0.00020972222222222223,0.0,0.0,0.012143180507909334,0.012143180507909334,332758.1799723179,-0.44330445365717164
2023-06-09,GREED_EXHAUSTING,0,False,0.0,17.18622193622196,67.24504651710534,83.7518768768769,50.01170800103435,26.117724867724878,0.35,0.35,0.012161415146489718,0.00020813492063492066,0.0,0.0,0.0043917829996841,0.0043917829996841,334219.58169012604,-0.4408595676207435
2023-06-12,GREED_EXHAUSTING,0,False,0.0,18.571352865470534,65.43203918203919,84.50195573724989,46.694910483809885,28.498677248677264,0.35,0.35,0.05106499180775548,0.00020773809523809525,0.0,0.0,0.01800777689461918,0.01800777689461918,340238.1333510148,-0.4307906914616969
2023-06-13,GREED_EXHAUSTING,0,False,0.0,20.16782118252709,63.24923347717466,84.75919617096089,44.86941692302221,30.992063492063508,0.35,0.35,0.022343465835281906,0.00020892857142857147,0.0,0.0,0.007956016613777239,0.007956016613777239,342945.07359259605,-0.4262620527462495
2023-06-14,GREED_EXHAUSTING,0,False,0.0,20.314040931688012,62.729720266484975,86.00023889435658,40.05236803623898,32.26851851851853,0.35,0.35,0.021346886912325225,0.00020734126984126987,0.0,0.0,0.007606182244710653,0.007606182244710653,345553.57632226706,-0.4218980973587312
2023-06-15,GREED_TREND,0,False,0.0,20.366269630975538,62.289795047148,87.28543312219786,36.59618001031661,31.85846560846562,0.35,0.35,0.03508335406817631,0.00020734126984126987,0.0,0.0,0.012413945749258533,0.012413945749258533,349843.2596721939,-0.41472157170179946
2023-06-16,GREED_TREND,0,False,0.0,18.07815798992272,63.86755452931924,87.57818490759671,35.558743176627395,30.839947089947103,0.35,0.35,-0.019230769230769384,0.00020615079365079365,0.0,0.0,-0.006596771214896268,-0.006596771214896268,347535.42372706294,-0.4185825195902967
2023-06-20,GREED_EXHAUSTING,0,False,0.0,17.19192301545245,62.903617903617906,87.1629764218,40.130451269919924,31.660052910052926,0.35,0.35,-0.004901960784313597,0.00020654761904761903,0.0,0.0,-0.0015814303221288065,-0.0015814303221288065,346985.82066996704,-0.4195019908236324
2023-06-21,GREED_EXHAUSTING,0,False,0.0,15.303700759583132,56.29932874050521,85.4771483668543,50.27951368961802,28.227513227513242,0.35,0.35,-0.03681871921182278,0.00020853174603174604,0.0,0.0,-0.012751006089217339,-0.012751006089217339,342561.40235773224,-0.42690392447341874
2023-06-22,GREED_EXHAUSTING,0,False,0.0,15.942307854072581,52.02372961196491,85.65660618601798,58.43890471523296,26.54761904761906,0.35,0.35,0.03320463320463318,0.00020892857142857147,0.0,0.0,0.011757425193050185,0.011757425193050185,346589.0424199796,-0.4201657902369844
2023-06-23,GREED_EXHAUSTING,0,False,0.0,17.13972586031412,47.8752754855696,83.67590910237972,67.18454592434666,24.24603174603176,0.35,0.35,-0.029646238166417427,0.00020892857142857147,0.0,0.0,-0.010240379786817527,-0.010240379786817527,343039.8389956496,-0.4261035127583469
2023-06-26,GREED_EXHAUSTING,0,False,0.0,16.946737073207686,45.101004365710246,78.66105391105394,70.2881609245461,27.962962962962976,0.35,0.35,-0.039537869062901354,0.00020932539682539685,0.0,0.0,-0.013702192664078964,-0.013702192664078964,338339.44103027653,-0.43396715299577027
2023-06-27,GREED_EXHAUSTING,0,False,0.0,14.965949563008413,45.26714845097198,72.69693432928732,68.12700848042401,32.281746031746046,0.35,0.35,0.04945201817695799,0.00021289682539682542,0.0,0.0,0.01744658929844323,0.01744658929844323,344242.31030139665,-0.4240918103846588
2023-06-28,GREED_EXHAUSTING,0,False,0.0,12.522653325594526,47.75043005190064,68.57029613647263,60.562991596909974,35.94576719576721,0.35,0.35,0.006113092205807469,0.00021051587301587304,0.0,0.0,0.0022764175894929317,0.0022764175894929317,345025.9495516144,-0.42278080285188546
2023-06-29,GREED_EXHAUSTING,0,False,0.0,12.28631362454894,55.87438278614749,68.50653489624081,54.88429161745099,36.772486772486786,0.35,0.35,-0.006835443037974787,0.00021051587301587304,0.0,0.0,-0.0022555697458308574,-0.0022555697458308574,344247.71945827926,-0.42408276100968556
2023-06-30,GREED_EXHAUSTING,0,False,0.0,11.898882075352686,59.289507995390345,69.15961129196425,48.9858406454706,35.502645502645514,0.35,0.35,0.0451185317359164,0.00021130952380952382,0.0,0.0,0.015928837298046932,0.015928837298046932,349731.1853717538,-0.41490906901266855
2023-07-03,GREED_EXHAUSTING,0,False,0.0,10.693779914368172,62.3497057982352,70.24819462319466,42.25179777907479,35.410052910052926,0.35,0.35,0.006829268292682933,0.0002101190476190476,0.0,0.0,0.0025268212833914074,0.0025268212833914074,350614.89357441687,-0.4134306487955304
2023-07-05,GREED_TREND,0,False,0.0,8.740084622437585,62.35886937357526,71.54511233923003,38.18184255684253,35.0330687830688,0.35,0.35,-0.0007267441860465684,0.00021051587301587304,0.0,0.0,-0.00011752514765598149,-0.00011752514765598149,350573.68750727916,-0.4134995854451412
2023-07-06,GREED_EXHAUSTING,0,False,0.0,9.443620090678936,57.288337707455355,69.84952599658486,43.168935674628244,38.121693121693134,0.35,0.35,-0.02351515151515149,0.00021051587301587304,0.0,0.0,-0.008093467712842703,-0.008093467712842703,347736.33068646677,-0.41824640761390985
2023-07-07,GREED_EXHAUSTING,0,False,0.0,10.90331718272897,52.44302075184428,68.20967501114563,50.63460203901377,40.84656084656086,0.35,0.35,-0.010178748758689293,0.00021130952380952382,0.0,0.0,-0.0034252108750650622,-0.0034252108750650622,346545.2604249442,-0.4202390363451589
2023-07-10,GREED_EXHAUSTING,0,False,0.0,12.755785196961689,51.39846779552662,65.58496732026147,52.24483137244045,44.874338624338634,0.35,0.35,0.0007524454477050302,0.00021130952380952382,0.0,0.0,0.00040070709717295104,0.00040070709717295104,346684.1235702882,-0.42000672201235856
2023-07-11,GREED_EXHAUSTING,0,False,0.0,12.875566743213824,54.454295682236854,65.06316505581215,49.45905450720438,46.37566137566139,0.35,0.35,0.014285714285714235,0.0002121031746031746,0.0,0.0,0.005137867063492046,0.005137867063492046,348465.34051021555,-0.4170267936523391
2023-07-12,GREED_EXHAUSTING,0,False,0.0,11.246288305111856,60.880251049368695,66.39882319294087,42.04330509691038,44.821428571428584,0.35,0.35,0.03706449221645669,0.00021250000000000004,0.0,0.0,0.01311069727575984,0.01311069727575984,353033.9641007395,-0.40938360842403587
2023-07-13,GREED_TREND,0,False,0.0,9.10527544351076,67.53856797974446,70.77237468561002,34.24091793067122,41.812169312169324,0.35,0.35,0.049797474386466645,0.0002117063492063492,0.0,0.0,0.017566725162247453,0.017566725162247453,359235.614721036,-0.39900841259690245
2023-07-14,GREED_TREND,0,False,0.0,7.474827768945436,69.84468607262725,74.63172037583804,30.806749247214114,38.91534391534393,0.35,0.35,-0.0009078529278256919,0.0002117063492063492,0.0,0.0,-0.00018013939775486515,-0.00018013939775486515,359170.90223374806,-0.3991166748595131
2023-07-17,GREED_TREND,0,False,0.0,7.5119236883942975,69.14147761206586,76.78561734002913,29.052923993388863,38.14814814814816,0.35,0.35,0.027714675147660017,0.00021250000000000004,0.0,0.0,0.009838261301681004,0.009838261301681004,362704.51942188415,-0.393205027694958
2023-07-18,GREED_TREND,0,False,0.0,7.7742448330683835,65.92294500382735,78.45326502973565,30.464089360436578,37.380952380952394,0.35,0.35,0.023872679045092715,0.00021250000000000004,0.0,0.0,0.00849356266578245,0.00849356266578245,365785.1729867564,-0.3880511765724034
2023-07-19,GREED_TREND,0,False,0.0,8.358900917724469,64.6604472119178,79.16574894221957,30.511773327949772,37.837301587301596,0.35,0.35,0.0,0.00021250000000000004,0.0,0.0,0.00013812500000000004,0.00013812500000000004,365835.69706377527,-0.38796665114116746
2023-07-20,GREED_EXHAUSTING,0,False,0.0,9.62457205104266,58.061755032343264,76.2680251680252,40.07132016809433,38.293650793650805,0.35,0.35,-0.07016407599309149,0.00021250000000000004,0.0,0.0,-0.02441930159758202,-0.02441930159758202,356902.2448420133,-0.4029120780747294
2023-07-21,GREED_EXHAUSTING,0,False,0.0,10.13842834431072,53.820603166191404,71.53036166418524,47.84015619712961,37.678571428571445,0.35,0.35,-0.008822846528906525,0.00021250000000000004,0.0,0.0,-0.0029498712851172833,-0.0029498712851172833,355849.42915835994,-0.40467341059030704
2023-07-24,GREED_EXHAUSTING,0,False,0.0,11.121005459240775,52.7757126874774,67.48093997358707,54.742522645985616,37.32142857142859,0.35,0.35,0.003982197235886664,0.00021289682539682542,0.0,0.0,0.001532151969068269,0.001532151969068269,356394.6445619368,-0.40376127978410425
2023-07-25,GREED_EXHAUSTING,0,False,0.0,11.557614337026124,57.10279607338432,68.35365091982742,55.01421491293405,38.022486772486786,0.35,0.35,0.02006532897806812,0.0002132936507936508,0.0,0.0,0.0071615060153397145,0.0071615060153397145,358946.966952802,-0.39949131260269966
2023-07-26,GREED_EXHAUSTING,0,False,0.0,11.631688411100198,59.29922569628453,69.06276654806071,58.518248493817715,39.17328042328044,0.35,0.35,-0.010292772186642152,0.0002132936507936508,0.0,0.0,-0.00346382939230888,-0.00346382939230888,357703.6358983908,-0.40157137224444317
2023-07-27,GREED_EXHAUSTING,0,False,0.0,10.115621924445476,56.35587688528866,68.51780667221847,61.46622371219143,41.137566137566154,0.35,0.35,-0.008550959094060673,0.0002132936507936508,0.0,0.0,-0.0028541948099053624,-0.0028541948099053624,356682.6800373253,-0.4032794041278819
2023-07-28,GREED_EXHAUSTING,0,False,0.0,8.174868145456403,55.30601820307703,69.4191586544528,59.47533335721189,38.95502645502646,0.35,0.35,0.05407925407925407,0.0002132936507936508,0.0,0.0,0.019066379800754797,0.019066379800754797,363483.32748326805,-0.3919021026120514
2023-07-31,GREED_EXHAUSTING,0,False,0.0,7.1073405338111435,54.48308707867532,69.93868237985889,54.00843673708946,39.19973544973546,0.35,0.35,0.0019902697921274637,0.0002136904761904762,0.0,0.0,0.0008354932367684218,0.0008354932367684218,363787.0153450584,-0.39139404093149066
2023-08-01,GREED_EXHAUSTING,0,False,0.0,7.185525861996472,54.199370589076466,71.1509818642172,51.03376682456376,38.24735449735451,0.35,0.35,-0.007724564113882226,0.0002148809523809524,0.0,0.0,-0.00256392482081116,-0.00256392482081116,362854.2927869264,-0.39295446085604
2023-08-02,GREED_EXHAUSTING,0,False,0.0,10.41188373247199,45.5904822890117,64.84716649422535,55.986847209095764,43.4325396825397,0.35,0.35,-0.0653914590747331,0.000214484126984127,0.0,0.0,-0.0227475959936169,-0.0227475959936169,354600.2299300598,-0.40676328753021407
2023-08-03,NORMAL_PARTICIPATION,0,False,0.0,13.432060632060654,37.85230503612857,59.97649330002273,61.711170678675394,47.11640211640213,0.35,0.35,-0.007139457401237559,0.0002140873015873016,0.0,0.0,-0.0023596533444013995,-0.0023596533444013995,353763.4963115799,-0.408163120522815
2023-08-04,NORMAL_PARTICIPATION,0,False,0.0,17.89800851271442,31.0599896114602,55.37375610905025,66.67209344747293,49.80158730158732,0.35,0.35,-0.01390220517737295,0.000214484126984127,0.0,0.0,-0.00472635712954085,-0.00472635712954085,352091.4836886163,-0.4109603529776573
2023-08-07,NORMAL_PARTICIPATION,0,False,0.0,18.155434846611342,35.04998275586511,56.804946753476194,66.82131223117938,46.997354497354515,0.35,0.35,0.024793388429751984,0.000214484126984127,0.0,0.0,0.008817100632952875,0.008817100632952875,355195.9097323046,-0.4057667311330623
2023-08-08,NORMAL_PARTICIPATION,0,False,0.0,19.810251007309855,33.21962824168706,57.28929980400571,70.55216703556358,44.193121693121704,0.35,0.35,-0.02561669829222013,0.00021527777777777778,0.0,0.0,-0.00882591384672149,-0.00882591384672149,352060.9812342994,-0.41101138276893745
2023-08-09,NORMAL_PARTICIPATION,0,False,0.0,16.638381658969916,33.6797806209571,56.657283333753945,71.44381715681523,42.66534391534393,0.35,0.35,-0.03334956183057447,0.00021567460317460318,0.0,0.0,-0.011532158148637572,-0.011532158148637572,348000.95832074096,-0.41780369265059336
2023-08-10,NORMAL_PARTICIPATION,0,False,0.0,14.088626020978984,35.229452141216846,54.46402179490418,70.56055723655341,44.34523809523811,0.35,0.35,0.004532863258625008,0.0002148809523809524,0.0,0.0,0.001726174759566372,0.001726174759566372,348601.6687912991,-0.4167987200797342
2023-08-11,NORMAL_PARTICIPATION,0,False,0.0,9.981417131417153,39.789607885196126,52.24955943338299,67.73745770709715,44.55687830687831,0.35,0.35,-0.02005515166708438,0.000214484126984127,0.0,0.0,-0.00687988840093985,-0.00687988840093985,346203.3282136335,-0.42081107980087096
2023-08-14,RANGE_CARRY,0,False,0.0,8.957879307879331,44.61359363565246,53.04747709894772,65.33030163533009,42.969576719576736,0.35,0.35,0.033256587362496814,0.000214484126984127,0.0,0.0,0.011779220259413567,0.011779220259413567,350281.333471204,-0.4139886859380335
2023-08-15,NORMAL_PARTICIPATION,0,False,0.0,10.284927364339149,42.545300552653494,51.93259015317841,67.15777152186068,43.45238095238096,0.35,0.35,-0.03070066848229769,0.00021527777777777778,0.0,0.0,-0.010605303413248633,-0.010605303413248633,346566.49364974455,-0.42020351372725717
2023-08-16,NORMAL_PARTICIPATION,0,False,0.0,12.573503335268063,38.01309818221583,50.60547522312231,68.91759226697555,46.62037037037038,0.35,0.35,-0.033205619412515874,0.00021527777777777778,0.0,0.0,-0.011482036238824999,-0.011482036238824999,342587.20461049565,-0.4268607579937842
2023-08-17,RANGE_CARRY,0,False,0.0,18.045753736930227,29.672916614093086,47.372121070650515,73.9950543183465,52.77116402116403,0.35,0.35,-0.033817701453104365,0.00021527777777777778,0.0,0.0,-0.011696264953030971,-0.011696264953030971,338580.213895853,-0.43356434642326835
2023-08-18,RANGE_CARRY,0,False,0.0,21.33337160690104,23.538604781251845,45.63040456422812,76.3509395475714,55.34391534391536,0.35,0.35,-0.004648619086683126,0.00021527777777777778,0.0,0.0,-0.0014870861247835384,-0.0014870861247835384,338076.7159576423,-0.4344066850242849
2023-08-21,RANGE_CARRY,0,False,0.0,24.886572707160965,25.867353698236055,46.59400577047639,75.62767745381593,54.86772486772488,0.35,0.35,0.0483516483516484,0.0002148809523809524,0.0,0.0,0.01706274954212456,0.01706274954212456,343845.2342880515,-0.4247561079481543
2023-08-22,RANGE_CARRY,0,False,0.0,23.89472203295735,31.249615161379868,48.091373936962206,71.76753233987579,52.50000000000002,0.35,0.35,-0.004454926624737787,0.00021567460317460318,0.0,0.0,-0.0014190358265947333,-0.0014190358265947333,343357.3055817929,-0.4255723996400057
2023-08-23,RANGE_CARRY,0,False,0.0,21.367260537848797,39.12957179868945,52.33805338952401,64.97386597766102,48.412698412698425,0.35,0.35,0.0471176625427745,0.00021567460317460318,0.0,0.0,0.016631370382034567,0.016631370382034567,349067.80810430116,-0.4160188814607553
2023-08-24,RANGE_CARRY,0,False,0.0,18.808969894264035,40.591631547513906,51.779521117756445,63.209963962335856,46.752645502645514,0.35,0.35,-0.06586224233283067,0.00021567460317460318,0.0,0.0,-0.022911596324427238,-0.022911596324427238,341070.1073951628,-0.42939882110981387
2023-08-25,NORMAL_PARTICIPATION,0,False,0.0,14.599554176024787,43.64622710946241,52.12880106997758,58.092349058193435,42.55291005291007,0.35,0.35,0.023681377825619077,0.0002160714285714286,0.0,0.0,0.008428928667538105,0.008428928667538105,343944.9630010262,-0.4245892644753354
2023-08-28,RANGE_CARRY,0,False,0.0,11.742693113281371,45.830737249854906,50.01632304573485,55.14034558413113,39.96031746031747,0.35,0.35,0.022344900105152554,0.00021726190476190478,0.0,0.0,0.007961935274898633,0.007961935274898633,346683.43053456774,-0.42000788144260626
2023-08-29,RANGE_CARRY,0,False,0.0,7.398576727988515,54.33533743827862,54.209808548043874,44.958276418191,31.91798941798943,0.35,0.35,0.06376960658266895,0.0002160714285714286,0.0,0.0,0.022459808732505557,0.022459808732505557,354469.874075103,-0.4069813693934464
2023-08-30,RANGE_CARRY,0,False,0.0,6.711801717684092,60.89503158620806,59.43221057191649,37.7512626817655,26.997354497354507,0.35,0.35,0.016678752719361922,0.00021527777777777778,0.0,0.0,0.005977494007332228,0.005977494007332228,356588.71562316676,-0.4034366040827594
2023-08-31,GREED_TREND,0,False,0.0,6.764705882352963,65.20820295085001,65.15034256946025,32.41355312346771,22.771164021164036,0.35,0.35,0.009034712315739268,0.00021527777777777778,0.0,0.0,0.003302079866064299,0.003302079866064299,357766.2000414918,-0.4014667041042701
2023-09-01,GREED_TREND,0,False,0.0,7.323794382617933,66.93308539632069,68.05751129280544,32.91040216822946,22.605820105820126,0.35,0.35,-0.00353440150801132,0.00021527777777777778,0.0,0.0,-0.0010971099722484065,-0.0010971099722484065,357373.6911756928,-0.40212336095192014
2023-09-05,GREED_TREND,0,False,0.0,8.645998940116609,64.10599149569738,68.77610698934232,33.626634156520275,23.70370370370372,0.35,0.35,0.0026010877275952637,0.0002140873015873016,0.0,0.0,0.0010495374506900882,0.0010495374506900882,357748.768248473,-0.4014958670283464
2023-09-06,GREED_EXHAUSTING,0,False,0.0,11.13882159470397,55.338056543938904,67.70235571706162,40.52103621648211,26.4351851851852,0.35,0.35,-0.026415094339622636,0.0002148809523809524,0.0,0.0,-0.009105610399820302,-0.009105610399820302,354491.2473437868,-0.4069456124858686
2023-09-07,GREED_EXHAUSTING,0,False,0.0,16.123563900034508,42.755173240467364,65.91617773235423,48.98151105836113,30.54894179894181,0.35,0.35,-0.021802325581395277,0.0002148809523809524,0.0,0.0,-0.0074911413344407275,-0.0074911413344407275,351835.70330811234,-0.4113882667217471
2023-09-08,GREED_EXHAUSTING,0,False,0.0,18.843625558331464,38.58391059126354,64.88689529866004,56.92601363901172,30.350529100529112,0.35,0.35,0.002971768202080227,0.0002140873015873016,0.0,0.0,0.0011792756167598255,0.0011792756167598255,352250.6145741291,-0.4106941312569533
2023-09-11,GREED_EXHAUSTING,0,False,0.0,20.088887627122944,41.17027952322071,66.55757227816055,57.405858284416134,28.181216931216937,0.35,0.35,0.034074074074074145,0.0002148809523809524,0.0,0.0,0.01206559854497357,0.01206559854497357,356500.7290768008,-0.4035838032245027
2023-09-12,GREED_EXHAUSTING,0,False,0.0,17.93012802718687,46.25663899193311,65.62053124553127,57.66787762281118,25.826719576719587,0.35,0.35,-0.031996179560649596,0.0002148809523809524,0.0,0.0,-0.011058990227179738,-0.011058990227179738,352558.190997958,-0.41017956411597467
2023-09-13,GREED_EXHAUSTING,0,False,0.0,16.599230743348414,46.94475568004981,65.68811143075852,57.914618060728095,24.02777777777779,0.35,0.35,0.009866798223976181,0.00021527777777777778,0.0,0.0,0.0035933099339472184,0.0035933099339472184,353825.0418479654,-0.4080601564844676
2023-09-14,GREED_EXHAUSTING,0,False,0.0,14.607303942598085,50.10476758270877,65.6585661291544,55.78606093217096,22.010582010582027,0.35,0.35,0.02344894968246214,0.0002148809523809524,0.0,0.0,0.008346805007909366,0.008346805007909366,356778.3504791857,-0.40311935003423116
2023-09-15,GREED_EXHAUSTING,0,False,0.0,12.797072702955079,48.181046592811306,64.74427263397855,55.238348337494415,21.09788359788361,0.35,0.35,-0.051312649164677815,0.0002148809523809524,0.0,0.0,-0.017819754588589615,-0.017819754588589615,350420.6478311248,-0.41375561673529904
2023-09-18,GREED_EXHAUSTING,0,False,0.0,14.013298172121724,47.74942063912653,63.7237037457626,57.091487088877955,22.248677248677264,0.35,0.35,0.0022641509433962703,0.00021527777777777778,0.0,0.0,0.0009323833857442502,0.0009323833857442502,350747.37422118423,-0.4132090122123572
2023-09-19,RANGE_CARRY,0,False,0.0,14.45501509913277,40.11569027010204,59.59222457751873,62.730378012873246,26.130952380952397,0.35,0.35,-0.006024096385542244,0.0002148809523809524,0.0,0.0,-0.001968761115892166,-0.001968761115892166,350056.83642931626,-0.4143642634922695
2023-09-20,RANGE_CARRY,0,False,0.0,18.36956073720782,37.12851086380498,56.81434585846355,65.19912719035106,30.509259259259277,0.35,0.35,-0.039714898989898995,0.000214484126984127,0.0,0.0,-0.013760799963924965,-0.013760799963924965,345239.77432720806,-0.4224230797140782
2023-09-21,RANGE_CARRY,0,False,0.0,21.685961171255315,30.556432482903077,49.12545633869167,68.79055176754416,38.181216931216944,0.35,0.35,-0.05695364238410594,0.00021527777777777778,0.0,0.0,-0.01979384427888152,-0.01979384427888152,338406.1519952991,-0.4338555473332937
2023-09-22,RANGE_CARRY,0,False,0.0,26.93548296195357,29.4149117605,44.325640766817266,72.37001934843488,45.47619047619049,0.35,0.35,0.000702247191011196,0.00021567460317460318,0.0,0.0,0.0003859750089174107,0.0003859750089174107,338536.7683128332,-0.4336370297231271
2023-09-25,RISK_WARNING,0,False,0.0,30.03221835280661,30.699239155121514,43.16085833732896,72.98524418970337,49.940476190476204,0.35,0.35,0.01333333333333342,0.00021527777777777778,0.0,0.0,0.004806597222222252,0.004806597222222252,340163.97820302576,-0.4309147510434248
2023-09-26,RISK_WARNING,0,False,0.0,32.69671646436354,29.108204843498967,43.833722377840054,74.16660920882929,52.440476190476204,0.35,0.35,-0.044598337950138456,0.0002160714285714286,0.0,0.0,-0.01546897185397703,-0.01546897185397703,334901.99119846633,-0.43971791474204747
2023-09-27,RISK_WARNING,0,False,0.0,33.09956553191849,30.128277437100973,43.18670876759115,72.88103582031472,54.64285714285716,0.35,0.35,0.006088721368512573,0.0002160714285714286,0.0,0.0,0.002271498907550829,0.002271498907550829,335662.72070561023,-0.43844523459746376
2023-09-28,NORMAL_PARTICIPATION,0,False,0.0,29.267187776011326,32.921530774471954,42.24976552182438,68.877815908888,55.8862433862434,0.35,0.35,0.02420749279538903,0.0002160714285714286,0.0,0.0,0.008613068906957589,0.008613068906957589,338553.8068485445,-0.43360852470802136
2023-09-29,NORMAL_PARTICIPATION,0,False,0.0,22.844751894751912,41.602082124140956,43.05643143143146,60.956091460123695,54.775132275132286,0.35,0.35,0.0022509848058525073,0.00021527777777777778,0.0,0.0,0.0009277752376039331,0.0009277752376039331,338867.90868713515,-0.4330830407224554
2023-10-02,RANGE_CARRY,0,False,0.0,20.839020953726855,43.341485392955995,45.929348466113204,56.982923218691695,52.665343915343925,0.35,0.35,0.023862998315553163,0.0002148809523809524,0.0,0.0,0.008491722029491226,0.008491722029491226,341745.48077242135,-0.42826893949046607
2023-10-03,NORMAL_PARTICIPATION,0,False,0.0,23.885121676298166,39.91172159554513,45.213501316442525,59.12300047404409,55.01984126984129,0.35,0.35,-0.05292020839045786,0.00021765873015873016,0.0,0.0,-0.018380594762057074,-0.018380594762057074,335463.99557857914,-0.43877769642657294
2023-10-04,NORMAL_PARTICIPATION,0,False,0.0,26.432280179339028,37.37330607918843,46.757806125453214,58.1472981859604,55.35714285714287,0.35,0.35,0.04053271569195127,0.00021765873015873016,0.0,0.0,0.014327928666786118,0.014327928666786118,340270.499777504,-0.4307365432947635
2023-10-05,NORMAL_PARTICIPATION,0,False,0.0,28.12167040990572,36.579902381372975,46.2477719315955,58.328821909467045,55.9920634920635,0.35,0.35,-0.010573177518085619,0.00021726190476190478,0.0,0.0,-0.0035593918932347282,-0.0035593918932347282,339059.34371908905,-0.4327627750276749
2023-10-06,NORMAL_PARTICIPATION,0,False,0.0,26.24649649649652,41.1495792010498,50.6377364759718,53.02621793655947,49.39814814814816,0.35,0.35,0.05033745781777266,0.00021726190476190478,0.0,0.0,0.017759330474315667,0.017759330474315667,345080.81065460097,-0.4226890216920576
2023-10-09,RANGE_CARRY,0,False,0.0,24.967768188356445,44.25714054390525,52.46257602139958,50.32591499740453,46.85185185185187,0.35,0.35,0.014725568942436373,0.00021805555555555556,0.0,0.0,0.005295685240963841,0.005295685240963841,346908.25001052435,-0.4196317644647859
2023-10-10,RANGE_CARRY,0,False,0.0,21.160240913182108,52.85924580042228,56.012799564270175,43.129897347876444,42.58597883597885,0.35,0.35,0.016358839050132135,0.00021805555555555556,0.0,0.0,0.0058673297786573575,0.0058673297786573575,348943.67511627305,-0.4162265526338432
2023-10-11,RANGE_CARRY,0,False,0.0,18.316249863308705,58.11774379421439,58.35738469562002,39.086420657578124,40.64814814814816,0.35,0.35,0.021287642782969796,0.00021726190476190478,0.0,0.0,0.007591895212134666,0.007591895212134666,351592.818932693,-0.4117946057938128
2023-10-12,GREED_TREND,0,False,0.0,17.727422380363574,60.39494641700525,60.4743419890479,38.120021756644114,38.472222222222236,0.35,0.35,-0.011692933401118433,0.00021726190476190478,0.0,0.0,-0.003951306452296213,-0.003951306452296213,350203.5679586632,-0.41411878556321513
2023-10-13,RANGE_CARRY,0,False,0.0,21.643880435056925,53.1260987878635,58.59981830570069,42.754315917978126,42.89682539682541,0.35,0.35,-0.037808641975308754,0.00021805555555555556,0.0,0.0,-0.013091288580246952,-0.013091288580246952,345618.95198868425,-0.42178872561515257
2023-10-16,RANGE_CARRY,0,False,0.0,22.49448229742349,49.21913405001641,57.19737174148941,43.56941463013567,45.787037037037045,0.35,0.35,0.03368083400160393,0.00021765873015873016,0.0,0.0,0.01192977007516455,0.01192977007516455,349742.10661952855,-0.41489079805687346
2023-10-17,RANGE_CARRY,0,False,0.0,22.46855006266773,47.83562449003626,55.46168752786402,44.763024477445704,48.61111111111112,0.35,0.35,-0.00956814067752787,0.00021726190476190478,0.0,0.0,-0.003207628999039516,-0.003207628999039516,348620.2636961506,-0.4167676113006311
2023-10-18,RANGE_CARRY,0,False,0.0,23.619771872713063,43.57904227757169,54.2696930123401,48.20221108883345,49.239417989418,0.35,0.35,-0.0422976501305482,0.00021765873015873016,0.0,0.0,-0.014662699371088696,-0.014662699371088696,343508.5495749043,-0.4253193724796118
2023-10-19,RISK_WARNING,0,False,0.0,31.18693777811427,35.00880292056763,50.64784637578757,57.77892798599627,56.20370370370372,0.35,0.35,-0.026717557251908275,0.00021726190476190478,0.0,0.0,-0.009209924800072657,-0.009209924800072657,340344.8616651374,-0.43061213784313324
2023-10-20,RISK_WARNING,0,False,0.0,38.11689041983161,24.880954483895664,46.26780877516174,67.87429782045528,62.01719576719578,0.35,0.35,-0.045098039215686225,0.00021686507936507935,0.0,0.0,-0.015643351423902878,-0.015643351423902878,335020.72738879005,-0.4395192722673579
2023-10-23,RISK_WARNING,0,False,0.0,40.72494469259177,24.76038012802719,44.389133881780964,72.06998612193108,62.90343915343917,0.35,0.35,0.008800234672924567,0.0002160714285714286,0.0,0.0,0.003220528564095027,0.003220528564095027,336099.67121090955,-0.4377142280740701
2023-10-24,RISK_WARNING,0,False,0.0,38.092476930712245,27.097127589774654,44.83172037583805,74.44921646368512,59.0740740740741,0.35,0.35,0.028205873800523307,0.0002160714285714286,0.0,0.0,0.010012502258754585,0.010012502258754585,339464.8699280754,-0.43208434051259625
2023-10-25,RISK_WARNING,0,False,0.0,37.114262581909664,25.846762729115678,44.21270745535455,77.69668363809727,56.0383597883598,0.35,0.35,-0.07324660633484148,0.0002160714285714286,0.0,0.0,-0.02549586578862309,-0.02549586578862309,330809.9191644368,-0.4465638419461444
2023-10-26,RISK_WARNING,0,False,0.0,35.02157325392621,25.342204599557544,40.951144421732685,78.71318265269876,54.91402116402117,0.35,0.35,-0.05828501678364373,0.00021646825396825397,0.0,0.0,-0.02025905150919594,-0.02025905150919594,324108.02397233155,-0.457775933579209
2023-10-27,RISK_WARNING,0,False,0.0,36.28715396068339,25.610789360789365,37.45873394402809,78.08280647820493,54.82804232804235,0.35,0.35,0.014257939079714843,0.00021646825396825397,0.0,0.0,0.0051309830429795604,0.0051309830429795604,325771.01674742723,-0.45499379108890836
2023-10-30,RISK_WARNING,0,False,0.0,33.45609180609183,32.593587284763764,37.1716611569553,72.36299772258025,52.14285714285716,0.35,0.35,0.03226837060702881,0.00021646825396825397,0.0,0.0,0.011434634077539446,0.011434634077539446,329496.08911700203,-0.4487618445200231
2023-10-31,RISK_WARNING,0,False,0.0,30.974780242427318,38.845606110312,40.215475980181886,68.26336786773217,48.44576719576721,0.35,0.35,0.014546580006189913,0.00021686507936507935,0.0,0.0,0.005232265303753771,0.005232265303753771,331220.10007181147,-0.445877620245
2023-11-01,NORMAL_PARTICIPATION,0,False,0.0,26.171577459812777,45.17891525979761,44.86100701541881,62.76582997337263,41.2830687830688,0.35,0.35,0.05155582672361181,0.00021646825396825397,0.0,0.0,0.018185243718343496,0.018185243718343496,337243.41831603146,-0.4358007697193669
2023-11-02,NORMAL_PARTICIPATION,0,False,0.0,21.09371346136054,53.29766215795629,51.46751688663456,55.15005799374867,32.31481481481483,0.35,0.35,0.053089643167972156,0.00021567460317460318,0.0,0.0,0.018721563600853745,0.018721563600853745,343557.14242100436,-0.42523807794611523
2023-11-03,NORMAL_PARTICIPATION,0,False,0.0,14.23320715673659,64.44255221608164,57.859222668046236,42.60771628228931,23.181216931216948,0.35,0.35,0.03526170798898076,0.000214484126984127,0.0,0.0,0.012481012478682947,0.012481012478682947,347845.0834027016,-0.41806446722468893
2023-11-06,GREED_TREND,0,False,0.0,10.93717667247081,71.46890104390106,62.51329060152593,34.29258107389034,18.492063492063505,0.35,0.35,0.011442256519425209,0.0002140873015873016,0.0,0.0,0.004143946527830569,0.004143946527830569,349286.53482829116,-0.4156529574942234
2023-11-07,GREED_TREND,0,False,0.0,11.31690514043457,73.13374656168774,66.09847978230334,29.72858281159986,16.964285714285726,0.35,0.35,0.028150486714022538,0.00021527777777777778,0.0,0.0,0.009992600905463445,0.009992600905463445,352776.81577248254,-0.40981381070817524
2023-11-08,GREED_TREND,0,False,0.0,13.969263381028107,70.9535954021248,68.67286530227709,30.381928994595,16.408730158730172,0.35,0.35,0.0017911975435005445,0.0002148809523809524,0.0,0.0,0.0007665917592728096,0.0007665917592728096,353047.2515723162,-0.40936137883902757
2023-11-09,GREED_TREND,0,False,0.0,14.398516163222064,67.3121745695275,68.48383509559983,35.1289309097658,16.80555555555557,0.35,0.35,-0.023754789272030674,0.000214484126984127,0.0,0.0,-0.008174761562671053,-0.008174761562671053,350161.17447035614,-0.41418970873672334
2023-11-10,GREED_TREND,0,False,0.0,14.51510333863277,67.07545781075193,70.5181637519873,36.45129844536863,15.787037037037052,0.35,0.35,0.06671899529042391,0.000214484126984127,0.0,0.0,0.023491063034188048,0.023491063034188048,358386.8326919646,-0.4004284022585818
2023-11-13,GREED_EXHAUSTING,0,False,0.0,15.338258426493738,64.2518085312203,70.71884426443252,41.0721472692535,16.183862433862448,0.35,0.35,-0.009075300466029002,0.0002140873015873016,0.0,0.0,-0.0030371984170784044,-0.0030371984170784044,357298.3407710108,-0.40224942016616716
2023-11-14,GREED_TREND,0,False,0.0,15.9702139113904,67.44226158932042,74.82444755680052,34.70985735667896,13.882275132275149,0.35,0.35,0.06287128712871293,0.0002148809523809524,0.0,0.0,0.022144623114097144,0.022144623114097144,365210.57786667714,-0.38901245885951374
2023-11-15,GREED_TREND,0,False,0.0,14.976156829098024,70.10920058714176,75.469996256761,31.051539680097523,14.100529100529117,0.35,0.35,0.0027945971122498303,0.0002136904761904762,0.0,0.0,0.00111700779881125,0.00111700779881125,365618.5209303625,-0.3883299810110834
2023-11-16,GREED_TREND,0,False,0.0,13.632334014686975,74.03131387690212,77.90387656564128,24.527038864562556,12.962962962962978,0.35,0.35,0.0016256386437529802,0.0002140873015873016,0.0,0.0,0.0007081302713452891,0.0007081302713452891,365877.4264727978,-0.38789683895456306
2023-11-17,GREED_TREND,0,False,0.0,12.072980543568798,74.61190076631253,78.16359426653547,24.961930994426222,13.551587301587318,0.35,0.35,0.0006955715279386432,0.0002132936507936508,0.0,0.0,0.0003820909077943981,0.0003820909077943981,366017.2249108203,-0.3876629599020953
2023-11-20,GREED_TREND,0,False,0.0,11.143349231584544,75.92045827339945,79.23925501131386,25.145136869045757,13.115079365079382,0.35,0.35,0.03568118628359618,0.00021289682539682542,0.0,0.0,0.012626798135766597,0.012626798135766597,370638.8505239827,-0.37993110370572625
2023-11-21,GREED_TREND,0,False,0.0,9.5164281928988,72.91613567348861,78.75028915470095,33.13730669541862,13.12169312169314,0.35,0.35,-0.018120805369127524,0.000214484126984127,0.0,0.0,-0.00620286719665495,-0.00620286719665495,368339.8269562616,-0.38377730872221605
2023-11-22,GREED_TREND,0,False,0.0,9.856915739268699,70.33315142873967,80.05392367157076,39.070267577146105,14.140211640211655,0.35,0.35,0.011619958988380086,0.0002140873015873016,0.0,0.0,0.004206142391964776,0.004206142391964776,369889.11671707133,-0.3811853883375419
2023-11-24,GREED_EXHAUSTING,0,False,0.0,11.091679915209346,67.49969612469613,80.53018775077601,47.23810456566621,17.268518518518533,0.35,0.35,-0.004954954954954904,0.000214484126984127,0.0,0.0,-0.0015948195516945337,-0.0015948195516945337,369299.21032177197,-0.38217228597909536
2023-11-27,GREED_EXHAUSTING,0,False,0.0,11.612347641759428,66.92055606026194,81.0418254388843,48.47195002674127,20.55555555555557,0.35,0.35,-0.0029425079221367945,0.000214484126984127,0.0,0.0,-0.0008904630902081955,-0.0008904630902081955,368970.36300573737,-0.3827224387545387
2023-11-28,GREED_EXHAUSTING,0,False,0.0,11.493840479134619,65.92416365945779,79.72676773412071,49.47576866647072,22.149470899470913,0.35,0.35,0.007945516458569779,0.00021250000000000004,0.0,0.0,0.002919055760499423,0.002919055760499423,370047.4080693228,-0.38092057113355815
2023-11-29,GREED_EXHAUSTING,0,False,0.0,9.922304657598795,62.57855124031595,76.92782698665056,49.7652575996978,22.63227513227515,0.35,0.35,-0.003603603603603567,0.0002117063492063492,0.0,0.0,-0.0011236521342771215,-0.0011236521342771215,369631.60350946203,-0.381616201055091
2023-11-30,GREED_EXHAUSTING,0,False,0.0,9.182903491727041,57.91099713158537,73.72950892068543,49.22315253719426,23.637566137566154,0.35,0.35,-0.008363471971067016,0.00021091269841269842,0.0,0.0,-0.0027901219359052014,-0.0027901219359052014,368600.28626430646,-0.3833415672573356
2023-12-01,GREED_EXHAUSTING,0,False,0.0,8.249579411344136,57.07566810507987,70.0896022072493,47.001607157442045,25.29100529100531,0.35,0.35,0.008434009573740742,0.00021091269841269842,0.0,0.0,0.0030889966047775133,0.0030889966047775133,369738.8912970969,-0.3814367114522861
2023-12-04,GREED_EXHAUSTING,0,False,0.0,7.875709743356822,51.30121297768357,64.5558552249729,48.777803114852425,27.59259259259261,0.35,0.35,-0.028481012658228,0.0002101190476190476,0.0,0.0,-0.009831777049427419,-0.009831777049427419,366103.7009513614,-0.38751828779624775
2023-12-05,GREED_EXHAUSTING,0,False,0.0,9.26890966596851,52.09284599725777,61.84228345993055,48.48492752714761,28.611111111111125,0.35,0.35,0.007212657049790572,0.00021130952380952382,0.0,0.0,0.00266178115790289,0.00266178115790289,367078.1888843922,-0.38588799551514374
2023-12-06,NORMAL_PARTICIPATION,0,False,0.0,9.789177833295499,46.00884708237649,58.2098464010229,53.1345861991023,29.656084656084673,0.35,0.35,-0.017787017787017745,0.00021091269841269842,0.0,0.0,-0.006088362971487956,-0.006088362971487956,364843.2836315476,-0.3896269323035957
2023-12-07,NORMAL_PARTICIPATION,0,False,0.0,9.409247482776914,50.871260966849206,59.573672411907744,48.38886558692059,28.48544973544975,0.35,0.35,0.04186265286923785,0.00021091269841269842,0.0,0.0,0.0147890217582015,0.0147890217582015,370238.9588915082,-0.38060011172481334
2023-12-08,GREED_EXHAUSTING,0,False,0.0,5.962578124342849,52.59668281727105,61.12548788284085,46.61330041073871,26.14417989417991,0.35,0.35,0.011963882618510224,0.00021051587301587304,0.0,0.0,0.004324194233938896,0.004324194233938896,371839.9440627264,-0.37792170629943145
2023-12-11,GREED_TREND,0,False,0.0,3.5927103574162587,59.335974630092274,64.32877520377524,39.54993811919805,26.574074074074087,0.35,0.35,0.025429399955386955,0.00021051587301587304,0.0,0.0,0.00903712530184575,0.00903712530184575,375200.3082294526,-0.372299906811701
2023-12-12,GREED_TREND,0,False,0.0,2.1143895996837365,64.12538273567685,67.1218108865168,34.51149556984469,26.29629629629631,0.35,0.35,0.024146182292799745,0.0002117063492063492,0.0,0.0,0.008588772929464037,0.008588772929464037,378422.8184799003,-0.36690873324350326
2023-12-13,GREED_TREND,0,False,0.0,1.842872284048774,71.50329005476065,69.36932205314561,25.730237420939478,29.232804232804245,0.35,0.35,0.03525913338997455,0.00021130952380952382,0.0,0.0,0.012478047876967283,0.012478047876967283,383144.79652662936,-0.35900899010642584
2023-12-14,GREED_TREND,0,False,0.0,1.978007419183909,76.39268154709332,70.8906332803392,22.278399638456534,29.417989417989435,0.35,0.35,-0.0016413623307346414,0.00021051587301587304,0.0,0.0,-0.00043764149829680703,-0.00043764149829680703,382977.1164638128,-0.35928951437239043
2023-12-15,GREED_TREND,0,False,0.0,2.0098039215686465,77.47780974251562,71.83308623749804,18.803409942878606,31.22354497354499,0.35,0.35,0.011919441019317745,0.0002101190476190476,0.0,0.0,0.004308381737713592,0.004308381737713592,384627.12807834777,-0.3565290890169508
2023-12-18,GREED_TREND,0,False,0.0,2.261526232114486,75.42208490002609,73.50049944902888,19.254550463990665,31.95105820105822,0.35,0.35,0.020917952883834356,0.00021051587301587304,0.0,0.0,0.0074581188268023416,0.0074581188268023416,387495.72290356783,-0.3517300065012484
2023-12-19,GREED_TREND,0,False,0.0,2.9753030341265814,73.91002136590372,75.98283493577613,17.17691685315022,33.26719576719579,0.35,0.35,0.014919435050726015,0.00021130952380952382,0.0,0.0,0.005359153458230295,0.005359153458230295,389572.37194701587,-0.3482558281237228
2023-12-20,GREED_TREND,0,False,0.0,5.720171852524813,66.56653397094574,75.3757909169674,28.8233632792456,34.97354497354499,0.35,0.35,-0.03984919639357121,0.0002101190476190476,0.0,0.0,-0.01381064135679754,-0.01381064135679754,384192.1276355387,-0.35725683313788903
2023-12-21,GREED_TREND,0,False,0.0,8.058758338170122,60.35777058571176,74.41009412774122,35.69889668063289,35.694444444444464,0.35,0.35,0.03306551297898652,0.00021051587301587304,0.0,0.0,0.011709764860105599,0.011709764860105599,388690.9271112546,-0.349730461788494
2023-12-22,GREED_EXHAUSTING,0,False,0.0,9.13321094203449,54.2300598918246,73.49536090712564,43.27965767339578,34.728835978835995,0.35,0.35,0.004088144381294123,0.00020972222222222223,0.0,0.0,0.0015671699778973874,0.0015671699778973874,389300.0718629045,-0.3487113788906677
2023-12-26,GREED_TREND,0,False,0.0,7.948772301713497,57.1922321481145,75.39901350930766,37.22129529909413,34.18650793650795,0.35,0.35,0.01827209533267138,0.00021051587301587304,0.0,0.0,0.0065320686838953,0.0065320686838953,391843.0066709583,-0.34445711688454217
2023-12-27,GREED_TREND,0,False,0.0,6.698826978238762,59.43894945365533,76.47691073426371,35.91235671833392,32.3809523809524,0.35,0.35,0.0052662375658278915,0.00021091269841269842,0.0,0.0,0.001980276402008016,0.001980276402008016,392618.9641303607,-0.3431589607826042
2023-12-28,GREED_TREND,0,False,0.0,4.635027885027903,62.9589095397919,76.58799976447038,33.67889870759887,31.904761904761926,0.35,0.35,-0.0025223127667831635,0.00021051587301587304,0.0,0.0,-0.0007459741509137898,-0.0007459741509137898,392326.0805319609,-0.34364894721911987
2023-12-29,GREED_TREND,0,False,0.0,3.3724480783304505,61.77359502359502,75.58228711905186,38.56682302389131,30.09259259259261,0.35,0.35,-0.013810542695973371,0.00021091269841269842,0.0,0.0,-0.004696596689622426,-0.004696596689622426,390483.4831608819,-0.34673156340084077
2024-01-02,GREED_EXHAUSTING,0,False,0.0,4.822229792818048,53.75901531783885,69.9581934876053,46.5964262242725,30.357142857142875,0.35,0.35,-0.05069033530571987,0.00020892857142857147,0.0,0.0,-0.017605813785573382,-0.017605813785573382,383608.7036700094,-0.35823288584759805
2024-01-03,GREED_EXHAUSTING,0,False,0.0,8.2590283560872,40.55795185942245,64.12761080408143,59.14817694490367,31.11111111111113,0.35,0.35,-0.03199667567006026,0.00021130952380952382,0.0,0.0,-0.011061485294044899,-0.011061485294044899,379365.4216356959,-0.36533178334299665
2024-01-04,NORMAL_PARTICIPATION,0,False,0.0,11.944355700238072,30.77846544023015,57.221176007940734,66.57371328362787,31.752645502645517,0.35,0.35,-0.01674179008370902,0.0002121031746031746,0.0,0.0,-0.005721759465806092,-0.005721759465806092,377194.78394345235,-0.3689632022193001
2024-01-05,NORMAL_PARTICIPATION,0,False,0.0,11.929022720199209,33.0096787964435,55.814729645612026,68.41929527792904,30.866402116402128,0.35,0.35,0.003710980135341435,0.0002121031746031746,0.0,0.0,0.0014367101108615657,0.0014367101108615657,377736.70350330824,-0.3680565852716027
2024-01-08,NORMAL_PARTICIPATION,0,False,0.0,10.019143933849836,40.01562802298097,56.746502805326365,64.76173411823315,27.5330687830688,0.35,0.35,0.06024358416702924,0.0002117063492063492,0.0,0.0,0.02122286358544436,0.02122286358544436,385753.35803297436,-0.35464493638710204
2024-01-09,NORMAL_PARTICIPATION,0,False,0.0,5.604063727593157,46.47886226562698,59.649753745342004,61.023021666285395,24.1335978835979,0.35,0.35,0.0065641025641025585,0.00021250000000000004,0.0,0.0,0.0024355608974358954,0.0024355608974358954,386692.883827854,-0.3530731348292043
2024-01-10,GREED_EXHAUSTING,0,False,0.0,2.43312009488482,49.71121962298432,62.4475010725011,55.844319855230644,22.037037037037056,0.35,0.35,0.0197676788261667,0.0002117063492063492,0.0,0.0,0.007056296716142472,0.007056296716142472,389421.50355416414,-0.34850822691491534
2024-01-11,GREED_EXHAUSTING,0,False,0.0,0.4133545310016087,52.04081812905341,63.694835591894446,51.0027745283912,21.375661375661394,0.35,0.35,0.004796163069544335,0.00021130952380952382,0.0,0.0,0.0018160082648167077,0.0018160082648167077,390128.69622311584,-0.34732511247053277
2024-01-12,GREED_EXHAUSTING,0,False,0.0,1.6163222045575172,51.481394209335384,65.28534942505534,46.875180853122004,22.599206349206366,0.35,0.35,0.0011933174224343368,0.00021130952380952382,0.0,0.0,0.0005550122883282083,0.0005550122883282083,390345.2224435492,-0.34696286988767056
2024-01-16,GREED_EXHAUSTING,0,False,0.0,5.969864822806017,46.449472581825525,65.89251436310263,47.95334857763697,26.216931216931233,0.35,0.35,-0.0005959475566150729,0.00021091269841269842,0.0,0.0,-7.148839084702153e-05,-7.148839084702153e-05,390317.3172917219,-0.3470095544612657
2024-01-17,GREED_EXHAUSTING,0,False,0.0,11.757074301191965,40.17826439885263,64.92515519721405,53.20097540614615,31.62037037037039,0.35,0.35,-0.01729278473464524,0.00021091269841269842,0.0,0.0,-0.005915381403157579,-0.005915381403157579,388008.44149168406,-0.35087224199924505
2024-01-18,GREED_EXHAUSTING,0,False,0.0,15.04074873192522,39.53689403689404,65.8037102228279,53.08017603534679,33.300264550264565,0.35,0.35,0.04288025889967639,0.0002117063492063492,0.0,0.0,0.015145699741870864,0.015145699741870864,393885.10084382835,-0.34104074788245187
2024-01-19,GREED_EXHAUSTING,0,False,0.0,15.681948755478183,44.60322822822823,70.07439372145258,48.38977663621873,29.464285714285733,0.35,0.35,0.057796741660201656,0.00021091269841269842,0.0,0.0,0.020365952835038833,0.020365952835038833,401906.9462300383,-0.32762041483361337
2024-01-22,GREED_EXHAUSTING,0,False,0.0,13.52679990915287,51.59444002826356,75.93556161203223,40.258867670869535,25.46296296296298,0.35,0.35,0.004033736707004021,0.00021091269841269842,0.0,0.0,0.0015489011014196612,0.0015489011014196612,402529.4603417222,-0.3265789653535771
2024-01-23,GREED_TREND,0,False,0.0,11.57990343284463,56.42351384998443,79.82650717944838,37.2479631637601,23.17460317460319,0.35,0.35,0.011869978086194166,0.00021130952380952382,0.0,0.0,0.0042918435206441485,0.0042918435206441485,404257.0537979581,-0.3236887476493645
2024-01-24,GREED_TREND,0,False,0.0,9.791308114837545,58.762805873099985,80.40247705688886,35.630127145307384,24.576719576719594,0.35,0.35,0.0164230283342357,0.00021091269841269842,0.0,0.0,0.005885153170950749,0.005885153170950749,406636.1684799964,-0.3197085523380435
2024-01-25,GREED_TREND,0,False,0.0,9.083045230104073,59.717538967538964,80.2816093404329,34.53925401411167,25.198412698412714,0.35,0.35,0.0028409090909089496,0.00021051587301587304,0.0,0.0,0.0011311534992784497,0.0011311534992784497,407096.1364049057,-0.3189390382864915
2024-01-26,GREED_TREND,0,False,0.0,9.177057309410271,58.85439115586175,78.98460435225145,38.937819223397945,25.892857142857157,0.35,0.35,-0.018413597733710985,0.00021051587301587304,0.0,0.0,-0.0063079238893385264,-0.0063079238893385264,404528.2049608198,-0.32323511899698
2024-01-29,GREED_EXHAUSTING,0,False,0.0,10.9775384628326,56.91165430136019,78.71534034034038,41.03591942443932,26.14417989417991,0.35,0.35,0.02940115440115454,0.00021051587301587304,0.0,0.0,0.010427239357864404,0.010427239357864404,408746.31738095346,-0.3161783295937649
2024-01-30,GREED_EXHAUSTING,0,False,0.0,12.833606715959675,53.95008769273476,78.08467501114563,47.96284594434496,25.958994708994723,0.35,0.35,-0.019975468722621348,0.00020972222222222223,0.0,0.0,-0.006855094608473027,-0.006855094608473027,405944.3227044421,-0.32086599183972375
2024-01-31,GREED_EXHAUSTING,0,False,0.0,16.62553898436253,45.324286471345296,74.96085581379702,54.51721944226686,27.288359788359802,0.35,0.35,-0.05882352941176472,0.00020972222222222223,0.0,0.0,-0.020451915849673204,-0.020451915849673204,397641.9835768382,-0.334755583425269
2024-02-01,GREED_EXHAUSTING,0,False,0.0,16.00453352512178,42.495080164197816,72.69734019734024,61.763442250871066,26.759259259259277,0.35,0.35,0.035334346504559244,0.00020972222222222223,0.0,0.0,0.012503340721040179,0.012503340721040179,402613.8367824897,-0.3264378058220655
2024-02-02,GREED_EXHAUSTING,0,False,0.0,14.961093025798926,41.48304501980973,73.58564657094072,61.99634678050234,25.09259259259261,0.35,0.35,0.05027522935779816,0.00020972222222222223,0.0,0.0,0.0177326497196738,0.0177326497196738,409753.24692244746,-0.3144937633682934
2024-02-05,GREED_EXHAUSTING,0,False,0.0,13.613226672050223,45.01918199712318,76.68394444865037,61.283783987294406,23.181216931216948,0.35,0.35,-0.005066387141858808,0.0002101190476190476,0.0,0.0,-0.0016366581186982017,-0.0016366581186982017,409082.62094420893,-0.3156157027158949
2024-02-06,GREED_EXHAUSTING,0,False,0.0,13.865823807000297,43.523352133646256,77.10973683767804,62.233171433835544,23.98809523809525,0.35,0.35,-0.0057945566286217165,0.00020972222222222223,0.0,0.0,-0.001891775375573156,-0.001891775375573156,408308.72851533175,-0.31691040407692594
2024-02-07,GREED_EXHAUSTING,0,False,0.0,14.304014098131764,45.163361891303076,76.69436242965658,58.95700630828711,24.66269841269843,0.35,0.35,0.02984811020840694,0.00021051587301587304,0.0,0.0,0.010583673890402746,0.010583673890402746,412630.13494454307,-0.30968080655574903
2024-02-08,GREED_EXHAUSTING,0,False,0.0,12.32767431296845,47.30972253766371,76.53904850228382,51.901774572078146,24.966931216931233,0.35,0.35,0.004115932087120466,0.0002101190476190476,0.0,0.0,0.001577153611444544,0.001577153611444544,413280.9160520617,-0.3085920671467589
2024-02-09,GREED_EXHAUSTING,0,False,0.0,11.38844727080023,51.42146137734374,78.7164349223173,45.51178506373,23.35978835978837,0.35,0.35,0.029376601195559404,0.00021051587301587304,0.0,0.0,0.010418645735906108,0.010418645735906108,417586.7435058189,-0.3013885328353658
2024-02-12,GREED_EXHAUSTING,0,False,0.0,10.94416265004502,51.966650474003416,77.2702597555539,46.094432430532976,25.390211640211657,0.35,0.35,-0.011780321884851563,0.00021051587301587304,0.0,0.0,-0.003986277342237729,-0.003986277342237729,415922.12693176273,-0.3041733918979518
2024-02-13,GREED_EXHAUSTING,0,False,0.0,14.865131938661369,48.552447405388584,72.50381579058052,53.33335836514201,28.584656084656103,0.35,0.35,-0.04734721289456012,0.0002101190476190476,0.0,0.0,-0.016434947132143662,-0.016434947132143662,409086.46876455046,-0.3156092654152478
2024-02-14,GREED_EXHAUSTING,0,False,0.0,16.520852785558688,47.380926094161396,68.88722651222655,56.55622588568506,29.42460317460319,0.35,0.35,0.03172365174480074,0.00021091269841269842,0.0,0.0,0.011240371364648512,0.011240371364648512,413684.7525937167,-0.30791645939999057
2024-02-15,GREED_EXHAUSTING,0,False,0.0,16.168792742322175,47.39791577291577,67.25051627257511,57.844379992624745,27.486772486772505,0.35,0.35,0.008370345063204665,0.0002101190476190476,0.0,0.0,0.0030661981530740135,0.0030661981530740135,414953.19201807445,-0.30579439412602993
2024-02-16,GREED_EXHAUSTING,0,False,0.0,13.592165695106893,50.21774190156543,66.72462693786225,56.73323177474029,27.096560846560866,0.35,0.35,-0.02744367270879222,0.0002101190476190476,0.0,0.0,-0.009468708067124895,-0.009468708067124895,411024.1213813337,-0.312367624346612
2024-02-20,GREED_EXHAUSTING,0,False,0.0,14.017994885641963,44.38711926211926,61.293597168597195,60.960884881900036,32.242063492063515,0.35,0.35,-0.02316669569761365,0.00021051587301587304,0.0,0.0,-0.00797150817670446,-0.00797150817670446,407747.63923691964,-0.3178490914516997
2024-02-21,NORMAL_PARTICIPATION,0,False,0.0,13.781079819315133,39.702017143193615,55.6582086287969,64.46921891395323,37.1362433862434,0.35,0.35,-0.012482168330955723,0.00021051587301587304,0.0,0.0,-0.004231923598374185,-0.004231923598374185,406022.08238025155,-0.3207359019792376
2024-02-22,NORMAL_PARTICIPATION,0,False,0.0,12.232642726760394,42.51408971997208,57.43088466617882,58.8633448438951,32.39417989417991,0.35,0.35,0.08649331888768508,0.00021051587301587304,0.0,0.0,0.030409496928150093,0.030409496928150093,418369.00964715495,-0.30007982247707266
2024-02-23,GREED_EXHAUSTING,0,False,0.0,8.852922670569749,47.78935027464439,61.06725212607569,56.03797915562618,24.206349206349227,0.35,0.35,-0.009140767824497353,0.00021091269841269842,0.0,0.0,-0.0030621754846058193,-0.0030621754846058193,417087.89032229455,-0.30222310088586435
2024-02-26,GREED_EXHAUSTING,0,False,0.0,8.303318023906279,50.96643492231727,65.07455775102838,53.95435792257422,16.792328042328062,0.35,0.35,-0.0013418316001341246,0.00021130952380952382,0.0,0.0,-0.0003322898695707531,-0.0003322898695707531,416949.2962416198,-0.3024549650806605
2024-02-27,GREED_EXHAUSTING,0,False,0.0,7.046510796510816,51.6012840571664,64.62805662805665,52.98833036072122,15.992063492063513,0.35,0.35,0.00621430970775938,0.0002117063492063492,0.0,0.0,0.00231261752469991,0.00231261752469991,417913.5404910195,-0.30084181020863865
2024-02-28,GREED_EXHAUSTING,0,False,0.0,6.443514943514963,53.803129810482766,63.50064350064353,49.47195487707819,16.52116402116404,0.35,0.35,-0.016190953096311134,0.00021091269841269842,0.0,0.0,-0.005529740329740643,-0.005529740329740643,415602.5871318216,-0.30470797344759637
2024-02-29,GREED_EXHAUSTING,0,False,0.0,5.740002607649686,58.215008075302194,64.68133364456897,44.95721446575334,16.97089947089949,0.35,0.35,0.02409229725144213,0.00021091269841269842,0.0,0.0,0.008569397291972999,0.008569397291972999,419164.050816526,-0.2987497398381278
2024-03-01,GREED_EXHAUSTING,0,False,0.0,6.050931183284145,61.10891458685577,67.85646360646363,41.9477189306411,17.288359788359806,0.35,0.35,0.045891318754141874,0.00021091269841269842,0.0,0.0,0.016199054817917908,0.016199054817917908,425954.1122534034,-0.2873901484326864
2024-03-04,GREED_TREND,0,False,0.0,5.10895980013629,65.06544569779864,69.75075600810898,38.356938735970964,18.796296296296315,0.35,0.35,-0.011880247109139819,0.00020972222222222223,0.0,0.0,-0.004021767043754492,-0.004021767043754492,424241.024042591,-0.2902560992487746
2024-03-05,GREED_EXHAUSTING,0,False,0.0,7.266432398785359,62.55175238263474,66.04060362883895,42.16132763286461,20.264550264550284,0.35,0.35,-0.05354280218018603,0.0002121031746031746,0.0,0.0,-0.01860211369957305,-0.01860211369957305,416349.2442773274,-0.3034588359881275
2024-03-06,GREED_EXHAUSTING,0,False,0.0,8.756371918136644,60.06214407684996,61.735023889435695,44.60194967263276,22.07010582010584,0.35,0.35,0.018462059620596216,0.0002117063492063492,0.0,0.0,0.006599329994192802,0.006599329994192802,419096.8703331463,-0.2988621309922739
2024-03-07,GREED_EXHAUSTING,0,False,0.0,12.083981039863412,57.001025184848714,60.99972136001551,43.0288250435309,21.957671957671977,0.35,0.35,0.04457009812073842,0.0002117063492063492,0.0,0.0,0.015737143469242574,0.015737143469242574,425692.25790908956,-0.2878282237559803
2024-03-08,GREED_EXHAUSTING,0,False,0.0,13.399048207871758,55.454813006283594,61.49012457835991,43.915383803429314,21.494708994709015,0.35,0.35,-0.04378283712784592,0.0002117063492063492,0.0,0.0,-0.015186383867761943,-0.015186383867761943,419227.5318709478,-0.2986435377298079
2024-03-11,NORMAL_PARTICIPATION,0,False,0.0,15.25661375661378,52.39316101816102,59.06152581152585,48.1540839090649,22.023809523809543,0.35,0.35,-0.011655011655011704,0.00021130952380952382,0.0,0.0,-0.003941902888777906,-0.003941902888777906,417574.9776520105,-0.3014082167944937
2024-03-12,NORMAL_PARTICIPATION,0,False,0.0,12.563609828315732,51.59217620982327,58.886740732329,51.480088179803516,20.343915343915366,0.35,0.35,0.04245283018867929,0.0002121031746031746,0.0,0.0,0.014996357629529816,0.014996357629529816,423837.08135402296,-0.290931884576493
2024-03-13,GREED_EXHAUSTING,0,False,0.0,9.024175435940162,52.87695573724986,60.140646949470515,51.39172955823807,18.869047619047638,0.35,0.35,-0.023270846800258593,0.0002121031746031746,0.0,0.0,-0.008006929316598443,-0.008006929316598443,420443.4478018679,-0.29660934285734275
2024-03-14,GREED_EXHAUSTING,0,False,0.0,6.713087036616467,50.96973864620924,61.618654368654404,55.258414079571544,17.61243386243388,0.35,0.35,-0.008107213765717991,0.0002121031746031746,0.0,0.0,-0.002699657754509233,-0.002699657754509233,419308.394387677,-0.29850825689934724
2024-03-15,RANGE_CARRY,0,False,0.0,8.53578242107656,43.04864843835432,57.9204719425308,63.21233679464226,19.761904761904784,0.35,0.35,-0.03653044203502931,0.0002121031746031746,0.0,0.0,-0.012647787648768194,-0.012647787648768194,414005.0708561158,-0.30738057550344844
2024-03-18,RANGE_CARRY,0,False,0.0,9.588503209091465,38.9091496959144,56.640781537840404,64.64214899366699,22.347883597883612,0.35,0.35,0.028220221606648277,0.0002121031746031746,0.0,0.0,0.01001494462581896,0.01001494462581896,418151.308715548,-0.30044403032034894
2024-03-19,RANGE_CARRY,0,False,0.0,10.60664740370625,38.886609298374005,57.742975117975156,63.261547363302554,22.473544973544993,0.35,0.35,0.006903519110961431,0.0002121031746031746,0.0,0.0,0.0025540987523285643,0.0025540987523285643,419219.3084514229,-0.29865729529100615
2024-03-20,GREED_EXHAUSTING,0,False,0.0,9.747121070650502,45.181130710542476,62.61921480303837,58.34920132927721,19.735449735449755,0.35,0.35,0.03896802675585298,0.0002121031746031746,0.0,0.0,0.013776676428040606,0.013776676428040606,424994.75721634517,-0.28899512378306347
2024-03-21,GREED_EXHAUSTING,0,False,0.0,8.97427469486295,52.49875085169202,64.82526328849862,48.68638620322678,18.98809523809526,0.35,0.35,0.01296596434359798,0.0002117063492063492,0.0,0.0,0.0046756966472434195,0.0046756966472434195,426981.90377775766,-0.28567068066716217
2024-03-22,GREED_TREND,0,False,0.0,7.1674615792263054,57.79043854779149,67.02566537125364,39.145511599970774,18.875661375661398,0.35,0.35,0.002080000000000082,0.0002121031746031746,0.0,0.0,0.000865867063492092,0.000865867063492092,427351.61334494594,-0.2850521664370652
2024-03-25,GREED_TREND,0,False,0.0,7.038950715421325,61.099116974116974,66.11360520184053,34.96952187345923,21.137566137566157,0.35,0.35,-0.01021874501037845,0.00021130952380952382,0.0,0.0,-0.0034392095631562668,-0.0034392095631562668,425881.8615894998,-0.2875110218634126
2024-03-26,GREED_TREND,0,False,0.0,7.582140964493926,58.448708161943465,65.23592605210256,39.16484487333631,20.555555555555575,0.35,0.35,-0.009356347798032072,0.00021130952380952382,0.0,0.0,-0.0031373705388350348,-0.0031373705388350348,424545.71238392463,-0.28974636379266316
2024-03-27,GREED_EXHAUSTING,0,False,0.0,7.5301120448179475,59.44827600709954,64.1679957268193,40.137281595773025,19.761904761904784,0.35,0.35,0.008793356130923469,0.00021130952380952382,0.0,0.0,0.003215025836299404,0.003215025836299404,425910.63781792915,-0.2874628800019309
2024-03-28,GREED_EXHAUSTING,0,False,0.0,7.732047173223665,59.42951565010389,63.298175276116496,41.22455218162047,19.034391534391556,0.35,0.35,-0.006295399515738542,0.00021091269841269842,0.0,0.0,-0.0020662965765402357,-0.0020662965765402357,425030.5801250939,-0.28893519301364057
2024-04-01,GREED_TREND,0,False,0.0,8.442461368931978,60.754736879736875,63.191072374895946,39.52991999861067,21.878306878306898,0.35,0.35,0.006172839506172867,0.00021130952380952382,0.0,0.0,0.0022978450176366935,0.0022978450176366935,426007.23452597763,-0.28730127628969016
2024-04-02,GREED_EXHAUSTING,0,False,0.0,11.131440263793223,53.31178867943574,60.225836130247934,45.36591810026342,26.507936507936524,0.35,0.35,-0.026800129157248942,0.00021051587301587304,0.0,0.0,-0.009243209887576813,-0.009243209887576813,422069.5602436279,-0.2938889001795527
2024-04-03,RANGE_CARRY,0,False,0.0,13.416258695670479,50.03399407811173,59.19271267065388,47.38522088095141,32.235449735449755,0.35,0.35,0.006635700066357053,0.00020972222222222223,0.0,0.0,0.002458814467669413,0.002458814467669413,423107.3509847177,-0.29215270399153226
2024-04-04,RANGE_CARRY,0,False,0.0,18.050574524103954,39.26393725658432,55.010825952002456,57.751721055563536,38.12169312169314,0.35,0.35,-0.0471324983520105,0.00020972222222222223,0.0,0.0,-0.01636005497875923,-0.01636005497875923,416185.29146069055,-0.30373312467079683
2024-04-05,RANGE_CARRY,0,False,0.0,19.9396316484552,38.96308388220154,54.60997026438206,59.816736803216855,41.441798941798965,0.35,0.35,0.03528190937391895,0.00020932539682539685,0.0,0.0,0.01248472978880814,0.01248472978880814,421381.25236665364,-0.295040420871414
2024-04-08,RANGE_CARRY,0,False,0.0,21.27860507566392,36.590587436175674,53.38269361798777,63.215059495657194,43.74338624338626,0.35,0.35,0.0006682258603407654,0.0002101190476190476,0.0,0.0,0.00037045643207164877,0.00037045643207164877,421537.3557619473,-0.2947792640609753
2024-04-09,RANGE_CARRY,0,False,0.0,17.215881848234808,44.85826898326898,56.08805444099565,56.28483773146959,42.24867724867727,0.35,0.35,0.010350584307178723,0.0002101190476190476,0.0,0.0,0.0037592818884649337,0.0037592818884649337,423122.03350877453,-0.2921281405209899
2024-04-10,RANGE_CARRY,0,False,0.0,15.78981712805244,46.10143126319597,55.384309729898,57.69708435054732,43.80291005291007,0.35,0.35,-0.026272306675479196,0.0002101190476190476,0.0,0.0,-0.009058729955465337,-0.009058729955465337,419289.08526901127,-0.2985405605390832
2024-04-11,RANGE_CARRY,0,False,0.0,14.378277437100985,48.41194030164618,57.49106038811925,53.229865030386826,42.407407407407426,0.35,0.35,0.04700492109282206,0.00021091269841269842,0.0,0.0,0.016588815636455975,0.016588815636455975,426244.5946029172,-0.2869041792214142
2024-04-12,RANGE_CARRY,0,False,0.0,17.84047072282368,39.143235672647435,55.5572400131224,59.26660148220867,45.01984126984129,0.35,0.35,-0.04829821717990279,0.00021091269841269842,0.0,0.0,-0.01676728275899772,-0.01676728275899772,419097.6309607157,-0.2988608584826684
2024-04-15,RANGE_CARRY,0,False,0.0,23.16358711652831,30.474948688183986,52.349837232190204,63.7228574128479,50.01984126984129,0.35,0.35,-0.050238419618528485,0.00021091269841269842,0.0,0.0,-0.017446353612516716,-0.017446353612516716,411785.90549280704,-0.3110931798771561
2024-04-16,RANGE_CARRY,0,False,0.0,28.687085825321134,22.91521773874715,46.28245787804616,72.48571450279228,56.53439153439155,0.35,0.35,0.0001793078716154639,0.00021091269841269842,0.0,0.0,0.00019985100903366636,0.00019985100903366636,411868.2013215256,-0.31095550115402437
2024-04-17,RISK_WARNING,0,False,0.0,31.830875833817032,20.953216872334522,42.15016276780987,76.02415569540804,59.338624338624356,0.35,0.35,-0.0371100752958049,0.00021091269841269842,0.0,0.0,-0.01285143309956346,-0.01285143309956346,406575.10468640446,-0.3198107104335658
2024-04-18,RISK_WARNING,0,False,0.0,31.084072728190403,24.01829665800254,39.997335570865026,74.7204191179523,57.93650793650795,0.35,0.35,-0.017873766523924806,0.00021091269841269842,0.0,0.0,-0.006118725029405428,-0.006118725029405428,404087.38341702666,-0.32397260166436936
2024-04-19,RISK_WARNING,0,False,0.0,30.541745527039666,24.137568240509413,34.48445294033533,74.97657229606942,58.690476190476204,0.35,0.35,-0.061990521327014325,0.00021130952380952382,0.0,0.0,-0.02155933127397882,-0.02155933127397882,395375.5296543037,-0.3385473002953733
2024-04-22,NORMAL_PARTICIPATION,0,False,0.0,25.83769694063814,35.650769428528385,32.10101636284301,69.41080305359318,54.99338624338626,0.35,0.35,0.029102667744543398,0.00021091269841269842,0.0,0.0,0.010323026964558443,0.010323026964558443,399457.00190805166,-0.33171910624054235
2024-04-23,RANGE_CARRY,0,False,0.0,19.778149998738254,46.51703961989903,32.43579840528286,63.264442929452194,47.14947089947091,0.35,0.35,0.044579732914375336,0.00020972222222222223,0.0,0.0,0.01573922596447581,0.01573922596447581,405744.1459241745,-0.32120088224592047
2024-04-24,RANGE_CARRY,0,False,0.0,13.50026455026457,57.3149314354636,35.88403757496295,55.4049902941706,39.45767195767198,0.35,0.35,0.009776273735664587,0.00021091269841269842,0.0,0.0,0.0035587890614508593,0.0035587890614508593,407188.10375243716,-0.3187851793707348
2024-04-25,RANGE_CARRY,0,False,0.0,10.974867724867744,58.99854014061719,37.761873768128766,52.66772534815495,36.37566137566139,0.35,0.35,-0.016011915844349245,0.00021130952380952382,0.0,0.0,-0.005466819355046045,-0.005466819355046045,404962.07994569885,-0.32250925773709505
2024-04-26,RANGE_CARRY,0,False,0.0,10.56306508482841,58.767908624044445,41.40442780236271,50.263208884053235,33.29365079365081,0.35,0.35,0.04597918637653731,0.0002117063492063492,0.0,0.0,0.016230324358772186,0.016230324358772186,411534.7458562206,-0.3115133632401027
2024-04-29,RANGE_CARRY,0,False,0.0,8.781667864392269,59.14166073057058,44.70866428382319,47.16944391788612,28.52513227513229,0.35,0.35,0.01193921852387847,0.00021130952380952382,0.0,0.0,0.004316077673833654,0.004316077673833654,413310.96178481734,-0.30854180143845067
2024-04-30,RANGE_CARRY,0,False,0.0,9.107593790318196,58.65081361288669,45.91453807716719,47.202723162250685,21.448412698412714,0.35,0.35,-0.0572935287808366,0.00021091269841269842,0.0,0.0,-0.019915641819324554,-0.019915641819324554,405079.6087099104,-0.32231263525403786
2024-05-01,RANGE_CARRY,0,False,0.0,9.673982038318833,52.90889642195242,43.136103126273944,50.512739634716496,20.66137566137568,0.35,0.35,-0.021522707879017666,0.00021130952380952382,0.0,0.0,-0.007395596567179992,-0.007395596567179992,402083.8033463008,-0.32732453760237434
2024-05-02,RANGE_CARRY,0,False,0.0,11.271903879370143,50.842023935600196,43.166821110228625,53.903559789036514,18.88227513227515,0.35,0.35,0.03701550387596897,0.00021130952380952382,0.0,0.0,0.01309277754706533,0.01309277754706533,407348.19713879185,-0.3185173474118329
2024-05-03,RANGE_CARRY,0,False,0.0,8.425280625002648,54.185900405965945,48.14532508793832,50.866742689273565,17.076719576719594,0.35,0.35,0.059615025228929364,0.00021130952380952382,0.0,0.0,0.021002610020601466,0.021002610020601466,415903.57246589306,-0.30420443302371847
2024-05-06,RANGE_CARRY,0,False,0.0,6.263897609171657,62.056883822719804,54.751517119070776,45.67307122089062,13.339947089947108,0.35,0.35,0.032804232804232836,0.00021091269841269842,0.0,0.0,0.011618574735449746,0.011618574735449746,420735.7792053286,-0.2961202802282099
2024-05-07,RANGE_CARRY,0,False,0.0,4.916350425087537,64.8260721219915,58.80055189934067,42.00005741923844,10.132275132275153,0.35,0.35,0.0,0.00021091269841269842,0.0,0.0,0.00013709325396825398,0.00013709325396825398,420793.45924236067,-0.29602378306702426
2024-05-08,RANGE_CARRY,0,False,0.0,5.040787809254866,64.6416470722964,59.259392164773466,40.66402284834455,9.29232804232806,0.35,0.35,-0.0018784153005464432,0.00021091269841269842,0.0,0.0,-0.0005203521012230011,-0.0005203521012230011,420574.498481663,-0.2963900985707163
2024-05-09,RANGE_CARRY,0,False,0.0,3.4233518665607807,66.65899938432703,58.31474389685275,34.64695190638927,8.835978835978855,0.35,0.35,0.0054747647562019,0.00021091269841269842,0.0,0.0,0.0020532609186389187,0.0020532609186389187,421438.0476627716,-0.29494540385814416
2024-05-10,RANGE_CARRY,0,False,0.0,1.5144294413555919,68.9693027661157,57.726339141251806,29.497287802943898,9.23280423280425,0.35,0.35,0.006806193636208935,0.00021130952380952382,0.0,0.0,0.0025195189631493174,0.0025195189631493174,422499.86881565064,-0.2931690054331091
2024-05-13,RANGE_CARRY,0,False,0.0,1.8377806775344692,69.12288690738849,57.641290643872104,25.742998588822577,11.719576719576738,0.35,0.35,0.006591177961805084,0.0002117063492063492,0.0,0.0,0.002444521413615906,0.002444521413615906,423532.6787922204,-0.29144114193108284
2024-05-14,RANGE_CARRY,0,False,0.0,3.4752060298128793,68.6720430361713,58.86017289273846,26.636754281431916,13.69047619047621,0.35,0.35,0.018636668905305465,0.00021091269841269842,0.0,0.0,0.006659927370825166,0.006659927370825166,426353.3756721477,-0.28672219139838884
2024-05-15,GREED_TREND,0,False,0.0,3.6208242453278383,68.94651708755164,63.115371442019615,28.213574770048428,14.23280423280425,0.35,0.35,0.04615131036756215,0.00021051587301587304,0.0,0.0,0.016289793946107068,0.016289793946107068,433298.5843100742,-0.2751030428699378
2024-05-16,GREED_TREND,0,False,0.0,3.011531785955951,69.22827782820833,67.68199597816361,31.754742762484486,12.738095238095257,0.35,0.35,-0.006144635260753151,0.00021091269841269842,0.0,0.0,-0.0020135290872953485,-0.0020135290872953485,432426.125007082,-0.276562643978411
2024-05-17,GREED_TREND,0,False,0.0,3.5160180037066655,66.52634234569302,71.92400378649388,37.632588072868025,12.996031746031766,0.35,0.35,-0.00221940393151554,0.00021091269841269842,0.0,0.0,-0.000639698122062185,-0.000639698122062185,432149.5028269843,-0.2770254254964878
2024-05-20,GREED_EXHAUSTING,0,False,0.0,6.967643548461678,63.055199915108574,73.34730811175415,40.011687805472526,14.847883597883618,0.35,0.35,0.02065459167461059,0.00021130952380952382,0.0,0.0,0.007366458276589896,0.007366458276589896,435332.9141088084,-0.27169966345837226
2024-05-21,GREED_TREND,0,False,0.0,10.575208761467717,60.67963073279793,75.52649074809524,39.55931026766012,16.62037037037039,0.35,0.35,0.005136986301369939,0.00021091269841269842,0.0,0.0,0.0019350384594477325,0.0019350384594477325,436175.30004027236,-0.27029037429713554
2024-05-22,GREED_EXHAUSTING,0,False,0.0,11.94097734407506,57.65740740740741,75.29995645111812,40.81283068783066,18.53835978835981,0.35,0.35,-0.0006194827319186968,0.00021091269841269842,0.0,0.0,-7.97257022032899e-05,-7.97257022032899e-05,436140.5256581929,-0.2703485509094491
2024-05-23,GREED_EXHAUSTING,0,False,0.0,14.262687486079086,51.7526455026455,73.99186098188287,48.09523809523807,20.60846560846563,0.35,0.35,-0.014876801487680114,0.00021091269841269842,0.0,0.0,-0.005069787266719785,-0.005069787266719785,433929.3859747105,-0.2740477285351921
2024-05-24,GREED_EXHAUSTING,0,False,0.0,14.43983950477201,48.885582010582006,73.31722156032129,49.71693121693119,21.746031746031765,0.35,0.35,0.02800062922762292,0.00021130952380952382,0.0,0.0,0.009937571420144212,0.009937571420144212,438241.5902391335,-0.2668335259898946
2024-05-28,GREED_EXHAUSTING,0,False,0.0,17.357867796311027,47.04298941798942,73.57236179927806,48.726190476190446,23.220899470899493,0.35,0.35,0.010864575363427775,0.00021130952380952382,0.0,0.0,0.0039399525676759115,0.0039399525676759115,439968.24131785857,-0.26394488485808465
2024-05-29,GREED_EXHAUSTING,0,False,0.0,21.218395804178197,44.90873015873016,72.04023175990018,50.69246031746028,29.087301587301607,0.35,0.35,-0.020890099909173454,0.00021130952380952382,0.0,0.0,-0.007174183777734518,-0.007174183777734518,436811.8282982777,-0.26922547952465414
2024-05-30,GREED_EXHAUSTING,0,False,0.0,25.64864720047407,35.1765873015873,66.55028635097146,60.44775132275129,35.74735449735452,0.35,0.35,-0.0321583178726037,0.00021130952380952382,0.0,0.0,-0.011118060064935105,-0.011118060064935105,431955.32815418334,-0.27735027453722316
2024-05-31,GREED_EXHAUSTING,0,False,0.0,24.09647154246044,30.307539682539684,61.72334614059201,66.43584656084654,38.52513227513229,0.35,0.35,-0.0011182108626197618,0.00021130952380952382,0.0,0.0,-0.0002540226114407261,-0.0002540226114407261,431845.6017336999,-0.27753384390764213
2024-06-03,RANGE_CARRY,0,False,0.0,22.04589600379912,29.372354497354497,59.50563692735062,66.92195767195764,39.113756613756635,0.35,0.35,0.009755317447625034,0.00021130952380952382,0.0,0.0,0.003551712297144952,0.003551712297144952,433379.39306784543,-0.27496785197677787
2024-06-04,GREED_EXHAUSTING,0,False,0.0,20.485528533185427,34.58597883597884,60.368250448621815,63.767195767195744,40.244708994709015,0.35,0.35,0.007443775736458713,0.0002136904761904762,0.0,0.0,0.0027442203172843593,0.0027442203172843593,434568.6816033945,-0.27297820402548834
2024-06-05,GREED_EXHAUSTING,0,False,0.0,21.527609675941704,40.90873015873016,64.33227823165278,57.62235449735447,40.53571428571431,0.35,0.35,0.060367866687627725,0.0002136904761904762,0.0,0.0,0.021267652150193512,0.021267652150193512,443810.9371591037,-0.2575161573630934
2024-06-06,GREED_EXHAUSTING,0,False,0.0,20.288746422582822,45.03174603174603,67.640687315876,52.861111111111086,37.691798941798965,0.35,0.35,-0.0011860637509265581,0.0002132936507936508,0.0,0.0,-0.0002764814398084223,-0.0002764814398084223,443688.23167219525,-0.25772144036494016
2024-06-07,GREED_EXHAUSTING,0,False,0.0,19.16607936087684,48.13492063492063,70.97216732646642,48.847883597883566,33.207671957671984,0.35,0.35,-0.0037108505269407566,0.0002132936507936508,0.0,0.0,-0.0011601568114133916,-0.0011601568114133916,443173.4837480768,-0.25858259989186694
2024-06-10,GREED_EXHAUSTING,0,False,0.0,19.03928855100422,47.180555555555564,70.98017632831973,47.49999999999997,31.666666666666686,0.35,0.35,0.010578069129916434,0.0002136904761904762,0.0,0.0,0.0038412230049945616,0.0038412230049945616,444875.81192905345,-0.25573465031826836
2024-06-11,GREED_EXHAUSTING,0,False,0.0,19.018305239314,48.15939153439154,71.64691076103908,43.429894179894156,30.171957671957696,0.35,0.35,0.02063983488132104,0.0002136904761904762,0.0,0.0,0.007362841017986173,0.007362841017986173,448151.3618050346,-0.2502547428733658
2024-06-12,GREED_EXHAUSTING,0,False,0.0,19.280273039407295,52.57539682539683,74.25963281305819,40.13690476190474,26.152116402116423,0.35,0.35,0.039433771486349745,0.0002136904761904762,0.0,0.0,0.01394071882974622,0.01394071882974622,454398.91393312655,-0.2398027550498275
2024-06-13,GREED_TREND,0,False,0.0,19.819959781635735,55.798941798941804,77.54005766943618,38.92791005291003,24.94179894179896,0.35,0.35,0.01598110061145097,0.0002132936507936508,0.0,0.0,0.005732026087023712,0.005732026087023712,457003.5403617065,-0.2354452846104894
2024-06-14,GREED_TREND,0,False,0.0,21.486375909133226,56.15608465608466,80.96658361385332,38.14947089947088,25.874338624338648,0.35,0.35,0.014498700588154945,0.0002132936507936508,0.0,0.0,0.005213186078870103,0.005213186078870103,459385.98485631443,-0.23145951861168645
2024-06-17,GREED_TREND,0,False,0.0,23.531408289749397,52.5681216931217,82.08327234388598,36.26521164021162,31.89153439153441,0.35,0.35,0.036268032897397884,0.0002132936507936508,0.0,0.0,0.012832452387105132,0.012832452387105132,465281.03363428643,-0.22159725947670816
2024-06-18,GREED_TREND,0,False,0.0,25.571763330922952,49.81349206349207,83.00578905951231,35.42063492063489,34.59656084656087,0.35,0.35,0.0005204267499350212,0.0002136904761904762,0.0,0.0,0.000321048172001067,0.000321048172001067,465430.4112596015,-0.22134735469978262
2024-06-20,GREED_EXHAUSTING,0,False,0.0,27.479484315688072,46.52579365079365,81.5078581829873,41.16534391534389,36.0846560846561,0.35,0.35,-0.023537061118335534,0.00021289682539682542,0.0,0.0,-0.0080995884549095,-0.0080995884549095,461660.6164739994,-0.22765412067604107
2024-06-21,GREED_EXHAUSTING,0,False,0.0,28.033649879186438,45.18121693121693,79.32344143332035,46.96428571428569,35.363756613756635,0.35,0.35,-0.009188973232121422,0.00021289682539682542,0.0,0.0,-0.003077757694734561,-0.003077757694734561,460239.73695929075,-0.23003121414912675
2024-06-24,GREED_EXHAUSTING,0,False,0.0,28.105583333105645,39.97222222222222,74.47098168320373,55.864417989417966,34.66931216931219,0.35,0.35,-0.033870967741935654,0.00021250000000000004,0.0,0.0,-0.011716713709677478,-0.011716713709677478,454847.2397235214,-0.2390527179783295
2024-06-25,GREED_EXHAUSTING,0,False,0.0,25.789445766968083,41.595238095238095,73.51066422288626,57.810846560846535,32.13624338624341,0.35,0.35,0.03338898163606019,0.00021289682539682542,0.0,0.0,0.011824526509129001,0.011824526509129001,460225.59296723636,-0.23005487667001456
2024-06-26,GREED_EXHAUSTING,0,False,0.0,24.104361442884553,40.870370370370374,73.66017294527029,61.48809523809521,30.03968253968256,0.35,0.35,0.010037075928917671,0.00021250000000000004,0.0,0.0,0.003651101575121185,0.003651101575121185,461905.9233546301,-0.22724372881746757
2024-06-27,GREED_EXHAUSTING,0,False,0.0,22.411591041853175,44.21296296296297,76.39641013275848,61.60052910052908,28.220899470899486,0.35,0.35,0.00725221595487513,0.00021289682539682542,0.0,0.0,0.002676658520714232,0.002676658520714232,463142.2877801457,-0.22517532415977137
2024-06-28,GREED_EXHAUSTING,0,False,0.0,21.980521199742828,41.63293650793651,76.11339650810466,65.58730158730155,28.439153439153458,0.35,0.35,-0.015733333333333377,0.00021250000000000004,0.0,0.0,-0.005368541666666681,-0.005368541666666681,460655.8891106027,-0.2293350027163812
2024-07-01,GREED_EXHAUSTING,0,False,0.0,21.376158326714343,41.30026455026455,76.02482260003116,64.25396825396824,28.783068783068803,0.35,0.35,0.016391221891086438,0.0002121031746031746,0.0,0.0,0.005874794725372317,0.005874794725372317,463362.1478981613,-0.22480750405531025
2024-07-02,GREED_EXHAUSTING,0,False,0.0,20.663224781572698,41.66931216931217,76.60618283806333,61.351190476190446,28.763227513227534,0.35,0.35,0.030654404904704835,0.0002117063492063492,0.0,0.0,0.010866650843630818,0.010866650843630818,468397.3425735255,-0.21638375786527664
2024-07-03,GREED_EXHAUSTING,0,False,0.0,19.70962614151655,44.73148148148149,78.83439684010578,53.39087301587299,28.43915343915346,0.35,0.35,0.024570024570024662,0.0002117063492063492,0.0,0.0,0.008737117726492757,0.008737117726492757,472489.78529836674,-0.20953721050535368
2024-07-05,GREED_EXHAUSTING,0,False,0.0,20.46369945913236,46.62896825396826,81.06724047177785,47.651455026455004,31.560846560846585,0.35,0.35,0.030291556228701166,0.0002117063492063492,0.0,0.0,0.010739653807029534,0.010739653807029534,477564.16201982886,-0.20104791379884235
2024-07-08,GREED_EXHAUSTING,0,False,0.0,21.839444885711785,47.83002645502646,82.54280109140122,42.44642857142854,35.72751322751325,0.35,0.35,0.006615214994487362,0.00021130952380952382,0.0,0.0,0.0024526764385467666,0.0024526764385467666,478735.47238790925,-0.19908834284148902
2024-07-09,GREED_TREND,0,False,0.0,24.14373652558722,47.63095238095238,83.46001892196297,39.27447089947088,39.60317460317463,0.35,0.35,0.0021905805038333614,0.00021130952380952382,0.0,0.0,0.0009040543668178669,0.0009040543668178669,479168.2752822722,-0.19836427516039945
2024-07-10,GREED_TREND,0,False,0.0,25.65699765918195,47.180555555555564,83.90751830208745,37.93849206349203,40.648148148148174,0.35,0.35,0.031329690346084016,0.00021130952380952382,0.0,0.0,0.011102742811605596,0.011102742811605596,484488.3574062119,-0.18946391987891031
2024-07-11,GREED_EXHAUSTING,0,False,0.0,26.226863934171337,46.10648148148149,80.36510043034075,44.49074074074071,37.92328042328045,0.35,0.35,-0.06570116566584261,0.00021130952380952382,0.0,0.0,-0.02285805679256872,-0.02285805679256872,473413.8950172824,-0.2079911996307442
2024-07-12,GREED_EXHAUSTING,0,False,0.0,24.07699379283972,47.6058201058201,76.92328404797631,48.86970899470898,34.35185185185187,0.35,0.35,0.01625708884688093,0.00021051587301587304,0.0,0.0,0.005826816413868643,0.005826816413868643,476172.39087132254,-0.20337630975282428
2024-07-15,GREED_EXHAUSTING,0,False,0.0,21.02363406751812,49.5760582010582,72.54705721976377,53.33862433862432,32.85714285714288,0.35,0.35,0.007440476190476053,0.0002101190476190476,0.0,0.0,0.0027407440476189993,0.0027407440476189993,477477.4575172437,-0.20119296811558696
2024-07-16,GREED_EXHAUSTING,0,False,0.0,17.434740765956036,54.073082010582006,70.98148016818591,50.25958994708992,34.437830687830704,0.35,0.35,0.0007385524372229835,0.0002101190476190476,0.0,0.0,0.00039507073398042513,0.00039507073398042513,477666.0948868441,-0.20087738283519163
2024-07-17,GREED_EXHAUSTING,0,False,0.0,19.721995704998108,48.85119047619048,63.509703415829335,55.875661375661345,37.83068783068786,0.35,0.35,-0.08794587945879451,0.0002101190476190476,0.0,0.0,-0.030644480429625694,-0.030644480429625694,463028.2655901885,-0.22536608023776983
2024-07-18,NORMAL_PARTICIPATION,0,False,0.0,23.826379380628808,43.142857142857146,55.403080098423665,60.32208994708992,40.33068783068786,0.35,0.35,-0.0149696561024949,0.0002101190476190476,0.0,0.0,-0.005102802254920833,-0.005102802254920833,460665.5239124428,-0.22931888395027078
2024-07-19,RISK_WARNING,0,False,0.0,30.235142949598885,34.56382275132275,47.312384955305966,67.18604497354495,43.43253968253972,0.35,0.35,-0.027108433734939763,0.0002101190476190476,0.0,0.0,-0.009351374426276536,-0.009351374426276536,456357.66811306064,-0.23652581162971253
2024-07-22,NORMAL_PARTICIPATION,0,False,0.0,29.920089220049523,38.813492063492056,48.32119086492602,65.5759259259259,40.720899470899504,0.35,0.35,0.04362510554461019,0.0002101190476190476,0.0,0.0,0.015405364321565945,0.015405364321565945,463388.0242512826,-0.22476421360775645
2024-07-23,NORMAL_PARTICIPATION,0,False,0.0,28.47604653899334,41.61111111111111,50.29905316640825,67.88306878306877,37.433862433862465,0.35,0.35,-0.010787486515641764,0.0002101190476190476,0.0,0.0,-0.0036390428995222365,-0.0036390428995222365,461701.7353519073,-0.22758532989168268
2024-07-24,NORMAL_PARTICIPATION,0,False,0.0,29.479597690280787,41.13227513227513,47.17307003332623,69.36825396825394,34.973544973544996,0.35,0.35,-0.10782442748091603,0.00020932539682539685,0.0,0.0,-0.0376024881103841,-0.0376024881103841,444340.60133779346,-0.25663004334071704
2024-07-25,RISK_WARNING,0,False,0.0,33.67089947089949,35.66203703703704,39.51124338624343,71.88042328042326,39.25925925925929,0.35,0.35,-0.0333078686019862,0.00020892857142857147,0.0,0.0,-0.011521950439266598,-0.011521950439266598,439220.9309510255,-0.265195115139385
2024-07-26,RISK_WARNING,0,False,0.0,34.9224867724868,37.11772486772487,33.609788359788396,68.14034391534388,38.84259259259262,0.35,0.35,0.028607554923344214,0.00020853174603174604,0.0,0.0,0.010148189858091109,0.010148189858091109,443678.228347964,-0.2577381756591668
2024-07-29,RISK_WARNING,0,False,0.0,34.45449735449737,41.44708994708994,33.250661375661416,64.76402116402113,37.91666666666669,0.35,0.35,0.005838967424707908,0.00020813492063492066,0.0,0.0,0.002178926297060466,0.002178926297060466,444644.9705071445,-0.2561208418508065
2024-07-30,RISK_WARNING,0,False,0.0,34.65555555555557,41.08068783068783,32.2759920634921,64.29312169312168,36.60052910052912,0.35,0.35,-0.04078826764436294,0.00020932539682539685,0.0,0.0,-0.01413983216759052,-0.01413983216759052,438357.76525001024,-0.26663916830000467
2024-07-31,RISK_WARNING,0,False,0.0,32.633350511921954,44.25727513227513,33.313029100529135,59.31071428571426,34.82804232804235,0.35,0.35,0.08743430482560921,0.00020892857142857147,0.0,0.0,0.030737810260391792,0.030737810260391792,451831.9230644344,-0.24409726220280725
2024-08-01,RISK_WARNING,0,False,0.0,31.436390755926055,44.62863756613757,32.60555555555559,57.13287037037035,34.37169312169314,0.35,0.35,-0.07205623901581726,0.00020932539682539685,0.0,0.0,-0.02508362214759953,-0.02508362214759953,440498.34183206287,-0.26305804085804796
2024-08-02,RISK_WARNING,0,False,0.0,35.221002748871385,42.92791005291006,31.41375661375665,56.39669312169309,36.845238095238116,0.35,0.35,-0.07291666666666663,0.00020773809523809525,0.0,0.0,-0.025385803571428556,-0.025385803571428556,429315.93745277415,-0.2817659046763693
2024-08-05,RISK_WARNING,0,False,0.0,46.847243835949,31.933134920634917,23.816071428571465,65.63697089947088,55.25132275132277,0.35,0.35,-0.087163772557031,0.00020456349206349208,0.0,0.0,-0.03037435412511958,-0.03037435412511958,416275.74313702586,-0.30358180143246416
2024-08-06,NORMAL_PARTICIPATION,0,False,0.0,52.66046096365514,29.742658730158727,19.656679894179934,68.24993386243383,60.55555555555558,0.35,0.35,0.024990675121223438,0.00020694444444444444,0.0,0.0,0.008881250181317092,0.008881250181317092,419972.79215623945,-0.2973967371801638
2024-08-07,PANIC_ACCELERATING,10,True,0.0,52.92429244782365,32.20826719576719,17.791600529100567,69.94993386243384,61.75925925925929,0.35,0.35,-0.03220524017467252,0.00020654761904761903,0.0,0.0,-0.011137578108754431,-0.011137578108754431,415295.3123800477,-0.3052220358992853
2024-08-08,PANIC_STABILIZING_1,10,True,0.15,46.79373304390794,40.3339947089947,21.14523809523813,64.88756613756611,46.06481481481484,0.4175,0.35,0.09155856363978199,0.00020654761904761903,0.0,0.0,0.03217975322630465,0.03217975322630465,428659.41304847866,-0.28286425246745006
2024-08-09,PANIC_STABILIZING_1,10,True,0.15,40.11921487684014,46.7390873015873,24.548478835978873,60.58908730158728,39.232804232804256,0.4175,0.4175,0.013606613847743754,0.00020654761904761903,0.0675,3.375e-05,0.005801075269528255,0.005767325269528255,431131.63131337427,-0.2787282973490236
2024-08-12,PANIC_STABILIZING_2,10,True,0.4,33.192270128131106,55.43227513227513,28.345899470899507,53.36772486772484,32.017195767195794,0.53,0.4175,0.00679694137638065,0.00020615079365079365,0.0,0.0,0.0029578058619405085,0.0029578058619405085,432406.834979741,-0.2765949156788706
2024-08-13,PANIC_STABILIZING_2,10,True,0.4,27.781237816226533,60.86481481481482,33.21164021164025,47.27447089947086,28.43253968253971,0.53,0.53,0.0727426160337552,0.00020615079365079365,0.11250000000000004,5.6250000000000026e-05,0.03865047737090613,0.03859422737090613,449095.242685683,-0.2486756553733115
2024-08-14,PANIC_STABILIZING_2,10,True,0.4,25.032543468415724,62.29219576719577,38.76917989417993,42.89021164021161,25.006613756613785,0.53,0.53,0.0017306482064192164,0.00020575396825396828,0.0,0.0,0.0010139479144815498,0.0010139479144815498,449550.6018704077,-0.24791385162097812
2024-08-15,PANIC_STABILIZING_2,10,True,0.4,20.413084619323524,65.87791005291005,47.79298941798945,37.76362433862431,20.496031746031772,0.53,0.53,0.07523166326370334,0.00020575396825396828,0.0,0.0,0.03996948589484214,0.03996948589484214,467518.9083108847,-0.2178533549216367
2024-08-16,PANIC_STABILIZING_2,10,True,0.4,17.680126724397244,68.04232804232805,54.456349206349245,36.078835978835954,17.149470899470924,0.53,0.53,0.002629272567922891,0.00020654761904761903,0.0,0.0,0.0014905918419515132,0.0014905918419515132,468215.78818157094,-0.2166874935132732
2024-08-19,RECOVERY_RETESTED,10,True,1.0,15.439950940645511,72.119708994709,60.52910052910057,31.710185185185157,15.654761904761928,0.8,0.53,0.038752913752913676,0.00020615079365079365,0.0,0.0,0.020635935162060123,0.020635935162060123,477877.85882833874,-0.20052310741778234
2024-08-20,RECOVERY_RETESTED,10,True,1.0,15.227451150872994,72.88280423280423,61.434523809523846,31.104365079365056,16.620370370370395,0.8,0.8,-0.006171107994389913,0.00020535714285714284,0.27,0.000135,-0.004895814966940502,-0.005030814966940501,475473.74374377565,-0.204545127734708
2024-08-21,RECOVERY_RETESTED,10,True,1.0,14.494119420780393,71.79285714285714,62.530423280423314,27.944973544973518,18.56481481481484,0.8,0.8,0.013688964154671135,0.00020456349206349208,0.0,0.0,0.010992084022149606,0.010992084022149606,480700.1910853333,-0.19580142094293962
2024-08-22,RECOVERY_RETESTED,10,True,1.0,18.408933622513576,67.09298941798943,59.23214285714289,35.39272486772484,22.208994708994737,0.8,0.8,-0.04803007100097456,0.0002033730158730159,0.0,0.0,-0.038383382197605044,-0.038383382197605044,462249.2919284431,-0.22666928236565775
2024-08-23,PANIC_STABILIZING_2,10,True,1.0,18.384947638938552,65.11349206349206,59.262566137566175,35.34537037037034,22.572751322751344,0.8,0.8,0.031441942088330066,0.00020416666666666668,0.0,0.0,0.025194387003997388,0.025194387003997388,473895.37948161206,-0.2071856889834991
2024-08-26,NORMAL_PARTICIPATION,10,False,0.0,20.2670467114853,62.27645502645502,55.82473544973549,43.081746031746,22.989417989418012,0.35,0.8,-0.02934921310080829,0.0002029761904761905,0.0,0.0,-0.023438775242551394,-0.023438775242551394,462787.852193459,-0.22576828542849303
2024-08-27,NORMAL_PARTICIPATION,0,False,0.0,17.204764892301576,62.00198412698413,56.93981481481486,42.34986772486769,20.87962962962965,0.35,0.35,0.0084721004966406,0.0002025793650793651,0.45000000000000007,0.00022500000000000005,0.0030969117611257973,0.0028719117611257974,464116.9380690795,-0.22354476026157866
2024-08-28,NORMAL_PARTICIPATION,0,False,0.0,19.346488087056432,55.11838624338625,51.51521164021168,50.13558201058198,22.9761904761905,0.35,0.35,-0.03389339513325618,0.00020218253968253973,0.0,0.0,-0.01173126964584601,-0.01173126964584601,458672.2571213867,-0.23265356604688003
2024-08-29,RANGE_CARRY,0,False,0.0,16.439998205006322,52.69285714285714,49.613095238095276,52.13293650793648,22.519841269841294,0.35,0.35,-0.005247376311844243,0.0002013888888888889,0.0,0.0,-0.001705678931367707,-0.001705678931367707,457889.9095160119,-0.2339624126923341
2024-08-30,NORMAL_PARTICIPATION,0,False,0.0,13.437049851830073,55.473015873015875,49.34920634920638,54.37169312169309,21.30291005291008,0.35,0.35,0.034061793519216454,0.0002017857142857143,0.0,0.0,0.012052788446011473,0.012052788446011473,463408.75972697174,-0.22472952371082167
2024-09-03,NORMAL_PARTICIPATION,0,False,0.0,15.745513652273596,54.01600529100529,47.30952380952385,58.712301587301546,23.95502645502648,0.35,0.35,-0.0912403439731817,0.0002013888888888889,0.0,0.0,-0.03180321761283582,-0.03180321761283582,448670.87009768054,-0.24938561937705317
2024-09-04,NORMAL_PARTICIPATION,0,False,0.0,22.741563450488538,48.585052910052916,43.181216931216966,63.30026455026452,29.523809523809547,0.35,0.35,-0.008500400962309529,0.0002005952380952381,0.0,0.0,-0.00284475343204643,-0.00284475343204643,447394.51210011094,-0.25152093221247374
2024-09-05,NORMAL_PARTICIPATION,0,False,0.0,28.94338920272227,40.679232804232804,36.4874338624339,67.81481481481478,36.13756613756616,0.35,0.35,0.003235198964736341,0.0002001984126984127,0.0,0.0,0.0012624486059116876,0.0012624486059116876,447959.32467820426,-0.25057601585679123
2024-09-06,RISK_WARNING,0,False,0.0,32.90330660167385,35.30291005291006,32.37433862433866,69.44378306878303,40.535714285714306,0.35,0.35,-0.08110287004192196,0.00019900793650793654,0.0,0.0,-0.028256649355942524,-0.028256649355942524,435301.4951150474,-0.27175222659565945
2024-09-09,RISK_WARNING,0,False,0.0,33.48522117773276,36.32010582010582,30.573412698412735,68.76917989417986,40.31084656084658,0.35,0.35,0.037199508685734184,0.00019821428571428572,0.0,0.0,0.01314866732572125,0.01314866732572125,441025.1296607043,-0.2621767388924684
2024-09-10,RISK_WARNING,0,False,0.0,32.12961287424812,35.90674603174603,29.19973544973549,68.02248677248674,39.953703703703724,0.35,0.35,0.02689900186093719,0.00019742063492063497,0.0,0.0,0.00954297406402643,0.00954297406402643,445233.82103464025,-0.2551357106478839
2024-09-11,NORMAL_PARTICIPATION,0,False,0.0,23.436719892264467,44.79960317460317,33.53306878306882,61.6706349206349,33.91534391534394,0.35,0.35,0.06375617792421728,0.00019543650793650793,0.0,0.0,0.022441696003634777,0.022441696003634777,455225.62309683644,-0.23841969270228014
2024-09-12,NORMAL_PARTICIPATION,0,False,0.0,15.69558712084926,50.68452380952382,38.17592592592596,55.87103174603172,30.727513227513253,0.35,0.35,0.029580300449125074,0.00019702380952380953,0.0,0.0,0.010481170633384251,0.010481170633384251,459996.920529203,-0.23043743955046758
2024-09-13,NORMAL_PARTICIPATION,0,False,0.0,11.654401982407498,57.43187830687831,42.089947089947124,46.71362433862431,28.49867724867727,0.35,0.35,0.013086642599277942,0.00019543650793650793,0.0,0.0,0.004707358639906009,0.004707358639906009,462162.2910073863,-0.22681483258258728
2024-09-16,RANGE_CARRY,0,False,0.0,10.627499470139133,59.90079365079365,42.29894179894183,40.856481481481445,30.310846560846585,0.35,0.35,-0.013363028953229272,0.00019186507936507936,0.0,0.0,-0.004552347832042943,-0.004552347832042943,460058.3675038668,-0.2303346404032478
2024-09-17,RANGE_CARRY,0,False,0.0,10.839645810267386,62.04497354497355,40.60912698412702,34.90079365079362,33.75661375661378,0.35,0.35,0.0006019563581638465,0.00019146825396825398,0.0,0.0,0.0003351390904367114,0.0003351390904367114,460212.55104669987,-0.23007669545469178
2024-09-18,RANGE_CARRY,0,False,0.0,11.760917391911427,62.105158730158735,37.83928571428575,35.08267195767193,36.87169312169314,0.35,0.35,-0.013084674387125794,0.0001910714285714286,0.0,0.0,-0.004455439606922599,-0.004455439606922599,458162.1018191635,-0.2335070422400558
2024-09-19,RANGE_CARRY,0,False,0.0,8.94377855496127,67.68386243386243,41.23941798941803,29.20370370370367,33.20767195767198,0.35,0.35,0.07558671136848516,0.00018670634920634922,0.0,0.0,0.02657670810595393,0.02657670810595393,470338.5422644218,-0.21313618263640033
2024-09-20,RANGE_CARRY,0,False,0.0,6.530539117398637,70.96626984126983,45.36706349206353,29.664682539682513,28.115079365079385,0.35,0.35,-0.006375743836780967,0.00018511904761904762,0.0,0.0,-0.002111182961920957,-0.002111182961920957,469345.5715476585,-0.21479739612097037
2024-09-23,RANGE_CARRY,0,False,0.0,3.214303773408188,73.87962962962963,51.43650793650798,26.7572751322751,21.83862433862436,0.35,0.35,0.00741480108370185,0.00018313492063492065,0.0,0.0,0.002714218077708346,0.002714218077708346,470619.47778264555,-0.21266618501885814
2024-09-24,RANGE_CARRY,0,False,0.0,3.0121728797982925,72.25,54.221560846560884,29.361111111111082,19.63624338624341,0.35,0.35,0.01415428167020516,0.00018194444444444445,0.0,0.0,0.005072262473460694,0.005072262473460694,473006.5832990822,-0.2086726212550425
2024-09-25,RANGE_CARRY,0,False,0.0,2.2612231331698793,70.47023809523809,56.57671957671962,28.210978835978807,17.75793650793653,0.35,0.35,0.006705205861828212,0.0001807539682539683,0.0,0.0,0.002464312131004953,0.002464312131004953,474172.21916035126,-0.20672254359600506
2024-09-26,RANGE_CARRY,0,False,0.0,1.3759175053207124,70.00925925925925,58.84193121693125,28.71362433862431,17.66534391534394,0.35,0.35,0.021208315892284002,0.0001807539682539683,0.0,0.0,0.007540400641664479,0.007540400641664479,477747.6676659674,-0.20074091375471848
2024-09-27,RANGE_CARRY,0,False,0.0,1.0544887051018053,68.16997354497353,57.78505291005295,32.01653439153436,19.444444444444468,0.35,0.35,-0.017215466593796802,0.00018035714285714286,0.0,0.0,-0.005908181164971738,-0.005908181164971738,474925.04789425415,-0.20546308123400536
2024-09-30,NORMAL_PARTICIPATION,0,False,0.0,2.106137111405538,66.35449735449735,56.5092592592593,33.6838624338624,22.096560846560873,0.35,0.35,0.007785346865007536,0.00018035714285714286,0.0,0.0,0.0028421035456097803,0.0028421035456097803,476274.83405677334,-0.2032049250400626
2024-10-01,RANGE_CARRY,0,False,0.0,7.824581614920473,57.31150793650793,51.12830687830692,41.92658730158727,30.674603174603202,0.35,0.35,-0.04235066905780094,0.00018234126984126986,0.0,0.0,-0.014704212344833502,-0.014704212344833502,469271.5877623022,-0.21492116901759106
2024-10-02,RANGE_CARRY,0,False,0.0,13.0918648664018,54.23478835978836,48.59589947089952,45.97354497354494,37.02380952380955,0.35,0.35,0.0037453183520599342,0.00018154761904761908,0.0,0.0,0.0014288673756019292,0.0014288673756019292,469942.11462435266,-0.21379939548872462
2024-10-03,RANGE_CARRY,0,False,0.0,18.501854171315415,49.29563492063492,44.898809523809554,54.8796296296296,45.35052910052912,0.35,0.35,-0.0022962112514353095,0.0001807539682539683,0.0,0.0,-0.0006861838586372788,-0.0006861838586372788,469619.64793080353,-0.21433887365319115
2024-10-04,NORMAL_PARTICIPATION,0,False,0.0,18.02471216375414,51.13425925925927,47.29761904761909,55.554232804232775,49.298941798941826,0.35,0.35,0.03524165707710014,0.00018035714285714286,0.0,0.0,0.012451812119842191,0.012451812119842191,475467.26355462434,-0.20455596891805716
2024-10-07,NORMAL_PARTICIPATION,0,False,0.0,20.991206236130566,46.04100529100529,45.40806878306882,61.00925925925923,57.58597883597886,0.35,0.35,-0.03293038766152567,0.00018234126984126986,0.0,0.0,-0.01140711385613716,-0.01140711385613716,470043.5543443908,-0.2136296895467935
2024-10-08,NORMAL_PARTICIPATION,0,False,0.0,20.594179894179913,45.53240740740741,46.363095238095276,57.64880952380949,62.003968253968274,0.35,0.35,0.04339080459770139,0.0001839285714285714,0.0,0.0,0.015306335180624058,0.015306335180624058,477238.1985366779,-0.20159324199890527
2024-10-09,NORMAL_PARTICIPATION,0,False,0.0,20.3320105820106,46.85582010582011,44.575396825396865,52.18849206349203,65.0198412698413,0.35,0.35,0.024098044615808334,0.00018313492063492065,0.0,0.0,0.008553353313945614,0.008553353313945614,481320.18546367314,-0.19476418690947994
2024-10-10,RANGE_CARRY,0,False,0.0,15.936507936507956,50.65079365079365,45.393518518518555,44.34722222222218,64.82804232804234,0.35,0.35,-0.0034960333467797255,0.00018313492063492065,0.0,0.0,-0.0011045739729602054,-0.0011045739729602054,480788.5317141496,-0.19565362943071518
2024-10-11,NORMAL_PARTICIPATION,0,False,0.0,14.142857142857162,52.8776455026455,44.881613756613795,40.14417989417986,65.53571428571432,0.35,0.35,0.0025637565780596283,0.00018313492063492065,0.0,0.0,0.0010163525007335682,0.0010163525007335682,481277.1823406814,-0.19483612998553101
2024-10-14,NORMAL_PARTICIPATION,0,False,0.0,12.828042328042349,54.99801587301587,45.89087301587305,37.88293650793648,65.5820105820106,0.35,0.35,0.025572005383580176,0.00018234126984126986,0.0,0.0,0.009068723709649886,0.009068723709649886,485641.75213508774,-0.18753432130737746
2024-10-15,NORMAL_PARTICIPATION,0,False,0.0,13.56878306878309,55.12566137566137,45.87301587301591,40.87367724867722,66.04497354497357,0.35,0.35,-0.039895013123359635,0.00018234126984126986,0.0,0.0,-0.013844732767779045,-0.013844732767779045,478918.1718559014,-0.198782691511869
2024-10-16,NORMAL_PARTICIPATION,0,False,0.0,12.850529100529121,55.55291005291006,45.85846560846564,44.884920634920604,65.93915343915346,0.35,0.35,-0.0005467468562054822,0.00018234126984126986,0.0,0.0,-7.283957427509335e-05,-7.283957427509335e-05,478883.2876601508,-0.19884105183952128
2024-10-17,NORMAL_PARTICIPATION,0,False,0.0,11.910052910052931,55.44113756613757,43.88624338624342,49.630952380952344,66.56084656084658,0.35,0.35,0.003008752735229825,0.00018194444444444445,0.0,0.0,0.0011713273462193275,0.0011713273462193275,479444.2167506345,-0.1979026324548726
2024-10-18,NORMAL_PARTICIPATION,0,False,0.0,8.966931216931236,58.215608465608476,45.619708994709036,47.74603174603171,64.66931216931219,0.35,0.35,0.017725661303517715,0.00018273809523809527,0.0,0.0,0.006322761218135961,0.006322761218135961,482475.62805056496,-0.19283116232618935
2024-10-21,NORMAL_PARTICIPATION,0,False,0.0,8.657407407407428,58.80423280423281,47.77050264550269,48.917328042328,63.97486772486774,0.35,0.35,0.005493033226152244,0.00018234126984126986,0.0,0.0,0.0020410834545501106,0.0020410834545501106,483460.40107220266,-0.19118366336658488
2024-10-22,NORMAL_PARTICIPATION,0,False,0.0,9.211640211640232,57.38624338624339,51.353835978836024,49.82936507936504,62.71164021164024,0.35,0.35,0.002931379080612917,0.00018234126984126986,0.0,0.0,0.0011445045036113464,0.0011445045036113464,484013.72367854754,-0.19025796942671358
2024-10-23,RANGE_CARRY,0,False,0.0,9.907407407407428,49.27248677248678,50.081349206349245,56.24140211640208,63.57142857142859,0.35,0.35,-0.046233559186926954,0.00018194444444444445,0.0,0.0,-0.016063481826535542,-0.016063481826535542,476238.77802444337,-0.2032652458190095
2024-10-24,RANGE_CARRY,0,False,0.0,9.825396825396846,46.43915343915344,49.37764550264554,56.974206349206305,63.39285714285717,0.35,0.35,0.023819473464270713,0.00018234126984126986,0.0,0.0,0.008455337537891574,0.008455337537891574,480265.5376412731,-0.19652858454424016
2024-10-25,RANGE_CARRY,0,False,0.0,13.837301587301605,42.12896825396825,48.95634920634925,59.20634920634918,64.06084656084658,0.35,0.35,0.01687074829931956,0.00018115079365079367,0.0,0.0,0.006022509920634861,0.006022509920634861,483157.94160625665,-0.1916896699737114
2024-10-28,RANGE_CARRY,0,False,0.0,18.20238095238097,45.720899470899475,51.74338624338628,54.59589947089944,64.02116402116404,0.35,0.35,0.0009365801445009314,0.00018234126984126986,0.0,0.0,0.0004463248759721514,0.0004463248759721514,483373.58701461897,-0.19132890096591548
2024-10-29,RANGE_CARRY,0,False,0.0,20.94444444444446,47.595899470899475,55.05687830687835,51.109788359788325,64.61640211640214,0.35,0.35,0.02767009758053729,0.00018115079365079367,0.0,0.0,0.009802282169061066,0.009802282169061066,488111.75130760745,-0.1834020786712186
2024-10-30,RANGE_CARRY,0,False,0.0,19.84788359788362,49.60582010582011,55.138227513227555,50.8359788359788,64.78835978835981,0.35,0.35,-0.022242455775234093,0.00018115079365079367,0.0,0.0,-0.007667111505458917,-0.007667111505458917,484369.3440832072,-0.1896630259891724
2024-10-31,RANGE_CARRY,0,False,0.0,20.279365079365096,44.52050264550265,51.261904761904795,55.984788359788325,65.54232804232805,0.35,0.35,-0.07609418651057598,0.00017996031746031748,0.0,0.0,-0.026515991072352384,-0.026515991072352384,471525.8108797757,-0.2111499139576406
2024-11-01,RANGE_CARRY,0,False,0.0,20.562698412698435,42.088624338624335,46.92857142857147,60.99206349206346,65.17195767195768,0.35,0.35,0.02131029517638594,0.00017876984126984126,0.0,0.0,0.007574803708560476,0.007574803708560476,475097.5263407098,-0.2051745294003886
2024-11-04,RANGE_CARRY,0,False,0.0,21.214285714285737,41.09391534391534,43.20105820105824,64.32341269841267,64.7883597883598,0.35,0.35,-0.009304948540815094,0.0001775793650793651,0.0,0.0,-0.0031413054019836955,-0.0031413054019836955,473605.09991474665,-0.20767131894481738
2024-11-05,RANGE_CARRY,0,False,0.0,18.732539682539706,48.67658730158731,44.30026455026459,60.21560846560843,62.20899470899473,0.35,0.35,0.037996299985769255,0.0001791666666666667,0.0,0.0,0.013415163328352572,0.013415163328352572,479958.5896832437,-0.19704210027872393
2024-11-06,RANGE_CARRY,0,False,0.0,13.777248677248698,59.82539682539683,49.29365079365083,51.534391534391496,49.378306878306894,0.35,0.35,0.0811625993967644,0.00017876984126984126,0.0,0.0,0.028523110185692934,0.028523110185692934,493648.50142134866,-0.17413924363050148
2024-11-07,RANGE_CARRY,0,False,0.0,8.588624338624358,70.28478835978837,58.10912698412702,39.812169312169274,34.21957671957674,0.35,0.35,0.04679178290641639,0.00017876984126984126,0.0,0.0,0.01649332441407113,0.01649332441407113,501790.40630181093,-0.16051805425484922
2024-11-08,GREED_TREND,0,False,0.0,4.698412698412717,77.50939153439155,66.18981481481487,30.496693121693085,20.2777777777778,0.35,0.35,0.0024227740763174133,0.00017837301587301588,0.0,0.0,0.0009639133870285549,0.0009639133870285549,502274.08879192773,-0.1597088663691768
2024-11-11,GREED_TREND,0,False,0.0,3.2645502645502833,76.8797619047619,67.59986772486776,29.12499999999996,18.6772486772487,0.35,0.35,-0.0018126888217523396,0.00017837301587301588,0.0,0.0,-0.0005184986272958585,-0.0005184986272958585,502013.66036636283,-0.1601445561684932
2024-11-12,GREED_TREND,0,False,0.0,2.788359788359807,75.30066137566138,66.46494708994713,30.952380952380917,19.39153439153441,0.35,0.35,-0.005447941888619745,0.00017837301587301588,0.0,0.0,-0.0017908372006994503,-0.0017908372006994503,501114.6356281194,-0.16164860054051677
2024-11-13,GREED_TREND,0,False,0.0,3.216931216931236,71.83465608465609,65.25330687830692,36.624338624338584,19.497354497354518,0.35,0.35,-0.0043822276323798315,0.00017837301587301588,0.0,0.0,-0.0014178372110154806,-0.0014178372110154806,500404.1366507414,-0.16283724635057728
2024-11-14,GREED_EXHAUSTING,0,False,0.0,5.297619047619066,63.541666666666664,63.79365079365082,44.76719576719572,18.92195767195769,0.35,0.35,-0.021151730040347316,0.0001771825396825397,0.0,0.0,-0.00728793686332791,-0.00728793686332791,496757.2228966826,-0.16893843564350408
2024-11-15,RANGE_CARRY,0,False,0.0,9.357142857142877,53.429232804232804,56.23280423280428,55.27645502645498,19.927248677248695,0.35,0.35,-0.07232075943042726,0.0001775793650793651,0.0,0.0,-0.025196839213347953,-0.025196839213347953,484240.5110232857,-0.18987856025698813
2024-11-18,RANGE_CARRY,0,False,0.0,11.561640211640233,49.08994708994709,49.16865079365083,61.74470899470896,21.99074074074076,0.35,0.35,0.020196580045778845,0.0001771825396825397,0.0,0.0,0.007183971666816245,0.007183971666816245,487719.2811344016,-0.18405867078719385
2024-11-19,RANGE_CARRY,0,False,0.0,13.693915343915364,48.699074074074076,44.42592592592596,64.64087301587297,24.358465608465625,0.35,0.35,0.02006071004355303,0.00017837301587301588,0.0,0.0,0.007137190975561021,0.007137190975561021,491200.2267863212,-0.17823514169574894
2024-11-20,RANGE_CARRY,0,False,0.0,14.254761904761926,50.90608465608466,45.393518518518555,64.14087301587297,27.328042328042347,0.35,0.35,-0.0011644455945142296,0.00017797619047619048,0.0,0.0,-0.00029187143427045653,-0.00029187143427045653,491056.85947161505,-0.17847499138357537
2024-11-21,RANGE_CARRY,0,False,0.0,14.900793650793672,51.916666666666664,45.625661375661416,60.99867724867721,29.404761904761923,0.35,0.35,0.00984455958549213,0.00017797619047619048,0.0,0.0,0.003561280378731769,0.003561280378731769,492805.6506300929,-0.1755493104897523
2024-11-22,RANGE_CARRY,0,False,0.0,10.444444444444466,57.91071428571428,46.35185185185188,54.056878306878275,27.453703703703724,0.35,0.35,0.003719856336583005,0.00017837301587301588,0.0,0.0,0.001417892178121512,0.001417892178121512,493504.3959074554,-0.17438032830584882
2024-11-25,RANGE_CARRY,0,False,0.0,4.547619047619068,65.31084656084657,48.017857142857174,45.363095238095205,21.236772486772505,0.35,0.35,0.004600638977635851,0.00017837301587301588,0.0,0.0,0.0017261661024900081,0.0017261661024900081,494356.2664671007,-0.17295517161502139
2024-11-26,RANGE_CARRY,0,False,0.0,0.04497354497356388,70.75859788359787,51.74933862433867,39.69444444444441,14.94708994708997,0.35,0.35,0.015519653988042226,0.00017797619047619048,0.0,0.0,0.0055475634196243025,0.0055475634196243025,497098.7392072156,-0.1683670879786835
2024-11-27,RANGE_CARRY,0,False,0.0,0.22486772486774387,70.71362433862434,53.1587301587302,41.130952380952344,12.103174603174622,0.35,0.35,-0.0241763747964423,0.0001775793650793651,0.0,0.0,-0.008346304591453217,-0.008346304591453217,492949.8017177648,-0.17530814957069063
2024-11-29,NORMAL_PARTICIPATION,0,False,0.0,0.2566137566137755,69.95502645502644,56.894179894179935,42.15079365079362,11.428571428571447,0.35,0.35,0.025545571245185972,0.0001771825396825397,0.0,0.0,0.00905611858660874,0.00905611858660874,497414.0135793662,-0.16783964237579285
2024-12-02,GREED_EXHAUSTING,0,False,0.0,1.388888888888908,68.29563492063492,61.46891534391538,42.15542328042324,11.865079365079382,0.35,0.35,0.032419576918262694,0.0001763888888888889,0.0,0.0,0.01146150469916972,0.01146150469916972,503115.126633439,-0.15830183252642027
2024-12-03,GREED_TREND,0,False,0.0,2.7023809523809708,66.20899470899471,68.15939153439157,39.92063492063488,12.142857142857162,0.35,0.35,0.00885063045586798,0.00017361111111111112,0.0,0.0,0.003210567881776015,0.003210567881776015,504730.4118998439,-0.15559950342378004
2024-12-04,GREED_TREND,0,False,0.0,5.414021164021183,64.22288359788361,73.45039682539687,38.0886243386243,11.699735449735469,0.35,0.35,0.03653407042422785,0.00017281746031746033,0.0,0.0,0.012899255997686097,0.012899255997686097,511241.05869275756,-0.14470736525387007
2024-12-05,GREED_EXHAUSTING,0,False,0.0,8.686507936507956,60.732142857142854,75.27116402116405,40.27976190476187,14.226190476190496,0.35,0.35,-0.008231884057970928,0.00017202380952380952,0.0,0.0,-0.0027693439440993487,-0.0027693439440993487,509825.2563628918,-0.14707596473233708
2024-12-06,GREED_TREND,0,False,0.0,11.033068783068805,60.047619047619044,77.11137566137569,37.98941798941795,17.164021164021182,0.35,0.35,0.02571896188917444,0.00017162698412698414,0.0,0.0,0.009113194200893593,0.009113194200893593,514471.3929326472,-0.13930310236033305
2024-12-09,GREED_EXHAUSTING,0,False,0.0,12.665343915343934,56.38161375661375,74.55251322751326,41.95171957671954,22.21031746031748,0.35,0.35,-0.02336448598130836,0.00017003968253968254,0.0,0.0,-0.008067044299807133,-0.008067044299807133,510321.12941487605,-0.1462463823622988
2024-12-10,GREED_EXHAUSTING,0,False,0.0,13.665343915343934,52.64417989417989,71.70264550264555,45.66931216931213,24.234126984127002,0.35,0.35,-0.010853075037927318,0.00017003968253968254,0.0,0.0,-0.0036880504696237674,-0.0036880504696237674,508439.03933387867,-0.14939506879277042
2024-12-11,GREED_EXHAUSTING,0,False,0.0,14.906084656084674,50.159391534391524,70.87235449735455,48.67592592592589,23.009259259259277,0.35,0.35,0.053445021236432355,0.00016964285714285717,0.0,0.0,0.01881602528989418,0.01881602528989418,518005.8411563544,-0.13339006489546645
2024-12-12,GREED_EXHAUSTING,0,False,0.0,16.257936507936527,50.07407407407407,71.41931216931222,49.790343915343875,20.25132275132277,0.35,0.35,-0.019823048493672446,0.00016845238095238095,0.0,0.0,-0.006828572925166308,-0.006828572925166308,514468.6004943561,-0.13930777403500139
2024-12-13,GREED_EXHAUSTING,0,False,0.0,17.94312169312171,51.388888888888886,74.21825396825402,46.602513227513185,18.45238095238097,0.35,0.35,0.02148080438756872,0.00016726190476190476,0.0,0.0,0.0076270017737442896,0.0076270017737442896,518392.45342286234,-0.13274327290091847
2024-12-16,GREED_EXHAUSTING,0,False,0.0,20.99338624338626,50.304232804232804,75.75661375661379,45.912037037037,27.480158730158745,0.35,0.35,0.043512304250559186,0.00016686507936507938,0.0,0.0,0.015337768789283016,0.015337768789283016,526343.4370155713,-0.11944148973972257
2024-12-17,GREED_EXHAUSTING,0,False,0.0,24.11507936507938,48.32076719576719,76.4927248677249,44.5396825396825,37.58597883597886,0.35,0.35,-0.013399078143423782,0.00016805555555555557,0.0,0.0,-0.004580441239087212,-0.004580441239087212,523932.5518307424,-0.12347483625354772
2024-12-18,RISK_WARNING,0,False,0.0,32.70158730158732,36.14179894179894,65.843253968254,55.45740740740737,55.350529100529116,0.35,0.35,-0.10810517166449374,0.00016845238095238095,0.0,0.0,-0.03772731603495376,-0.03772731603495376,504165.9828668242,-0.15654377811879971
2024-12-19,RISK_WARNING,0,False,0.0,39.81904761904764,24.032275132275128,53.54431216931221,68.85489417989415,63.234126984126995,0.35,0.35,-0.014130832013643513,0.00016765873015873016,0.0,0.0,-0.004836813030172055,-0.004836813030172055,501727.42627152445,-0.16062341816317438
2024-12-20,RISK_WARNING,0,False,0.0,42.44100529100531,20.192989417989413,46.22288359788363,77.33505291005287,60.43650793650795,0.35,0.35,0.025948350426294287,0.00016726190476190476,0.0,0.0,0.009190642887298237,0.009190642887298237,506338.62387314934,-0.15290900775155092
2024-12-23,RISK_WARNING,0,False,0.0,35.401851851851866,29.16891534391534,51.54365079365084,76.46164021164019,42.810846560846585,0.35,0.35,0.03108300614235815,0.00016686507936507938,0.0,0.0,0.010987514451412654,0.010987514451412654,511902.02682026394,-0.14360158323255967
2024-12-24,GREED_EXHAUSTING,0,False,0.0,26.578042328042347,42.7334656084656,60.703042328042365,72.74537037037034,24.060846560846585,0.35,0.35,0.03973665647778035,0.00016765873015873016,0.0,0.0,0.014016807941826297,0.014016807941826297,519077.2592152352,-0.13159761110304635
2024-12-26,GREED_EXHAUSTING,0,False,0.0,20.88333333333335,51.19550264550264,65.5529100529101,67.67658730158728,15.033068783068805,0.35,0.35,-0.0021483491632745544,0.0001692460317460318,0.0,0.0,-0.0006419122865111734,-0.0006419122865111734,518744.05714489636,-0.132155049266115
2024-12-27,GREED_EXHAUSTING,0,False,0.0,18.17063492063494,56.732275132275134,65.48875661375665,63.59259259259256,13.544973544973564,0.35,0.35,-0.04067988668555245,0.00016726190476190476,0.0,0.0,-0.014129240101848118,-0.014129240101848118,511414.59781008924,-0.14441703894621072
2024-12-30,RANGE_CARRY,0,False,0.0,19.71031746031748,50.638359788359786,58.33068783068787,64.5562169312169,17.486772486772505,0.35,0.35,-0.04016064257028107,0.0001656746031746032,0.0,0.0,-0.01394853640753488,-0.01394853640753488,504281.11267319036,-0.15635116902813606
2024-12-31,RANGE_CARRY,0,False,0.0,24.128571428571448,43.124074074074066,51.77050264550269,68.68981481481478,21.137566137566154,0.35,0.35,-0.02621215850356895,0.00016805555555555557,0.0,0.0,-0.009065019365138021,-0.009065019365138021,499709.7946213345,-0.16399886201827207
2025-01-02,RISK_WARNING,0,False,0.0,30.69338624338626,35.21560846560846,47.089947089947124,71.85052910052906,24.95370370370372,0.35,0.35,-0.006318716036901262,0.00016805555555555557,0.0,0.0,-0.0021023145018043304,-0.0021023145018043304,498659.2474734084,-0.16575639933417596
2025-01-03,RISK_WARNING,0,False,0.0,31.378571428571448,40.10648148148148,48.516534391534435,69.36970899470896,23.280423280423296,0.35,0.35,0.04794607656110905,0.00016765873015873016,0.0,0.0,0.016890104970991342,0.016890104970991342,507081.6545079898,-0.15166593734755252
2025-01-06,RANGE_CARRY,0,False,0.0,27.525132275132297,46.27050264550265,52.33796296296301,65.53769841269838,20.74074074074076,0.35,0.35,0.03410194174757275,0.00016686507936507938,0.0,0.0,0.012044141913237764,0.012044141913237764,513189.01791648346,-0.14144848150713285
2025-01-07,RANGE_CARRY,0,False,0.0,23.646296296296317,52.382936507936506,53.031746031746074,62.99735449735446,19.814814814814834,0.35,0.35,-0.05386691702851765,0.00016726190476190476,0.0,0.0,-0.018744700721885936,-0.018744700721885936,503569.44336188043,-0.15754177277560233
2025-01-08,RANGE_CARRY,0,False,0.0,22.41640211640214,51.72420634920635,50.56878306878311,61.115740740740705,22.39417989417991,0.35,0.35,0.0007442322004465041,0.00016726190476190476,0.0,0.0,0.0003692015082515145,0.0003692015082515145,503755.361959879,-0.15723073592747216
2025-01-10,RANGE_CARRY,0,False,0.0,25.75396825396827,44.925925925925924,44.48412698412702,64.20899470899467,26.88492063492065,0.35,0.35,-0.04771938522558261,0.00016726190476190476,0.0,0.0,-0.016593064590858676,-0.016593064590858676,495396.51670088735,-0.171214860761418
2025-01-13,RANGE_CARRY,0,False,0.0,26.561375661375678,40.672619047619044,40.77050264550268,64.33134920634917,29.914021164021182,0.35,0.35,-0.010412599245086529,0.00016765873015873016,0.0,0.0,-0.0035354315611771103,-0.0035354315611771103,493645.07622044586,-0.17414497390011663
2025-01-14,RANGE_CARRY,0,False,0.0,28.256349206349224,38.31547619047618,37.1124338624339,66.83664021164019,32.11640211640214,0.35,0.35,-0.003551229777719267,0.00016805555555555557,0.0,0.0,-0.0011336943110906322,-0.0011336943110906322,493085.43360583676,-0.1750812410449918
2025-01-15,RANGE_CARRY,0,False,0.0,21.319312169312187,48.319444444444436,39.50000000000004,61.09920634920633,27.321428571428598,0.35,0.35,0.0675818373812036,0.00016765873015873016,0.0,0.0,0.023762621258024433,0.023762621258024433,504802.436012461,-0.15547900900730438
2025-01-16,RANGE_CARRY,0,False,0.0,15.628306878306896,57.652116402116405,41.260582010582056,56.631613756613724,22.050264550264572,0.35,0.35,-0.020400593471810002,0.00016726190476190476,0.0,0.0,-0.007031487477038262,-0.007031487477038262,501252.924005261,-0.16141724777956556
2025-01-17,RANGE_CARRY,0,False,0.0,8.528042328042346,69.70502645502647,46.30952380952385,45.8769841269841,15.89947089947092,0.35,0.35,0.049349993689258964,0.00016686507936507938,0.0,0.0,0.017380960092827937,0.017380960092827937,509965.1810738097,-0.14684187442868846
2025-01-21,RANGE_CARRY,0,False,0.0,7.422486772486791,74.52380952380952,48.82142857142861,37.910714285714256,17.36772486772489,0.35,0.35,0.016598508539812373,0.00016686507936507938,0.0,0.0,0.005917940290521632,0.005917940290521632,512983.12456564954,-0.14179293558318407
2025-01-22,RANGE_CARRY,0,False,0.0,5.802645502645523,75.31878306878308,55.50000000000003,29.26190476190473,17.546296296296315,0.35,0.35,0.03880738286796026,0.00016765873015873016,0.0,0.0,0.013691562178389266,0.013691562178389266,520006.66491210455,-0.13004274019878825
2025-01-23,RANGE_CARRY,0,False,0.0,5.5793650793650995,72.56878306878306,59.48015873015877,26.533730158730123,18.888888888888907,0.35,0.35,0.006150341685649208,0.00016765873015873016,0.0,0.0,0.002261597764580397,0.002261597764580397,521182.7108230367,-0.12807524680474136
2025-01-24,GREED_TREND,0,False,0.0,5.33068783068785,69.09193121693121,60.214947089947124,29.121031746031708,17.976190476190496,0.35,0.35,-0.01799864161195386,0.00016765873015873016,0.0,0.0,-0.006190546389580675,-0.006190546389580675,517956.30507423927,-0.13347293743762023
2025-01-27,RANGE_CARRY,0,False,0.0,10.297619047619065,59.845238095238095,51.88822751322755,36.64285714285711,22.605820105820126,0.35,0.35,-0.08772334293948125,0.00016726190476190476,0.0,0.0,-0.030594449790723198,-0.030594449790723198,502109.7169048569,-0.15998385614548793
2025-01-28,RANGE_CARRY,0,False,0.0,13.369047619047635,53.19246031746031,46.45899470899474,43.44246031746028,24.21296296296298,0.35,0.35,0.04435178165276721,0.0001660714285714286,0.0,0.0,0.01563107000703995,0.01563107000703995,509958.2290410117,-0.1468535049938543
2025-01-29,RANGE_CARRY,0,False,0.0,17.369841269841288,47.71891534391534,42.546957671957706,49.48544973544971,26.997354497354518,0.35,0.35,-0.006170598911070857,0.0001656746031746032,0.0,0.0,-0.0020520211268113073,-0.0020520211268113073,508911.78398122825,-0.14860417962587202
2025-01-30,RANGE_CARRY,0,False,0.0,14.11322751322753,52.89219576719577,46.78174603174606,49.8551587301587,23.220899470899493,0.35,0.35,0.012539566593620766,0.0001656746031746032,0.0,0.0,0.0044965367998307595,0.0044965367998307595,511200.1245457674,-0.14477584698833756
2025-01-31,RANGE_CARRY,0,False,0.0,13.351587301587323,53.55621693121693,47.60119047619051,53.40740740740737,23.921957671957696,0.35,0.35,-0.005410604785379358,0.00016527777777777778,0.0,0.0,-0.0017862811193272198,-0.0017862811193272198,510286.97741509357,-0.14630351774565498
2025-02-03,RANGE_CARRY,0,False,0.0,11.533068783068805,51.349206349206355,46.247354497354536,55.055555555555536,25.727513227513253,0.35,0.35,-0.024177949709864643,0.0001656746031746032,0.0,0.0,-0.008354593906389133,-0.008354593906389133,506023.7369430717,-0.15343580517420286
2025-02-04,RANGE_CARRY,0,False,0.0,11.206349206349225,49.72354497354498,46.37632275132279,54.14550264550261,26.653439153439177,0.35,0.35,0.03629831516352833,0.00016686507936507938,0.0,0.0,0.012812872608822216,0.012812872608822216,512507.3546215634,-0.14258888599070996
2025-02-05,RANGE_CARRY,0,False,0.0,9.466666666666685,51.54629629629628,47.46825396825401,48.745370370370345,24.781746031746053,0.35,0.35,0.013030484160191147,0.00016646825396825397,0.0,0.0,0.004668873821146266,0.004668873821146266,514900.18679270096,-0.13858574168655202
2025-02-06,RANGE_CARRY,0,False,0.0,8.785714285714304,54.05291005291005,53.435185185185226,43.85978835978833,20.727513227513246,0.35,0.35,0.014987019117300049,0.00016646825396825397,0.0,0.0,0.005353661056134382,0.005353661056134382,517656.7878705294,-0.13397402171862038
2025-02-07,RANGE_CARRY,0,False,0.0,8.182539682539701,53.04298941798942,53.507275132275176,46.60449735449732,19.39153439153441,0.35,0.35,-0.038135100569701263,0.00016686507936507938,0.0,0.0,-0.01323882289780814,-0.01323882289780814,510803.62133406324,-0.14543918626998864
2025-02-10,RANGE_CARRY,0,False,0.0,8.613756613756632,53.357142857142854,55.33333333333337,46.623015873015845,19.781746031746053,0.35,0.35,0.03517466457149765,0.00016726190476190476,0.0,0.0,0.012419852838119414,0.012419852838119414,517147.7271402108,-0.13482566672223828
2025-02-11,RANGE_CARRY,0,False,0.0,8.579365079365099,52.98412698412699,53.856481481481524,48.70634920634918,20.13888888888891,0.35,0.35,-0.007122839794488578,0.00016726190476190476,0.0,0.0,-0.002384273689975764,-0.002384273689975764,515914.7054205596,-0.13688847912231472
2025-02-12,RANGE_CARRY,0,False,0.0,9.968253968253988,52.16931216931217,56.677910052910086,47.58333333333331,19.794973544973562,0.35,0.35,0.0019992943666942153,0.00016726190476190476,0.0,0.0,0.0008084732664382134,0.0008084732664382134,516331.80866765446,-0.13619067653173034
2025-02-13,RANGE_CARRY,0,False,0.0,10.812169312169331,50.841931216931215,58.37962962962967,46.637566137566104,19.993386243386265,0.35,0.35,0.04213615023474193,0.00016726190476190476,0.0,0.0,0.014856372820254912,0.014856372820254912,524002.6265161776,-0.12335760317667366
2025-02-14,GREED_EXHAUSTING,0,False,0.0,12.825396825396844,52.19775132275132,62.90873015873019,41.75925925925923,19.973544973544993,0.35,0.35,0.01171303074670571,0.00016686507936507938,0.0,0.0,0.0042080230629343,0.0042080230629343,526207.6416535958,-0.11966867175289508
2025-02-18,GREED_TREND,0,False,0.0,12.398148148148167,55.541666666666664,64.66600529100532,35.248015873015845,23.888888888888914,0.35,0.35,0.006233997550929571,0.00016686507936507938,0.0,0.0,0.0022903614444126515,0.0022903614444126515,527412.8473477946,-0.11765239482036927
2025-02-19,GREED_TREND,0,False,0.0,12.755291005291022,55.93320105820106,65.31679894179898,32.828042328042294,26.70634920634923,0.35,0.35,0.00011063170704739278,0.00016686507936507938,0.0,0.0,0.00014718339905388906,0.00014718339905388906,527490.4737633719,-0.11752252790069184
2025-02-20,GREED_TREND,0,False,0.0,10.876984126984146,56.53306878306878,62.49074074074077,32.850529100529066,30.343915343915366,0.35,0.35,-0.012168141592920456,0.00016686507936507938,0.0,0.0,-0.004150387255934858,-0.004150387255934858,525301.1840234373,-0.12118515115454254
2025-02-21,RANGE_CARRY,0,False,0.0,14.952380952380972,47.93716931216931,55.96957671957676,40.812830687830655,33.260582010582034,0.35,0.35,-0.0625979843225084,0.00016646825396825397,0.0,0.0,-0.021801090147798574,-0.021801090147798574,513849.0455557971,-0.14034427289744622
2025-02-24,RANGE_CARRY,0,False,0.0,19.878042328042344,39.30886243386244,47.20701058201062,51.673280423280396,37.6256613756614,0.35,0.35,-0.035957472225540466,0.0001660714285714286,0.0,0.0,-0.012477168850367735,-0.012477168850367735,507437.6642507971,-0.15107034255769047
2025-02-25,RANGE_CARRY,0,False,0.0,26.913760950646218,28.519841269841265,39.16931216931221,63.44576719576717,45.866402116402135,0.35,0.35,-0.038166047087980104,0.0001656746031746032,0.0,0.0,-0.013250427988729543,-0.013250427988729543,500713.8980218728,-0.16231902385112662
2025-02-26,RANGE_CARRY,0,False,0.0,29.577436314321577,30.951719576719572,36.441137566137606,65.92923280423277,51.832010582010604,0.35,0.35,0.006441638752898715,0.00016527777777777778,0.0,0.0,0.002362004119070106,0.002362004119070106,501896.58631147613,-0.16034041793499632
2025-02-27,RISK_WARNING,0,False,0.0,33.91536442246245,29.652116402116395,32.85780423280428,69.0875661375661,58.06216931216934,0.35,0.35,-0.08294930875576045,0.0001656746031746032,0.0,0.0,-0.028924569572452666,-0.028924569572452666,487379.44358253333,-0.18462720993361204
2025-02-28,RISK_WARNING,0,False,0.0,35.1314113429978,34.10449735449735,32.02910052910056,67.09378306878305,56.38227513227516,0.35,0.35,0.045784477945282065,0.0001660714285714286,0.0,0.0,0.016132513709420152,0.016132513709420152,495242.09913781815,-0.17147319721957788
2025-03-03,RISK_WARNING,0,False,0.0,38.26335533817709,29.884920634920633,28.395502645502678,69.91018518518516,56.60052910052912,0.35,0.35,-0.06460224239188472,0.0001660714285714286,0.0,0.0,-0.022502838408588223,-0.022502838408588223,484097.74620778975,-0.19011740197973004
2025-03-04,RISK_WARNING,0,False,0.0,38.94995481884952,28.50066137566137,27.6150793650794,69.95383597883595,56.31613756613759,0.35,0.35,-0.010987442922374413,0.00016726190476190476,0.0,0.0,-0.003736884784735806,-0.003736884784735806,482288.7287056609,-0.19314383993769435
2025-03-05,RISK_WARNING,0,False,0.0,39.57794923842296,28.17261904761904,25.428571428571463,69.29153439153436,57.79761904761907,0.35,0.35,0.0389554176886453,0.00016686507936507938,0.0,0.0,0.013742858492613157,0.013742858492613157,488916.7544568451,-0.18205532990606488
2025-03-06,RISK_WARNING,0,False,0.0,40.31981516436411,28.238756613756607,23.926587301587336,68.09880952380949,58.00264550264553,0.35,0.35,-0.0829051520622136,0.00016726190476190476,0.0,0.0,-0.02890808298367952,-0.02890808298367952,474783.10834689543,-0.20570054230519852
2025-03-07,RISK_WARNING,0,False,0.0,40.12776349027427,34.51455026455026,22.497354497354536,63.431878306878275,56.09126984126987,0.35,0.35,0.02074500302846749,0.00016686507936507938,0.0,0.0,0.007369213361550922,0.007369213361550922,478281.886372764,-0.19984718012848146
2025-03-10,RISK_WARNING,0,False,0.0,45.9502548955168,31.145502645502646,18.370502645502683,65.67566137566133,58.92857142857145,0.35,0.35,-0.11274291648123413,0.00016686507936507938,0.0,0.0,-0.03935155846684464,-0.03935155846684464,459460.74875753344,-0.2313344406020661
2025-03-11,RISK_WARNING,0,False,0.0,49.0642214109533,31.90079365079365,16.404365079365114,65.02156084656082,61.170634920634946,0.35,0.35,-0.01170372847349943,0.00016646825396825397,0.0,0.0,-0.003988100600645436,-0.003988100600645436,457628.37306944054,-0.23439995618119647
2025-03-12,NORMAL_PARTICIPATION,0,False,0.0,51.15447919662396,31.443783068783063,15.221164021164057,66.6822751322751,59.96693121693124,0.35,0.35,0.034173574691253705,0.00016686507936507938,0.0,0.0,0.012069213443526098,0.012069213443526098,463151.58758182917,-0.22515976583997444
2025-03-13,RISK_WARNING,0,False,0.0,49.57689714083809,31.76124338624338,15.628571428571464,66.19444444444441,57.08994708994712,0.35,0.35,-0.05463765745133331,0.00016726190476190476,0.0,0.0,-0.01901445986987142,-0.01901445986987142,454345.01030608726,-0.239892934377972
2025-03-14,RISK_WARNING,0,False,0.0,44.74770425228076,36.6792328042328,17.198544973545008,63.29034391534389,48.02248677248679,0.35,0.35,0.07094653054161615,0.00016686507936507938,0.0,0.0,0.02493974799115295,0.02493974799115295,465676.2603641588,-0.22093605571506403
2025-03-17,RISK_WARNING,0,False,0.0,39.09110211526292,41.30291005291005,18.266005291005325,58.70634920634918,42.7645502645503,0.35,0.35,0.019389238972370437,0.00016646825396825397,0.0,0.0,0.006894438005409018,0.006894438005409018,468886.8364718302,-0.21556484764894202
2025-03-18,RISK_WARNING,0,False,0.0,34.715934763121886,49.4021164021164,19.025132275132307,52.797619047619015,37.420634920634946,0.35,0.35,-0.050404184498335836,0.00016686507936507938,0.0,0.0,-0.01753300227283024,-0.01753300227283024,460665.84250226937,-0.22931835095800113
2025-03-19,RISK_WARNING,0,False,0.0,31.913288529312023,55.416666666666664,19.95039682539686,46.24074074074071,34.140211640211675,0.35,0.35,0.038891670839592773,0.00016686507936507938,0.0,0.0,0.013720547095444771,0.013720547095444771,466986.4298895844,-0.21874417709672556
2025-03-20,RISK_WARNING,0,False,0.0,31.964580284854602,58.58730158730159,20.261243386243418,42.46693121693119,31.613756613756646,0.35,0.35,-0.010282776349614386,0.00016646825396825397,0.0,0.0,-0.00349076735728567,-0.00349076735728567,465356.2889038305,-0.2214713594210056
2025-03-21,RISK_WARNING,0,False,0.0,30.06378677248469,61.2718253968254,22.115079365079396,37.358465608465586,27.625661375661405,0.35,0.35,0.009415584415584322,0.00016646825396825397,0.0,0.0,0.0034036589105338774,0.0034036589105338774,466940.20298313105,-0.218821513476393
2025-03-24,NORMAL_PARTICIPATION,0,False,0.0,27.645873493776616,63.24867724867725,25.684523809523842,37.39550264550262,24.675925925925952,0.35,0.35,0.06352524927629455,0.00016646825396825397,0.0,0.0,0.022342041611782458,0.022342041611782458,477372.6004283944,-0.2013683912242532
2025-03-25,NORMAL_PARTICIPATION,0,False,0.0,24.065150123654462,64.73280423280424,31.47486772486776,37.43915343915341,21.302910052910082,0.35,0.35,0.017843641312566216,0.00016646825396825397,0.0,0.0,0.00635347882447754,0.00635347882447754,480405.5771366019,-0.1962943022093382
2025-03-26,NORMAL_PARTICIPATION,0,False,0.0,22.364804704616983,64.31613756613757,33.531746031746074,40.387566137566104,20.01322751322754,0.35,0.35,-0.052511484177685364,0.00016646825396825397,0.0,0.0,-0.01827081509711051,-0.01827081509711051,471628.1756651184,-0.21097866040616553
2025-03-27,NORMAL_PARTICIPATION,0,False,0.0,23.777387185683864,61.02447089947089,32.36044973544977,42.946428571428534,21.607142857142886,0.35,0.35,-0.017040075733670057,0.00016646825396825397,0.0,0.0,-0.005855822141705155,-0.005855822141705155,468866.4049514066,-0.21559902903683692
2025-03-28,RISK_WARNING,0,False,0.0,32.133491171726476,49.82341269841269,25.610449735449773,47.39021164021161,26.88492063492066,0.35,0.35,-0.07961476725521655,0.00016646825396825397,0.0,0.0,-0.02775696417424642,-0.02775696417424642,455852.09694666264,-0.23737161868610568
2025-03-31,RISK_WARNING,0,False,0.0,40.409612227557524,41.15277777777778,21.853835978836013,51.478835978835946,31.17063492063495,0.35,0.35,-0.0006975933031043713,0.00016646825396825397,0.0,0.0,-0.00013595329100716484,-0.00013595329100716484,455790.12235387025,-0.23747530052436072
2025-04-01,RISK_WARNING,0,False,0.0,47.672588586640046,37.794973544973544,19.344576719576754,54.78240740740738,33.99470899470902,0.35,0.35,0.023036649214659644,0.0001660714285714286,0.0,0.0,0.008170773653702303,0.008170773653702303,459514.280277217,-0.23124488379958796
2025-04-02,RISK_WARNING,0,False,0.0,46.79653752023898,43.54431216931217,20.742724867724903,53.14219576719574,32.77777777777781,0.35,0.35,0.022347321733196868,0.0001660714285714286,0.0,0.0,0.007929509035190331,0.007929509035190331,463158.0029144741,-0.22514903315982804
2025-04-03,NORMAL_PARTICIPATION,0,False,0.0,51.48143765102532,39.97731481481481,19.000264550264585,58.467328042328006,37.433862433862465,0.35,0.35,-0.16068746871349915,0.0001660714285714286,0.0,0.0,-0.05613266762115327,-0.05613266762115327,437159.70868079877,-0.26864348493739676
2025-04-04,PANIC_ACCELERATING,11,True,0.0,59.46295281424229,31.124272486772487,14.176455026455061,66.18677248677245,47.69841269841273,0.35,0.35,-0.1831013916500993,0.0001656746031746032,0.0,0.0,-0.06397779858547126,-0.06397779858547126,409191.1928891354,-0.315434064752244
2025-04-07,PANIC_ACCELERATING,11,True,0.0,70.15902713877533,21.37480158730158,9.927777777777814,77.01600529100526,62.89682539682542,0.35,0.35,0.0038938914577755224,0.00016448412698412702,0.0,0.0,0.0014697766927611153,0.0014697766927611153,409792.6125673269,-0.3144279056959587
2025-04-08,PANIC_ACCELERATING,11,True,0.0,73.94711382300797,17.56732804232804,8.405291005291042,81.8838624338624,72.11640211640214,0.35,0.35,-0.056969696969697003,0.0001648809523809524,0.0,0.0,-0.019832221320346333,-0.019832221320346333,401665.5147794488,-0.32802432320124975
2025-04-09,PANIC_ACCELERATING,11,True,0.0,72.32856157689275,21.012235449735442,13.797486772486808,80.35416666666663,65.87433862433865,0.35,0.35,0.35244215938303336,0.0001656746031746032,0.0,0.0,0.12346244427612517,0.12346244427612517,451256.1210155476,-0.24506056364957263
2025-04-10,PANIC_ACCELERATING,11,True,0.0,70.85238177983403,21.162764550264544,15.471428571428609,79.55773809523807,57.48809523809527,0.35,0.35,-0.12298042197300896,0.00016726190476190476,0.0,0.0,-0.042934427452457895,-0.042934427452457895,431881.69782532804,-0.2774734561105594
2025-04-11,PANIC_ACCELERATING,11,True,0.0,66.52606012218276,30.27037037037037,18.81534391534395,69.1380952380952,48.25661375661378,0.35,0.35,0.05288253142609434,0.00016686507936507938,0.0,0.0,0.018617348300720316,0.018617348300720316,439922.18981844856,-0.26402192778645406
2025-04-14,PANIC_STABILIZING_1,11,True,0.15,62.28580478942459,37.01554232804232,18.602777777777813,60.24186507936505,48.13095238095241,0.4175,0.35,0.020996294771510993,0.00016686507936507938,0.0,0.0,0.007457165471616148,0.007457165471616148,443202.7623825605,-0.2585336175184766
2025-04-15,PANIC_STABILIZING_1,11,True,0.15,57.3515225361162,47.103637566137564,22.229100529100563,49.608796296296255,45.59259259259262,0.4175,0.4175,0.0038306451612901693,0.00016646825396825397,0.0675,3.375e-05,0.0016962621127751536,0.0016625121127751537,443939.5923434369,-0.25730092067638544
2025-04-16,PANIC_STABILIZING_1,11,True,0.15,57.354596493838244,45.466402116402115,21.431216931216966,50.6833333333333,44.50132275132278,0.4175,0.4175,-0.09037959429604336,0.00016646825396825397,0.0,0.0,-0.037636512860661595,-0.037636512860661595,427231.2541668462,-0.2852535241269504
2025-04-17,PANIC_STABILIZING_1,11,True,0.15,55.9616150497263,48.04642857142856,19.87103174603178,49.05582010582007,43.800264550264586,0.4175,0.4175,-0.0028703908147494905,0.00016646825396825397,0.0,0.0,-0.0011014204072214043,-0.0011014204072214043,426760.6929449041,-0.2860407604814664
2025-04-21,PANIC_STABILIZING_1,11,True,0.15,57.22846576163207,45.12208994708994,15.401058201058236,53.57407407407404,45.73148148148152,0.4175,0.4175,-0.07307351638618242,0.00016686507936507938,0.0,0.0,-0.030410994182501,-0.030410994182501,413782.47599443654,-0.3077529707610074
2025-04-22,PANIC_STABILIZING_1,11,True,0.15,54.77134440238526,53.60621693121692,15.307804232804267,49.16402116402113,45.089947089947124,0.4175,0.4175,0.07644529383659826,0.00016686507936507938,0.0,0.0,0.03201310908550993,0.03201310908550993,427028.93953611894,-0.2855919910998591
2025-04-23,PANIC_STABILIZING_2,11,True,0.4,53.87679388528104,56.38796296296295,16.33359788359792,47.73544973544969,44.58730158730162,0.53,0.4175,0.06635596981802028,0.00016646825396825397,0.0,0.0,0.027800585156959972,0.027800585156959972,438900.5939341791,-0.2657310304116166
2025-04-24,PANIC_STABILIZING_2,11,True,0.4,48.36498543817847,64.83835978835977,22.50992063492067,39.27976190476187,41.29365079365083,0.53,0.53,0.08511966701352769,0.00016646825396825397,0.11250000000000004,5.6250000000000026e-05,0.04519166359653475,0.04513541359653475,458710.55376916303,-0.23258949677814345
2025-04-25,PANIC_STABILIZING_2,11,True,0.4,44.55899470899474,67.83373015873015,29.818121693121736,35.26058201058198,38.119047619047656,0.53,0.53,0.032988108937475946,0.0001660714285714286,0.0,0.0,0.017561751308290824,0.017561751308290824,466766.3144369454,-0.21911242436919098
2025-04-28,PANIC_STABILIZING_2,11,True,0.4,42.948941798941824,68.08902116402116,36.10846560846564,34.992989417989385,36.181216931216966,0.53,0.53,-0.000742666171555828,0.0001660714285714286,0.0,0.0,-0.00031555949949601744,-0.00031555949949601744,466619.0218923801,-0.21935884086171964
2025-04-29,PANIC_STABILIZING_2,11,True,0.4,42.288359788359806,67.71203703703704,39.54828042328046,34.3578042328042,34.455026455026484,0.53,0.53,0.01950947603121511,0.0001660714285714286,0.0,0.0,0.01041807586797258,0.01041807586797258,471480.2942638941,-0.21122606204015504
2025-04-30,PANIC_STABILIZING_2,11,True,0.4,41.85661375661377,67.57777777777778,40.37698412698416,34.08571428571425,34.071428571428605,0.53,0.53,0.0001822489520686421,0.0001656746031746032,0.0,0.0,0.00017445900808844383,0.00017445900808844383,471562.5482483647,-0.2110884533213323
2025-05-01,PANIC_STABILIZING_2,11,True,0.4,41.60793650793652,66.71164021164022,41.86375661375666,32.28425925925922,33.41005291005294,0.53,0.53,0.03443877551020402,0.0001656746031746032,0.0,0.0,0.018330418083900197,0.018330418083900197,480206.4869104665,-0.1966273748394961
2025-05-02,PANIC_STABILIZING_2,11,True,0.4,39.101058201058216,69.89212962962962,45.55661375661381,31.898677248677213,31.855820105820133,0.53,0.53,0.04685573366214535,0.0001656746031746032,0.0,0.0,0.024911405904429102,0.024911405904429102,492169.105623833,-0.17661423328161618
2025-05-05,RECOVERY_RETESTED,11,True,1.0,37.20185185185187,72.55958994708995,49.31164021164026,36.54550264550261,30.638888888888918,0.8,0.53,-0.017331314151102117,0.00016646825396825397,0.0,0.0,-0.009107356420719043,-0.009107356420719043,487686.7461596503,-0.1841131009308674
2025-05-06,RECOVERY_RETESTED,11,True,1.0,35.34761904761907,74.40416666666665,50.159920634920674,43.5828042328042,30.14947089947093,0.8,0.8,-0.0284246575342465,0.00016646825396825397,0.27,0.000135,-0.02270643237660355,-0.02284143237660355,476547.28232627886,-0.20274912636291176
2025-05-07,RECOVERY_RETESTED,11,True,1.0,34.93492063492065,73.18902116402116,48.35304232804236,48.71468253968251,30.69047619047622,0.8,0.8,0.011632005639760301,0.00016646825396825397,0.0,0.0,0.009338898162601892,0.009338898162601892,480997.7088655887,-0.1953036816439695
2025-05-08,RECOVERY_RETESTED,11,True,1.0,31.41005291005293,75.31825396825396,45.113888888888916,41.04894179894176,32.183862433862465,0.8,0.8,0.029790940766550644,0.00016686507936507938,0.0,0.0,0.02386612562911353,0.02386612562911353,492477.2606126906,-0.17609869821679935
2025-05-09,RECOVERY_RETESTED,11,True,1.0,27.44629629629632,76.52526455026454,44.62605820105824,36.28902116402113,37.15608465608469,0.8,0.8,-0.002368465572661127,0.00016686507936507938,0.0,0.0,-0.0018613994422558857,-0.0018613994422558857,491560.56371446245,-0.1776323076404125
2025-05-12,RECOVERY_RETESTED,11,True,1.0,19.895502645502667,80.74861111111112,46.8906084656085,28.72619047619044,35.33068783068786,0.8,0.8,0.12107851449889773,0.00016686507936507938,0.0,0.0,0.09689618461499121,0.09689618461499121,539190.9068455881,-0.09794801590013369
2025-05-13,RECOVERY_RETESTED,11,True,1.0,13.767460317460339,81.00046296296297,51.80105820105823,28.654100529100493,31.91137566137569,0.8,0.8,0.0458327030706398,0.00017003968253968254,0.0,0.0,0.03670017039301978,0.03670017039301978,558979.3050011881,-0.06484255438030695
2025-05-14,RECOVERY_RETESTED,11,True,1.0,8.010052910052929,82.1912037037037,56.067724867724905,25.069444444444404,24.98677248677252,0.8,0.8,0.017645357246167226,0.00016964285714285717,0.0,0.0,0.014150214368362354,0.014150214368362354,566888.9819944331,-0.051609876056618154
2025-05-15,RECOVERY_RETESTED,11,True,1.0,7.574338624338643,79.10853174603174,58.15277777777781,27.63267195767192,26.30291005291008,0.8,0.8,0.003126776577600854,0.00016964285714285717,0.0,0.0,0.0025353498335092548,0.0025353498335092548,568326.243880551,-0.049205375313776334
2025-05-16,RECOVERY_RETESTED,11,True,1.0,7.809259259259278,77.04497354497356,60.10687830687834,29.814947089947054,26.4219576719577,0.8,0.8,0.012326438084443225,0.00016845238095238095,0.0,0.0,0.009894840943745056,0.009894840943745056,573949.7416679051,-0.03979741373233836
2025-05-19,RECOVERY_RETESTED,11,True,1.0,8.05211640211642,74.73915343915344,61.27050264550268,34.67870370370367,31.587301587301614,0.8,0.8,0.00265920223932814,0.00016805555555555557,0.0,0.0,0.002160972902573623,0.002160972902573623,575190.0315070886,-0.03772244196243291
2025-05-20,RECOVERY_RETESTED,11,True,1.0,8.148148148148167,72.29517195767195,61.49034391534395,41.13994708994706,36.8187830687831,0.8,0.8,-0.010469011725293131,0.00016884920634920633,0.0,0.0,-0.008341439538964664,-0.008341439538964664,570392.118635857,-0.045749222032505754
2025-05-21,RECOVERY_RETESTED,11,True,1.0,12.17857142857145,63.2089947089947,58.68994708994713,51.20701058201055,47.162698412698454,0.8,0.8,-0.041613767809282054,0.00016845238095238095,0.0,0.0,-0.033257323771235164,-0.033257323771235164,551422.4032698235,-0.07748504911432375
2025-05-22,NORMAL_PARTICIPATION,11,False,0.0,15.662169312169333,57.12037037037036,56.41044973544977,57.103835978835946,52.85052910052912,0.35,0.8,0.005151604356785633,0.00016765873015873016,0.0,0.0,0.004154815231460252,0.004154815231460252,553713.4614698974,-0.07365216994513413
2025-05-23,NORMAL_PARTICIPATION,0,False,0.0,21.16931216931219,46.10515873015873,52.146164021164054,64.48148148148145,59.689153439153465,0.35,0.35,-0.028847561868502125,0.00016805555555555557,0.45000000000000007,0.00022500000000000005,-0.009987410542864632,-0.010212410542864632,548058.7122782562,-0.08311241429114624
2025-05-27,NORMAL_PARTICIPATION,0,False,0.0,17.92195767195769,48.68849206349207,54.00661375661378,63.974206349206305,55.7804232804233,0.35,0.35,0.06966224366706886,0.00016765873015873016,0.0,0.0,0.024490763458077273,0.024490763458077273,561481.0885618014,-0.06065713731190314
2025-05-28,NORMAL_PARTICIPATION,0,False,0.0,15.537037037037058,48.06878306878306,54.50529100529104,66.33333333333329,51.53439153439157,0.35,0.35,-0.01282774175359458,0.00016726190476190476,0.0,0.0,-0.004380989375662864,-0.004380989375662864,559021.2458781765,-0.06477238841344435
2025-05-29,NORMAL_PARTICIPATION,0,False,0.0,10.965608465608485,55.822751322751316,58.36111111111114,61.127645502645464,42.86375661375664,0.35,0.35,0.004855062116235986,0.00016726190476190476,0.0,0.0,0.0018079919787778332,0.0018079919787778332,560031.9518066907,-0.06308150439336435
2025-05-30,NORMAL_PARTICIPATION,0,False,0.0,9.744708994709015,57.703703703703695,57.5066137566138,60.499338624338584,38.95502645502648,0.35,0.35,-0.005257922410118021,0.00016765873015873016,0.0,0.0,-0.0017312946689381327,-0.0017312946689381327,559062.3714740927,-0.0647035863900377
2025-06-02,NORMAL_PARTICIPATION,0,False,0.0,9.715608465608485,61.50595238095238,59.43783068783073,53.349867724867686,31.47486772486775,0.35,0.35,0.02299999999999991,0.00016765873015873016,0.0,0.0,0.008158978174603143,0.008158978174603143,563623.7491611916,-0.05707252336460955
2025-06-03,GREED_EXHAUSTING,0,False,0.0,9.390211640211659,62.95965608465608,61.57341269841274,50.820767195767154,25.178571428571455,0.35,0.35,0.023320765256249043,0.00017083333333333336,0.0,0.0,0.008273309506353832,0.008273309506353832,568286.7828831337,-0.04927139250835966
2025-06-04,GREED_EXHAUSTING,0,False,0.0,11.136243386243406,63.70039682539683,64.93915343915347,47.11640211640207,22.374338624338648,0.35,0.35,0.008051310043668103,0.00017043650793650795,0.0,0.0,0.002928742245442566,0.002928742245442566,569951.1483916902,-0.04648695347164811
2025-06-05,GREED_EXHAUSTING,0,False,0.0,11.376984126984146,62.0489417989418,64.66468253968257,51.540343915343875,28.108465608465632,0.35,0.35,-0.023284147827264068,0.00017083333333333336,0.0,0.0,-0.008038410072875757,-0.008038410072875757,565369.6473394113,-0.05415168234948009
2025-06-06,GREED_EXHAUSTING,0,False,0.0,12.510582010582029,61.61772486772486,65.20105820105823,50.158730158730116,30.892857142857167,0.35,0.35,0.028551628551628294,0.00017083333333333336,0.0,0.0,0.01010411165973657,0.01010411165973657,571082.2053851547,-0.04459472533476516
2025-06-09,GREED_EXHAUSTING,0,False,0.0,14.996031746031763,60.173280423280424,65.99470899470903,49.78505291005286,33.313492063492085,0.35,0.35,0.004446840048511147,0.00017043650793650795,0.0,0.0,0.0016671777471376314,0.0016671777471376314,572034.300929759,-0.04300189492134543
2025-06-10,GREED_EXHAUSTING,0,False,0.0,17.369047619047638,59.16732804232803,68.60185185185189,44.43253968253964,35.978835978836,0.35,0.35,0.019318486718540306,0.00017083333333333336,0.0,0.0,0.006872512018155774,0.006872512018155774,575965.6135376962,-0.03642491394284009
2025-06-11,GREED_EXHAUSTING,0,False,0.0,19.242063492063508,55.369708994708986,67.33664021164024,46.73412698412694,44.570105820105844,0.35,0.35,-0.010265859436693892,0.00017123015873015876,0.0,0.0,-0.0034817511996682584,-0.0034817511996682584,573960.2445717937,-0.03977984265468992
2025-06-12,GREED_EXHAUSTING,0,False,0.0,17.427248677248695,53.63690476190476,65.07936507936512,46.47817460317456,52.78439153439155,0.35,0.35,0.006515957446808551,0.00017123015873015876,0.0,0.0,0.0023918847095575958,0.0023918847095575958,575333.0913046789,-0.03748310674252664
2025-06-13,NORMAL_PARTICIPATION,0,False,0.0,19.869047619047638,45.617063492063494,59.525793650793695,53.7109788359788,57.61904761904764,0.35,0.35,-0.03778570484872501,0.00017162698412698414,0.0,0.0,-0.013113439157371213,-0.013113439157371213,567788.4958166328,-0.050105013460200465
2025-06-16,NORMAL_PARTICIPATION,0,False,0.0,20.27248677248679,45.166666666666664,58.27910052910057,52.814814814814774,57.47354497354499,0.35,0.35,0.04077989839351903,0.00017123015873015876,0.0,0.0,0.014384264040906264,0.014384264040906264,575955.7154598482,-0.03644147316267887
2025-06-17,NORMAL_PARTICIPATION,0,False,0.0,27.00396825396827,38.82804232804232,54.587301587301624,60.002645502645464,60.469576719576736,0.35,0.35,-0.029551451187335043,0.00017043650793650795,0.0,0.0,-0.010232224185408534,-0.010232224185408534,570062.4074583956,-0.046300820025040434
2025-06-18,NORMAL_PARTICIPATION,0,False,0.0,27.392857142857164,41.97486772486772,54.82936507936512,59.42857142857139,59.2261904761905,0.35,0.35,-0.0013594344752584364,0.00017003968253968254,0.0,0.0,-0.00036527627268965904,-0.00036527627268965904,569854.1771869987,-0.04664918370676896
2025-06-20,RANGE_CARRY,0,False,0.0,27.935185185185205,37.25859788359788,51.516534391534435,63.79298941798938,61.83862433862436,0.35,0.35,-0.013748979036210085,0.00017003968253968254,0.0,0.0,-0.004701616869022735,-0.004701616869022735,567174.9411746534,-0.051131473986749554
2025-06-23,RANGE_CARRY,0,False,0.0,21.61640211640214,43.51785714285714,52.81283068783072,58.25925925925922,58.29365079365082,0.35,0.35,0.03105590062111796,0.00016884920634920633,0.0,0.0,0.01097931720151827,0.01097931720151827,573402.1347625622,-0.04071354545711314
2025-06-24,NORMAL_PARTICIPATION,0,False,0.0,16.37962962962965,50.18320105820106,56.73015873015877,52.66666666666663,52.72486772486775,0.35,0.35,0.045515394912985174,0.00016845238095238095,0.0,0.0,0.01603988226716386,0.01603988226716386,582599.4374958943,-0.025326703665760064
2025-06-25,GREED_EXHAUSTING,0,False,0.0,14.373015873015893,57.47354497354497,62.10780423280428,46.33201058201055,47.53968253968256,0.35,0.35,0.01045636363636393,0.00016845238095238095,0.0,0.0,0.0037692213203464227,0.0037692213203464227,584795.3837169256,-0.021652944296844723
2025-06-26,GREED_EXHAUSTING,0,False,0.0,15.105820105820124,59.50727513227513,67.60119047619052,42.728835978835946,44.72222222222225,0.35,0.35,0.027395514780835795,0.00016845238095238095,0.0,0.0,0.009697924220911576,0.009697924220911576,590466.6850329513,-0.012165008688883483
2025-06-27,GREED_TREND,0,False,0.0,16.275132275132297,60.15608465608465,70.56150793650798,39.19510582010579,45.575396825396844,0.35,0.35,0.009797841994295009,0.00016884920634920633,0.0,0.0,0.0035389966821302373,0.0035389966821302373,592556.3446721913,-0.008669063932141396
2025-06-30,GREED_TREND,0,False,0.0,16.42592592592595,61.65873015873015,73.441798941799,36.177910052910015,46.964285714285744,0.35,0.35,0.019405551461557424,0.00016884920634920633,0.0,0.0,0.006901694995672082,0.006901694995672082,596645.9878308692,-0.0018272001716268527
2025-07-01,GREED_TREND,0,False,0.0,14.695767195767218,61.326058201058196,71.52579365079369,38.0859788359788,48.723544973544996,0.35,0.35,-0.02542168674698797,0.00016964285714285717,0.0,0.0,-0.008787322504302931,-0.008787322504302931,591403.0671149009,-0.010598466478741742
2025-07-02,GREED_TREND,0,False,0.0,13.952380952380972,62.482142857142854,70.18253968253971,37.04761904761901,50.22486772486775,0.35,0.35,0.0199035727531216,0.0001692460317460318,0.0,0.0,0.007076260384227481,0.007076260384227481,595587.9892098367,-0.003597203602991428
2025-07-03,GREED_TREND,0,False,0.0,12.674603174603194,64.72222222222221,69.71693121693124,35.910052910052876,49.338624338624356,0.35,0.35,0.028000000000000025,0.00016964285714285717,0.0,0.0,0.009910267857142866,0.009910267857142866,601490.4257154033,0.0
2025-07-07,GREED_TREND,0,False,0.0,14.587301587301608,64.49537037037037,70.50992063492068,37.31349206349203,50.79365079365082,0.35,0.35,-0.02228510788822069,0.00017003968253968254,0.0,0.0,-0.0076892619672264476,-0.0076892619672264476,596865.408261299,-0.007689261967226413
2025-07-08,GREED_EXHAUSTING,0,False,0.0,13.846560846560868,63.63095238095238,70.44682539682543,40.84854497354494,50.19179894179897,0.35,0.35,0.0013265798359864966,0.00017003968253968254,0.0,0.0,0.0005748287362460675,0.0005748287362460675,597208.5036496388,-0.007118853239719614
2025-07-09,GREED_EXHAUSTING,0,False,0.0,13.445767195767218,60.772486772486765,70.60992063492067,44.6349206349206,48.670634920634946,0.35,0.35,0.020715404070817733,0.00017003968253968254,0.0,0.0,0.007360917218437,0.007360917218437,601604.5060071505,0.0
2025-07-10,GREED_EXHAUSTING,0,False,0.0,10.484126984127004,61.17063492063492,71.35304232804236,43.93716931216928,44.6230158730159,0.35,0.35,-0.004601769911504405,0.00017003968253968254,0.0,0.0,-0.001500093675375748,-0.001500093675375748,600702.0428926117,-0.0015000936753756244
2025-07-11,GREED_EXHAUSTING,0,False,0.0,8.86904761904764,58.879629629629626,70.39563492063496,47.85119047619043,43.63095238095241,0.35,0.35,-0.007586533902323334,0.00017003968253968254,0.0,0.0,-0.002544761072162373,-0.002544761072162373,599173.3997178901,-0.004041037367548461
2025-07-14,GREED_EXHAUSTING,0,False,0.0,7.531746031746052,58.18783068783068,67.77023809523814,49.066137566137535,46.124338624338655,0.35,0.35,0.010630673674151936,0.00016964285714285717,0.0,0.0,0.0038310036430960343,0.0038310036430960343,601468.8351950556,-0.00022551495332934213
2025-07-15,GREED_EXHAUSTING,0,False,0.0,9.085978835978855,54.263888888888886,67.30886243386247,50.58002645502642,49.33201058201061,0.35,0.35,0.0026001654650751327,0.00017003968253968254,0.0,0.0,0.00102058370642709,0.00102058370642709,602082.6844881793,0.0
2025-07-16,GREED_EXHAUSTING,0,False,0.0,12.419312169312187,51.64550264550264,68.47751322751327,49.57936507936504,52.03703703703707,0.35,0.35,0.0028291877873394267,0.00017003968253968254,0.0,0.0,0.001100741519219593,0.001100741519219593,602745.4218969987,0.0
2025-07-17,GREED_EXHAUSTING,0,False,0.0,13.69708994708997,50.372354497354486,71.30224867724871,50.377645502645464,51.76587301587304,0.35,0.35,0.02327495004114266,0.00016964285714285717,0.0,0.0,0.008256500371542788,0.008256500371542788,607721.9896968369,0.0
2025-07-18,GREED_EXHAUSTING,0,False,0.0,13.212962962962983,52.22420634920635,72.72129629629633,50.726190476190446,50.54232804232807,0.35,0.35,-0.003446295232624852,0.00016964285714285717,0.0,0.0,-0.001095935474275841,-0.001095935474275841,607055.9656098307,-0.0010959354742757776
2025-07-21,GREED_EXHAUSTING,0,False,0.0,13.293650793650814,53.44775132275132,74.96111111111115,49.535052910052876,49.71560846560849,0.35,0.35,0.015216138328530082,0.0001692460317460318,0.0,0.0,0.005435658335620449,0.005435658335620449,610355.714429486,0.0
2025-07-22,GREED_EXHAUSTING,0,False,0.0,12.978835978836,55.13161375661375,73.67843915343919,49.09722222222219,50.49603174603177,0.35,0.35,-0.015555807880095252,0.00016964285714285717,0.0,0.0,-0.00533426490089048,-0.00533426490089048,607099.9153649468,-0.005334264900890506
2025-07-23,GREED_EXHAUSTING,0,False,0.0,12.04761904761907,58.82473544973545,73.16653439153443,44.64087301587298,50.52248677248679,0.35,0.35,0.01314878892733562,0.00016964285714285717,0.0,0.0,0.004712343981710324,0.004712343981710324,609960.7789974136,-0.0006470578102828473
2025-07-24,GREED_EXHAUSTING,0,False,0.0,9.044973544973566,62.91865079365079,71.71375661375664,41.462301587301546,49.76190476190479,0.35,0.35,0.006602914389799652,0.00016964285714285717,0.0,0.0,0.002421287893572735,0.002421287893572735,611437.6696471542,0.0
2025-07-25,GREED_TREND,0,False,0.0,8.105820105820124,65.45370370370371,72.59960317460322,38.0125661375661,48.04232804232806,0.35,0.35,0.005654829224157387,0.00017003968253968254,0.0,0.0,0.0020897160221058793,0.0020897160221058793,612715.4007419349,0.0
2025-07-28,GREED_TREND,0,False,0.0,7.529100529100549,65.51785714285715,73.17658730158735,37.74735449735446,47.43386243386246,0.35,0.35,0.009727845254160927,0.00017003968253968254,0.0,0.0,0.003515271632607118,0.003515271632607118,614869.2618090245,0.0
2025-07-29,GREED_EXHAUSTING,0,False,0.0,7.189153439153459,62.63425925925926,72.1779100529101,40.82275132275129,48.46560846560849,0.35,0.35,-0.004510775742050499,0.0001692460317460318,0.0,0.0,-0.001468761589082754,-0.001468761589082754,613966.1654549717,-0.0014687615890828232
2025-07-30,GREED_EXHAUSTING,0,False,0.0,9.556878306878327,57.04100529100529,72.43716931216936,45.43584656084653,49.52380952380955,0.35,0.35,0.0034683374356678787,0.0001692460317460318,0.0,0.0,0.001323928023118678,0.001323928023118678,614779.0124666643,-0.0001467781005911606
2025-07-31,GREED_EXHAUSTING,0,False,0.0,14.89021164021166,43.93121693121693,70.08928571428575,54.215608465608426,52.91005291005293,0.35,0.35,-0.016501282194224642,0.00016964285714285717,0.0,0.0,-0.005665180910835767,-0.005665180910835767,611296.1781408556,-0.005811127486933354
2025-08-01,GREED_EXHAUSTING,0,False,0.0,24.686507936507954,30.777116402116402,63.55423280423284,63.81283068783065,58.048941798941826,0.35,0.35,-0.05997052488379995,0.00016964285714285717,0.0,0.0,-0.02087941585218712,-0.02087941585218712,598532.6710286001,-0.026569210391750753
2025-08-04,NORMAL_PARTICIPATION,0,False,0.0,29.25132275132277,26.043650793650794,59.613095238095276,67.64087301587297,58.24735449735453,0.35,0.35,0.05475156777616963,0.00016726190476190476,0.0,0.0,0.019271768959754607,0.019271768959754607,610067.4543795282,-0.007809477116108798
2025-08-05,RISK_WARNING,0,False,0.0,30.707671957671973,28.309523809523807,56.99537037037041,70.23677248677245,57.08994708994712,0.35,0.35,-0.020809512920192064,0.00016726190476190476,0.0,0.0,-0.007174609283971983,-0.007174609283971983,605690.4587574876,-0.014928056453060723
2025-08-06,GREED_EXHAUSTING,0,False,0.0,27.92460317460319,35.726190476190474,63.12433862433866,64.71494708994705,49.83465608465611,0.35,0.35,0.03736571695469415,0.00016686507936507938,0.0,0.0,0.013186463235730254,0.013186463235730254,613677.3737241259,-0.0019384414849294984
2025-08-07,GREED_EXHAUSTING,0,False,0.0,25.727513227513246,38.58994708994709,65.88624338624344,61.13955026455022,48.15476190476193,0.35,0.35,0.010130571814497946,0.0001660714285714286,0.0,0.0,0.0036536465636457095,0.0036536465636457095,615919.5339518201,0.0
2025-08-08,GREED_EXHAUSTING,0,False,0.0,23.710317460317484,45.65410052910053,72.05621693121698,51.906746031745996,42.04365079365082,0.35,0.35,0.02696679295743265,0.0001660714285714286,0.0,0.0,0.009546323963672854,0.009546323963672854,621799.3013584786,0.0
2025-08-11,GREED_EXHAUSTING,0,False,0.0,21.812169312169335,48.49007936507936,73.44246031746036,50.090608465608426,40.40343915343917,0.35,0.35,-0.0087890625,0.0001660714285714286,0.0,0.0,-0.0029682254464285713,-0.0029682254464285713,619953.6608496149,-0.0029682254464284963
2025-08-12,GREED_EXHAUSTING,0,False,0.0,20.862433862433882,53.24669312169312,76.0529100529101,45.68716931216928,35.25793650793653,0.35,0.35,0.03689107827038862,0.00016686507936507938,0.0,0.0,0.01302033969622332,0.01302033969622332,628025.6681097941,0.0
2025-08-13,GREED_EXHAUSTING,0,False,0.0,17.96031746031748,57.785714285714285,75.41798941798946,40.07341269841266,33.12169312169314,0.35,0.35,0.0014780405405405705,0.00016646825396825397,0.0,0.0,0.0006255185542685647,0.0006255185542685647,628418.5098177537,0.0
2025-08-14,GREED_TREND,0,False,0.0,16.052910052910075,62.792328042328045,76.12367724867728,34.92658730158727,30.324074074074094,0.35,0.35,-0.0027408812987561593,0.0001648809523809524,0.0,0.0,-0.0008521358355170366,-0.0008521358355170366,627883.0118858358,-0.0008521358355170205
2025-08-15,GREED_TREND,0,False,0.0,15.744708994709015,62.15145502645502,73.70171957671961,37.752645502645464,31.75925925925928,0.35,0.35,-0.014164904862579153,0.00016527777777777778,0.0,0.0,-0.004850286146347148,-0.004850286146347148,624837.5996117592,-0.005698288879226299
2025-08-18,GREED_EXHAUSTING,0,False,0.0,15.977513227513247,58.96626984126984,71.6673280423281,42.94841269841266,33.95502645502648,0.35,0.35,-0.0012867252841518573,0.00016527777777777778,0.0,0.0,-0.0003429232938975945,-0.0003429232938975945,624623.3282439492,-0.006039258097131905
2025-08-19,GREED_EXHAUSTING,0,False,0.0,18.75396825396827,50.17658730158729,67.1097883597884,50.48677248677245,38.06216931216934,0.35,0.35,-0.04079879750912596,0.00016646825396825397,0.0,0.0,-0.014171374763114721,-0.014171374763114721,615771.5569736203,-0.0201250482704608
2025-08-20,GREED_EXHAUSTING,0,False,0.0,21.637566137566157,40.2281746031746,62.20039682539687,57.88955026455023,43.06216931216934,0.35,0.35,-0.018244907096485408,0.00016527777777777778,0.0,0.0,-0.006278286928214336,-0.006278286928214336,611905.5664567066,-0.026276984371189083
2025-08-21,RANGE_CARRY,0,False,0.0,25.11137566137568,30.191798941798936,56.0337301587302,66.14748677248674,48.730158730158756,0.35,0.35,-0.013909474404286803,0.00016527777777777778,0.0,0.0,-0.004760885485944825,-0.004760885485944825,608992.3541265941,-0.030912768143626534
2025-08-22,RANGE_CARRY,0,False,0.0,20.701322751322774,36.06812169312169,55.691798941798986,63.14219576719574,44.0740740740741,0.35,0.35,0.04497629783790025,0.0001660714285714286,0.0,0.0,0.015849650671836517,0.015849650671836517,618644.67020132,-0.015553074048166082
2025-08-25,RANGE_CARRY,0,False,0.0,16.38386243386245,43.864417989417994,56.18981481481486,59.73677248677245,38.39285714285717,0.35,0.35,-0.008740871874308387,0.0001640873015873016,0.0,0.0,-0.0029526484099761893,-0.0029526484099761893,616818.0299995098,-0.018459799698783752
2025-08-26,RANGE_CARRY,0,False,0.0,11.285714285714306,51.69246031746031,59.200396825396865,55.15476190476187,30.965608465608494,0.35,0.35,0.01160843844179027,0.0001648809523809524,0.0,0.0,0.004170126073674213,0.004170126073674213,619390.2389491231,-0.014366653317148259
2025-08-27,RANGE_CARRY,0,False,0.0,9.726190476190496,52.25132275132275,58.61044973544977,53.61441798941795,32.354497354497376,0.35,0.35,0.004523888337195414,0.00016448412698412702,0.0,0.0,0.0016902756005580774,0.0016902756005580774,620437.1791572426,-0.012700661320153794
2025-08-28,GREED_EXHAUSTING,0,False,0.0,7.915343915343936,54.97089947089947,60.46891534391538,48.08267195767192,30.727513227513253,0.35,0.35,0.018233743409490355,0.0001636904761904762,0.0,0.0,0.006488209002845434,0.006488209002845434,624462.7052487507,-0.006294856862427811
2025-08-29,RANGE_CARRY,0,False,0.0,8.539682539682559,49.164021164021165,59.51653439153443,51.04894179894176,34.576719576719604,0.35,0.35,-0.03603020496224385,0.0001636904761904762,0.0,0.0,-0.012504172927261538,-0.012504172927261538,616654.3155956948,-0.0187203178109292
2025-09-02,RANGE_CARRY,0,False,0.0,10.539682539682559,41.35978835978836,55.58399470899476,55.77976190476187,41.56746031746034,0.35,0.35,-0.025514771709937323,0.00016250000000000002,0.0,0.0,-0.008824545098478062,-0.008824545098478062,611212.6217775495,-0.027379664620626798
2025-09-03,RANGE_CARRY,0,False,0.0,12.781746031746051,35.36574074074074,52.587301587301624,61.47089947089944,49.246031746031775,0.35,0.35,0.02331189710610926,0.00016130952380952383,0.0,0.0,0.00826401517761443,0.00826401517761443,616263.6921606686,-0.01934191540699548
2025-09-04,RANGE_CARRY,0,False,0.0,12.002645502645523,40.47883597883598,53.36441798941803,57.433862433862394,50.29100529100532,0.35,0.35,0.027045225002805484,0.00016051587301587302,0.0,0.0,0.009570164068442235,0.009570164068442235,622161.43680407,-0.009956856642396317
2025-09-05,RANGE_CARRY,0,False,0.0,12.101851851851874,47.93584656084656,58.38293650793654,52.00793650793647,46.190476190476225,0.35,0.35,0.003277972027972087,0.00015972222222222223,0.0,0.0,0.0012511096542346747,0.0012511096542346747,622939.8289841482,-0.008718204107632577
2025-09-08,GREED_EXHAUSTING,0,False,0.0,10.550264550264572,52.291666666666664,60.96097883597887,45.64748677248673,43.86243386243388,0.35,0.35,0.014267044216946134,0.00015615079365079366,0.0,0.0,0.005094963491804163,0.005094963491804163,626113.6846704133,-0.003667659547470725
2025-09-09,GREED_EXHAUSTING,0,False,0.0,11.263227513227534,54.661375661375665,63.01521164021168,40.71031746031742,43.075396825396844,0.35,0.35,0.008160635670568128,0.00015734126984126982,0.0,0.0,0.00295849431009567,0.00295849431009567,627966.0384439838,-0.0007200159872775558
2025-09-10,GREED_TREND,0,False,0.0,10.936507936507956,54.22420634920635,64.36111111111114,36.59656084656081,44.64947089947092,0.35,0.35,0.0010650761529449326,0.00015734126984126982,0.0,0.0,0.0004750484789275518,0.0004750484789275518,628264.3527553647,-0.0002453095508495595
2025-09-11,GREED_TREND,0,False,0.0,11.407407407407426,54.64417989417989,66.59523809523813,33.999999999999964,45.11904761904764,0.35,0.35,0.016810298967975257,0.00015694444444444444,0.0,0.0,0.005985618527680228,0.005985618527680228,632024.9035054983,0.0
2025-09-12,GREED_TREND,0,False,0.0,11.955026455026475,52.83465608465608,68.2916666666667,33.83994708994705,45.54232804232807,0.35,0.35,0.012451606152558359,0.00015654761904761906,0.0,0.0,0.004459818105776377,0.004459818105776377,634843.6196134537,0.0
2025-09-15,GREED_TREND,0,False,0.0,14.738095238095255,51.87433862433863,71.05939153439158,34.72156084656081,46.40873015873018,0.35,0.35,0.02552707730467141,0.00015654761904761906,0.0,0.0,0.009036233009015944,0.009036233009015944,640580.214484568,0.0
2025-09-16,GREED_TREND,0,False,0.0,18.65079365079367,49.03835978835979,71.61812169312172,38.47619047619044,49.29232804232807,0.35,0.35,-0.002720951325204224,0.00015575396825396825,0.0,0.0,-0.000851092884456399,-0.000851092884456399,640035.0212220966,-0.0008510928844563947
2025-09-17,GREED_EXHAUSTING,0,False,0.0,21.775132275132293,47.739417989417994,72.36216931216936,42.23611111111108,52.01058201058203,0.35,0.35,-0.0063662085691187364,0.00015496031746031747,0.0,0.0,-0.0021274487928423513,-0.0021274487928423513,638673.3794888209,-0.002976731020769008
2025-09-18,GREED_EXHAUSTING,0,False,0.0,21.52910052910055,48.01322751322751,73.62619047619052,42.90873015873012,52.38756613756616,0.35,0.35,0.026950066103935688,0.00015416666666666666,0.0,0.0,0.009532731469710825,0.009532731469710825,644761.6813123405,0.0
2025-09-19,GREED_EXHAUSTING,0,False,0.0,21.145502645502663,49.72949735449735,77.36574074074078,41.00396825396822,51.63359788359791,0.35,0.35,0.019805902158843258,0.0001545634920634921,0.0,0.0,0.007032532025436409,0.007032532025436409,649295.9884849438,0.0
2025-09-22,GREED_TREND,0,False,0.0,21.264550264550284,50.54431216931217,79.91534391534395,38.51455026455023,53.478835978836,0.35,0.35,0.01689648475432115,0.0001545634920634921,0.0,0.0,0.006014235933853672,0.006014235933853672,653201.007750597,0.0
2025-09-23,GREED_EXHAUSTING,0,False,0.0,22.124338624338645,49.73677248677248,78.49074074074078,42.38161375661372,57.030423280423314,0.35,0.35,-0.020148968678380452,0.0001533730158730159,0.0,0.0,-0.006952446577115697,-0.006952446577115697,648659.6626400929,-0.0069524465771155786
2025-09-24,GREED_EXHAUSTING,0,False,0.0,21.722222222222243,47.36243386243385,74.57870370370374,46.947089947089914,60.10582010582013,0.35,0.35,-0.00978828574213042,0.0001533730158730159,0.0,0.0,-0.0033262075494281864,-0.0033262075494281864,646502.0859732099,-0.010255528846251916
2025-09-25,GREED_EXHAUSTING,0,False,0.0,22.998677248677268,38.96891534391534,69.23015873015878,54.92526455026451,62.003968253968274,0.35,0.35,-0.013410906222266039,0.00015416666666666666,0.0,0.0,-0.00459360884445978,-0.00459360884445978,643532.3082731216,-0.014802027802699014
2025-09-26,GREED_EXHAUSTING,0,False,0.0,21.73809523809526,38.13227513227513,67.48809523809528,56.468915343915306,59.874338624338655,0.35,0.35,0.011994002998500841,0.00015496031746031747,0.0,0.0,0.004298625255824501,0.004298625255824501,646298.6125064036,-0.010567030917424503
2025-09-29,GREED_EXHAUSTING,0,False,0.0,21.19973544973547,39.25330687830688,66.80224867724871,56.68253968253964,60.34391534391538,0.35,0.35,0.013333333333333197,0.00015416666666666666,0.0,0.0,0.004766874999999952,0.004766874999999952,649379.437204895,-0.005850527632929148
2025-09-30,GREED_EXHAUSTING,0,False,0.0,18.728835978836,46.70965608465608,68.9246031746032,53.17526455026452,60.30423280423283,0.35,0.35,0.007797270955165914,0.00015496031746031747,0.0,0.0,0.002829769040657276,0.002829769040657276,651217.031031937,-0.003037314234238697
2025-10-01,GREED_EXHAUSTING,0,False,0.0,18.62962962962965,48.08730158730159,70.37367724867728,49.70171957671954,62.66534391534393,0.35,0.35,0.014119922630560833,0.00015416666666666666,0.0,0.0,0.005042181254029624,0.005042181254029624,654500.5853381109,0.0
2025-10-02,GREED_EXHAUSTING,0,False,0.0,17.75793650793653,50.10515873015873,71.23148148148152,44.502645502645464,63.33994708994711,0.35,0.35,0.012206751859622278,0.00015376984126984128,0.0,0.0,0.004372313547693194,0.004372313547693194,657362.2671143579,0.0
2025-10-03,GREED_EXHAUSTING,0,False,0.0,17.574074074074097,50.38227513227513,70.18452380952385,43.36640211640207,63.54497354497357,0.35,0.35,-0.013566986998304054,0.00015416666666666666,0.0,0.0,-0.0046482371160730855,-0.0046482371160730855,654306.691425651,-0.004648237116073095
2025-10-06,GREED_EXHAUSTING,0,False,0.0,17.464285714285737,50.602513227513235,69.86243386243392,41.791005291005256,64.44444444444447,0.35,0.35,0.022349570200573154,0.0001545634920634921,0.0,0.0,0.007922815840041873,0.007922815840041873,659490.6428447235,0.0
2025-10-07,GREED_EXHAUSTING,0,False,0.0,17.767195767195787,47.62301587301587,68.07870370370375,47.09854497354494,65.36375661375664,0.35,0.35,-0.016162182361733946,0.00015416666666666666,0.0,0.0,-0.005556555493273547,-0.005556555493273547,655826.1464904622,-0.005556555493273496
2025-10-08,GREED_EXHAUSTING,0,False,0.0,17.05687830687833,49.34391534391534,69.99867724867728,43.91798941798938,64.7751322751323,0.35,0.35,0.03389991453803054,0.00015376984126984128,0.0,0.0,0.011964920485136084,0.011964920485136084,663673.0541852937,0.0
2025-10-09,GREED_EXHAUSTING,0,False,0.0,17.685185185185205,48.04563492063492,70.76388888888893,48.183862433862394,63.756613756613795,0.35,0.35,-0.003949301983835363,0.00015376984126984128,0.0,0.0,-0.0012823052975169799,-0.0012823052975169799,662822.0227120927,-0.001282305297516828
2025-10-10,GREED_EXHAUSTING,0,False,0.0,26.20396825396827,38.101190476190474,64.01455026455031,56.47394179894176,66.39550264550267,0.35,0.35,-0.10493314891655148,0.0001545634920634921,0.0,0.0,-0.036626135850951744,-0.036626135850951744,638545.413263237,-0.03786147526043937
2025-10-13,RISK_WARNING,0,False,0.0,30.580952380952397,32.35052910052911,57.59523809523814,64.71402116402112,65.33730158730162,0.35,0.35,0.06345935922530144,0.00015416666666666666,0.0,0.0,0.022310984062188836,0.022310984062188836,652791.9898015369,-0.016395217969357057
2025-10-14,RISK_WARNING,0,False,0.0,33.67619047619049,30.0734126984127,48.16335978835983,68.65251322751318,66.65343915343918,0.35,0.35,-0.02034292356873013,0.00015416666666666666,0.0,0.0,-0.0070198149157222126,-0.0070198149157222126,648209.5108546641,-0.023299941489431375
2025-10-15,RANGE_CARRY,0,False,0.0,29.865079365079385,37.81018518518519,49.39550264550268,63.29431216931213,64.11375661375665,0.35,0.35,0.02046870364876896,0.00015416666666666666,0.0,0.0,0.0072642546104024685,0.0072642546104024685,652918.2697823968,-0.016204943586415665
2025-10-16,RISK_WARNING,0,False,0.0,35.92142857142859,37.222486772486775,45.175925925925974,64.07010582010578,72.59920634920638,0.35,0.35,-0.011143410852713198,0.0001545634920634921,0.0,0.0,-0.003799727528608349,-0.003799727528608349,650437.3582587733,-0.019943096744779232
2025-10-17,RISK_WARNING,0,False,0.0,33.82751322751324,40.67420634920635,46.01785714285719,58.65343915343911,73.84259259259262,0.35,0.35,0.01901028907398339,0.00015416666666666666,0.0,0.0,0.006753809509227519,0.006753809509227519,654830.2882741382,-0.013323979111990014
2025-10-20,RANGE_CARRY,0,False,0.0,28.711111111111126,47.78267195767196,48.68783068783073,49.98875661375657,70.25132275132277,0.35,0.35,0.03750360611597281,0.0001533730158730159,0.0,0.0,0.013225954600907943,0.013225954600907943,663491.0439381514,-0.00027424685392074544
2025-10-21,RANGE_CARRY,0,False,0.0,18.161375661375683,56.38161375661375,53.756613756613795,41.2109788359788,60.998677248677275,0.35,0.35,-0.001112243952173575,0.00015218253968253968,0.0,0.0,-0.00029036673246710045,-0.00029036673246710045,663298.388211702,-0.000564533954224844
2025-10-22,RANGE_CARRY,0,False,0.0,16.620370370370388,57.460978835978835,54.0337301587302,41.97552910052906,57.585978835978864,0.35,0.35,-0.029414493829451605,0.00015178571428571427,0.0,0.0,-0.010196412126022347,-0.010196412126022347,656535.1244829692,-0.010755189859390724
2025-10-23,RANGE_CARRY,0,False,0.0,15.453703703703722,58.92063492063492,54.1124338624339,41.37499999999996,55.218253968254,0.35,0.35,0.02504780114722749,0.00015178571428571427,0.0,0.0,0.008865391115815335,0.008865391115815335,662355.5651427811,-0.001985147708203905
2025-10-24,RANGE_CARRY,0,False,0.0,15.42328042328044,61.033068783068785,57.3055555555556,38.6970899470899,49.50396825396829,0.35,0.35,0.031150904681962244,0.0001513888888888889,0.0,0.0,0.011001219416464562,0.011001219416464562,669642.2840466333,0.0
2025-10-27,GREED_TREND,0,False,0.0,15.806878306878327,64.84126984126983,66.38558201058204,33.558862433862394,41.2698412698413,0.35,0.35,0.05309334298118662,0.0001505952380952381,0.0,0.0,0.01868055694817722,0.01868055694817722,682151.5748686739,0.0
2025-10-28,GREED_TREND,0,False,0.0,19.25925925925928,63.44146825396826,73.49603174603179,34.23842592592589,38.498677248677275,0.35,0.35,0.02284634544361408,0.00014900793650793654,0.0,0.0,0.008093076063995086,0.008093076063995086,687672.2794512601,0.0
2025-10-29,GREED_TREND,0,False,0.0,21.740740740740762,61.833333333333336,77.31746031746034,34.47817460317456,40.18518518518522,0.35,0.35,0.012763456209589297,0.00014900793650793654,0.0,0.0,0.004564064832086412,0.004564064832086412,690810.8603179043,0.0
2025-10-30,GREED_EXHAUSTING,0,False,0.0,22.809523809523828,58.38392857142858,76.32671957671961,40.3303571428571,41.84523809523813,0.35,0.35,-0.04576734930768589,0.0001505952380952381,0.0,0.0,-0.015920685352928156,-0.015920685352928156,679812.6779723973,-0.01592068535292812
2025-10-31,GREED_EXHAUSTING,0,False,0.0,24.31216931216933,55.10085978835979,74.67063492063495,44.24768518518514,42.519841269841294,0.35,0.35,0.014162829090277107,0.0001501984126984127,0.0,0.0,0.005054619149850955,0.005054619149850955,683248.8721527881,-0.010946539204140793
2025-11-03,GREED_EXHAUSTING,0,False,0.0,26.646825396825417,50.06415343915344,73.83134920634926,50.1455026455026,41.415343915343946,0.35,0.35,0.013708019191226883,0.00014900793650793654,0.0,0.0,0.004894661875659568,0.004894661875659568,686593.1443589018,-0.006105456936594145
2025-11-04,RISK_WARNING,0,False,0.0,31.02751322751325,41.18882275132275,69.973544973545,56.68816137566133,43.657407407407426,0.35,0.35,-0.06118999323867469,0.0001525793650793651,0.0,0.0,-0.02131732104623455,-0.02131732104623455,671956.8178724594,-0.0272926259971773
2025-11-05,RISK_WARNING,0,False,0.0,30.60158730158732,41.68121693121693,67.14021164021169,61.05158730158726,43.8161375661376,0.35,0.35,0.01944544472452292,0.00015178571428571427,0.0,0.0,0.006904566367868736,0.006904566367868736,676596.3883178016,-0.020576503376859567
2025-11-06,RISK_WARNING,0,False,0.0,33.09550264550266,36.2526455026455,58.97751322751327,68.53902116402114,47.34788359788362,0.35,0.35,-0.056075591663723,0.00015178571428571427,0.0,0.0,-0.019527796368017335,-0.019527796368017335,663383.9518233956,-0.039702485976967905
2025-11-07,RISK_WARNING,0,False,0.0,31.66164021164023,38.783068783068785,55.40277777777782,68.29232804232801,54.060846560846585,0.35,0.35,-0.010384507437552593,0.0001505952380952381,0.0,0.0,-0.0035366906983815023,-0.0035366906983815023,661037.7679715261,-0.043098761262492125
2025-11-10,RISK_WARNING,0,False,0.0,30.099470899470916,38.601190476190474,54.00793650793654,69.38492063492059,58.08201058201061,0.35,0.35,0.06551332955190015,0.0001501984126984127,0.0,0.0,0.02302729431141902,0.02302729431141902,676259.6792055699,-0.021063914811122242
2025-11-11,RANGE_CARRY,0,False,0.0,24.057936507936528,46.155423280423285,57.06878306878311,66.32870370370367,59.53703703703707,0.35,0.35,-0.008251264306627593,0.0001513888888888889,0.0,0.0,-0.0027895397295418793,-0.0027895397295418793,674373.2259629387,-0.023794695913438746
2025-11-12,RANGE_CARRY,0,False,0.0,20.86957671957674,50.63359788359788,58.882275132275176,64.05423280423277,56.97751322751326,0.35,0.35,-0.002057613168724326,0.0001513888888888889,0.0,0.0,-0.0006217618312757363,-0.0006217618312757363,673953.9264310007,-0.024401663111008665
2025-11-13,RANGE_CARRY,0,False,0.0,23.841005291005313,44.083333333333336,52.90410052910057,65.65079365079362,61.89814814814818,0.35,0.35,-0.0617660242043927,0.0001513888888888889,0.0,0.0,-0.021519705693759668,-0.021519705693759668,659450.6362830518,-0.04539625219618115
2025-11-14,RANGE_CARRY,0,False,0.0,28.596560846560873,38.06944444444444,47.156746031746074,66.32010582010578,66.88492063492068,0.35,0.35,0.0007643798968086646,0.00015178571428571427,0.0,0.0,0.00036619367816874686,0.00036619367816874686,659692.1229371231,-0.045046682338579114
2025-11-17,RISK_WARNING,0,False,0.0,39.38253968253971,28.92063492063492,41.12764550264554,70.37301587301583,74.41798941798945,0.35,0.35,-0.025682642734389916,0.0001513888888888889,0.0,0.0,-0.008890522179258693,-0.008890522179258693,653827.1154866683,-0.05353671598940468
2025-11-18,RISK_WARNING,0,False,0.0,48.518253968253994,26.138492063492066,37.691137566137606,73.33730158730155,80.89947089947093,0.35,0.35,-0.0361587457128858,0.00015218253968253968,0.0,0.0,-0.012556642348716377,-0.012556642348716377,645617.2422396094,-0.0654211169429173
2025-11-19,RANGE_CARRY,0,False,0.0,56.832010582010604,24.739021164021164,35.76851851851857,76.55224867724864,85.82010582010584,0.35,0.35,0.017181781211874636,0.0001509920634920635,0.0,0.0,0.006111768265425964,0.006111768265425964,649563.1052123412,-0.059709187383911844
2025-11-20,RANGE_CARRY,0,False,0.0,60.51322751322753,22.81904761904762,32.578703703703745,79.36798941798938,89.46428571428574,0.35,0.35,-0.07146426786606686,0.0001513888888888889,0.0,0.0,-0.02491409097534562,-0.02491409097534562,633379.830914853,-0.08313567823271051
2025-11-21,NORMAL_PARTICIPATION,0,False,0.0,57.858730158730175,28.90145502645503,31.535052910052958,75.59775132275128,86.84523809523812,0.35,0.35,0.022174381054897552,0.0001509920634920635,0.0,0.0,0.007859178210483984,0.007859178210483984,638357.675880939,-0.07592987813310703
2025-11-24,RISK_WARNING,0,False,0.0,48.419312169312185,37.17989417989418,32.54232804232809,68.63082010582006,78.10185185185189,0.35,0.35,0.07582139848357206,0.00014940476190476192,0.0,0.0,0.026634602564488314,0.026634602564488314,655360.0788720183,-0.05131763769546405
2025-11-25,RISK_WARNING,0,False,0.0,33.26666666666669,53.86904761904762,37.3518518518519,55.96719576719573,63.313492063492085,0.35,0.35,0.018206734534064184,0.00014980158730158732,0.0,0.0,0.006469728118668496,0.006469728118668496,659600.0804021494,-0.045179920740377466
2025-11-26,RANGE_CARRY,0,False,0.0,21.14973544973547,64.39325396825397,43.76851851851856,45.8412698412698,48.77645502645506,0.35,0.35,0.026148817535089464,0.00014940476190476192,0.0,0.0,0.009249199232519406,0.009249199232519406,665700.8529595747,-0.036348599596095266
2025-11-28,RANGE_CARRY,0,False,0.0,15.419047619047639,71.91349206349207,49.685846560846606,36.918650793650755,39.17328042328045,0.35,0.35,0.021922428330522825,0.0001501984126984127,0.0,0.0,0.0077704788839369566,0.0077704788839369566,670873.667380516,-0.02886056673778037
2025-12-01,RANGE_CARRY,0,False,0.0,13.100529100529121,73.68267195767196,53.182539682539726,33.78240740740737,35.820105820105844,0.35,0.35,-0.008984231756508976,0.00014861111111111113,0.0,0.0,-0.003047883892555919,-0.003047883892555919,668828.922335767,-0.031820486973846096
2025-12-02,RANGE_CARRY,0,False,0.0,11.653703703703725,75.36216931216931,56.697751322751365,29.614417989417948,33.71031746031749,0.35,0.35,0.023126734505087843,0.00014583333333333335,0.0,0.0,0.008189148743447412,0.008189148743447412,674306.0618646941,-0.023891920931316535
2025-12-03,RANGE_CARRY,0,False,0.0,10.123544973544993,75.369708994709,58.091931216931265,28.158068783068746,33.9219576719577,0.35,0.35,0.007052441229656425,0.00014424603174603175,0.0,0.0,0.0025621143510146695,0.0025621143510146695,676033.7111027738,-0.02139102041379337
2025-12-04,GREED_TREND,0,False,0.0,8.927248677248695,76.41269841269842,60.84589947089952,25.74007936507933,30.75396825396828,0.35,0.35,-0.003232178128927954,0.0001422619047619048,0.0,0.0,-0.0010387921070295458,-0.0010387921070295458,675331.4526195943,-0.022407591697655826
2025-12-05,GREED_TREND,0,False,0.0,8.347883597883618,75.57579365079366,63.313492063492106,26.933201058201025,29.70238095238098,0.35,0.35,0.011529454152404917,0.0001418650793650794,0.0,0.0,0.004127521254929022,0.004127521254929022,678118.8975444038,-0.01837255825373063
2025-12-08,GREED_TREND,0,False,0.0,7.989417989418008,72.82116402116402,63.41534391534396,31.396164021163987,31.726190476190506,0.35,0.35,-0.006233303650934996,0.0001418650793650794,0.0,0.0,-0.002089443976239947,-0.002089443976239947,676702.0060987552,-0.0204236137987992
2025-12-09,GREED_TREND,0,False,0.0,7.112433862433882,70.84034391534392,62.607804232804284,31.40476190476187,37.03703703703707,0.35,0.35,0.0037634408602149616,0.00014265873015873018,0.0,0.0,0.0014099324756784112,0.0014099324756784112,677656.1102335106,-0.019042477239486377
2025-12-10,GREED_TREND,0,False,0.0,6.623015873015892,69.82843915343915,61.51256613756618,30.8630952380952,39.33201058201061,0.35,0.35,0.011426530976611282,0.00014265873015873018,0.0,0.0,0.004092014016417123,0.004092014016417123,680429.0885348968,-0.015028385306840475
2025-12-11,GREED_TREND,0,False,0.0,5.523809523809543,71.52063492063492,61.256613756613795,29.401455026454993,34.68253968253971,0.35,0.35,-0.009532215357458074,0.00014107142857142858,0.0,0.0,-0.0032445789465388973,-0.0032445789465388973,678221.382639624,-0.018224203470812217
2025-12-12,RANGE_CARRY,0,False,0.0,7.011375661375681,66.00939153439153,57.48611111111114,37.26124338624335,34.65608465608469,0.35,0.35,-0.058634824451969325,0.0001398809523809524,0.0,0.0,-0.020431265939141643,-0.020431265939141643,664364.4612053013,-0.03828312586231286
2025-12-15,RANGE_CARRY,0,False,0.0,7.934391534391554,59.374735449735454,51.11375661375666,47.521164021163976,37.85052910052912,0.35,0.35,-0.015145778114350583,0.0001386904761904762,0.0,0.0,-0.0052108735304988935,-0.0052108735304988935,660902.5420198026,-0.043294510865590885
2025-12-16,RANGE_CARRY,0,False,0.0,9.339153439153458,55.65740740740741,46.21494708994714,54.41798941798938,43.94179894179897,0.35,0.35,0.005959246443675514,0.00013948412698412698,0.0,0.0,0.0021764009378261126,0.0021764009378261126,662340.930932066,-0.04121233614181552
2025-12-17,RANGE_CARRY,0,False,0.0,12.545502645502665,53.71626984126984,41.92460317460322,58.79894179894176,46.058201058201085,0.35,0.35,-0.05599082744123829,0.0001390873015873016,0.0,0.0,-0.019506382858401655,-0.019506382858401655,649421.0551505149,-0.05991481539294585
2025-12-18,RANGE_CARRY,0,False,0.0,15.311111111111131,54.68849206349207,41.34854497354502,59.98875661375657,44.298941798941826,0.35,0.35,0.0427125506072874,0.0001390873015873016,0.0,0.0,0.015039799458582337,0.015039799458582337,659188.2175841597,-0.04577612274247134
2025-12-19,NORMAL_PARTICIPATION,0,False,0.0,13.764285714285734,55.289021164021165,43.77711640211644,59.821428571428534,39.451058201058224,0.35,0.35,0.0390215492137449,0.00013829365079365082,0.0,0.0,0.013747433097826587,0.013747433097826587,668250.3635042735,-0.03265799382952472
2025-12-22,RANGE_CARRY,0,False,0.0,7.664021164021185,61.536375661375665,52.253306878306915,54.15343915343911,30.211640211640233,0.35,0.35,0.013639760837070192,0.00013829365079365082,0.0,0.0,0.00486380716599044,0.00486380716599044,671500.6044109612,-0.027953028847949368
2025-12-23,RANGE_CARRY,0,False,0.0,2.8431216931217134,64.60912698412699,58.43055555555559,49.25793650793647,27.50000000000003,0.35,0.35,0.014009216589861762,0.0001390873015873016,0.0,0.0,0.0049936325524833625,0.0049936325524833625,674853.83168816,-0.023098983450261734
2025-12-24,GREED_EXHAUSTING,0,False,0.0,2.4521164021164226,64.24603174603176,61.07976190476194,43.78373015873012,28.247354497354525,0.35,0.35,0.00791754226504282,0.00013948412698412698,0.0,0.0,0.0028618044753046697,0.0028618044753046697,676785.1314038617,-0.020303283749169898
2025-12-26,GREED_TREND,0,False,0.0,2.7103174603174813,64.09060846560847,61.10462962962966,39.81150793650789,31.236772486772512,0.35,0.35,-0.0009031791907514464,0.00014107142857142858,0.0,0.0,-0.00022441628819157763,-0.00022441628819157763,676633.2497967688,-0.02052314364978436
2025-12-29,RANGE_CARRY,0,False,0.0,2.8425925925926143,60.98809523809524,59.421428571428606,39.783730158730116,33.849206349206376,0.35,0.35,-0.014825528837461577,0.0001390873015873016,0.0,0.0,-0.005098528347079806,-0.005098528347079806,673183.4159921032,-0.02551703416719464
2025-12-30,RANGE_CARRY,0,False,0.0,4.932804232804254,56.702380952380956,56.61812169312173,43.427248677248635,38.59126984126987,0.35,0.35,-0.0071572765645072645,0.00014067460317460318,0.0,0.0,-0.0024136083055140505,-0.0024136083055140505,671558.6149081303,-0.027869054347110733
2025-12-31,RANGE_CARRY,0,False,0.0,8.283333333333355,48.72156084656084,52.23082010582015,48.65013227513223,44.38492063492066,0.35,0.35,-0.025508317929759716,0.00013948412698412698,0.0,0.0,-0.008837246592876219,-0.008837246592876219,665623.8858266168,-0.036460015234411225
2026-01-02,RANGE_CARRY,0,False,0.0,11.965079365079385,44.62367724867726,49.222222222222264,51.95701058201055,48.41269841269843,0.35,0.35,-0.007018209408194198,0.00014027777777777777,0.0,0.0,-0.0023651927373124133,-0.0023651927373124133,664049.5570460779,-0.03873897300848905
2026-01-05,RANGE_CARRY,0,False,0.0,13.273544973544995,45.43121693121694,47.54232804232808,51.46164021164017,51.3756613756614,0.35,0.35,0.02387774594078329,0.00013948412698412698,0.0,0.0,0.008447875761813833,0.008447875761813833,669659.3652036907,-0.030618359277791107
2026-01-06,RANGE_CARRY,0,False,0.0,10.993121693121715,52.93253968253969,48.750000000000036,44.59589947089943,50.4298941798942,0.35,0.35,0.02630597014925362,0.0001390873015873016,0.0,0.0,0.009297496298270513,0.009297496298270513,675885.5206727743,-0.021605537061564872
2026-01-07,RANGE_CARRY,0,False,0.0,8.439682539682561,57.67592592592593,50.082671957672,37.989417989417944,50.707671957671984,0.35,0.35,0.002908562079621868,0.0001386904761904762,0.0,0.0,0.0011081455373914632,0.0011081455373914632,676634.5001962953,-0.02052133360365116
2026-01-08,RANGE_CARRY,0,False,0.0,5.5674603174603385,60.1223544973545,48.523809523809554,34.99603174603171,50.714285714285744,0.35,0.35,-0.01776327714337511,0.00013829365079365082,0.0,0.0,-0.0061272561271654155,-0.0061272561271654155,672488.587309116,-0.026522850263756004
2026-01-09,RANGE_CARRY,0,False,0.0,3.825396825396847,62.257936507936506,48.83928571428575,30.868386243386198,48.77645502645506,0.35,0.35,0.028972135080273187,0.00013829365079365082,0.0,0.0,0.010230138151111488,0.010230138151111488,679368.238462334,-0.01656404453500404
2026-01-12,RANGE_CARRY,0,False,0.0,1.9325396825397034,64.49537037037037,50.13293650793654,27.43981481481477,46.52116402116405,0.35,0.35,0.0023314203730273597,0.00013829365079365082,0.0,0.0,0.000905888003575449,0.000905888003575449,679983.6699995672,-0.015673161700663574
2026-01-13,RANGE_CARRY,0,False,0.0,1.976190476190497,62.61838624338625,52.909391534391574,28.10052910052906,47.73809523809527,0.35,0.35,-0.005188763642869909,0.00014027777777777777,0.0,0.0,-0.0017248867194489125,-0.0017248867194489125,678810.7751977429,-0.017371013991643203
2026-01-14,RANGE_CARRY,0,False,0.0,4.000529100529121,54.68783068783069,50.462962962963,36.49735449735446,54.391534391534414,0.35,0.35,-0.03183453237410072,0.00014027777777777777,0.0,0.0,-0.011050905775379696,-0.011050905775379696,671309.3012817202,-0.02822995432817843
2026-01-15,RANGE_CARRY,0,False,0.0,4.540211640211661,53.82208994708995,48.22023809523813,40.314814814814774,58.06216931216934,0.35,0.35,0.010217350919561552,0.00014027777777777777,0.0,0.0,0.003667253377402099,0.003667253377402099,673771.1625841269,-0.02466622734613033
2026-01-16,RANGE_CARRY,0,False,0.0,5.579894179894201,53.820767195767196,47.41732804232809,43.19510582010577,59.90079365079367,0.35,0.35,-0.0044133872747333935,0.00014067460317460318,0.0,0.0,-0.0014532470540931956,-0.0014532470540931956,672792.0066269686,-0.02608362827799715
2026-01-20,RANGE_CARRY,0,False,0.0,12.152380952380973,51.79298941798942,42.125661375661416,48.37830687830683,65.99867724867727,0.35,0.35,-0.06298485408200971,0.00014027777777777777,0.0,0.0,-0.02195351837314784,-0.02195351837314784,658021.8549481764,-0.0474645192385057
2026-01-21,RANGE_CARRY,0,False,0.0,14.043386243386264,51.10218253968254,38.37764550264554,52.600198412698376,68.41269841269845,0.35,0.35,0.03942440370589395,0.000141468253968254,0.0,0.0,0.013890495662142247,0.013890495662142247,667162.1046699288,-0.03423332927495171
2026-01-22,RANGE_CARRY,0,False,0.0,11.878042328042348,54.66964285714286,36.16732804232808,50.39318783068779,66.60052910052913,0.35,0.35,0.02218850749099177,0.000141468253968254,0.0,0.0,0.007857931986926484,0.007857931986926484,672404.6191126799,-0.026644400461153794
2026-01-23,RANGE_CARRY,0,False,0.0,3.49947089947092,62.37136243386244,41.51719576719581,43.39186507936503,59.801587301587325,0.35,0.35,0.008905380333951829,0.0001418650793650794,0.0,0.0,0.0032090954184704414,0.0032090954184704414,674562.4296952327,-0.02352080946613122
2026-01-26,RANGE_CARRY,0,False,0.0,1.1931216931217143,63.205026455026456,44.49537037037041,39.433862433862394,58.33333333333335,0.35,0.35,0.01287237955130549,0.000141468253968254,0.0,0.0,0.004597287208036286,0.004597287208036286,677663.5869242925,-0.019031654174576085
2026-01-27,RANGE_CARRY,0,False,0.0,1.0171957671957885,63.915343915343925,46.44312169312173,34.76455026455022,59.193121693121725,0.35,0.35,0.026506899055918742,0.00014027777777777777,0.0,0.0,0.009368595225127115,0.009368595225127115,684012.3427689938,-0.009841358813875378
2026-01-28,RANGE_CARRY,0,False,0.0,0.4060846560846774,64.75859788359789,48.97420634920639,30.479497354497312,58.97486772486775,0.35,0.35,0.009197028652281558,0.00014027777777777777,0.0,0.0,0.003310140583854101,0.003310140583854101,686276.5197846505,-0.006563794511231458
2026-01-29,RANGE_CARRY,0,False,0.0,1.6746031746031962,63.00330687830689,49.0337301587302,31.984788359788315,60.72089947089949,0.35,0.35,-0.017875920084121977,0.00014067460317460318,0.0,0.0,-0.006165133537379199,-0.006165133537379199,682045.5333966103,-0.012688461378936977
2026-01-30,RANGE_CARRY,0,False,0.0,4.671957671957693,52.9298941798942,45.03439153439157,40.60185185185181,64.45105820105822,0.35,0.35,-0.03640256959314769,0.00014027777777777777,0.0,0.0,-0.012649718802046135,-0.012649718802046135,673417.8491889515,-0.02517767471250909
2026-02-02,RANGE_CARRY,0,False,0.0,6.035714285714306,49.828042328042336,42.590608465608504,45.68518518518514,65.66798941798943,0.35,0.35,0.020370370370370372,0.00014027777777777777,0.0,0.0,0.007220810185185185,0.007220810185185185,678280.4716532606,-0.018138667737327197
2026-02-03,RANGE_CARRY,0,False,0.0,9.335185185185205,44.45833333333334,38.484126984127016,51.30158730158726,68.43915343915346,0.35,0.35,-0.046823956442831216,0.00014107142857142858,0.0,0.0,-0.0162966883264195,-0.0162966883264195,667226.7462088306,-0.034139755848974995
2026-02-04,RANGE_CARRY,0,False,0.0,15.560052910052931,43.44609788359789,34.400992063492104,55.541335978835946,72.44708994708998,0.35,0.35,-0.052551408987052683,0.00014107142857142858,0.0,0.0,-0.018301296716897012,-0.018301296716897012,655015.6315490131,-0.05181625076423757
2026-02-05,RANGE_CARRY,0,False,0.0,28.03412698412701,36.0154761904762,25.02552910052914,63.86970899470896,82.08333333333336,0.35,0.35,-0.042604501607717005,0.00014107142857142858,0.0,0.0,-0.014819879134129521,-0.014819879134129521,645308.3790584912,-0.06586821932485731
2026-02-06,RANGE_CARRY,0,False,0.0,28.527513227513253,40.76382275132276,23.384854497354535,62.622685185185155,80.66137566137569,0.35,0.35,0.061922753988245205,0.00014027777777777777,0.0,0.0,0.021764144451441376,0.021764144451441376,659352.9638360456,-0.045537640313561445
2026-02-09,RANGE_CARRY,0,False,0.0,23.866666666666692,47.91428571428572,25.655820105820144,58.58201058201055,74.484126984127,0.35,0.35,0.02273176517098241,0.00014067460317460318,0.0,0.0,0.008047556301907335,0.008047556301907335,664659.1439353457,-0.037856550735933414
2026-02-10,RANGE_CARRY,0,False,0.0,13.693386243386266,56.492394179894184,29.63313492063496,53.67427248677245,65.57539682539685,0.35,0.35,-0.013915732508697265,0.00014107142857142858,0.0,0.0,-0.0047788099494726136,-0.0047788099494726136,661482.8642052995,-0.04245445142409643
2026-02-11,RANGE_CARRY,0,False,0.0,10.183597883597908,59.9298941798942,29.963161375661414,49.849867724867686,63.5383597883598,0.35,0.35,0.007448059584476585,0.00014107142857142858,0.0,0.0,0.002698517283138233,0.002698517283138233,663267.8871468572,-0.039870498211872385
2026-02-12,RANGE_CARRY,0,False,0.0,13.512698412698436,58.98544973544975,26.147883597883638,49.75925925925922,68.49206349206351,0.35,0.35,-0.06108949416342413,0.000141468253968254,0.0,0.0,-0.02128936859211908,-0.02128936859211908,649147.3326220718,-0.06031104907160734
2026-02-13,RANGE_CARRY,0,False,0.0,20.391534391534417,55.96296296296297,23.849140211640247,48.365740740740705,72.5793650793651,0.35,0.35,0.004351429755491187,0.000141468253968254,0.0,0.0,0.0016149547795012806,0.0016149547795012806,650195.6762094903,-0.05879349390906119
2026-02-17,RANGE_CARRY,0,False,0.0,29.974338624338646,50.09523809523811,20.996626984127023,52.64748677248673,76.62698412698415,0.35,0.35,-0.0024757582009490298,0.00014067460317460318,0.0,0.0,-0.0007750768782686683,-0.0007750768782686683,649691.72457451,-0.0595230013096083
2026-02-18,RISK_WARNING,0,False,0.0,30.655820105820126,49.751984126984134,23.012500000000035,51.47751322751319,74.71560846560848,0.35,0.35,0.021509824198552296,0.00014107142857142858,0.0,0.0,0.007620134898064732,0.007620134898064732,654642.463157924,-0.05235643971106063
2026-02-19,RISK_WARNING,0,False,0.0,30.337301587301607,50.01719576719578,23.867658730158766,53.81746031746028,75.1388888888889,0.35,0.35,-0.01133832759667952,0.000141468253968254,0.0,0.0,-0.003876460293758467,-0.003876460293758467,652104.7676428842,-0.05602994234515646
2026-02-20,RANGE_CARRY,0,False,0.0,23.842063492063517,55.710317460317476,26.755687830687865,48.69444444444441,73.83597883597885,0.35,0.35,0.025189432725783334,0.00014107142857142858,0.0,0.0,0.008907997882595595,0.008907997882595595,657913.7155322775,-0.04762105907033343
2026-02-23,RANGE_CARRY,0,False,0.0,23.84470899470902,53.14417989417992,25.44814814814818,50.73941798941795,76.11111111111113,0.35,0.35,-0.036356372353176236,0.00014107142857142858,0.0,0.0,-0.012633033895040254,-0.012633033895040254,649602.2692639463,-0.05965249451202048
2026-02-24,RANGE_CARRY,0,False,0.0,19.423015873015895,55.068783068783084,26.704100529100568,45.225529100529066,74.12037037037038,0.35,0.35,0.031923714759535704,0.00014107142857142858,0.0,0.0,0.011264996594408924,0.011264996594408924,656920.036614925,-0.04905948306513741
2026-02-25,RANGE_CARRY,0,False,0.0,16.814550264550288,54.08994708994711,29.066534391534432,44.72949735449731,70.27116402116404,0.35,0.35,0.041984732824427384,0.00014107142857142858,0.0,0.0,0.014786352917121012,0.014786352917121012,666633.4881146414,-0.03499854097854904
2026-02-26,RANGE_CARRY,0,False,0.0,12.744708994709017,59.522486772486786,31.410449735449774,40.290343915343875,64.47089947089948,0.35,0.35,-0.03508771929824561,0.00014107142857142858,0.0,0.0,-0.012189005325814534,-0.012189005325814534,658507.8889776457,-0.04676094890198035
2026-02-27,RANGE_CARRY,0,False,0.0,14.262169312169334,60.70072751322753,30.915277777777817,40.246362433862394,63.33994708994711,0.35,0.35,-0.01058941058941043,0.00014067460317460318,0.0,0.0,-0.0036148552142301585,-0.0036148552142301585,656127.4783015631,-0.05020677005624996
2026-03-02,RANGE_CARRY,0,False,0.0,19.205555555555577,60.74107142857145,27.396296296296338,37.96263227513224,68.31349206349209,0.35,0.35,0.003634894991922488,0.00014027777777777777,0.0,0.0,0.0013633938027284263,0.0013633938027284263,657022.0384392793,-0.04891182785267112
2026-03-03,RANGE_CARRY,0,False,0.0,27.73888888888891,52.39384920634924,24.474801587301624,39.46197089947086,75.26455026455028,0.35,0.35,-0.03219315895372232,0.0001422619047619048,0.0,0.0,-0.011175135395707574,-0.011175135395707574,649679.7282017566,-0.05954036694967346
2026-03-04,RANGE_CARRY,0,False,0.0,29.14550264550267,51.437169312169324,25.23829365079369,38.20833333333329,76.19708994708996,0.35,0.35,0.04490644490644491,0.0001418650793650794,0.0,0.0,0.015809468018843018,0.015809468018843018,659950.8190872528,-0.044672200457951616
2026-03-05,RISK_WARNING,0,False,0.0,32.192328042328064,45.291666666666686,26.039682539682577,44.066137566137535,77.87698412698414,0.35,0.35,-0.009152407481098357,0.0001418650793650794,0.0,0.0,-0.0031111303167971234,-0.0031111303167971234,657897.6260863955,-0.04764434973758591
2026-03-06,RISK_WARNING,0,False,0.0,34.36931216931219,39.90873015873017,26.45132275132279,49.83134920634918,81.28174603174604,0.35,0.35,-0.04538152610441759,0.000141468253968254,0.0,0.0,-0.015791579771466793,-0.015791579771466793,647508.3832425935,-0.06268354995951197
2026-03-09,RISK_WARNING,0,False,0.0,36.994708994709015,34.56679894179896,26.107407407407447,54.44312169312166,86.67857142857144,0.35,0.35,0.03891459823306698,0.00014107142857142858,0.0,0.0,0.01371180581014487,0.01371180581014487,656386.8924540568,-0.04983124881390244
2026-03-10,RISK_WARNING,0,False,0.0,34.904761904761926,34.72552910052912,25.787962962963004,53.2136243386243,89.06613756613758,0.35,0.35,0.00020247013565488636,0.0001418650793650794,0.0,0.0,0.00016307684906651182,0.00016307684906651182,656493.9339602467,-0.04967629828787756
2026-03-11,RISK_WARNING,0,False,0.0,30.31428571428573,40.572751322751344,28.818121693121736,50.24735449735446,86.223544973545,0.35,0.35,-0.0010121457489877805,0.0001418650793650794,0.0,0.0,-0.00026203871055842154,-0.00026203871055842154,656321.9071363024,-0.049925319885287256
2026-03-12,RISK_WARNING,0,False,0.0,34.724603174603196,32.997354497354515,27.768518518518558,56.66203703703699,87.73809523809526,0.35,0.35,-0.051063829787234116,0.0001418650793650794,0.0,0.0,-0.01778012812394464,-0.01778012812394464,644652.4195368673,-0.06681776942504247
2026-03-13,RISK_WARNING,0,False,0.0,38.70608465608467,27.237433862433885,26.51322751322755,63.118386243386205,89.66137566137569,0.35,0.35,-0.019218449711723262,0.0001422619047619048,0.0,0.0,-0.006633987161007903,-0.006633987161007903,640375.8036623469,-0.07300848836155771
2026-03-16,RISK_WARNING,0,False,0.0,38.91693121693123,28.512566137566157,27.104497354497397,65.50595238095235,88.88756613756617,0.35,0.35,0.03331156107119537,0.0001422619047619048,0.0,0.0,0.011751516613013619,0.011751516613013619,647901.1905576569,-0.06211493221241593
2026-03-17,RISK_WARNING,0,False,0.0,30.875661375661394,41.10714285714288,30.818121693121736,59.93981481481478,83.34523809523812,0.35,0.35,0.014749262536873031,0.0001422619047619048,0.0,0.0,0.005254712126000798,0.005254712126000798,651305.7248001306,-0.057186616173917404
2026-03-18,RISK_WARNING,0,False,0.0,31.005555555555574,46.142195767195794,32.247354497354536,59.52711640211637,81.66005291005293,0.35,0.35,-0.042774086378737475,0.0001422619047619048,0.0,0.0,-0.014878459994462877,-0.014878459994462877,641615.2986295271,-0.07121422738741812
2026-03-19,RISK_WARNING,0,False,0.0,30.09285714285716,45.938492063492085,30.783730158730197,57.70767195767192,82.18915343915346,0.35,0.35,-0.008893709327548849,0.00014265873015873018,0.0,0.0,-0.003020070090038922,-0.003020070090038922,639677.5754568247,-0.07401922551933893
2026-03-20,RISK_WARNING,0,False,0.0,35.931216931216944,38.129629629629655,26.003968253968296,62.07539682539679,87.22222222222224,0.35,0.35,-0.05712409717662503,0.00014265873015873018,0.0,0.0,-0.019900705837215583,-0.019900705837215583,626947.5401969953,-0.0924468965231956
2026-03-23,RISK_WARNING,0,False,0.0,37.91349206349208,38.5469576719577,24.88293650793655,60.75661375661372,87.00396825396827,0.35,0.35,0.03458681522748375,0.00014305555555555558,0.0,0.0,0.012198371440730422,0.012198371440730422,634595.2791661704,-0.08137622666479793
2026-03-24,RISK_WARNING,0,False,0.0,44.052645502645525,38.266534391534414,22.590608465608508,64.56746031746027,88.65740740740743,0.35,0.35,-0.02131478573031198,0.00014305555555555558,0.0,0.0,-0.007367188894498081,-0.007367188894498081,629920.0958729965,-0.08814390152593499
2026-03-25,RISK_WARNING,0,False,0.0,42.01190476190479,43.84986772486775,22.4358465608466,60.11243386243382,87.5330687830688,0.35,0.35,0.01929426868409001,0.00014305555555555558,0.0,0.0,0.006845980150542615,0.006845980150542615,634232.5163457709,-0.08190135277563027
2026-03-26,RISK_WARNING,0,False,0.0,43.48121693121695,40.22222222222224,19.709656084656125,62.65873015873012,89.10714285714288,0.35,0.35,-0.07118720432529857,0.00014265873015873018,0.0,0.0,-0.02482279333925132,-0.02482279333925132,618489.0936634865,-0.10469112576072703
2026-03-27,RISK_WARNING,0,False,0.0,45.48941798941801,36.40343915343917,17.32473544973549,63.042328042327995,91.22222222222224,0.35,0.35,-0.05942275042444811,0.00014265873015873018,0.0,0.0,-0.02070523447395366,-0.02070523447395366,605683.131959601,-0.12322870592846269
2026-03-30,NORMAL_PARTICIPATION,0,False,0.0,53.03306878306879,29.06150793650796,14.379100529100569,69.58465608465605,94.03174603174607,0.35,0.35,-0.02294997421351208,0.00014265873015873018,0.0,0.0,-0.007939762800126053,-0.007939762800126053,600874.1515598042,-0.13019006203335026
2026-03-31,RISK_WARNING,0,False,0.0,49.665079365079386,35.41137566137568,16.0087301587302,65.57407407407403,87.93386243386247,0.35,0.35,0.10002639218791232,0.0001418650793650794,0.0,0.0,0.03510144956735661,0.03510144956735661,621965.7052871089,-0.09965847236262837
2026-04-01,RISK_WARNING,0,False,0.0,43.35370370370372,43.482804232804256,19.58148148148152,60.33333333333329,79.42989417989422,0.35,0.35,0.03718809980806137,0.000141468253968254,0.0,0.0,0.013107789297900843,0.013107789297900843,630118.3007025326,-0.08785698532220743
2026-04-02,RISK_WARNING,0,False,0.0,34.164021164021186,54.773148148148174,24.102513227513267,51.7460317460317,70.03968253968257,0.35,0.35,0.0023132084200787606,0.000141468253968254,0.0,0.0,0.0009015773121069312,0.0009015773121069312,630686.4010663893,-0.0870346178747774
2026-04-06,RISK_WARNING,0,False,0.0,31.65740740740743,59.992063492063515,26.618386243386283,46.37433862433858,69.31878306878309,0.35,0.35,0.017770597738287597,0.000141468253968254,0.0,0.0,0.006311663573480023,0.006311663573480023,634667.0814502893,-0.08127228752856908
2026-04-07,RISK_WARNING,0,False,0.0,30.744444444444458,63.50264550264552,27.88822751322755,40.79100529100524,72.04365079365083,0.35,0.35,0.0011337868480725266,0.0001422619047619048,0.0,0.0,0.0004892956349206224,0.0004892956349206224,634977.6212828708,-0.08082275806917627
2026-04-08,NORMAL_PARTICIPATION,0,False,0.0,25.662698412698433,69.0218253968254,33.87896825396829,34.26058201058196,66.23015873015875,0.35,0.35,0.08720271800679513,0.0001418650793650794,0.0,0.0,0.030613163603965595,0.030613163603965595,654416.2950880602,-0.0526838347809061
2026-04-09,NORMAL_PARTICIPATION,0,False,0.0,17.741005291005308,72.61970899470901,40.54232804232808,29.169047619047575,55.63492063492066,0.35,0.35,0.020000000000000018,0.00014107142857142858,0.0,0.0,0.007091696428571434,0.007091696428571434,659057.2167907351,-0.045965756115293854
2026-04-10,NORMAL_PARTICIPATION,0,False,0.0,8.297883597883617,76.73346560846562,49.22751322751327,26.088095238095196,42.572751322751344,0.35,0.35,0.004289215686274606,0.00014067460317460318,0.0,0.0,0.001592663982259604,0.001592663982259604,660106.873482166,-0.04444630013721651
2026-04-13,NORMAL_PARTICIPATION,0,False,0.0,4.777513227513246,76.63730158730161,53.161904761904815,26.813359788359747,37.129629629629655,0.35,0.35,0.030303030303030276,0.00014107142857142858,0.0,0.0,0.010697757034632025,0.010697757034632025,667168.5364315688,-0.03422401882254067
2026-04-14,NORMAL_PARTICIPATION,0,False,0.0,4.12089947089949,76.19126984126987,57.61878306878311,28.45423280423276,34.345238095238116,0.35,0.35,0.054283458349782876,0.0001418650793650794,0.0,0.0,0.019091422724011306,0.019091422724011306,679905.7329887438,-0.01578598130918507
2026-04-15,GREED_TREND,0,False,0.0,5.51058201058203,75.11488095238097,61.447751322751365,29.88578042328038,32.063492063492085,0.35,0.35,0.041939711664482404,0.0001418650793650794,0.0,0.0,0.014771111384156143,0.014771111384156143,689948.696301447,-0.001248046413254822
2026-04-16,GREED_TREND,0,False,0.0,6.89153439153441,73.22605820105822,65.95476190476194,31.07493386243382,32.182539682539705,0.35,0.35,0.014016172506738478,0.0001418650793650794,0.0,0.0,0.004997872678945768,0.004997872678945768,693396.9720405662,0.0
2026-04-17,GREED_TREND,0,False,0.0,8.044973544973564,71.80039682539685,69.39894179894183,31.420171957671915,31.957671957671987,0.35,0.35,0.038277511961722466,0.000141468253968254,0.0,0.0,0.013489083551682227,0.013489083551682227,702750.2617309049,0.0
2026-04-20,GREED_TREND,0,False,0.0,9.628306878306896,70.25727513227515,70.19206349206354,34.215476190476146,35.760582010582034,0.35,0.35,-0.008704557091653964,0.000141468253968254,0.0,0.0,-0.002954640616999522,-0.002954640616999522,700673.8872639877,-0.002954640616999571
2026-04-21,GREED_TREND,0,False,0.0,12.80291005291007,69.74689153439157,69.20634920634926,37.25449735449731,40.74735449735452,0.35,0.35,-0.011707988980716233,0.0001418650793650794,0.0,0.0,-0.00400558384166338,-0.00400558384166338,697867.2792628875,-0.006948389397949617
2026-04-22,GREED_TREND,0,False,0.0,16.775132275132293,68.28505291005293,69.10727513227518,39.132407407407364,46.5277777777778,0.35,0.35,0.04895470383275269,0.00014107142857142858,0.0,0.0,0.017225842770034867,0.017225842770034867,709888.6312898222,0.0
2026-04-23,GREED_EXHAUSTING,0,False,0.0,18.095238095238113,68.02361111111112,69.11150793650796,41.54007936507932,46.76587301587304,0.35,0.35,-0.01644245142002998,0.00014107142857142858,0.0,0.0,-0.005663161568439064,-0.005663161568439064,705868.4172752298,-0.005663161568439046
2026-04-24,GREED_EXHAUSTING,0,False,0.0,18.95105820105822,65.63915343915346,71.54880952380955,42.374338624338584,48.42592592592595,0.35,0.35,0.056399864910503306,0.00014107142857142858,0.0,0.0,0.019831649147247582,0.019831649147247582,719866.9520707552,0.0
2026-04-27,GREED_EXHAUSTING,0,False,0.0,17.416137566137586,64.56626984126986,72.04332010582014,45.67890211640208,53.04232804232807,0.35,0.35,0.0012787723785165905,0.00014107142857142858,0.0,0.0,0.0005392667610522353,0.0005392667610522353,720255.1523903868,0.0
2026-04-28,GREED_EXHAUSTING,0,False,0.0,15.994973544973563,62.227976190476205,72.19828042328047,50.26388888888885,58.492063492063515,0.35,0.35,-0.030332056194125157,0.00014067460317460318,0.0,0.0,-0.010524781175880312,-0.010524781175880312,712674.6245206777,-0.010524781175880182
2026-04-29,GREED_EXHAUSTING,0,False,0.0,14.247619047619068,60.33134920634922,70.28478835978841,53.74603174603171,64.68915343915347,0.35,0.35,0.018439249259137203,0.00014067460317460318,0.0,0.0,0.006545175732761513,0.006545175732761513,717339.2051784454,-0.0040484919854636425
2026-04-30,GREED_EXHAUSTING,0,False,0.0,12.281216931216948,60.809193121693134,70.45456349206354,53.46726190476186,64.728835978836,0.35,0.35,0.027158098933074637,0.00014067460317460318,0.0,0.0,0.009596773118639613,0.009596773118639613,724223.3467796483,0.0
2026-05-01,GREED_EXHAUSTING,0,False,0.0,11.641534391534412,62.59193121693122,73.33042328042332,48.91534391534387,65.19841269841272,0.35,0.35,0.027699087189172245,0.00014067460317460318,0.0,0.0,0.009786119008273777,0.009786119008273777,731310.6826398043,0.0
2026-05-04,GREED_EXHAUSTING,0,False,0.0,11.474867724867744,63.72023809523811,75.05859788359793,49.409391534391496,63.86243386243388,0.35,0.35,-0.0059724349157733725,0.00014067460317460318,0.0,0.0,-0.001998913728457188,-0.001998913728457188,729848.8556765082,-0.0019989137284572855
2026-05-05,GREED_EXHAUSTING,0,False,0.0,12.982804232804254,63.16865079365081,76.82156084656089,47.79828042328038,65.07275132275134,0.35,0.35,0.03820674780465261,0.000141468253968254,0.0,0.0,0.013464316096707776,0.013464316096707776,739675.7713721571,0.0
2026-05-06,GREED_EXHAUSTING,0,False,0.0,16.130952380952404,60.569444444444464,78.71058201058206,43.52777777777774,69.06084656084658,0.35,0.35,0.0620270069743285,0.00014107142857142858,0.0,0.0,0.021801148869586402,0.021801148869586402,755801.5529790678,0.0
2026-05-07,GREED_EXHAUSTING,0,False,0.0,19.694444444444468,58.09193121693124,82.53981481481486,40.06283068783065,69.92063492063495,0.35,0.35,-0.0032136369987423308,0.00014107142857142858,0.0,0.0,-0.0010330765209883872,-0.0010330765209883872,755020.7521401586,-0.0010330765209883852
2026-05-08,GREED_TREND,0,False,0.0,24.292328042328066,54.65191798941802,84.41309523809527,38.52791005291001,72.32804232804234,0.35,0.35,0.06924586487244189,0.00014107142857142858,0.0,0.0,0.024327749133926085,0.024327749133926085,773388.7075891325,0.0
2026-05-11,GREED_TREND,0,False,0.0,27.033068783068803,53.183002645502675,84.22433862433866,38.188756613756574,73.13492063492066,0.35,0.35,0.008914525432616616,0.00014107142857142858,0.0,0.0,0.0032117803299872437,0.0032117803299872437,775872.6622276014,0.0
2026-05-12,GREED_EXHAUSTING,0,False,0.0,27.858465608465632,53.55932539682542,83.68809523809527,40.006878306878264,73.71693121693124,0.35,0.35,-0.02598752598752596,0.000141468253968254,0.0,0.0,-0.009003679730554721,-0.009003679730554721,768886.9532652112,-0.009003679730554714
2026-05-13,GREED_EXHAUSTING,0,False,0.0,27.67460317460319,53.308201058201085,83.08611111111115,42.451851851851806,74.79497354497357,0.35,0.35,0.030416221985058778,0.000141468253968254,0.0,0.0,0.010737632059849936,0.010737632059849936,777142.9784649921,0.0
2026-05-14,GREED_EXHAUSTING,0,False,0.0,27.00793650793653,53.453703703703724,83.92566137566142,44.66931216931212,73.55158730158733,0.35,0.35,0.022138788192646475,0.00014107142857142858,0.0,0.0,0.007840272295997694,0.007840272295997694,783235.9910290804,0.0
2026-05-15,GREED_EXHAUSTING,0,False,0.0,28.32089947089949,50.566798941798965,82.44596560846566,50.70833333333329,74.50396825396828,0.35,0.35,-0.04572514249525017,0.00014107142857142858,0.0,0.0,-0.01591210344476613,-0.01591210344476613,770773.0589181617,-0.015912103444766235
2026-05-18,GREED_EXHAUSTING,0,False,0.0,27.73492063492066,46.24338624338626,80.7919973544974,60.28835978835974,72.49338624338627,0.35,0.35,-0.013538624900451435,0.00014107142857142858,0.0,0.0,-0.004646822286586573,-0.004646822286586573,767191.4134900804,-0.02048498501443896
2026-05-19,GREED_EXHAUSTING,0,False,0.0,27.291534391534412,40.43187830687833,77.14001322751328,72.19576719576715,71.13756613756615,0.35,0.35,-0.01870290635091476,0.00014067460317460318,0.0,0.0,-0.006454578730756674,-0.006454578730756674,762239.516110148,-0.026807341796621698
2026-05-20,GREED_EXHAUSTING,0,False,0.0,24.466666666666686,44.499338624338655,77.27050264550267,69.42460317460312,68.2804232804233,0.35,0.35,0.049088166735225425,0.00014027777777777777,0.0,0.0,0.017272038912884452,0.017272038912884452,775404.9466933408,-0.009998320334399513
2026-05-21,GREED_EXHAUSTING,0,False,0.0,23.278835978835996,51.42791005291008,78.13227513227515,65.45899470899467,65.70105820105822,0.35,0.35,0.005750882237615995,0.00013948412698412698,0.0,0.0,0.002103473465705281,0.002103473465705281,777035.9904238868,-0.007915878070219318
2026-05-22,GREED_EXHAUSTING,0,False,0.0,20.8320105820106,61.04563492063494,80.3161375661376,56.74669312169308,64.55026455026457,0.35,0.35,0.011565951916829187,0.00014067460317460318,0.0,0.0,0.004139521662953708,0.004139521662953708,780252.5477391412,-0.003809124356018545
2026-05-26,GREED_EXHAUSTING,0,False,0.0,19.66931216931219,63.58134920634924,80.95899470899475,49.50727513227508,65.50264550264552,0.35,0.35,0.05280061664953761,0.00014067460317460318,0.0,0.0,0.018571654319401658,0.018571654319401658,794743.1283375849,0.0
2026-05-27,GREED_EXHAUSTING,0,False,0.0,18.496031746031765,65.3783068783069,81.26388888888893,43.47949735449731,67.98941798941802,0.35,0.35,-0.003416717510677292,0.00014067460317460318,0.0,0.0,-0.00110441263667356,-0.00110441263667356,793865.4039837393,-0.0011044126366736018
2026-05-28,GREED_TREND,0,False,0.0,18.543650793650812,65.359126984127,82.18716931216936,39.1402116402116,68.21428571428574,0.35,0.35,0.02461124035753648,0.00014067460317460318,0.0,0.0,0.008705372617201258,0.008705372617201258,800776.2981333227,0.0
2026-05-29,GREED_TREND,0,False,0.0,18.280423280423303,64.39550264550267,83.48809523809528,37.76455026455022,66.36243386243389,0.35,0.35,0.010516252390057268,0.00014107142857142858,0.0,0.0,0.003772384765091472,0.003772384765091472,803797.1344406472,0.0
2026-06-01,GREED_TREND,0,False,0.0,18.989417989418012,62.34722222222225,84.39153439153442,35.730820105820065,66.05820105820108,0.35,0.35,0.017502365184484336,0.00014107142857142858,0.0,0.0,0.006217524243140946,0.006217524243140946,808794.7626105992,0.0
2026-06-02,GREED_TREND,0,False,0.0,18.534391534391556,62.03835978835982,84.97182539682542,35.78637566137562,67.17592592592595,0.35,0.35,0.013714551371454942,0.00014464285714285715,0.0,0.0,0.004894110837152086,0.004894110837152086,812753.0938233235,0.0
2026-06-03,GREED_TREND,0,False,0.0,18.34920634920637,62.26917989417992,84.34153439153442,38.380291005290964,69.95370370370374,0.35,0.35,-0.007567071772529244,0.00014424603174603175,0.0,0.0,-0.0025547151997503143,-0.0025547151997503143,810676.7411408889,-0.002554715199750368
2026-06-04,GREED_EXHAUSTING,0,False,0.0,15.73941798941801,63.49867724867727,82.418253968254,42.18187830687827,70.84656084656088,0.35,0.35,-0.015480591497227358,0.00014464285714285715,0.0,0.0,-0.005324189166886718,-0.005324189166886718,806360.5448178595,-0.007865302579646127
2026-06-05,GREED_EXHAUSTING,0,False,0.0,26.152910052910073,53.48406084656087,69.2724867724868,52.857738095238055,75.15211640211642,0.35,0.35,-0.14280685285144334,0.00014464285714285715,0.0,0.0,-0.04988838064086231,-0.04988838064086231,766132.523024213,-0.05736129601155948
2026-06-08,RISK_WARNING,0,False,0.0,31.32169312169314,50.00919312169314,59.23875661375666,58.8500661375661,73.78968253968256,0.35,0.35,0.04407939767282687,0.00014464285714285715,0.0,0.0,0.015521807042632261,0.015521807042632261,778024.2842156799,-0.042729839937334035
2026-06-09,RISK_WARNING,0,False,0.0,40.090740740740756,43.9830687830688,47.369708994709036,65.99206349206345,77.13624338624341,0.35,0.35,-0.03343385341549754,0.00014543650793650794,0.0,0.0,-0.011607314965265408,-0.011607314965265408,768993.5112981633,-0.053841176192031326
2026-06-10,RISK_WARNING,0,False,0.0,39.474603174603196,43.235052910052936,43.99603174603178,66.20370370370365,79.3320105820106,0.35,0.35,-0.060363537710255044,0.00014503968253968256,0.0,0.0,-0.02103296240493847,-0.02103296240493847,752819.2996853874,-0.07374169916228523
2026-06-11,RISK_WARNING,0,False,0.0,39.20714285714288,42.21884920634923,42.12916666666671,65.12003968253964,80.31084656084658,0.35,0.35,0.09730041865165306,0.00014503968253968256,0.0,0.0,0.034149422321729364,0.034149422321729364,778527.6438822922,-0.04211051326797066
2026-06-12,RISK_WARNING,0,False,0.0,30.391005291005314,50.13419312169314,45.302645502645554,56.34437830687826,71.44179894179896,0.35,0.35,0.019865807130640567,0.00014464285714285715,0.0,0.0,0.007047050352867055,0.007047050352867055,784013.9673898297,-0.035360217822488105
2026-06-15,NORMAL_PARTICIPATION,0,False,0.0,19.039417989418013,64.60185185185188,55.47103174603179,44.73531746031742,56.19047619047621,0.35,0.35,0.09120227038183715,0.00014464285714285715,0.0,0.0,0.03201481249078586,0.03201481249078586,809114.0275459721,-0.004477456074922559
2026-06-16,NORMAL_PARTICIPATION,0,False,0.0,12.868253968253988,69.47387566137569,59.33392857142861,42.8564153439153,47.44708994708997,0.35,0.35,-0.05508925404894194,0.00014503968253968256,0.0,0.0,-0.019186963123478885,-0.019186963123478885,793589.5865367581,-0.023578510413804876
2026-06-17,NORMAL_PARTICIPATION,0,False,0.0,15.16084656084658,65.70965608465612,58.9832010582011,45.32473544973541,46.891534391534414,0.35,0.35,-0.029901163518078366,0.00014503968253968256,0.0,0.0,-0.010371131437676633,-0.010371131437676633,785359.164627214,-0.033705106020875286
2026-06-18,NORMAL_PARTICIPATION,0,False,0.0,16.20317460317462,62.94708994708998,58.423677248677286,44.97288359788356,46.269841269841294,0.35,0.35,0.06873871550167654,0.00014662698412698413,0.0,0.0,0.024153857965269327,0.024153857965269327,804328.6183413423,-0.010365356399138492
2026-06-22,NORMAL_PARTICIPATION,0,False,0.0,17.454497354497374,62.81613756613759,58.95515873015878,41.0099206349206,46.679894179894205,0.35,0.35,-0.0034994569808134424,0.00014662698412698413,0.0,0.0,-0.001129502403602165,-0.001129502403602165,803420.1272336396,-0.01148315110777387
2026-06-23,NORMAL_PARTICIPATION,0,False,0.0,23.86693121693124,55.34325396825398,56.04841269841274,45.31746031746028,48.70370370370373,0.35,0.35,-0.09857108258658276,0.00014742063492063494,0.0,0.0,-0.03440405549260555,-0.03440405549260555,775779.2165924173,-0.04549213963243748
2026-06-24,RISK_WARNING,0,False,0.0,30.50899470899473,46.34391534391537,48.333068783068825,53.712301587301546,52.20899470899474,0.35,0.35,-0.01301411875335845,0.00014742063492063494,0.0,0.0,-0.004459118150977044,-0.004459118150977044,772319.9254065594,-0.049748402957852655
2026-06-25,RISK_WARNING,0,False,0.0,34.40105820105822,43.81018518518521,42.48234126984131,56.3359788359788,54.821428571428605,0.35,0.35,0.022510231923601687,0.00014742063492063494,0.0,0.0,0.007974404585959003,0.007974404585959003,778478.716961549,-0.0421707122645848
2026-06-26,RISK_WARNING,0,False,0.0,34.5783068783069,43.97883597883601,41.49113756613761,57.14285714285711,53.18121693121696,0.35,0.35,-0.04162775183455647,0.0001470238095238095,0.0,0.0,-0.014474147665904286,-0.014474147665904286,767210.9010574839,-0.05603447481399515
2026-06-29,RISK_WARNING,0,False,0.0,31.96719576719578,49.45634920634924,43.30039682539687,54.369047619047585,51.55423280423284,0.35,0.35,0.07462063204789082,0.00014662698412698413,0.0,0.0,0.026212528756444326,0.026212528756444326,787321.4388637107,-0.03129075133996484
2026-06-30,NORMAL_PARTICIPATION,0,False,0.0,27.407142857142873,54.54828042328045,47.69146825396829,50.71825396825394,47.18915343915347,0.35,0.35,0.04935872522347462,0.00014821428571428573,0.0,0.0,0.017371893113930403,0.017371893113930403,800998.702745957,-0.014462437813766993
2026-07-01,NORMAL_PARTICIPATION,0,False,0.0,19.147089947089963,63.35383597883601,50.75978835978841,45.18584656084653,43.51190476190479,0.35,0.35,-0.0437037037037038,0.00014821428571428573,0.0,0.0,-0.015199957010582042,-0.015199957010582042,788823.5568986863,-0.02944256639131171
2026-07-02,NORMAL_PARTICIPATION,0,False,0.0,15.616931216931235,63.999338624338655,50.20912698412703,46.66071428571425,42.3214285714286,0.35,0.35,-0.053059643687064284,0.00014742063492063494,0.0,0.0,-0.018475051877774085,-0.018475051877774085,774250.0007625729,-0.04737366532759146
2026-07-06,NORMAL_PARTICIPATION,0,False,0.0,14.409259259259278,60.54232804232807,48.87010582010586,49.08928571428567,41.825396825396844,0.35,0.35,0.04185412406271305,0.00014623015873015872,0.0,0.0,0.01474399302512417,0.01474399302512417,785665.5373735185,-0.03332814929363204
2026-07-07,NORMAL_PARTICIPATION,0,False,0.0,16.31402116402118,53.57870370370373,48.185846560846606,55.08531746031742,42.98941798941801,0.35,0.35,-0.05482857890604553,0.00014821428571428573,0.0,0.0,-0.01909366333140165,-0.01909366333140165,770664.3041118238,-0.05178545616296226
2026-07-08,NORMAL_PARTICIPATION,0,False,0.0,18.850793650793673,50.58068783068786,49.08002645502649,58.39880952380949,44.19973544973547,0.35,0.35,0.006783884812404661,0.00014781746031746032,0.0,0.0,0.0024704410335479807,0.0024704410335479807,772568.1848317924,-0.04944294804526028
2026-07-09,NORMAL_PARTICIPATION,0,False,0.0,19.186243386243405,48.61441798941802,51.458994708994744,63.87103174603171,45.19841269841273,0.35,0.35,0.049779977997799874,0.00014821428571428573,0.0,0.0,0.01751933158494424,0.01751933158494424,786103.063033839,-0.032789823861658185
2026-07-10,NORMAL_PARTICIPATION,0,False,0.0,15.203439153439172,54.41600529100532,56.93915343915347,60.34259259259256,42.2751322751323,0.35,0.35,0.009038511920356207,0.00014662698412698413,0.0,0.0,0.003258786711807212,0.003258786711807212,788664.8052497646,-0.029637892192133863
2026-07-13,NORMAL_PARTICIPATION,0,False,0.0,12.748941798941816,55.175264550264586,56.71560846560851,60.921957671957635,43.40608465608469,0.35,0.35,-0.056990782811891516,0.00014742063492063494,0.0,0.0,-0.01985095057146362,-0.01985095057146362,773009.0591832986,-0.04890050243064892
2026-07-14,NORMAL_PARTICIPATION,0,False,0.0,11.67142857142859,54.45833333333337,55.13888888888892,59.118386243386205,43.941798941798965,0.35,0.35,0.032764317180616676,0.00014900793650793654,0.0,0.0,0.011564366171945995,0.011564366171945995,781948.4189979257,-0.03790163957480319
2026-07-15,NORMAL_PARTICIPATION,0,False,0.0,12.095238095238114,52.609126984127016,51.12433862433866,58.495370370370324,47.75793650793653,0.35,0.35,-0.007731271660890382,0.0001470238095238095,0.0,0.0,-0.0026103796051211575,-0.0026103796051211575,779907.2367927169,-0.04041308151297751
2026-07-16,NORMAL_PARTICIPATION,0,False,0.0,12.897089947089965,50.023809523809554,48.95171957671962,56.63888888888885,51.12433862433864,0.35,0.35,-0.049704459967759296,0.00014662698412698413,0.0,0.0,-0.017301253449033212,-0.017301253449033212,766413.864022231,-0.05701513799609814
2026-07-17,NORMAL_PARTICIPATION,0,False,0.0,21.173280423280442,44.53703703703707,41.60383597883602,61.25925925925922,59.35185185185187,0.35,0.35,-0.04537743850720943,0.0001470238095238095,0.0,0.0,-0.015786538001332825,-0.015786538001332825,754314.8424330957,-0.07190160435480442
2026-07-20,NORMAL_PARTICIPATION,0,False,0.0,27.423280423280442,42.40608465608469,34.720899470899504,63.49589947089944,67.73148148148151,0.35,0.35,0.0017769880053311038,0.00014742063492063494,0.0,0.0,0.000717769214564299,0.000717769214564299,754856.2664050831,-0.0712354438983237
2026-07-21,NORMAL_PARTICIPATION,0,False,0.0,26.505820105820124,46.070767195767225,35.6421957671958,61.94232804232801,66.71296296296299,0.35,0.35,0.05498891352549884,0.00014781746031746032,0.0,0.0,0.019342201083130943,0.019342201083130943,769456.8480987516,-0.0532710930953203
2026-07-22,RANGE_CARRY,0,False,0.0,21.361904761904782,51.414682539682566,39.912037037037074,60.300793650793615,66.75925925925928,0.35,0.35,-0.015272523469244792,0.00014821428571428573,0.0,0.0,-0.005249043928521391,-0.005249043928521391,765417.9353019797,-0.05824051471606406
2026-07-23,NORMAL_PARTICIPATION,0,False,0.0,20.738888888888905,47.707671957671984,40.21428571428575,64.04365079365074,66.71296296296299,0.35,0.35,-0.05663062037564037,0.00014900793650793654,0.0,0.0,-0.01972386197274397,-0.01972386197274397,750320.9375946207,-0.07681564881532676
2026-07-24,NORMAL_PARTICIPATION,0,False,0.0,23.485714285714298,42.34656084656087,35.03306878306883,67.26521164021159,72.75132275132277,0.35,0.35,-0.03469079939668174,0.0001513888888888889,0.0,0.0,-0.01204337701106083,-0.01204337701106083,741284.539663876,-0.0879339060073554
