date,QQQ_Haven_35_20_45,TQQQ_Haven_35_20_45,QQQ_Haven_50_15_35,TQQQ_Haven_50_15_35,QQQ_Haven_60_10_30,TQQQ_Haven_60_10_30,QQQ_Static35,TQQQ_Static35,QQQ_BuyHold,TQQQ_BuyHold,BIL_like_Cash
2016-07-25,100.0,100.0,100.0,100.0,100.0,100.0,100.0,100.0,100.0,100.0,100.0
2016-07-26,100.04050885595161,100.11753403872696,100.05755516836625,100.16759114375964,100.06891937664268,100.20096254711474,100.04050885595161,100.11753403872696,100.11437620974839,100.33444816053512,100.00073412698414
2016-07-27,100.28405033628486,100.80106634861818,100.4052330614013,101.14425597549928,100.48604124940942,101.37321163493868,100.28405033628486,100.80106634861818,100.80943163821925,102.29033487151263,100.00142857652668
2016-07-28,100.40703544797276,101.18554329521578,100.58083955952794,101.69507773042106,100.69679908126284,102.03555318895108,100.40703544797276,101.18554329521578,101.161358437445,103.40375089962322,100.0021230308918
2016-07-29,100.48374322842619,101.4178348584741,100.6904150756792,102.02839498129472,100.82834939020312,102.43677989902969,100.48374322842619,101.4178348584741,101.3813126869611,104.0811142627323,100.00257938978659
2016-08-01,100.67029694353764,101.97552755093709,100.95722022163986,102.82964357867408,101.14883812365282,103.40200888259798,100.67029694353764,101.97552755093709,101.91800105578037,105.715253376233,100.0031548014537
2016-08-02,100.40303323490498,101.1712306852625,100.57406060072141,101.67075335443683,100.68804946007101,102.00347274331658,100.40303323490498,101.1712306852625,101.14376209748369,103.33178104229286,100.00376990022333
2016-08-03,100.51959334146025,101.50820940460285,100.74059356204535,102.15426036982494,100.88799164598802,102.5854544239183,100.51959334146025,101.50820940460285,101.47809255674815,104.31395791880107,100.00438500277629
2016-08-04,100.6206283271452,101.82580220775164,100.88499816430665,102.61060007123297,101.06141460926719,103.1352554677114,100.6206283271452,101.82580220775164,101.76843216610942,105.2453325430761,100.00496042483282
2016-08-05,100.95890653203425,102.85688124425585,101.36930797554086,104.09470455077106,101.64350241185612,104.92518452628636,100.95890653203425,102.85688124425585,102.7450290339609,108.28923415604761,100.00545648118413
2016-08-08,100.91994836469256,102.74326646167604,101.31317723786646,103.93018775317316,101.57584636191534,104.72606858035924,100.91994836469256,102.74326646167604,102.63065282421253,107.94631895347362,100.00603190940596
2016-08-09,101.00216074384983,102.98207301363036,101.43077958918848,104.2749717478177,101.71719398734528,105.14283228216965,101.00216074384983,102.98207301363036,102.86820341368991,108.66178400575761,100.00672639573864
2016-08-10,100.91185956681879,102.7044367514689,101.3009630913647,103.87309419563269,101.56084917963568,104.65643617768747,100.91185956681879,102.7044367514689,102.6042583142706,107.8235468439101,100.00734151647642
2016-08-11,101.06366534587696,103.16916638805115,101.51841488910878,104.54429193338468,101.82234390450505,105.46782709882288,101.06366534587696,103.16916638805115,103.04416681330282,109.21637525930316,100.00791695554463
2016-08-12,101.08820472741,103.23673737937031,101.55337854576152,104.64185074916044,101.86430872633214,105.58581049734128,101.08820472741,103.23673737937031,103.11455217314796,109.41958426823588,100.00849239792393
2016-08-15,101.23955116487294,103.6915020086979,101.77031496369302,105.30008097367491,102.12530416242835,106.38268224467676,101.23955116487294,103.6915020086979,103.55446067218014,110.79547859955126,100.00910752952402
2016-08-16,101.04432422465892,103.11925191399037,101.48965429407244,104.4695854655999,101.78719473742824,105.37569378666065,101.04432422465892,103.11925191399037,102.98257962343828,109.0470344185259,100.0098020372152
2016-08-17,101.10812552293622,103.28915444513804,101.58096769369631,104.71524187379958,101.89698300694134,105.67292539065159,101.10812552293622,103.28915444513804,103.16734119303183,109.55929046187715,100.01033780401183
2016-08-18,101.11760952113636,103.3245173396605,101.59429457514501,104.76616394590954,101.91289157958381,105.73445235133867,101.11760952113636,103.3245173396605,103.19373570297377,109.66512848736296,100.01099263360457
2016-08-19,101.10898765272947,103.27609492601817,101.58163447009487,104.69572991257633,101.89751835406253,105.64901187607106,101.10898765272947,103.27609492601817,103.16734119303183,109.51695525168286,100.01164746748492
2016-08-22,101.13657925986121,103.31146684773142,101.6209502590288,104.74666204462505,101.94471057382594,105.7105485850697,101.13657925986121,103.31146684773142,103.24652472285763,109.62279327716864,100.01230230565285
2016-08-23,101.20032862958882,103.52692924611526,101.71218907075743,105.05846533524088,102.05442055960474,106.08802557741697,101.20032862958882,103.52692924611526,103.43128629245115,110.27475551416114,100.01291746068688
2016-08-24,100.97177594262776,102.8290559133541,101.3837483938814,104.04645996771002,101.65883197756098,104.86157917547526,100.97177594262776,102.8290559133541,102.7626253739222,108.14952796240635,100.01357230717025
2016-08-25,100.91474350653111,102.65905070260371,101.30163932406104,103.8004104193448,101.5598925580218,104.56386095916083,100.91474350653111,102.65905070260371,102.59546014428997,107.6372719190551,100.0142668458668
2016-08-26,100.96674261302338,102.83339093254686,101.37587261080299,104.05189266684802,101.64904242195524,104.86769740915891,100.96674261302338,102.83339093254686,102.74502903396092,108.15799500444523,100.01504076578884
2016-08-29,101.01569349750238,102.93395855191814,101.44573237400911,104.19690029138413,101.73293465133769,105.04290023564245,101.01569349750238,102.93395855191814,102.88579975365121,108.4585749968249,100.01585438020777
2016-08-30,100.90131285966683,102.60822477523229,101.28129941358705,103.72551138786712,101.53489902504947,104.47247819981177,100.90131285966683,102.60822477523229,102.55146929438675,107.4763981203167,100.0166283124143
2016-08-31,100.86546265527842,102.51537615625155,101.22955608388355,103.59108220790112,101.47249441907628,104.30983980954322,100.86546265527842,102.51537615625155,102.445891254619,107.1969857330342,100.01740225060958
2016-09-01,100.95692561472553,102.67459810484098,101.36035339179072,103.82058535670315,101.62967082451108,104.58699302107613,100.95692561472553,102.67459810484098,102.70983635403832,107.67114008721057,100.0181761947937
2016-09-02,101.0724520018205,103.09618010128463,101.52571444062337,104.42922308399616,101.82847404208574,105.32258801831466,101.0724520018205,103.09618010128463,103.04416681330282,108.93272935100129,100.01895014496662
2016-09-06,101.2934522735422,103.76561580368184,101.842508254004,105.39757900101816,102.20960267858648,106.49439296013207,101.2934522735422,103.76561580368184,103.68643322188981,110.95211887727028,100.01972410112847
2016-09-07,101.3149936645336,103.83262737546963,101.87312805257527,105.4944838065403,102.24632881121369,106.61173248721292,101.3149936645336,103.83262737546963,103.74802041175433,111.15532788620301,100.02045837291256
2016-09-08,101.10803641810931,103.21032301332671,101.57549094887403,104.59088110437868,101.88768950151221,105.51575216761877,101.10803641810931,103.21032301332671,103.14094668308988,109.25024342745868,100.02127203140327
2016-09-09,100.21809087709875,100.47285821296947,100.29789091103692,100.62752499260293,100.34968346086521,100.71748842381476,100.21809087709875,100.47285821296947,100.54548653879989,100.96947631344995,100.02212538749401
2016-09-12,100.84785981248912,102.27666097352204,101.1979104577961,103.2079849290887,101.4300933956918,103.81663688039934,100.84785981248912,102.27666097352204,102.34911138483189,106.14707252021513,100.02297875086536
2016-09-13,100.5329151757307,101.43207994502521,100.74602339077327,101.99004141548042,100.88639559819433,102.34629189427393,100.5329151757307,101.43207994502521,101.43410170684493,103.64082807671149,100.02391150483388
2016-09-14,100.70135868441785,101.88946722508356,100.98678155844938,102.64665585250413,101.17552779110603,103.13679871685596,100.70135868441785,101.88946722508356,101.91800105578035,104.97438719783251,100.02480457547232
2016-09-15,101.24953314382785,103.54389608482883,101.7717726212629,105.027349299739,102.11912108134065,106.00711275197534,101.24953314382785,103.54389608482883,103.50167165229627,109.84293637017915,100.0255785769363
2016-09-16,101.23302959608911,103.50380398292465,101.74780624229905,104.96897745102645,102.09013764675836,105.93628269124244,101.23302959608911,103.50380398292465,103.45228752419493,109.72016426061562,100.02619381362996
2016-09-19,101.07939704247921,103.02899840946766,101.52692960364023,104.2807874664563,101.82406022118941,105.10270585205772,101.07939704247921,103.02899840946766,103.00245662098631,108.2807671140088,100.02684874704183
2016-09-20,101.14647489018796,103.22963790551665,101.62289447410468,104.5706051847643,101.93942174782458,105.45309061546202,101.14647489018796,103.22963790551665,103.19650132433121,108.88192709876814,100.02750368474196
2016-09-21,101.49486652838655,104.28087701279179,102.12265592299859,106.09159010216749,102.54086993720388,107.29353737906399,101.49486652838655,104.28087701279179,104.21082590999771,112.0486008213032,100.02815862673036
2016-09-22,101.77771123626212,105.13333497526077,102.52907147388675,107.33037942212246,103.03049665370365,108.79685377505788,101.77771123626212,105.13333497526077,105.03992600610772,114.66491681131208,100.02849602329715
2016-09-23,101.55049818302217,104.4718370328432,102.20200668920884,106.36555195987812,102.636062677228,107.62320283016173,101.55049818302217,104.4718370328432,104.36958975818898,112.60319207484876,100.02867464561147
2016-09-26,101.25325065550169,103.56325991531166,101.77456482757907,105.04397556575753,102.12091735242758,106.01852136706917,101.25325065550169,103.56325991531166,103.49638859313694,109.80483468100431,100.02885326824477
2016-09-27,101.60389035369077,104.59213231812382,102.27785864665238,106.53460284276188,102.72683206154043,107.8237724954282,101.60389035369077,104.59213231812382,104.51953339259185,112.92070615130616,100.02930974912279
2016-09-28,101.66423712133552,104.79284662873809,102.36442274121407,106.8264362930777,102.83106305632784,108.17810342134717,101.66423712133552,104.79284662873809,104.69593766835995,113.53880022014322,100.02980592625448
2016-09-29,101.40679049574088,104.01505069843525,101.99387383324357,105.69349147497692,102.38426716145277,106.80125165246264,101.40679049574088,104.01505069843525,103.93739928255717,111.12992676008648,100.0303418002148
2016-09-30,101.67216575046727,104.76429442945086,102.37495931703913,106.78088666678374,102.8432185487406,108.11969615153265,101.67216575046727,104.76429442945086,104.71357809593673,113.41602811057967,100.0308379824658
2016-10-03,101.62161625810269,104.6812225103393,102.30197672516914,106.65964667504066,102.75511234144162,107.97225104126649,101.62161625810269,104.6812225103393,104.56363446153385,113.15778332839432,100.03145325150895
2016-10-04,101.56809728310459,104.47337001478488,102.22468730454972,106.3567670868294,102.66180335187374,107.6041641483207,101.56809728310459,104.47337001478488,104.40487061334258,112.51428813344069,100.03218760939991
2016-10-05,101.69474238908526,104.8550029606884,102.40643944707793,106.91143272482411,102.88067965514642,108.2774028069569,101.69474238908526,104.8550029606884,104.77531959245556,113.68697345582332,100.03296166799451
2016-10-06,101.67724980200052,104.79810521171606,102.3809529547803,106.8282197325034,102.84980317708661,108.1761124173948,101.67724980200052,104.79810521171606,104.72239830972514,113.50916557300718,100.03369603695916
2016-10-07,101.59983120735083,104.55922892185181,102.26924999058791,106.48000299381411,102.71498659966021,107.75281261433014,101.59983120735083,104.55922892185181,104.4930727512266,112.7682993946066,100.03447010722608
2016-10-10,101.82546213992501,105.21646388114623,102.59336449637686,107.43580486810984,103.10546021172871,108.91331832617051,101.82546213992501,105.21646388114623,105.15458878535695,114.79192244189504,100.03524418348286
2016-10-11,101.31778649392002,103.6945265780809,101.86230396290496,105.21539190032738,102.22364908919717,106.21201067001618,101.31778649392002,103.6945265780809,103.65515244132821,110.04614537911192,100.03601826572952
2016-10-12,101.28817373529249,103.61970628682296,101.81940021002723,105.10655337792639,102.17180752098585,106.07998608311304,101.28817373529249,103.61970628682296,103.56695030344419,109.8175352440626,100.03687174763138
2016-10-13,101.1619833889698,103.19391172444263,101.63777588258252,104.48912713618415,101.95291342517486,105.33201487570824,101.1619833889698,103.19391172444263,103.19650132433121,108.52631133313588,100.03780463115761
2016-10-14,101.20478091405012,103.27747766441082,101.6989175510429,104.60971221155837,102.02637740819476,105.47774630706546,101.20478091405012,103.27747766441082,103.31998431736886,108.77608907328235,100.0384596405927
2016-10-17,101.1084998413053,103.0289613893852,101.56038162400482,104.2497801867971,101.85944920971464,105.04208902151701,101.1084998413053,103.0289613893852,103.03773747613991,108.02675585284291,100.03919404991946
2016-10-18,101.42407893362973,103.95372647024585,102.01286969067114,105.58616370138132,102.4038681105345,106.65776631646122,101.42407893362973,103.95372647024585,103.95503971013397,110.79547859955137,100.04000786082341
2016-10-19,101.42160331878839,103.96817848247504,102.0089569101706,105.60676552833705,102.398988168019,106.68256588586833,101.42160331878839,103.96817848247504,103.94621949634558,110.83781380974568,100.04082167834767
2016-10-20,101.37999641032967,103.81586651181335,101.94880125721333,105.38536155479483,102.32635064986333,106.41399258882807,101.37999641032967,103.81586651181335,103.82273650330791,110.37212649760816,100.04167520123104
2016-10-21,101.51319408211053,104.21086368498369,102.1397784760644,105.95778874031237,102.55619740850699,107.10742835486373,101.51319408211053,104.21086368498369,104.21082590999771,111.5702129461074,100.04252873139646
2016-10-24,101.94074784403011,105.54143384485066,102.75398353806973,107.89009789690903,103.29608152677439,109.45118369353845,101.94074784403011,105.54143384485066,105.46329626795111,115.63862664578141,100.0433425694278
2016-10-25,101.82786993638054,105.17277252751529,102.59110220816746,107.35136107795024,103.09943289455666,108.7951759987804,101.82786993638054,105.17277252751529,105.12812814399173,114.48287540747653,100.04411671434055
2016-10-26,101.58620515702472,104.46684857658192,102.24292148690819,106.32163434247566,102.67937803883382,107.54270781950272,101.58620515702472,104.46684857658192,104.41369082713096,112.28567799839138,100.04493056529
2016-10-27,101.42452830291191,103.95593035643238,102.01012236782002,105.57843965947164,102.39866765453225,106.64046531141453,101.42452830291191,103.95593035643238,103.93739928255714,110.71504170018216,100.04570472249081
2016-10-28,101.20203945145121,103.32751732056214,101.69015978102291,104.66639897084495,102.01311601430739,105.53486765037454,101.20203945145121,103.32751732056214,103.2847034622152,108.80149019939896,100.04635978365269
2016-10-31,101.1691970752457,103.1225082007041,101.64273045110366,104.3694401841512,101.95588647369411,105.1754220898887,101.1691970752457,103.1225082007041,103.18768111054277,108.18339613056192,100.04701484910363
2016-11-01,100.90338351305259,102.3815350936255,101.26086503967224,103.29774378041196,101.49607029014653,103.87928401281137,100.90338351305259,102.3815350936255,102.41150229716318,105.96079759536016,100.04782872362921
2016-11-02,100.62107295173594,101.44864702068566,100.8557651630712,101.95274256913814,101.00864810803343,102.25601888402602,100.62107295173594,101.44864702068566,101.59122241484158,103.20054189069059,100.0486823062949
2016-11-03,100.27617466824124,100.42674348944705,100.36150103068296,100.48521890223694,100.41444367936751,100.4895612802996,100.27617466824124,100.42674348944705,100.59453825675186,100.22861013504942,100.04961529995926
2016-11-04,100.15371616634236,100.02800419616294,100.18599328132541,99.91484097533085,100.20352802931941,99.8048827936022,100.15371616634236,100.02800419616294,100.2417297052157,99.08979298082224,100.05058800455244
2016-11-07,100.98712745242244,102.53702891191048,101.3765470887376,103.49469068844539,101.63224780568068,104.09578075310138,100.98712745242244,102.53702891191048,102.62318742808488,106.18940773040948,100.05156071860249
2016-11-08,101.21872109736142,103.24169421414587,101.70819682154782,104.5102732885752,102.03100948749328,105.32133080098225,101.21872109736142,103.24169421414587,103.29352367600362,108.27230007196995,100.05265255111031
2016-11-09,101.38284486801983,103.74829345059095,101.94328289941652,105.24235475789266,102.31376926928266,106.20639960693832,101.38284486801983,103.74829345059095,103.76981522057747,109.78790059692656,100.0538238024001
2016-11-10,100.81061639932301,102.02266526682557,101.12074861480762,102.74110716232605,101.32288519880063,103.17714255313011,100.81061639932301,102.02266526682557,102.09397460078064,104.56796917996706,100.05507447519766
2016-11-11,100.82675483968822,101.9932141758475,101.14328114488227,102.69813508022527,101.34970085319985,103.12507469647667,100.82675483968822,101.9932141758475,102.13807566972267,104.47906523855902,100.05644427681248
2016-11-14,100.47110150690351,100.78920580906747,100.63301650448375,100.96563278709898,100.7358561225429,101.03714668891355,100.47110150690351,100.78920580906747,101.10611065647934,100.95254222937224,100.05781409718057
2016-11-15,100.95993907286824,102.42347051607656,101.33177104874807,103.30367078091936,101.57488667846812,103.8444467376398,100.95993907286824,102.42347051607656,102.50852464883565,105.62634943482503,100.05946187467462
2016-11-16,101.17070589081602,103.00780290908136,101.63332917859952,104.14494622980402,101.93732232758548,104.85895292448843,101.17070589081602,103.00780290908136,103.11711940023554,107.34515896871437,100.06095085476205
2016-11-17,101.42902843038716,103.84474779943625,102.00346981810546,105.35318753199863,102.38254861429954,106.31850398437363,101.42902843038716,103.84474779943625,103.86683757224992,109.8344693281403,100.06228103010082
2016-11-18,101.29718311830867,103.43649393763188,101.81352355345392,104.76094945466328,102.15351818180419,105.60104915507011,101.29718311830867,103.43649393763188,103.47874816556013,108.5982811904662,100.06349210135932
2016-11-21,101.66666309472856,104.52542314335211,102.34351446839747,106.33593809547178,102.79138381628535,107.50593609367326,101.66666309472856,104.52542314335211,104.55481424774547,111.86232589644816,100.06470318727563
2016-11-22,101.77558014437065,104.85443712642189,102.49958046686893,106.8135116814735,102.9792174375704,108.08505270241619,101.77558014437065,104.85443712642189,104.87234194412802,112.86567037805351,100.065993704281
2016-11-23,101.63270806183107,104.41489849125183,102.29340673322496,106.17322270812839,102.73036109304867,107.30725477190728,101.63270806183107,104.41489849125183,104.44897168228462,111.51094365183532,100.06740336411295
2016-11-25,101.74783695460515,104.7683186494937,102.45829339191235,106.6859336929284,102.92876453000174,107.92876008215127,101.74783695460515,104.7683186494937,104.78413980624397,112.58625799077102,100.0688924623773
2016-11-28,101.66783285431171,104.56520944061589,102.34258519349748,106.38982273530821,102.78898711924364,107.56898343244129,101.66783285431171,104.56520944061589,104.54599403395706,111.9596968798951,100.07030216304496
2016-11-29,101.79182315882336,104.91764290041384,102.52028929596906,106.90146030425385,103.00288073629137,108.18945880012821,101.79182315882336,104.91764290041384,104.90762279928165,113.03501121883079,100.07167217313409
2016-11-30,101.36139319478931,103.72892049803555,101.90038733632001,105.17054856527388,102.25521469243724,106.08704268504106,101.36139319478931,103.72892049803555,103.63751201375142,109.37301553702224,100.0730422019793
2016-12-01,100.74938225550001,101.73717225390264,101.02083896961531,102.28503202315761,101.19580145725399,102.59395783892218,100.74938225550001,101.73717225390264,101.84700861470533,103.36988273146785,100.07441224958089
2016-12-02,100.82051631499189,101.88099379988242,101.12214013300812,102.49099764168781,101.31729630717604,102.84158214898791,100.82051631499189,101.88099379988242,102.04987353183863,103.78476779137216,100.07578231593905
2016-12-05,101.0959292404451,102.70520325840505,101.51615372495351,103.67487077959456,101.79073965084535,104.2667996828291,101.0959292404451,102.70520325840505,102.84369277279501,106.18094068837061,100.07719211366613
2016-12-06,101.18182408454702,102.96555818600208,101.63875780463756,104.04969200663557,101.93797570580885,104.71885942583887,101.18182408454702,102.96555818600208,103.09065875887033,106.94720799288777,100.07860193125342
2016-12-07,101.63117789836792,104.3046212257631,102.28297714150254,105.98215261191642,102.71302755170547,107.05243082747033,101.63117789836792,104.3046212257631,104.39605039955417,110.9182507091149,100.08001176870127
2016-12-08,101.69529877438912,104.5285982037379,102.37449615651744,106.30657182410037,102.82299827615292,107.44533821842775,101.69529877438912,104.5285982037379,104.58127488911066,111.59561407222401,100.08154076888106
2016-12-09,101.97545777163555,105.38594275850532,102.77674341350038,107.55150457891492,103.30750365539973,108.95494075612397,101.97545777163555,105.38594275850532,105.40155477143227,114.20769654121348,100.08303007752346
2016-12-12,101.81523969098092,104.87431411831645,102.54535406188128,106.80484660541893,103.02807044297948,108.0469092361189,101.81523969098092,104.87431411831645,104.92526322685842,112.62012615892651,100.08463855479259
2016-12-13,102.26556042928077,106.31034282499097,103.19262861124692,108.89339860464456,103.80814960475446,110.58199607458619,102.26556042928077,106.31034282499097,106.24829529511908,117.02298801913567,100.08612790953298
2016-12-14,102.19234485622466,106.03954320686823,103.08637599664759,108.49639240005165,103.67955227043075,110.09784559120904,102.19234485622466,106.03954320686823,106.02778995040897,116.16781677321042,100.08773643658868
2016-12-15,102.24997141934698,106.2652007950498,103.16869230253263,108.82546363643317,103.77855874742698,110.4981971297706,102.24997141934698,106.2652007950498,106.19537401238868,116.8705812624361,100.08938470685145
2016-12-16,102.11867157146146,105.81489218052337,102.97877779136515,108.16597250354391,103.54900528746096,109.69431462591359,102.11867157146146,105.81489218052337,105.80282157752194,115.45235172092643,100.09087413221908
2016-12-19,102.2660920369584,106.26814427054205,103.19049551219912,108.82717239704327,103.80416519201341,110.49863901640369,102.2660920369584,106.26814427054205,106.2362946759583,116.86211422039725,100.09236357975082
2016-12-20,102.40421177474906,106.71788643700877,103.38891733082534,109.48442032940437,104.04337020275334,111.299112433795,102.40421177474906,106.71788643700877,106.6432286051026,118.27187671986805,100.09389276863885
2016-12-21,102.3784702428261,106.58925897132836,103.35111315223871,109.29518635387593,103.99740011716115,111.06792774399254,102.3784702428261,106.58925897132836,106.56361109722654,117.86122518098317,100.0954219808895
2016-12-22,102.27834929580646,106.26603189310491,103.20604767364694,108.82099547363693,103.82191520502795,110.48932980032681,102.27834929580646,106.26603189310491,106.26283384525033,116.83671309428065,100.09695121650309
2016-12-23,102.30317970237799,106.3816120666094,103.24118322403034,108.98938585906279,103.86402047142165,110.69416733648649,102.30317970237799,106.3816120666094,106.33360496336238,117.19656238093236,100.09844075446763
2016-12-27,102.4888860623617,106.92604746221774,103.50823449092155,109.78550274095231,104.18609792157663,111.66411252758317,102.4888860623617,106.92604746221774,106.88208112873079,118.90690487278286,100.09997003620137
2016-12-28,102.21079410486414,106.06099862540282,103.10634887081918,108.51597073879604,103.70036681696637,110.1142732647827,102.21079410486414,106.06099862540282,106.05052049091415,116.15511621015216,100.1014596190888
2016-12-29,102.16110522973602,105.88213464542173,103.03405017581679,108.25380732285504,103.61278345646616,109.79469836487534,102.16110522973602,105.88213464542173,105.90013186492601,115.5920579145677,100.10302866974553
2016-12-30,101.79459716469854,104.79995256981294,102.50540630693814,106.67258762287743,102.97457211952997,107.86993420169753,101.79459716469854,104.79995256981294,104.81202592395317,112.21370814106106,100.10435940445205
2017-01-03,102.11433427955585,105.6893896108617,102.96470938542859,107.96523601579204,103.5279520103058,109.43820243171889,102.11433427955585,105.6893896108617,105.74974323893791,114.93162863553633,100.10584905265749
2017-01-04,102.30971138679045,106.3199777826411,103.24545219288865,108.88474909100476,103.8663617071051,110.55632890844073,102.30971138679045,106.3199777826411,106.32475857359836,116.88751534651385,100.10741817211684
2017-01-05,102.51334725636758,106.9814694325151,103.53832770147204,109.8518017845632,104.21960029918019,111.7342607860313,102.51334725636758,106.9814694325151,106.92631307755083,118.96194064603547,100.10898731617152
2017-01-06,102.82902111459155,107.93127851482976,103.99312137991976,111.24435770732839,104.76862526482955,113.43362247511861,102.82902111459155,107.93127851482976,107.86403039253555,121.97620761187096,100.1105167590333
2017-01-09,102.9481370473739,108.31522478655565,104.16451480507965,111.80894177397688,104.97550268437462,114.12410081967741,102.9481370473739,108.31522478655565,108.21788598309583,123.21239574954505,100.11208595165708
2017-01-10,103.0286337703884,108.53377563157163,104.28022224475197,112.1305337526048,105.11512854466541,114.51767140539974,103.0286337703884,108.53377563157163,108.45673850672401,123.91939375979018,100.11353598782267
2017-01-11,103.12671895090344,108.82685011262598,104.42136333769807,112.56235218043132,105.28553270487784,115.04653513981013,103.12671895090344,108.82685011262598,108.74866936893626,124.87193598916238,100.11506550017803
2017-01-12,103.07195580515076,108.6342296563991,104.34146442953187,112.27699775137154,105.18853883729669,114.69620117448822,103.07195580515076,108.6342296563991,108.58058796342011,124.2369078362476,100.11659503590096
2017-01-13,103.19642386345814,109.07194061535432,104.52078280819748,112.92253183946725,105.40514639288132,115.48718260677472,103.19642386345814,109.07194061535432,108.95213633350842,125.66360441979614,100.11812459499177
2017-01-17,103.08896653557188,108.71423118846462,104.36460014366808,112.39271937101793,105.21581098110467,114.83660613827011,103.08896653557188,108.71423118846462,108.62481991224018,124.48245205537462,100.1196939068654
2017-01-18,103.16353110576712,108.97420310087678,104.4717024709969,112.77588098314801,105.34503547786261,115.30601968014089,103.16353110576712,108.97420310087678,108.84597965634035,125.329156259261,100.12134270341187
2017-01-19,103.14697462682219,108.87353197860861,104.44704862797343,112.62629033495502,105.31487330483542,115.12212212886446,103.14697462682219,108.87353197860861,108.79290131775632,124.99470809872588,100.12291206572803
2017-01-20,103.22725888725329,109.12241336830328,104.56250213515912,112.99335300734536,105.4542468475524,115.57200663412092,103.22725888725329,109.12241336830328,109.0317538413845,125.80754413445678,100.12444172132903
2017-01-23,103.2575447680181,109.2082651566513,104.60567824840199,113.11964766091123,105.50619456566257,115.72668407416941,103.2575447680181,109.2082651566513,109.12021773902458,126.0869565217393,100.12589193645718
2017-01-24,103.5017240557759,110.00630018020739,104.95839297688916,114.29980808393671,105.93278192119568,117.17517074391503,103.5017240557759,110.00630018020739,109.85446808943718,128.7159730748065,100.1273819050872
2017-01-25,103.8673733144246,111.13188594006967,105.48743125030194,115.96981767869619,106.57320621192045,119.2292470788834,103.8673733144246,111.13188594006967,110.96026680993805,132.47533974006197,100.12887189588935
2017-01-26,103.90602930395454,111.29328005280333,105.54286061219844,116.20969797282538,106.64009735901236,119.52484849077116,103.90602930395454,111.29328005280333,111.07526987687012,133.02146395156868,100.13032217518467
2017-01-27,103.97654777891181,111.48031171413606,105.64451515327893,116.48794805042127,106.76303360301699,119.86791812789681,103.97654777891181,111.48031171413606,111.28758323120628,133.65649210448345,100.13181220974086
2017-01-30,103.69408305918417,110.59528959927451,105.2338292154362,115.16607556348568,106.26466645905155,118.23527894019215,103.69408305918417,110.59528959927451,110.42063703433362,130.6210575335508,100.1333420013163
2017-01-31,103.62239552003886,110.38182871458532,105.12922662077986,114.84779394804055,106.13759749693179,117.84281037380653,103.62239552003886,110.38182871458532,110.19947729023345,129.89712543922795,100.13483208081038
2017-02-01,103.87380859753708,111.11825211021653,105.49292258238196,115.94163986667152,106.57789450852222,119.18929595647494,103.87380859753708,111.11825211021653,110.96026680993806,132.3695017145762,100.13636191852271
2017-02-02,103.84292987535024,111.02106294087308,105.44744974071622,115.79603197487171,106.5224486883815,119.00931738675133,103.84292987535024,111.02106294087308,110.86295652253398,132.03505355404107,100.13785204295604
2017-02-03,103.94836748628285,111.35856054392247,105.59971184080233,116.29814983290233,106.70670043225499,119.62821541801824,103.94836748628285,111.35856054392247,111.18142655403824,133.17810422928764,100.13938192680669
2017-02-06,103.99279503737257,111.50459708077393,105.66351456748933,116.51528578563043,106.78374872803292,119.89588345494629,103.99279503737257,111.50459708077393,111.31412240049833,133.6734261885612,100.14087209618059
2017-02-07,104.12691377401397,111.90743220759394,105.85748111196438,117.11584214790281,107.01864151983548,120.6370848196433,104.12691377401397,111.90743220759394,111.72105632964266,135.04932051987655,100.14244176461227
2017-02-08,104.18857589095,112.12835295952259,105.94632274926019,117.445345219835,107.1260854041127,121.04399865299847,104.18857589095,112.12835295952259,111.90683051468679,135.80712078235484,100.14401145764784
2017-02-09,104.322267931509,112.53813443349165,106.13980378136534,118.05769745775272,107.36050371268627,121.80094803679609,104.322267931509,112.53813443349165,112.31376444383112,137.2211168028451,100.14562091497483
2017-02-10,104.44414674195647,112.92817474074239,106.31621874779718,118.64141328445359,107.57429129547837,122.523224950368,104.44414674195647,112.92817474074239,112.68531281391941,138.57584352906326,100.14723039816813
2017-02-13,104.65189000521065,113.6236919135036,106.61756393469837,119.68443969400924,107.93983030005488,123.81540505387791,104.65189000521065,113.6236919135036,113.3222528769279,141.0101181152366,100.14887964819255
2017-02-14,104.77588093066817,113.99852854165641,106.79732276354046,120.24769977733783,108.15788631187822,124.51426825662935,104.77588093066817,113.99852854165641,113.70264763678021,142.33521019431876,100.15040970052051
2017-02-15,104.99381499081939,114.68684359180105,107.1139281176769,121.28408168912743,108.54230522697115,125.8016531852074,104.99381499081939,114.68684359180105,114.37497325884473,144.7864188645698,100.15201926067641
2017-02-16,104.98354268209707,114.6540044824559,107.09821929343946,121.23363467977366,108.52285437703337,125.73845756025459,104.98354268209707,114.6540044824559,114.33958769978871,144.6636467550063,100.15362884670024
2017-02-17,105.14381365514605,115.15897114058804,107.33107027074786,121.99559897781837,108.8056522377229,126.68639639819884,105.14381365514605,115.15897114058804,114.83498552657309,146.47982727234256,100.15519871508891
2017-02-21,105.3263209667427,115.80084102484469,107.59649771730105,122.96617329408812,109.12820000819,127.89547136108447,105.3263209667427,115.80084102484469,115.40115447146952,148.8082638330301,100.15676860808465
2017-02-22,105.34152371606713,115.80663312757777,107.6179612398693,122.97413366989227,109.15398078275224,127.90500579535393,105.34152371606713,115.80663312757777,115.44538642028957,148.82519791710786,100.15833852568782
2017-02-23,105.20413248781875,115.3707987436241,107.41674193834703,122.31217272194827,108.90873771723153,127.07841079946532,105.20413248781875,115.3707987436241,115.01191332185321,147.22069345074317,100.15986872252643
2017-02-24,105.27595511456387,115.59021514315882,107.52081855443055,122.64370375287548,109.03504024595023,127.49137267474342,105.27595511456387,115.59021514315882,115.23307306595339,148.01659540239632,100.16135919676337
2017-02-27,105.32225968724009,115.71170405963322,107.58767448241191,122.82704694677118,109.11606403982516,127.71969123481357,105.32225968724009,115.71170405963322,115.3746153021775,148.45688158841727,100.1628894397511
2017-02-28,105.21019255749518,115.39519423806067,107.42346717317564,122.34632358541387,108.91589990544726,127.11947448513334,105.21019255749518,115.39519423806067,115.02075971161725,147.29266330807351,100.16434021176086
2017-03-01,105.61342927844026,116.7023269924505,108.01091623366965,124.32531783262957,109.63029104127014,129.5865179192557,105.61342927844026,116.7023269924505,116.27694705810623,152.05537445493437,100.1659102480459
2017-03-02,105.42916679402212,116.05900881237294,107.74079931355918,123.34521450905989,109.30086030973985,128.3601136139729,105.42916679402212,116.05900881237294,115.69308533368176,149.6549680369165,100.16787779271151
2017-03-03,105.49833883335565,116.27089551541825,107.84080287689773,123.66579079089183,109.4221381240279,128.75990069934235,105.49833883335565,116.27089551541825,115.90539868801795,150.42970238347252,100.1700043726567
2017-03-06,105.41817491438358,115.99202927115397,107.72268565034162,123.24086390768261,109.2778196754684,128.22839625581614,105.41817491438358,115.99202927115397,115.64885338486172,149.3924897337117,100.17228999775647
2017-03-07,105.35772865252018,115.79250994728892,107.63333776922852,122.93675567681031,109.16852967082356,127.84808204206041,105.35772865252018,115.79250994728892,115.45423281005358,148.65162355531112,100.17469492773459
2017-03-08,105.42441293086209,116.00097820691384,107.7295145419338,123.25163534730146,109.2850464295543,128.24039882012636,105.42441293086209,116.00097820691384,115.65769977462574,149.40942381778942,100.17717941917626
2017-03-09,105.45425374543956,116.12700300203412,107.77198625483008,123.44167671859026,109.33623232765947,128.4770734794923,105.45425374543956,116.12700300203412,115.7461636722658,149.86664408788806,100.17954471369033
2017-03-10,105.6110230759939,116.57426678284435,107.99977412567372,124.11962230100464,109.61302890871465,129.32318695051657,105.6110230759939,116.57426678284435,116.23271510928616,151.50925024342763,100.18191006405162
2017-03-13,105.67459084197093,116.81325154920106,108.09150963097616,124.48182872803608,109.72422086635004,129.77542552089918,105.67459084197093,116.81325154920106,116.42733568409433,152.38982261546946,100.1843549797139
2017-03-14,105.58644720892607,116.5119636626835,107.96150612830566,124.02177508614407,109.56528984377425,129.19920995590252,105.58644720892607,116.5119636626835,116.14425121164611,151.25947250328113,100.18695897782943
2017-03-15,105.81620108169025,117.22724394170574,108.29592464335096,125.10810588720854,109.97199259411241,130.55656572865192,105.81620108169025,117.22724394170574,116.86080878253067,153.90542314042605,100.18952328689852
2017-03-16,105.79259258851661,117.20534221686538,108.26031201950266,125.07344831667466,109.92807673249084,130.5125489216509,105.79259258851661,117.20534221686538,116.7811912746546,153.816519199018,100.19188887286501
2017-03-17,105.78135577135993,117.10891341312286,108.24278948924419,124.92517960527603,109.90620666704261,130.32627280007796,105.78135577135993,117.10891341312286,116.74063057758663,153.44820287032738,100.19425451468562
2017-03-20,105.81671615612316,117.23284051505468,108.29338444389349,125.11277039332325,109.96733463046722,130.56049881678518,105.81671615612316,117.23284051505468,116.84700824991793,153.90542314042605,100.19662021236167
2017-03-21,105.25646389929186,115.4051641625166,107.47314035283244,122.32497545306174,108.96728149342685,127.06883204329147,105.25646389929186,115.4051641625166,115.07404704439608,147.042885567927,100.1991052475852
2017-03-22,105.50792975183745,116.20249376910499,107.8387820938089,123.53099485885576,109.41160240613839,128.57153937534827,105.50792975183745,116.20249376910499,115.8541499748257,149.93861394521835,100.20163010599123
2017-03-23,105.41641304011067,115.87826756359124,107.7039911170294,123.03726928873489,109.24694273507114,127.95424562575943,105.41641304011067,115.87826756359124,115.56161137591461,148.7362939756997,100.20415502801971
2017-03-24,105.49453046568851,116.10177966724298,107.81686431101669,123.3749911562197,109.38378907417278,128.37507295283416,105.49453046568851,116.10177966724298,115.80096113866003,149.54913001143063,100.20664025011862
2017-03-27,105.5556428979253,116.31997442909781,107.90490698051416,123.70487152502274,109.4904157875104,128.78631531517414,105.5556428979253,116.31997442909781,115.98712206523984,150.34503196308384,100.20920506293453
2017-03-28,105.7832900291135,117.08540993021074,108.23617144960647,124.86641641945882,109.89321361481983,130.23676547240456,105.7832900291135,117.08540993021074,116.69630654744859,153.1645569620255,100.21176994139745
2017-03-29,105.95661429617307,117.62992037696583,108.48833170067623,125.69461290125838,110.19987590573992,131.2726782013868,105.95661429617307,117.62992037696583,117.23705971513274,155.1924135303333,100.21433488550903
2017-03-30,106.02006827191337,117.83852713393527,108.57995613450659,126.01167526538362,110.31099570112465,131.66936572859086,106.02006827191337,117.83852713393527,117.43208544774015,155.97138139790877,100.21689989527101
2017-03-31,105.99662163871145,117.74197431213797,108.54446113668229,125.86279354121264,110.26715796027374,131.4820122219514,105.99662163871145,117.74197431213797,117.35230219349167,155.59883154819875,100.219464970685
2017-04-03,105.9759108229968,117.65529525652889,108.51300933122894,125.72908796479459,110.22826983197905,131.31375010050908,105.9759108229968,117.65529525652889,117.28138374527082,155.26438338766363,100.22195057249476
2017-04-04,106.03657677520135,117.84479364459153,108.6005410057202,126.01697630925,110.33439516065616,131.67387847575,106.03657677520135,117.84479364459153,117.46754467185059,155.97138139790877,100.22455554779735
2017-04-05,105.88712748706743,117.37546301485995,108.38066986673165,125.29860497735044,110.06576382585315,130.77245115471794,105.88712748706743,117.37546301485995,116.98884514635968,154.18906904872796,100.22716059080858
2017-04-06,105.90860150570929,117.41018715488151,108.41084372097632,125.35014234935791,110.1019545171021,130.8363075924811,105.90860150570929,117.41018715488151,117.05089878855293,154.31184115829151,100.22980547421308
2017-04-07,105.89073949135755,117.36482017089942,108.38351604032945,125.27955321477937,110.06807740050041,130.74721314355168,105.89073949135755,117.36482017089942,116.98884514635965,154.13403327547536,100.23241065368076
2017-04-10,105.90665217416793,117.41428076543843,108.4055209573395,125.35351670681798,110.09429533121657,130.83913217194154,105.90665217416793,117.41428076543843,117.03316917649774,154.31184115829151,100.2351352251608
2017-04-11,105.7484841872427,116.89999018137718,108.17297240909906,124.56767706429841,109.810291289894,129.85414618650742,105.7484841872427,116.89999018137718,116.52787523292399,152.3728885313917,100.23785987070167
2017-04-12,105.60112216142493,116.36208500390384,107.95636853812722,123.74738678695385,109.54583541009293,128.82731760417053,105.60112216142493,116.36208500390384,116.0580405134607,150.36196604716153,100.24058459030529
2017-04-13,105.4561580924967,115.88135753071724,107.74341890556967,123.01562561650216,109.28594662961876,127.91246678424231,105.4561580924967,115.88135753071724,115.59707060002502,148.57965369798075,100.24326960596395
2017-04-17,105.76368762394412,116.84602640117936,108.1910386325188,124.47715484509597,109.83019495397237,129.73543092947017,105.76368762394412,116.84602640117936,116.5544696510068,152.1061767071675,100.24595469354267
2017-04-18,105.70927498002104,116.72974326879506,108.1102434833584,124.2987157038084,109.73116605412167,129.51154301146303,105.70927498002104,116.72974326879506,116.37717353045463,151.66589052114657,100.24871941332489
2017-04-19,105.77032638658,116.8743577500953,108.19818126942418,124.51725559707687,109.8376770095932,129.78408491830012,105.77032638658,116.8743577500953,116.56333445703441,152.19508064857553,100.25144442811846
2017-04-20,106.08186125120926,117.86746766371472,108.6522046901677,126.0273311613554,110.39017232101891,131.67212811236763,106.08186125120926,117.86746766371472,117.53846312007144,155.8824774565007,100.25412973466565
2017-04-21,106.07525270648952,117.85041250891655,108.64132483729689,125.99987604474599,110.37633380691814,131.63702182019446,106.07525270648952,117.85041250891655,117.5118687019886,155.81050759917036,100.25673554637105
2017-04-24,106.52515996016278,119.35195112694332,109.29838746662186,128.2918601650765,111.17682717949127,134.50976856875775,106.52515996016278,119.35195112694332,118.93023766640607,161.4749587231702,100.25934142580688
2017-04-25,106.79658300397459,120.28056976016796,109.69497440537042,129.71635264650317,111.66031497142876,136.30128783528795,106.79658300397459,120.28056976016796,119.79012385108419,165.05651750560955,100.26202694388078
2017-04-26,106.74591335985875,120.09805373004329,109.61934680185792,129.43364997082648,111.56732883448753,135.94408224178756,106.74591335985875,120.09805373004329,119.6216925365596,164.33258541128671,100.26475232040684
2017-04-27,106.97209304166799,120.8354850993137,109.94986268237363,130.5674832564106,111.97038058782698,137.37236966696463,106.97209304166799,120.8354850993137,120.33974182479596,167.20714618348094,100.26751755861567
2017-04-28,107.04014817857377,121.07851951810179,110.04852847395743,130.94113900387526,112.09035548082346,137.8433895668775,107.04014817857377,121.07851951810179,120.55249716945859,168.15968841285311,100.27020329569314
2017-05-01,107.37532859825365,122.14747487452541,110.53957061806352,132.59112755648553,112.68994734919502,139.92701858763743,107.37532859825365,122.14747487452541,121.62513869879929,172.39320943228495,100.2728493149468
2017-05-02,107.44025430201091,122.40373226951445,110.63374835383321,132.9869424992784,112.80453754766482,140.42750388112643,107.44025430201091,122.40373226951445,121.82902923743433,173.4177215189875,100.2756147764656
2017-05-03,107.3217582498445,121.98232421813695,110.45814784747697,132.33133092752044,112.58906904363101,139.59598914227195,107.3217582498445,121.98232421813695,121.43897777221953,171.70314550611755,100.27834052234346
2017-05-04,107.33744751155908,122.02878562254517,110.47987293058239,132.40172636794665,112.61500318060762,139.68430895871498,107.33744751155908,122.02878562254517,121.48330180235756,171.88095338893373,100.28118572129081
2017-05-05,107.4765246222335,122.49603936137395,110.68300893655396,133.12433986088607,112.8628293640345,140.5983370953921,107.4765246222335,122.49603936137395,121.92654210373803,173.75216967952258,100.28407079508636
2017-05-08,107.5606944779769,122.75543490717776,110.8053989315371,133.52532482260858,113.01190457649271,141.105680405826,107.5606944779769,122.75543490717776,122.19248628456634,174.79361585030287,100.28711513294976
2017-05-09,107.69394007366651,123.23032240121148,111.00003151149842,134.26149567006996,113.24941950136005,142.0383692267307,107.69394007366651,123.23032240121148,122.6179969738916,176.71563439312493,100.29019935970484
2017-05-10,107.71789327680317,123.30098137824332,111.03383784580159,134.36970340462707,113.29011262104613,142.1748661628961,107.71789327680317,123.30098137824332,122.68891542211247,176.99504678040742,100.29328368131215
2017-05-11,107.6900539052804,123.20019167783917,110.99139846204321,134.21104439017964,113.23746265495814,141.97255286738863,107.6900539052804,123.20019167783917,122.59140255580876,176.57169467846424,100.29632829885247
2017-05-12,107.77664288235891,123.48276588654672,111.11746395647779,134.64907667567633,113.39112405341885,142.52773891804367,107.77664288235891,123.48276588654672,122.86621154266466,177.71897887473023,100.29933320868838
2017-05-15,107.89846577283598,123.88871758933844,111.29548339352473,135.27974372029905,113.60844804189234,143.3279789803637,107.89846577283598,123.88871758933844,123.25626300787947,179.37851911434754,100.30229840722969
2017-05-16,108.05812784244442,124.43661638766363,111.52930510923352,136.13266327216562,113.8941755298839,144.41150381196422,108.05812784244442,124.43661638766363,123.77042175748083,181.63498581770472,100.30534329843132
2017-05-17,107.09863404851039,121.1439841540815,110.11311716996526,130.98501596694294,112.158023837286,137.85778831383985,107.09863404851039,121.1439841540815,120.62341561767953,167.89297658862893,100.30838828206716
2017-05-18,107.42856816951844,122.22087144328077,110.59628558802983,132.64669374160763,112.74791246313463,139.95559035495953,107.42856816951844,122.22087144328077,121.67832753496504,172.14766521315792,100.31143335814001
2017-05-19,107.58965204565195,122.7399076339118,110.8316955857476,133.44963116099794,113.03518889561718,140.97132289061585,107.58965204565195,122.7399076339118,122.19248628456639,174.22632403369897,100.31459794502571
2017-05-22,107.90872981696495,123.8561902809522,111.29977690767426,135.1816843778805,113.60734960961365,143.1660580285794,107.90872981696495,123.8561902809522,123.22080378376906,178.74349096143274,100.31772282436646
2017-05-23,107.94898235630504,123.96551023461284,111.35758277651881,135.3503084440682,113.67743802737115,143.37945513652582,107.94898235630504,123.96551023461284,123.34491106815557,179.18377714745367,100.32088760966984
2017-05-24,108.12495402282536,124.56566145652528,111.61542204823877,136.28459885671677,113.99258264448162,144.5662182619798,108.12495402282536,124.56566145652528,123.91225865392256,181.65191990178243,100.32401268493865
2017-05-25,108.44934924594413,125.71638674366183,112.09229479715592,138.08130433945144,114.57629830079186,146.85236938836178,108.44934924594413,125.71638674366183,124.96717057120807,186.43579865374042,100.32717766867216
2017-05-26,108.51891552648358,125.90583886668902,112.19347890957458,138.37667938454055,114.69967794980687,147.228396247343,108.51891552648358,125.90583886668902,125.1887907218983,187.22746708437418,100.33038256462548
2017-05-30,108.55344322727566,126.0001245693728,112.24293841979944,138.52282008772008,114.75962236159248,147.41404250693836,108.55344322727566,126.0001245693728,125.2951683942296,187.6169510181619,100.3335875629574
2017-05-31,108.54222868373324,125.94897268200663,112.224855561657,138.44061050553773,114.73671231390057,147.30812885317604,108.54222868373324,125.94897268200663,125.25084436409155,187.3883408831126,100.3367528487555
2017-06-01,108.69247735940426,126.47855631456018,112.44516612256592,139.2702036045317,115.00623280601303,148.36641805434937,108.69247735940426,126.47855631456018,125.73840869561006,189.62787350239196,100.34011731526968
2017-06-02,109.12934042116515,127.99240871324629,113.08918746489611,141.6495717812853,115.79588912804151,151.40715050066123,109.12934042116515,127.99240871324629,127.17450727208276,196.1009271411033,100.3434818946003
2017-06-05,109.12373166431362,127.95844833971042,113.07925903841296,141.59384467897658,115.78291329360214,151.33465605229088,109.12373166431362,127.95844833971042,127.14791285399994,195.9400533423649,100.34684658675113
2017-06-06,108.9742711484703,127.45315828223582,112.85641793175407,140.79309469497784,115.50835227366545,150.30666100652456,108.9742711484703,127.45315828223582,126.64261891042621,193.71745480716316,100.3501317513715
2017-06-07,109.12612791327854,127.94334383648543,113.07948183124283,141.56465394260326,115.78155342884295,151.29409829718676,109.12612791327854,127.94334383648543,127.1390480479723,195.8342153168791,100.35345684502279
2017-06-08,109.16850914469167,128.06720500196593,113.14055632130795,141.75835407584637,115.85579924152228,151.5414749400358,109.16850914469167,128.06720500196593,127.27202013838645,196.3634054443081,100.3569015172518
2017-06-09,108.21554896115191,124.82886280189935,111.72796809374212,136.6354726884,114.11920822749195,144.96871250793083,108.21554896115191,124.82886280189935,124.08955477447472,182.16417594513368,100.36038613188781
2017-06-12,108.01505818122081,124.04071148387901,111.43059371314472,135.40101579550972,113.7539290665996,143.39601178750056,108.01505818122081,124.04071148387901,123.42469432240402,178.8662630709962,100.36387086751736
2017-06-13,108.32424254293396,125.0586405454714,111.88465102317642,136.98643625027887,114.3093955155114,145.40989146496335,108.32424254293396,125.0586405454714,124.42641740352389,183.04898183819492,100.36723624334607
2017-06-14,108.16188864652818,124.47428744548101,111.64344773647359,136.0700106173938,114.01289405011245,144.24155996201932,108.16188864652818,124.47428744548101,123.88566423583971,180.5935396469244,100.37068138855841
2017-06-15,107.99637896064927,123.88985754799045,111.39773326234304,135.15530866405467,113.71098706817102,143.07699811970772,107.99637896064927,123.88985754799045,123.33604626212792,178.15926506075112,100.37416648166213
2017-06-16,107.83540743804207,123.37337448500014,111.15885470828322,134.3483494700242,113.41758153763782,142.05088539054054,107.83540743804207,123.37337448500014,122.80275726111903,176.02557046695742,100.37769152679455
2017-06-19,108.4689857192046,125.4667661660241,112.09016979073614,137.60289649660902,114.55706298654708,146.17924265778294,108.4689857192046,125.4667661660241,124.85613669849278,184.5476482790738,100.38125652814043
2017-06-20,108.17414895633412,124.47434652786798,111.65322594203069,136.0459479262991,114.02038616925331,144.19343011948175,108.17414895633412,124.47434652786798,123.87833696641005,180.3649295118751,100.38478182226851
2017-06-21,108.55150509649454,125.74311055203349,112.20798243368691,138.0249421176818,114.69941582295621,146.709442755611,108.55150509649454,125.74311055203349,125.1050311757502,185.60602853393175,100.38826740497066
2017-06-22,108.54310096989535,125.69569193845409,112.19394053316488,137.94857772397907,114.68141308613768,146.61104415669186,108.54310096989535,125.69569193845409,125.06947482185626,185.3943524829602,100.39167343547189
2017-06-23,108.69121490672231,126.19162586200207,112.4110745815888,138.72418198891413,114.94699999689477,147.5992541072616,108.69121490672231,126.19162586200207,125.54948559942416,187.47301130350124,100.39496006763792
2017-06-26,108.51578985964052,125.60888047939056,112.15029424998563,137.8070406148421,114.62624219238111,146.42729584937314,108.51578985964052,125.60888047939056,124.96280576017452,184.9879344650947,100.39828664667192
2017-06-27,107.82924901517248,123.19295525331029,111.13504197554333,134.0185494395131,113.38026510871416,141.59573466215886,107.82924901517248,123.19295525331029,122.69608819943723,174.81054993438053,100.40169301711171
2017-06-28,108.37576172319316,125.00532043423307,111.9380749541839,136.83318785959779,114.36259439835233,145.16329065355288,108.37576172319316,125.00532043423307,124.46501680565964,182.14724186105593,100.40513934506647
2017-06-29,107.71994694676808,122.77914244228644,110.9687167149551,133.34996190667948,113.17336630665085,140.72793857110094,107.71994694676808,122.77914244228644,122.30496830660411,172.8673637864613,100.40866547793632
2017-06-30,107.73616232445178,122.63361993207494,110.99087224073922,133.12212171432185,113.19966827016334,140.4383924462336,107.73616232445178,122.63361993207494,122.34941374897149,172.2704373227214,100.41227142405766
2017-07-03,107.34140952948049,121.46668198216358,110.40821386947837,131.31046287098536,112.48575977644006,138.143923729064,107.34140952948049,121.46668198216358,121.06049592031695,167.57546251217147,100.41583765353879
2017-07-05,107.71362418186811,122.68323423389857,110.95340419699305,133.18717269897397,113.15147296449884,140.5121592501556,107.71362418186811,122.68323423389857,122.2516337757632,172.35934126412943,100.41952355234156
2017-07-06,107.37625714712897,121.55235015277097,110.45522867576317,131.43123081189637,112.54099757441463,138.28812130717517,107.37625714712897,121.55235015277097,121.14938680505173,167.8083061682402,100.42316973742291
2017-07-07,107.7841131653196,122.82919040246722,111.05288739567084,133.4015114052882,113.2709226936557,140.77481442156798,107.7841131653196,122.82919040246722,122.45608281065323,172.8334956183058,100.42677620443132
2017-07-10,108.03311457454005,123.73138252055709,111.41766340176422,134.7992166918065,113.71657404903243,142.54374241072082,108.03311457454005,123.73138252055709,123.25610077326638,176.4489225689006,100.43042265285305
2017-07-11,108.14198662912074,124.08962114564987,111.5763526785016,135.35468947544194,113.91011354159888,143.24758175517692,108.14198662912074,124.08962114564987,123.60277522373208,177.8967867575463,100.43402938033326
2017-07-12,108.59367229442213,125.63876064663133,112.2403739406098,137.76654467361263,114.72277846751544,146.30953777951788,108.59367229442213,125.63876064663133,125.06947482185618,184.2301342026164,100.43767609211433
2017-07-13,108.67997662344922,125.93173698171279,112.36605952672195,138.2233394974337,114.87610378942557,146.89062045539137,108.67997662344922,125.93173698171279,125.34503656453404,185.44515473519337,100.44132293630577
2017-07-14,108.9819683850328,126.97010120979337,112.8103600762159,139.8493515156676,115.42034002556368,148.96311888069016,108.9819683850328,126.97010120979337,126.33172538509028,189.80144786418876,100.44496991291238
2017-07-17,109.00329972910438,126.99784569944204,112.84016763122095,139.8908544442447,115.4561076333368,149.0150980799753,109.00329972910438,126.99784569944204,126.39394900440462,189.90728588967457,100.44857716282397
2017-07-18,109.26082411090681,127.88478045327602,113.21921492767926,141.2843123881355,115.92065244017371,150.79520613754903,109.26082411090681,127.88478045327602,127.23841240938513,193.68358663900779,100.45230412392108
2017-07-19,109.48787359657717,128.70772490142065,113.55352204640587,142.58088156514802,116.33053275505341,152.45470816587135,109.48787359657717,128.70772490142065,127.9850958411574,197.2312772532917,100.45603122330027
2017-07-20,109.54119621803882,128.8801758830973,113.63064295436926,142.85143039757605,116.42444090638399,152.80066989266749,109.54119621803882,128.8801758830973,128.1539885221535,197.97214343169227,100.4599179149845
2017-07-21,109.52810814648133,128.81506272143284,113.60928621304353,142.74586200482707,116.39724484412332,152.66393384240325,109.52810814648133,128.81506272143284,128.10065399131264,197.6715634393126,100.46396421723382
2017-07-24,109.70657113079754,129.4055463839776,113.8717526034094,143.67814787800893,116.7189867037367,153.85916594842618,109.70657113079754,129.4055463839776,128.68733383056227,200.24554421912723,100.46805054911172
2017-07-25,109.61136492508106,129.10545886446357,113.72857557367465,143.1996399243275,116.54191952974493,153.24300413444084,109.61136492508106,129.10545886446357,128.35843755704354,198.9035180559673,100.47217691547357
2017-07-26,109.7391883323916,129.51384462358953,113.91601822961431,143.8441926848238,116.77144836113685,154.0694436628825,109.7391883323916,129.51384462358953,128.77622471529705,200.68583040514815,100.47634332122264
2017-07-27,109.50074064473232,128.70818514897942,113.56048578843986,142.56346792492195,116.333193134568,152.42210798340773,109.50074064473232,128.70818514897942,127.96731766421044,197.1042716227088,100.48031054192121
2017-07-28,109.47154786792734,128.5662873418857,113.51535262677037,142.33657122278615,116.27681077077902,152.12982387712654,109.47154786792734,128.5662873418857,127.86064860252868,196.469243469794,100.48419817298387
2017-07-31,109.31172892134904,127.98376968108013,113.27678177273025,141.41298498028848,115.98268928930524,150.94412426585103,109.31172892134904,127.98376968108013,127.31841420564642,193.91219677405718,100.48796633041536
2017-08-01,109.40251366459424,128.28024322287814,113.40937733020036,141.8787109338994,116.14474415651779,151.53954284506267,109.40251366459424,128.28024322287814,127.61175412527126,195.18225307988675,100.49169475297563
2017-08-02,109.50920266289614,128.61252918909355,113.56554965028127,142.40144538643054,116.3357999953635,152.20840060090228,109.50920266289614,128.61252918909355,127.95842857573693,196.6131831844547,100.49546319152887
2017-08-03,109.36276598429299,128.1465421513466,113.34678040133564,141.6620898809637,116.06600054609429,151.25893058246226,109.36276598429299,128.1465421513466,127.4606396212221,194.56415901104967,100.49923177139854
2017-08-04,109.43483690224787,128.32533116035265,113.45166792037782,141.94216429853873,116.19401461013268,151.61665367467432,109.43483690224787,128.32533116035265,127.69175592153258,195.3261927945474,100.50300049258996
2017-08-07,109.6801427025607,129.12280896631074,113.81314431355973,143.20002539841,116.63739992882473,153.22782977629618,109.6801427025607,129.12280896631074,128.50066297261918,198.7807459464038,100.50676935510843
2017-08-08,109.6162586674819,128.95731990329213,113.71672940479034,142.9356829515371,116.5180117741194,152.8873294080548,109.6162586674819,128.95731990329213,128.2784357607822,198.03987976800323,100.51029905712745
2017-08-09,109.56836136100567,128.78382781735039,113.64395617193499,142.6587232358977,116.42767728148135,152.5307159602916,109.56836136100567,128.78382781735039,128.10954307978608,197.2651454214472,100.51398842326348
2017-08-10,108.74875670153519,125.86068626905838,112.427752194298,138.03065817962684,114.93162852231839,146.59160324800354,108.74875670153519,125.86068626905838,125.36281474148092,184.4587443376658,100.51767792482266
2017-08-11,109.0401016423264,126.8706346575394,112.85629011974754,139.6108021501759,115.45649216228927,148.60431600983222,109.0401016423264,126.8706346575394,126.31394720814322,188.6753312730199,100.52132767384253
2017-08-14,109.53410504011596,128.60025328700632,113.58499024174296,142.32768348746248,116.35025924871165,152.07353884929387,109.53410504011596,128.60025328700632,127.94065039878997,196.01202319969534,100.5248977765516
2017-08-15,109.56324123758019,128.68387652590064,113.62644315397976,142.45775502350122,116.40039654529215,152.23924449915395,109.56324123758019,128.68387652590064,128.02954128352476,196.36340544430823,100.5284281152235
2017-08-16,109.63235981943562,128.92187006350113,113.72709699082644,142.8319446415724,116.52329380405347,152.71800987916785,109.63235981943562,128.92187006350113,128.25176849536174,197.38791753101071,100.53203836234432
2017-08-17,108.85030871358884,126.15019316194977,112.56644172457237,138.4430405278414,115.09544474852922,147.085720445541,108.85030871358884,126.15019316194977,125.62948739568532,185.25041276829955,100.53556895178681
2017-08-18,108.82578083759711,125.99761913892999,112.52854969558945,138.2018013794446,115.04816260112503,146.77715170752836,108.82578083759711,125.99761913892999,125.54059651095051,184.59845053130707,100.53901987508615
2017-08-21,108.77971994713793,125.92059821117067,112.458815882857,138.0790338625557,114.96180026800475,146.61965855936006,108.77971994713793,125.92059821117067,125.3805929184279,184.26400237077195,100.54255070971271
2017-08-22,109.36248544301652,127.88577280772768,113.31784081883265,141.15546648154483,116.01478404566419,150.53871564464777,109.36248544301652,127.88577280772768,127.29174694022596,192.4685661064309,100.54600187266367
2017-08-23,109.22860423042833,127.3874966328842,113.11799760422868,140.36770660735704,115.76846826048612,149.52953113520132,109.22860423042833,127.3874966328842,126.83840342807851,190.3137039075401,100.54945315407716
2017-08-24,109.11851339391245,127.0184117827441,112.95346077829225,139.78465177754737,115.56560298981535,148.7831714996296,109.11851339391245,127.0184117827441,126.46506171219238,188.72613352525318,100.55290455395725
2017-08-25,109.04047118540781,126.72213603563466,112.83635359110869,139.3167571119752,115.42101281372763,148.18450848427327,109.04047118540781,126.72213603563466,126.198389057988,187.4560772194236,100.55643587620054
2017-08-28,109.16126856695594,127.1137076785934,113.01321115870626,139.92962091100458,115.63728341444501,148.96570426542237,109.16126856695594,127.1137076785934,126.58950895082111,189.09868337496317,100.56000722580805
2017-08-29,109.31388731625368,127.66429625006934,113.23730730805728,140.79346751856602,115.91166727988727,150.0682616009462,109.31388731625368,127.66429625006934,127.08729790533597,191.4271199356507,100.5633791784313
2017-08-30,109.76599165341372,129.21473221435392,113.90462794122212,143.2340172382802,116.73054107641585,153.18878126662858,109.76599165341372,129.21473221435392,128.58066476888052,198.05681385208104,100.56695077463624
2017-08-31,110.18019553228507,130.50342703531732,114.51692432437059,145.2725700442694,117.48269647524864,155.8039718082761,110.18019553228507,130.50342703531732,129.95847348226982,203.68739680792535,100.57052249768954
2017-09-01,110.129928382497,130.47409443830514,114.44058351581161,145.22376227466074,117.38789915353168,155.74007458331252,110.129928382497,130.47409443830514,129.78069171280023,203.5434570932647,100.5740145297207
2017-09-05,109.78658912633072,129.25466686663404,113.92917809136773,143.28260528962258,116.7575831826864,153.24091071860235,109.78658912633072,129.25466686663404,128.61622112277442,198.09491554125586,100.5775465933262
2017-09-06,109.90597433257518,129.64824337207722,114.10442965219147,143.9036974419722,116.97227665921154,154.03693274493824,109.90597433257518,129.64824337207722,129.00734101560752,199.80525803310633,100.58111869269925
2017-09-07,109.99874284275334,129.9321153072787,114.2402042465485,144.35153065348695,117.13843315754664,154.61103151530864,109.99874284275334,129.9321153072787,129.30957002370582,201.04144617078043,100.5848505715079
2017-09-08,109.6678719364485,128.81378956164386,113.74752793283494,142.5743791429722,116.53137212849845,152.32575787810597,109.6678719364485,128.81378956164386,128.18954487604742,196.08399305702576,100.58850275953462
2017-09-11,110.11226699860939,130.2525569899566,114.40424380354544,144.84713388702156,117.33788105050944,155.23850363595255,110.11226699860939,130.2525569899566,129.665133562645,202.32843656068772,100.592115164098
2017-09-12,110.2073368336103,130.64100337600314,114.54357136919859,145.461981518545,117.50850931991725,156.02812465468355,110.2073368336103,130.64100337600314,129.97625165921676,204.0387790525382,100.5957676158986
2017-09-13,110.2626406382486,130.83376260963894,114.62394188636354,145.76637801333098,117.60661570720458,156.4188252466704,110.2626406382486,130.83376260963894,130.15403342868635,204.88548325642455,100.59934036240719
2017-09-14,110.038544298742,130.06377936961178,114.28937741882838,144.53861348361687,117.19384663465166,154.83671590226191,110.038544298742,130.06377936961178,129.38957181996713,201.42669658354873,100.60295315617813
2017-09-15,110.17343554969266,130.43425002477238,114.48774487059966,145.1245077675515,117.43708592997571,155.58875726298007,110.17343554969266,130.43425002477238,129.83402624364112,203.05236865501053,100.60660600150109
2017-09-18,110.12571096837407,130.32596586682496,114.41511552935377,144.95013553174786,117.34683268124671,155.36329290963442,110.12571096837407,130.32596586682496,129.66458243915963,202.55704669573703,100.6102589794571
2017-09-19,110.19451411785049,130.52352555799328,114.51545371465728,145.2617775134674,117.4694715621917,155.76300093049628,110.19451411785049,130.52352555799328,129.88729728361025,203.4206849837011,100.61391209005099
2017-09-20,110.07804913261015,130.14627492878944,114.34078861494442,144.65975829876663,117.25362296202513,154.98723389515513,110.07804913261015,130.14627492878944,129.48641056359912,201.72727657592839,100.617525407132
2017-09-21,109.84471013107895,129.27270337686502,113.99277880015346,143.27040414573727,116.82453033536808,153.19987003487097,109.84471013107895,129.27270337686502,128.69354571735485,197.84513780110936,100.62113885397699
2017-09-22,109.81001557100554,129.16341340772553,113.9395889885233,143.095164860905,116.75827788698454,152.97390841633228,109.81001557100554,129.16341340772553,128.56882540446247,197.35404936285525,100.62475243059058
2017-09-25,109.40776309582523,127.74763967128553,113.34159785521598,140.85229947254092,116.02210712361811,150.0955767195711,109.40776309582523,127.74763967128553,127.21471915020264,191.16040811142642,100.62832620652016
2017-09-26,109.50956307365772,128.0566277205579,113.4904916486029,141.33680018933882,116.20416270927369,150.71404139198287,109.50956307365772,128.0566277205579,127.54433711998954,192.4685661064309,100.63197997312649
2017-09-27,109.85752453675681,129.27523937566318,114.00386440444474,143.25598870269516,116.83408723686458,153.16875954297245,109.85752453675681,129.27523937566318,128.69354571735482,197.6884975233904,100.6356738057247
2017-09-28,109.84686574921841,129.2018096510377,113.98625004371323,143.13746653696464,116.81155827481531,153.0155547936797,109.84686574921841,129.2018096510377,128.64900274846468,197.35404936285525,100.63940770870121
2017-09-29,110.12636672648621,130.16232767416062,114.3987904295713,144.655384975511,117.31801965948011,154.96163763805197,110.12636672648621,130.16232767416062,129.57549650137935,201.5325346090345,100.6431018139445
2017-10-02,110.16344422610776,130.2936706332097,114.45201356763084,144.86163432355943,117.38265594005651,155.22563280093266,110.16344422610776,130.2936706332097,129.69130822049368,202.09982642563838,100.64679605478489
2017-10-03,110.24803478312167,130.5831929517232,114.57585840633959,145.31932639817288,117.53425997367306,155.81307954797984,110.24803478312167,130.5831929517232,129.96747462761246,203.36988273146795,100.65029073520347
2017-10-04,110.28772259327104,130.70526922375484,114.63295902068069,145.5110904962706,117.60367776912138,156.0586573636618,110.28772259327104,130.70526922375484,130.09219494050484,203.89907285889691,100.65402518051445
2017-10-05,110.66840856354159,132.02587461415902,115.19638049507736,147.60903593070952,118.29642282494468,158.75750831677433,110.66840856354159,132.02587461415902,131.3661238507625,209.77096651284893,100.65779970645869
2017-10-06,110.72361240799,132.1959894886339,115.27663799700092,147.87839406471087,118.39444575800624,159.103972580566,110.72361240799,132.1959894886339,131.544295726323,210.52876677532723,100.66153443037638
2017-10-09,110.68166635456909,132.0828758208935,115.21241793890195,147.69528211518724,118.31441882755993,158.86637736232913,110.68166635456909,132.0828758208935,131.39284963209658,209.99957664789824,100.6652692928642
2017-10-10,110.71322742098562,132.18298524344738,115.25751878753086,147.85285143889416,118.36911904232099,159.06858317649275,110.71322742098562,132.18298524344738,131.49084416365486,210.43986283391916,100.66900429392722
2017-10-11,110.8314398568717,132.59013806913634,115.43147291569143,148.50107448782194,118.58261170259694,159.90426483288906,110.8314398568717,132.59013806913634,131.882822289888,212.27721095635258,100.67277938158826
2017-10-12,110.76345029724548,132.34262716528337,115.32841928970048,148.10261958706312,118.45466327283489,159.38817813320009,110.76345029724548,132.34262716528337,131.6422902578813,211.12992676008653,100.6766345098463
2017-10-13,110.9157172546342,132.86415458449696,115.55303538141372,148.9339761736313,118.73061125918612,160.4606181580311,110.9157172546342,132.86415458449696,132.15008010322876,213.49223148892952,100.68044983468587
2017-10-16,111.0519161698599,133.34786087152614,115.75386335340605,149.706143271537,118.97733196946763,161.45771609151126,111.0519161698599,133.34786087152614,132.60441838590808,215.6978959400535,100.68426530411413
2017-10-17,111.1042937344606,133.51514946631778,115.82995684419075,149.97198709429705,119.07027576949145,161.80053383993598,111.1042937344606,133.51514946631778,132.77368166769054,216.4556962025318,100.6881208722101
2017-10-18,111.06006618410306,133.33930048415596,115.76220601190221,149.68737445048254,118.98579791514314,161.4308348597046,111.06006618410306,133.33930048415596,132.61332697968612,215.62592608272317,100.69193663234634
2017-10-19,110.91918333347064,132.8276371420271,115.55054350520749,148.8643777880092,118.7238281552385,160.36453520997304,110.91918333347064,132.8276371420271,132.1233543218947,213.24668726980244,100.69575253708776
2017-10-20,111.0266484476472,133.16966422868427,115.70857892839616,149.40953640686809,118.91776941031851,161.06803525641794,111.0266484476472,133.16966422868427,132.47969807301575,214.80038948393397,100.69960854507183
2017-10-23,110.77597047800522,132.30399054633716,115.33344755304935,148.01957110512694,118.45420638969063,159.2686789316747,110.77597047800522,132.30399054633716,131.61556447654726,210.7954785995514,100.70350466087862
2017-10-24,110.84430702252466,132.54346874906184,115.43321437203291,148.3999161192119,118.57626822243996,159.75857208798192,110.84430702252466,132.54346874906184,131.8382793209979,211.87079293848714,100.70732100401163
2017-10-25,110.70031948450844,131.9832497438977,115.21706843925266,147.5013742321357,118.30890378604761,158.59654272362616,110.70031948450844,131.9832497438977,131.33939806942848,209.2968121586726,100.71125738143975
2017-10-26,110.57961440050596,131.55772018443125,115.03566686705369,146.8195293010134,118.08445555856457,157.71554229463845,110.57961440050596,131.55772018443125,130.9206941618613,207.35362601075335,100.71519391273026
2017-10-27,111.70956098560477,135.52919461056933,116.71301696747187,153.1488077596012,120.14970767418029,165.87311864594733,111.70956098560477,135.52919461056933,134.73357229885616,225.22331823377525,100.71909063154234
2017-10-30,111.80023784299698,135.87049939763054,116.84644189775446,153.69726073230197,120.31361193696819,166.58467344559847,111.80023784299698,135.87049939763054,135.03646448730902,226.8278227001399,100.72294753322724
2017-10-31,111.95022271861279,136.37719897721644,117.06841963193423,154.51351550221938,120.58694873256586,167.6450078015148,111.95022271861279,136.37719897721644,135.54425433265646,229.2282291181578,100.72688452145422
2017-11-01,111.94027733860707,136.31817986506357,117.0515415681385,154.41532280027346,120.56511493036656,167.5158120744575,111.94027733860707,136.31817986506357,135.49971136376635,228.92764912577812,100.73094157652523
2017-11-02,111.86859416964991,136.079216698074,116.9423809325094,154.02588263852007,120.4291901912166,167.0074467616756,111.86859416964991,136.079216698074,135.2413621442036,227.76343084543439,100.73511871279295
2017-11-03,112.24813590577494,137.41076009903045,117.50711651702734,156.17624663618895,121.12608976033899,169.8039953269217,112.24813590577494,137.41076009903045,136.5420168357953,234.11371237458224,100.73925604802581
2017-11-06,112.38445019400882,137.90409846272118,117.70888645549007,156.9744868654594,121.37466601915774,170.84405946892758,112.38445019400882,137.90409846272118,137.00526371225257,236.49718470852235,100.74343352908018
2017-11-07,112.41052755171658,137.9864764578373,117.74579282219857,157.10562729775583,121.41931662653394,171.0139018951831,112.41052755171658,137.9864764578373,137.0854410562548,236.88243512129063,100.74765116092036
2017-11-08,112.57219365990399,138.59452529377427,117.98553321476828,158.09172683555119,121.71493506857698,172.30050583274914,112.57219365990399,138.59452529377427,137.6377738704924,239.84589983489295,100.751988907012
2017-11-09,112.36880864360599,137.82099527411287,117.67881412522772,156.82828466491944,121.33418030888086,170.6466128827802,112.36880864360599,137.82099527411287,136.91617777447235,236.00186274924883,100.7563668208157
2017-11-10,112.3694523898371,137.8102132439112,117.67756573919637,156.80781030819645,121.33157163095912,170.61838228685787,112.3694523898371,137.8102132439112,136.90726918069433,235.92989289191846,100.76078490753544
2017-11-13,112.42125036794354,137.95864443712264,117.75286688526609,157.046165773824,121.42368438801718,170.92811737650055,112.42125036794354,137.95864443712264,137.07653246247682,236.63689090216357,100.76516320354631
2017-11-14,112.2812521200522,137.4762313396029,117.54117156534977,156.2587027002034,121.16066589216616,169.89813418541203,112.2812521200522,137.4762313396029,136.5776512109074,234.25341856822345,100.76958167598045
2017-11-15,112.09995039922404,136.77411855137578,117.26778702207011,155.1156590127319,120.82142051543468,168.40523670201003,112.09995039922404,136.77411855137578,135.93623245888958,230.81579950044477,100.77408031801953
2017-11-16,112.6045716989283,138.5709844751819,118.01968399562601,158.02389957221015,121.74996991203466,172.19263231362962,112.6045716989283,138.5709844751819,137.67340824560452,239.46064942212462,100.77853917117648
2017-11-17,112.45740339742318,138.03141906917887,117.79705507913638,157.1418337882906,121.473274452167,171.03769697498637,112.45740339742318,138.03141906917887,137.14780121270104,236.77659709580482,100.78307820458757
2017-11-20,112.43007352888125,137.91719181512292,117.75384473265815,156.9529728048295,121.41869031727781,170.7894550499889,112.43007352888125,137.91719181512292,137.04089808736475,236.19660471614264,100.78769742900529
2017-11-21,112.86064682028558,139.44235079998046,118.3957427279023,159.42938654477794,122.21181857215686,174.02154786329277,112.86064682028558,139.44235079998046,138.528633248295,243.63913466830388,100.79235686025545
2017-11-22,112.91230340201083,139.64074262788927,118.47081125913084,159.75026837516197,122.30367432354849,174.44024043643333,112.91230340201083,139.64074262788927,138.69789653007746,244.6086109817538,100.79701650691189
2017-11-24,113.06035222766819,140.1947265515561,118.69039422992354,160.65250557007877,122.5745777215488,175.62088522292726,113.06035222766819,140.1947265515561,139.2056863754249,247.3603996443845,100.80163637016845
2017-11-27,113.04599375527633,140.11828324033533,118.66652927125374,160.52420957156605,122.54387898418886,175.45097579115037,113.04599375527633,140.11828324033533,139.1433262189787,246.95398162651904,100.80625644516876
2017-11-28,113.15063138686551,140.4838925507979,118.8211531295028,161.11947430456223,122.73438642435805,176.23013572943006,113.15063138686551,140.4838925507979,139.49966997009972,248.7743956648747,100.81079672695708
2017-11-29,112.46359516688169,137.96032199360386,117.78813192680077,156.98163049949915,121.45280058612049,170.79741031207516,112.46359516688169,137.96032199360386,137.06762386869883,235.98492866517105,100.81545722609148
2017-11-30,112.79696847868199,139.16244601619616,118.28461354085329,158.93264282585363,122.06600127288196,173.34310718719857,112.79696847868199,139.16244601619616,138.2168324660641,241.8398882350453,100.82007793454768
2017-12-01,112.63232935418601,138.51681114703052,118.03568900624792,157.876207313123,121.756642960471,171.9588783665798,112.63232935418601,138.51681114703052,137.62886527671438,238.61394521823823,100.82461883885149
2017-12-04,112.18142298009685,136.84700582400075,117.35835645140614,155.1543302007365,120.91712446218916,168.39972476565424,112.18142298009685,136.84700582400075,136.04313558422587,230.3755133144238,100.82915994767619
2017-12-05,112.21047620223146,136.92061650447027,117.39947114995766,155.27050864166713,120.96684980516477,168.54949689747528,112.21047620223146,136.92061650447027,136.13222152200612,230.70996147495896,100.83378128417377
2017-12-06,112.39118484059752,137.55875758771947,117.66723829708371,156.30123767537717,121.2968157797955,169.8905928864733,112.39118484059752,137.55875758771947,136.7469144926899,233.76233012996934,100.8384428458879
2017-12-07,112.52782075462665,138.03896699419792,117.86926425601831,157.07762415492692,121.54560347611852,170.90168782974214,112.52782075462665,138.03896699419792,137.21016136914722,236.07383260657912,100.84310462310675
2017-12-08,112.70505719568449,138.68162380794016,118.13216247799528,158.11924376513878,121.86980692072822,172.2600696036182,112.70505719568449,138.68162380794016,137.8159457460529,239.19393759790046,100.8477265987353
2017-12-11,113.01437237705298,139.79909985128208,118.5930188103324,159.93630976287432,122.43922457739384,174.6339867358982,113.01437237705298,139.79909985128208,138.88497699941598,244.68058083908417,100.8523087672653
2017-12-12,112.96457455479103,139.61969827095055,118.51595726334416,159.63985466136813,122.34259038209802,174.24389233977575,112.96457455479103,139.61969827095055,138.69789653007746,243.76190677786744,100.85709124778026
2017-12-13,113.04427088818889,139.86846142428806,118.63297538580892,160.04291664237314,122.48637603205141,174.77014742572266,113.04427088818889,139.86846142428806,138.9651543434182,244.98116083146377,100.86191397773874
2017-12-14,113.01976728883344,139.80160262321738,118.59388918664054,159.9304565347808,122.4368165767213,174.6211610025577,113.01976728883344,139.80160262321738,138.86715981185992,244.6255450658315,100.86657684003175
2017-12-15,113.47238618647282,141.3978570096475,119.26998774174409,162.5359271542468,123.27327338611873,178.03327979592035,113.47238618647282,141.3978570096475,140.4439809105704,252.5845645823634,100.87131997072841
2017-12-18,113.8082122541808,142.67373487803053,119.77186765826417,164.62784120448262,123.89459437498812,180.78126631149067,113.8082122541808,142.67373487803053,141.61938968223683,259.07455230515245,100.87602329616357
2017-12-19,113.57584264477352,141.86558266944155,119.41998025587239,163.2922016337897,123.45657030707153,179.01944761403627,113.57584264477352,141.86558266944155,140.78024302123515,254.85796536979825,100.88100705207641
2017-12-20,113.53660860708142,141.66390184528558,119.35853937709773,162.9571410602458,123.37913901992911,178.57689521697858,113.53660860708142,141.66390184528558,140.62848245488382,253.7995851149403,100.88595102206487
2017-12-21,113.54529972952683,141.644466314264,119.36906469395316,162.9217523354051,123.39097575188266,178.5285937448852,113.54529972952683,141.644466314264,140.64633663916044,253.67681300537677,100.89093526845467
2017-12-22,113.50345445209966,141.4834356047983,119.30375309431753,162.65378566537765,123.30877133228124,178.17450886373496,113.50345445209966,141.4834356047983,140.48564898067076,252.8301088014904,100.89579965283369
2017-12-26,113.29238049447584,140.68598369741977,118.98438512172424,161.34080050137516,122.91149489783453,176.4468918880044,113.29238049447584,140.68598369741977,139.72684614891395,248.73629397569977,100.90058419571403
2017-12-27,113.30134840696313,140.69082815227503,118.9951386560749,161.34507411186462,122.92352277025309,176.4506308816658,113.30134840696313,140.69082815227503,139.74470033319056,248.73629397569977,100.90592952428156
2017-12-28,113.35329393268711,140.82882197505512,119.07043479343913,161.5675677138955,123.01558789844262,176.74079221403946,113.35329393268711,140.82882197505512,139.91431508381854,249.40942381778945,100.91115500991764
2017-12-29,113.11142355678471,139.9021793574326,118.70493702961873,160.0454022331261,122.56123329069494,174.74089268744734,113.11142355678471,139.9021793574326,139.04838714640192,244.69751492316178,100.91618054561357
2018-01-02,113.80896005950547,142.42022748054205,119.74816148901981,164.15712718292554,123.85255062373173,180.12627220379625,113.80896005950547,142.42022748054205,141.48548330016206,257.25837178781615,100.92120633158916
2018-01-03,114.19983763770516,143.8843324982042,120.33304067340644,166.56428986304851,124.57717908978438,183.29400330776448,114.19983763770516,143.8843324982042,142.86025548946265,264.78980568138536,100.92643260834562
2018-01-04,114.2735276047635,144.18455800540679,120.44135648497894,167.05717663464284,124.71048181110925,183.94301931613958,114.2735276047635,144.18455800540679,143.11021406933548,266.3435078955169,100.93153900523353
2018-01-05,114.67896453468775,145.71335254579625,121.04920214171713,169.58400252918332,125.46448924830366,187.27983754923807,114.67896453468775,145.71335254579625,144.5474759036043,274.3871978324374,100.93664566048079
2018-01-08,114.83884474389501,146.28461881543794,121.2877061027597,170.53016968249858,125.7598836950649,188.5318501059291,114.83884474389501,146.28461881543794,145.10988270831817,277.43533296642835,100.9416724656516
2018-01-09,114.84521261378,146.3286445880257,121.29460143451382,170.59967410635628,125.7671506966611,188.6220923170189,114.84521261378,146.3286445880257,145.1188098004565,277.6470090173999,100.94693985848066
2018-01-10,114.75511668981729,145.96966175535692,121.15597306365189,169.99799343561935,125.5933600173081,187.82184693397278,114.75511668981729,145.96966175535692,144.7795802992005,275.67418822234464,100.95216746786619
2018-01-11,115.03381456237796,146.99758992880112,121.57367277081951,171.7044744875035,126.11167691966286,190.08241290409902,115.03381456237796,146.99758992880112,145.7704875265535,281.1946996316838,100.95731522719937
2018-01-12,115.33353674747435,148.09312519502004,122.02351222048632,173.5287919413182,126.67033760511572,192.5039534687844,115.33353674747435,148.09312519502004,146.84173858315137,287.15549722704384,100.96250331145413
2018-01-16,115.22204865964171,147.69688493547153,121.85231764610754,172.86168971416978,126.45577903273863,191.61391610650912,115.22204865964171,147.69688493547153,146.42216525265053,284.9328986918421,100.96769166231876
2018-01-17,115.66114802705457,149.33096246387302,122.51297346186976,175.5899580958905,127.27719697161346,195.24099705332375,115.66114802705457,149.33096246387302,148.00226056113237,293.9121967740571,100.97296041289559
2018-01-18,115.6723664466994,149.38642925339605,122.52723014472369,175.67923294130617,127.29365205106755,195.35809409426776,115.6723664466994,149.38642925339605,148.0290418375473,294.1958426823591,100.9781893697741
2018-01-19,115.80324907408124,149.89258955471007,122.72254547645285,176.5256572009593,127.53581948310944,196.4855398837686,115.80324907408124,149.89258955471007,148.4932506287397,297.0153676813007,100.98345866814795
2018-01-22,116.24086973557777,151.53675809298358,123.38234849237737,179.28789094800172,128.3573157825534,200.17297865279096,116.24086973557777,151.53675809298358,150.08227302935987,306.29524575589534,100.98868816868611
2018-01-23,116.58115640447377,152.88558259338822,123.89559991270052,181.56367837998783,128.99672218203702,203.2199757070553,116.58115640447377,152.88558259338822,151.32313883658568,314.05528978451395,100.99391794003772
2018-01-24,116.32029537428848,151.80585802967445,123.49681051977,179.72785161583562,128.49713576699503,200.75211341329734,116.32029537428848,151.80585802967445,150.34115870137097,307.6880741712884,100.99914798221674
2018-01-25,116.30967615656951,151.7444031326749,123.4779843886282,179.6199527028611,128.47230903164603,200.60542523208053,116.30967615656951,151.7444031326749,150.28759614854107,307.30282375852005,101.00433821621027
2018-01-26,116.93739601335078,154.12077868021314,124.42729593657778,183.6344806836654,129.65624893844426,205.98364641505776,116.93739601335078,154.12077868021314,152.59078592022647,321.0236653824988,101.00948863583756
2018-01-29,116.74250356321612,153.41163444590893,124.12834730846708,182.42343682793833,129.28112290779953,204.35144186290356,116.74250356321612,153.41163444590893,151.84983727274627,316.7732102789892,101.01459923496496
2018-01-30,116.41013792151944,152.0447560821004,123.62074510196355,180.09743118257236,128.6453755756068,201.22260470530068,116.41013792151944,152.0447560821004,150.60004437338213,308.67871808983546,101.01983034813962
2018-01-31,116.58311673618806,152.70674039446322,123.88042057115673,181.21360874536262,128.9683193160141,202.7170449454963,116.58311673618806,152.70674039446322,151.2249408230642,312.4888870073242,101.02506173221121
2018-02-01,116.24024228954413,151.37528664955548,123.35714899619015,178.9523741094746,128.31324763698845,199.67944048906068,116.24024228954413,151.37528664955548,149.9394395551468,304.673807205453,101.03037356581422
2018-02-02,115.4328217220752,148.1442491532006,122.13024791837708,173.49162638227534,126.780445062104,192.36542577277126,115.4328217220752,148.1442491532006,146.94886368881112,286.06324880403054,101.03576586154617
2018-02-05,113.84393617843995,142.16407245296207,119.7259216157663,163.4828282752968,123.78404442144229,179.0462105959742,113.84393617843995,142.16407245296207,141.15518089104435,253.04178485246197,101.04115844508124
2018-02-06,114.90383094723695,146.0051255253339,121.31548826280924,169.78908081924226,125.7548278159683,187.3321775942799,114.90383094723695,146.0051255253339,144.89563249699853,272.54984971000397,101.04667160352811
2018-02-07,114.38760854664409,143.9894158712522,120.53401972328595,166.43641739862485,124.78136740575201,182.89123411513384,114.38760854664409,143.9894158712522,143.0209431479523,261.77130519453044,101.05222516067774
2018-02-08,112.7024938985721,137.74984373587824,117.99446021047986,156.12915454931047,121.62510863922307,169.2976257801866,112.7024938985721,137.74984373587824,136.98622886245101,229.3340671436435,101.0578993233207
2018-02-09,113.38781658995485,140.0243833499942,119.01662378122207,159.80828405698236,122.88808099515036,174.08305251224232,113.38781658995485,140.0243833499942,139.3519082791046,240.1295457431948,101.06357380457239
2018-02-12,114.09617980045086,142.77278297324406,120.07594231136787,164.28546428957597,124.19923309670725,179.93361917912705,114.09617980045086,142.77278297324406,141.82471280141803,253.57097497989093,101.06924860445065
2018-02-13,114.30666580637607,143.3864471458012,120.38936341517292,165.2900719686774,124.58678973474173,181.25185414442788,114.30666580637607,143.3864471458012,142.5567343567599,256.6572118030567,101.07520447088629
2018-02-14,115.20020781091314,146.89185936937474,121.6347281471305,170.63756366924306,126.09115446391658,188.09720546049115,115.06004410313267,146.33051146611425,145.22593490611627,271.68621142203983,101.08104036066823
2018-02-15,116.09691390815667,150.1019381071185,122.88541279295531,175.56918667107533,127.60351317738348,194.44176407985208,115.81192583076452,149.01266804108118,147.9219167318875,285.8854409212143,101.08683647587937
2018-02-16,115.81871925710696,149.209273857185,122.53134494895778,174.31051816904056,127.19047412454371,192.87443566897159,115.63522069428345,148.43588786106974,147.26131191365218,282.69336607256264,101.09263292344714
2018-02-20,115.94472463352257,149.60777474380214,122.69082251652044,174.87054786744272,127.37577146191083,193.57014635917423,115.72061421840975,148.70065551835302,147.55590595421654,284.1031285720334,101.09859016788727
2018-02-21,115.7732880960737,148.89836778779383,122.4702187620218,173.86705649544388,127.11715198266458,192.31903359870296,115.60999859547509,148.23807592572012,147.13633262371573,281.54608187629657,101.10470823733195
2018-02-22,115.76909210870309,148.91797356870612,122.46334077598344,173.89254631991506,127.10817168778131,192.34931723767272,115.60957648839701,148.2539724406232,147.11847843943912,281.60111764954917,101.110746435185
2018-02-23,117.0270238252644,153.62328337745137,124.06868035339691,180.525179870388,128.981734963361,200.6015818794674,116.44147082690645,151.3503847022033,150.1269084900514,298.3743279285382,101.11674487034057
2018-02-26,117.85277549514986,156.89577669203447,125.12427534741984,185.16663646313762,130.2153425807185,206.40242712702053,116.986411832271,153.4825612562018,152.11765003689578,310.3509588925109,101.1227837870481
2018-02-27,117.08268409763977,153.92264808078713,124.13540607295226,180.92720521815724,129.05661503758773,201.08453273973427,116.48400375798158,151.56504172428927,150.2340335957112,299.2379662165023,101.1289033205908
2018-02-28,116.68778420726827,152.28812861929438,123.62826201910693,178.60489238505585,128.46248342834642,198.17933643352092,116.22694832073364,150.50529010572464,149.26990764477313,293.22636636890905,101.13502322446234
2018-03-01,115.6813596944628,148.40729574820708,122.33912918723415,173.10654207317305,126.9545337012933,191.31427903130444,115.56732624512765,147.97555181973897,146.83281149101296,279.11180729012324,101.14110336573954
2018-03-02,116.24744875286501,150.57441344559044,123.06054388893573,176.1568344550203,127.79580214519399,195.10538045652876,115.94311861427353,149.40548535213404,148.18080240389864,286.7871808983532,101.14710360183206
2018-03-05,116.93369332453469,153.08205493602858,123.93624839657977,179.69720178627745,128.8179177017905,199.5152549122773,116.39747988993427,151.05166988956236,149.82338735734874,295.78341306464597,101.15318446937005
2018-03-06,117.19928929916436,154.11191242266082,124.27457685260141,181.1547021006552,129.2125292659089,201.3342282679619,116.57452418413641,151.7259300334738,150.45721089916907,299.5216121248043,101.1594664032468
2018-03-07,117.34640142993706,154.7270720560469,124.46136471120354,182.0255801036975,129.43002496397713,202.42155985342993,116.67358314718774,152.129037353835,150.80536749256342,301.7611447440837,101.16566844196082
2018-03-08,117.69217340583896,155.95449506968677,124.90263305764155,183.76693464911082,129.94527795194978,204.59854119003703,116.90304330858052,152.92915714987373,151.63558706142675,306.26137758773984,101.17187086091886
2018-03-09,119.50691537152049,163.19950671742052,126.95325155530254,192.8439296031294,132.2064659871471,215.30256113903317,117.70257953983871,156.0516336033954,154.58152746707086,324.0929681215869,101.17803351257646
2018-03-12,120.01632397030717,165.15594937531168,127.52773932008539,195.2995055327419,132.83944358298925,218.20461014400698,117.92611381862052,156.87543518355236,155.4028199437959,328.9445832098558,101.18419653961782
2018-03-13,118.71066108699637,160.36105183561574,126.05315001867372,189.27432334666568,131.21259383662036,211.0759908508175,117.36898067331019,154.88835958750852,153.2870991070151,317.00182041403855,101.19052055190156
2018-03-14,118.69557155961952,159.9279081796802,126.03562709868305,188.73038218309327,131.19279221655182,210.43292757691842,117.36663226792668,154.71084081677645,153.26031783060014,315.9265060751028,101.19692526937301
2018-03-15,118.61413713790894,159.35905221952152,125.9432444781513,188.01635999931955,131.09047518370843,209.5891689789015,117.33566076190058,154.47569668197255,153.1264114485254,314.51674357563206,101.20345086475247
2018-03-16,118.33354158086478,158.51683372356226,125.62617951829667,186.95981956298778,130.74053851298413,208.34132184596677,117.2185056018323,154.1241550760935,152.67112974947133,312.4338512340716,101.2100170410288
2018-03-19,116.31828217770455,150.5578355996636,123.35249557334916,176.98526650620713,128.2345977028707,196.5713971675206,116.34944160645391,150.74424446447375,149.41858836433676,292.8199483510437,101.21662380603011
2018-03-20,116.62610316745867,151.4444479020659,123.69882455794203,178.09191505944824,128.6153140627061,197.87205029945284,116.48847351319685,151.13822004198286,149.91039101903687,294.97057702891516,101.22331133296017
2018-03-21,116.22139262811243,149.69368321427265,123.2422283350704,175.90367772061327,128.11214114225038,195.2969819677609,116.31597691733609,150.37946011277862,149.25763476825307,290.70318784132786,101.23003946972533
2018-03-22,113.9279670637922,140.94596404986777,120.65777020273968,164.98115244662688,125.26704396639997,182.4561843381234,115.31595378250653,146.5401876169135,145.57358579122698,269.46361288683823,101.23648685914392
2018-03-23,111.52767549420808,131.83861973593142,117.95633754984492,153.6538303635336,122.29697155686577,169.19149171153322,114.25711231223472,142.4027634387853,141.73752508456624,247.69484780491956,101.24285431278169
2018-03-26,112.99959945440312,137.1559540589073,120.17533962301535,162.4508708310829,125.05434609763779,180.78519101857154,115.74781199376147,148.01734350589092,147.00428442308174,275.56835019685894,101.24930251838376
2018-03-27,111.687944931955,132.42679166815483,118.1958752322987,154.5111998129173,122.58901893213445,170.21461548574783,114.44178943192595,143.055716921593,142.24721147216454,249.14271199356529,101.25595202614835
2018-03-28,111.2300479531948,130.78862314634844,117.5061942895782,151.79926160842098,121.731886261659,166.63909367991909,113.98584150171398,141.33547948223665,140.61084991198058,240.55289784513803,101.26252160875005
2018-03-29,111.96792925684429,133.40080877130254,118.60740998515811,156.09033973162244,123.094882111008,172.2712393126622,114.72120015670176,144.08014943768717,143.18610744931922,253.87155497227067,101.26893088343121
2018-04-02,109.36035431036882,123.8964796871765,115.67966549571224,144.28374144981282,119.88148123581452,158.47961285480662,113.56746000659881,139.60812450502743,139.0549651498385,231.32805554379598,101.2753405637788
2018-04-03,110.34630490703701,127.22303519379624,116.78730215765161,148.39922058884457,121.0964146099264,163.2653088746288,114.01955231344225,141.25314673545054,140.6197917784297,239.0880995724146,101.28191140432727
2018-04-04,111.73985375030513,132.03830343710362,118.35390642305931,154.36644035572357,122.8159188884781,170.21586340517484,114.65363540285169,143.59724255478562,142.83737465780467,250.3958342153171,101.28840228872878
2018-04-05,112.25049435430662,133.69908330950656,118.92811444227947,156.42881236487526,123.4463737145247,172.6231336485501,114.88689708105943,144.39248956673202,143.6510845046721,254.32877524236935,101.29473281387182
2018-04-06,110.00480032613562,125.71910236455919,116.39965435569796,146.508027506143,120.66701333323672,161.03066870941782,113.88539502687891,140.62712291377298,140.05645419213687,235.34990051225626,101.30110393099525
2018-04-09,110.62423679976332,127.73248891350633,117.09560512656161,149.00041334446723,121.43046840997913,163.93065708594256,114.17001318819,141.6174399559872,141.04005950153703,240.0575758858645,101.30751564769244
2018-04-10,112.57822721929594,134.4847838794327,119.29269793264274,157.36867553600945,123.8424619113885,173.67839549371652,115.05642590094513,144.89782955754688,144.15182902582126,255.91634562465632,101.31404837439592
2018-04-11,112.06010166428439,132.67645857787429,118.70888085365404,155.11976785942767,123.20026238991926,171.04976079293183,114.8288780359849,144.0506208362352,143.32023544605562,251.61085474789408,101.32050111438168
2018-04-12,113.14101107490724,136.39994570430244,119.92501860665514,159.74458378029408,124.53619849435964,176.44887030568336,115.31754845977183,145.82442906878455,145.04601567073053,260.4335125523901,101.32691405879743
2018-04-13,112.67374317726558,134.78219825048495,119.3982973232249,157.73090762113299,123.95658007874775,174.0931235609662,115.11334315591546,145.07301877712547,144.29489888900673,256.5683078616488,101.33340782729765
2018-04-16,113.36225687531515,137.16448672429036,120.17302177718621,160.6924253922648,124.80772292394538,177.55347229893266,115.42526541329221,146.20010954343508,145.39474846224513,262.2327589856486,101.33994222363572
2018-04-17,115.31586346413098,144.18505684785822,122.37294326158106,169.43063106698744,127.22640438467504,187.77581579066592,116.29978653306404,149.47934295177936,148.52440171942752,279.0059692646377,101.34659768412698
2018-04-18,115.50622481769676,144.99032390195092,122.58707467173697,170.43533526241782,127.46162957374678,188.954074379945,116.38810253368032,149.85013886738804,148.82842517869665,280.9491554125569,101.35329379861685
2018-04-19,114.65832737324916,141.8373905459946,121.63044727491325,166.4967302603861,126.40795465530333,184.32992318772324,116.01866676293943,148.4300978925219,147.46031961198548,273.30764997248235,101.36003057508954
2018-04-20,113.20811982673558,136.39938246356016,119.9953980387104,159.71362876604417,124.60822814405401,176.37782690550173,115.38103712501311,145.94596838812012,145.12649246877234,260.20490241734075,101.36680802157838
2018-04-23,112.98083695522558,135.54191710446918,119.73893332333081,158.64618470630404,124.32575117947935,175.1289759693126,115.28400620020098,145.55002787235944,144.75987594435952,258.1558782439357,101.37354569631792
2018-04-24,111.0673922719948,128.63187701213343,117.5837744585635,150.05209241236622,121.95590115518226,165.08321970471243,114.43427348974635,142.3093000906494,141.69281575232077,241.70018204140408,101.38052518448393
2018-04-25,111.17546111736576,129.0391996059548,117.70482836928127,150.55629501541245,122.08834789946022,165.66989107536617,114.48741862622227,142.51196342066436,141.86271121485353,242.6527242707762,101.3875051531821
2018-04-26,113.04940315773865,135.44192344007578,119.81232686811767,158.49292121292217,124.40243168606327,174.91629854811174,115.33607461006035,145.6110783028149,144.84929460885047,257.69865797383704,101.39440513617171
2018-04-27,113.106745281274,135.6965020758114,119.87639693048573,158.8087835931705,124.47238023242258,175.28470873376753,115.36600720730424,145.7362955384736,144.9387132733414,258.29981795859635,101.40118488111834
2018-04-30,112.46627991115783,133.3852955524792,119.15467262885588,155.93420729808076,123.67841386574716,171.92457893546893,115.08454575417116,144.6558117726698,143.91039863169573,252.79624063333492,101.40796507939311
2018-05-01,113.49647503110994,136.85573517975402,120.31383724688325,160.2442271136315,124.95186046918307,176.95540519522893,115.55020581751229,146.30802294729133,145.55570205832876,261.0135049320522,101.41494693730633
2018-05-02,112.96254071398124,134.94862313941968,119.71194411390513,157.87094545665926,124.28949417889508,174.17975226343097,115.3168060108488,145.42163499344696,144.69728287921586,256.46246983616294,101.42184878786176
2018-05-03,112.95290009002161,134.95757770007907,119.70058270940875,157.88140817507463,124.27650980058198,174.1912816404775,115.31688906589648,145.4313911118407,144.6793991463177,256.4794039202406,101.4287108613611
2018-05-04,114.66896699870041,141.0346445882333,121.63232083177931,165.43438731187211,126.39957558762048,183.01401527309517,116.08777011703206,148.3019809057978,147.42455214618911,270.91147707548384,101.4355733991396
2018-05-07,115.43279918093042,143.7183094330093,122.4926614454193,168.77838793348,127.34572512420625,186.9302411071829,116.43049954770667,149.54222841462789,148.6495878497148,277.35066254603976,101.44243640122869
2018-05-08,115.33994459339871,143.3394442159224,122.38744547239683,168.304930144571,127.2293934196051,186.37426524235957,116.39400764229315,149.37551606985846,148.49757612008023,276.431988484823,101.44938037752998
2018-05-09,116.34720655678261,147.18218451125745,123.52252699024808,173.09823975125175,128.47827734366047,191.99366386213802,116.84321965941653,151.13329576216054,150.11605394736597,285.6906989543205,101.45636508685358
2018-05-10,117.3135266624314,150.8483467208041,124.61202669400177,177.67867762965932,129.67762413079106,197.37217018215708,117.27233819145981,152.78618649514422,151.67193870950808,294.58109309512747,101.46339053753121
2018-05-11,117.22664191180678,150.48972276291494,124.51342290582184,177.22908935736297,129.56844172801306,196.84255979563915,117.23895967500482,152.63329232500234,151.5288688463226,293.70052072308556,101.47049700119386
2018-05-14,117.38879230109632,151.02635081148335,124.69586564582326,177.89978071328434,129.7689190659707,197.63047312521752,117.31457916432775,152.87749270139702,151.7881829733463,295.00444519707054,101.47768449473142
2018-05-15,116.3503895526812,147.1203652628718,123.52333054909109,173.01041403557113,128.47635881080612,191.87849512081408,116.8652656099465,151.15380362279961,150.10711208091692,285.46208881927106,101.48491276630556
2018-05-16,116.96750902352935,149.29034154601263,124.21889605157213,175.72098433157046,129.2418359717858,195.06070792617425,117.14110649296101,152.13521847397146,151.09965925676613,290.7201219254054,101.49210128095984
2018-05-17,116.60922343871552,147.944580216382,123.81406757536323,174.0371878638264,128.79532289861183,193.0808334168438,116.98879124994951,151.54128991695626,150.51843793757516,287.4391431353457,101.49929030480055
2018-05-18,116.12872712544136,146.05008480212473,123.27144854881841,171.66850573558133,128.19713380376066,190.29757823661876,116.78255111962905,150.6983360123265,149.74049555650413,282.83307226620377,101.50647983786382
2018-05-21,116.65185358774902,148.09310080914764,123.86091463566926,174.21921445174937,128.8456826365129,193.2906194169594,117.01733449795233,151.62657333831802,150.5810310027188,287.7735912958809,101.51362959983649
2018-05-22,116.53159898720595,147.4782195051451,123.72469651609003,173.44987234642667,128.69510726406318,192.38603975472574,116.9692468032945,151.35721944452055,150.3843099408387,286.274924855002,101.5208604317862
2018-05-23,116.85514508966747,148.7495320946905,124.22977565977781,175.60597128219973,129.33143929236726,195.26462810640962,117.32032610086833,152.69602571190242,151.65405497660987,293.47191058803617,101.52809177878919
2018-05-24,116.84846771842467,148.71206984309478,124.21586329221277,175.5374604032436,129.3122266596875,195.17044525337482,117.31362214811467,152.65756954432777,151.6093456443644,293.22213284788967,101.53528335195683
2018-05-25,116.89482298483253,148.85038798385656,124.28251072936803,175.76540233357932,129.3936632396886,195.47181913933923,117.36016194717351,152.7995574220761,151.76135737399898,293.9629990262902,101.5424351427485
2018-05-29,116.71934757187299,148.19166049139926,124.01225819556613,174.6489290988302,129.05421060897484,193.97910137569556,117.18398799560894,152.12335314291664,151.090717390317,290.2078658820542,101.54954714267019
2018-05-30,117.01729257765061,149.3047167855905,124.46070293186102,176.51756159274373,129.61238462270725,196.4668815990912,117.48311907119088,153.265940081667,152.1726832306572,296.3972736124636,101.55678053303217
2018-05-31,116.99626766998652,149.2004550969387,124.4249361964821,176.3360503838402,129.5658312418821,196.22163726352156,117.46201046684574,153.15891221228853,152.0743226997172,295.76647898056825,101.56405473893942
2018-06-01,117.64455520482207,151.63662482652356,125.40606713490028,180.44387336672557,130.78998771687873,201.704121266272,118.11287872716643,155.65971628493892,154.46180104162494,309.52542229372176,101.57128916267975
2018-06-04,118.02182498732734,153.00467128854496,125.97677427284282,182.76402677351132,131.50238527355282,204.81348586041267,118.49165035829623,157.0640585695716,155.8567322076834,317.46327420515655,101.57848379566208
2018-06-05,118.15529526600544,153.5645361209041,126.17643068604937,183.71378548381173,131.75059797477846,206.0877619790686,118.6256519600851,157.63877725025074,156.3395929959344,320.7400194741968,101.58575955610856
2018-06-06,118.4020536663726,154.45846911583558,126.54900017754865,185.2359151381186,132.21554503985732,208.13381625586138,118.87339266484392,158.55642730034893,157.25166337374185,326.0319207484866,101.59303583769581
2018-06-07,118.07062282737265,153.21127163838239,126.03904286190316,183.09346245060004,131.5742902056686,205.24206827304954,118.5406424544743,157.27614026076498,155.9729764715216,318.4666186867619,101.60035295515793
2018-06-08,118.07848903412854,153.1827624086347,126.04716964335138,183.03917105853918,131.58258577340058,205.1660973477073,118.54853997529867,157.24687464885162,155.98191833797065,318.25494263579026,101.60763028202635
2018-06-11,118.19530612132638,153.60849652600086,126.22146554691003,183.76031584228443,131.79905146422718,206.13316010630024,118.66582209200554,157.68390397470114,156.402186061078,320.74001947419674,101.61486780965954
2018-06-12,118.41840027132503,154.46791356336794,126.55793883498563,185.22340640030043,132.21877339181674,208.09967361372782,118.88980434292785,158.5661223197748,157.22483777439456,325.8244782185344,101.62214617618321
2018-06-13,118.42149526363896,154.41320865391955,126.55882222314638,185.12407356586164,132.21800777420808,207.9628042504836,118.89291165589444,158.50996602709895,157.21589590794545,325.45192836882444,101.62934441153737
2018-06-14,118.84662300738064,156.06335429308663,127.20399488996605,187.94458942360214,133.02494023346551,211.762004099404,119.31973176289125,160.20389189966065,158.8075481358839,335.34566699123667,101.63662381497637
2018-06-15,118.70694384216746,155.5279290743732,126.98651650913801,187.0176714848621,132.75011818281928,210.50571177891055,119.17949655801662,159.6542612432669,158.2531524160401,332.0138859489438,101.64390373981709
2018-06-18,118.68861211313022,155.41370261076005,126.9546036106375,186.81571069749862,132.70818287013176,210.22990551368656,119.16109185339714,159.5370042221574,158.16227622731802,331.27301977054327,101.65118418609684
2018-06-19,118.57645803587418,154.93433947710045,126.77932791360872,185.98680379243106,132.4864187484018,209.10753822016255,119.04849130930366,159.0449230414514,157.71422445330293,328.30955505694095,101.65846515385306
2018-06-20,118.87673548442628,156.0778378881154,127.23407900557416,187.94206911782905,133.0547873966134,211.74254091947208,119.34996411272908,160.2187597608752,158.8343538883406,335.1890267135177,101.665746643123
2018-06-21,118.5207775092518,154.67069528477663,126.68591219966162,185.51570088464055,132.36498810548508,208.45914334547183,118.99258912771128,158.77428407000073,157.4543544243742,326.51030862368236,101.67302865394406
2018-06-22,118.43422289050942,154.1339167789933,126.54985537191475,184.59025623911828,132.19250474485364,207.20827953920525,118.90568994934303,158.22326422229781,157.10487404064247,323.22932983362267,101.68031118635359
2018-06-25,117.50578373140976,150.6965083178595,125.12876375348587,178.70372304107693,130.40927462582172,199.2759486528339,117.97355482746367,154.69465742016368,153.56526502592342,302.5909148638923,101.68755389105914
2018-06-26,117.67921694933854,151.2849768949088,125.38877876616965,179.69517701652214,130.73260217872814,200.5998169712901,118.14767845435672,155.2987387352872,154.19253750954456,305.9269294272047,101.69479711166369
2018-06-27,117.12454876135452,149.1670453102038,124.54065618367194,176.09588645654046,129.66961827703395,195.7753471574591,117.5908022240279,153.12461602605882,152.095655207154,293.6497184708523,101.702040848204
2018-06-28,117.48259424345937,150.45351560198782,125.08073466556932,178.26010261303549,130.34255566247148,198.65984990301968,117.95027302599604,154.44521783223325,153.40396638727802,300.8467042038864,101.70928510071681
2018-06-29,117.59852314193529,150.7005703157803,125.25323994851514,178.67282509423202,130.55641335581097,199.20896417737632,118.06666341824854,154.6988271874915,153.81617401937189,302.2183650141824,101.71652986923887
2018-07-02,117.87972325535927,151.89046705552366,125.67727913963654,180.68274095941666,131.0849448594308,201.8952419960064,118.34898294282905,155.9202932358735,154.84669309960654,308.99623216629277,101.72377515380693
2018-07-03,117.40781104011309,150.0673224722482,124.95458075665277,177.57887318627022,130.17847165859376,197.73036429490313,117.87519212308221,154.0487785612113,153.0544860035463,298.35739384446055,101.73122278734496
2018-07-05,117.9234487206274,152.00324705148586,125.73463423509675,180.84592101282976,131.15176304422002,202.09281633455598,118.39288247194462,156.03606541290637,154.95422552537013,309.3137462427502,101.73867096615619
2018-07-06,118.57105926956264,154.40384549529938,126.71717164523804,184.9204693256388,132.37970607981885,207.55379088178918,119.04307105139607,158.50035445327228,157.36474406957123,323.2293298336227,101.74603894530357
2018-07-09,118.95005443846752,155.9152513466945,127.29183574114198,187.50058775117787,133.09819068886412,211.02586227515894,119.42357493740343,160.05185961430257,158.78058767545883,332.22556199991544,101.75344783345692
2018-07-10,118.98625995479162,156.05340362236885,127.34319099587927,187.73204613569553,133.16067911060657,211.3353709868207,119.4599245819016,160.1936772263748,158.89708113670275,333.02146395156865,101.76089763945902
2018-07-11,118.78058005181327,155.26168758171576,127.0247083188058,186.3655045077093,132.75908017660254,209.4862333403694,119.25342590123766,159.3809560621621,158.09058794347564,328.1486812582026,101.7683883722019
2018-07-12,119.50257516786604,157.95064155251183,128.12375301515502,190.97059755105383,134.13553837710987,215.6948702050685,119.97829516046923,162.14125102834342,160.81474272948725,344.34189915752944,101.7757988877838
2018-07-13,119.54322200720806,158.11992095799542,128.18198879337575,191.2569877420056,134.2067362100847,216.07987352785227,120.0191038081579,162.31502160824525,160.9491582616918,345.3494771601543,101.78325033020236
2018-07-16,119.44874253594016,157.75431571037586,128.03324245481008,190.61923678008668,134.01788587017535,215.21208134513813,119.92424822973662,161.93971643918167,160.5638337360388,343.0210405994668,101.79070231817295
2018-07-17,119.70884300571667,158.78411138987857,128.42743587385655,192.39077661987497,134.51103454549914,217.60899400391781,120.18538411647704,162.99683376480294,161.54058660339166,349.37132212861457,101.79827603114306
2018-07-18,119.63564106043249,158.43828325225056,128.3111282499274,191.7860051611019,134.3628416881743,216.78488600153202,120.11189076635225,162.64183041486612,161.23591139706144,347.1487235934128,101.80589070377475
2018-07-19,119.43195232970444,157.62560040034776,127.99497365475719,190.37458722227277,133.96357391213922,214.86720547319393,119.90739118446602,161.80758616614625,160.4294182038343,342.013462596842,101.81342514767009
2018-07-20,119.42835814145398,157.55669887332297,127.98541125875731,190.24966782239724,133.949581072525,214.69483603028317,119.90378268834642,161.73685660354516,160.3935740619131,341.53930824266575,101.82096014917408
2018-07-23,119.56718580068284,158.0427177372047,128.19390887246996,191.08204823554257,134.2094654570984,215.81887475115508,120.04316299753224,162.23577009853696,160.90435308429028,344.502772956268,101.82845530318505
2018-07-24,119.74537223579473,158.75586390465472,128.46278253531227,192.30777952550758,134.54527841138488,217.47698972763897,120.22205876338008,162.96783684179212,161.56746970983258,348.89716777443834,101.83595100892265
2018-07-25,120.33697040991073,161.08087940025283,129.36533038434916,196.32503010024166,135.67760393046458,222.92536939706147,120.81601199200954,165.3545376326922,163.82565065086848,363.4477795182256,101.84356849970246
2018-07-26,119.70463967761272,158.6260180029793,128.39010270095253,192.04451287524978,134.4482091913869,217.0894638227433,120.18116405561886,162.834545981232,161.34344382282504,347.5720756953562,101.85114614616823
2018-07-27,119.14491985834105,156.31749406480287,127.52843564137011,188.04578059194438,133.36343987422674,211.66200878622686,119.61921608429348,160.46477428745663,159.16591220111184,333.072266203802,101.85864352220398
2018-07-30,118.56136628509581,153.9689758086088,126.63208394890708,184.003809228128,132.23662926714138,206.19936418066328,119.03333948076076,158.0539471810937,156.91669229555617,318.7290969899668,101.86618187022655
2018-07-31,118.88473688567589,155.05093138757996,127.12138576616914,185.84500987133384,132.84777906976944,208.67220235390477,119.35799736623407,159.1646082674126,158.11747104991656,325.083612040134,101.8738824684989
2018-08-01,119.04854428307156,155.8005689972306,127.36751235050421,187.12262090328363,133.15443759796796,210.39051074614332,119.52245685379405,159.93413461217418,158.71786042709675,329.5288091105375,101.88154322275594
2018-08-02,119.62130909264772,157.9799207613436,128.2388203079824,190.85585793740125,134.24550985382407,215.42428526498395,120.09750174537339,162.17130704775832,160.8774699778494,342.65272427077633,101.88920455308957
2018-08-03,119.75538845816871,158.48220409643932,128.4400498708021,191.7166102294362,134.49628765339995,216.58692835021895,120.2321148586792,162.68691652881276,161.37032692926596,345.717793488845,101.89682602731902
2018-08-06,120.00789970807762,159.50942042510076,128.82284473038254,193.4856797481005,134.97529962032314,218.9819784855653,120.48563131412253,163.74138607049252,162.3201966901779,352.0723085390122,101.90440763639843
2018-08-07,120.16686835829282,160.0624044898914,129.06242833988642,194.43762441591403,135.27447928012185,220.27151328508498,120.64523279224962,164.30904142904382,162.9116250318778,355.5099276067908,101.91215156261366
2018-08-08,120.22373073542924,160.22045521066622,129.14544838583896,194.70553591097243,135.37683176085548,220.632356983582,120.70232152910746,164.4712854145096,163.1087678124444,356.46246983616294,101.91993651863581
2018-08-09,120.20427102898681,160.17846063755607,129.11135784208832,194.6262569323304,135.33188097213645,220.52118337266572,120.68278435679125,164.42817667779565,163.0101964221611,356.1449557597055,101.92772206934208
2018-08-10,119.88876527122633,158.87890073153872,128.6230101192462,192.3641112807674,134.71556210419917,217.4420666959675,120.36602262277644,163.09413797509197,161.76461249039923,347.8387875195802,101.93550821477793
2018-08-13,119.84819805090461,158.7256710077328,128.55664589272823,192.09281162170612,134.63010535970673,217.07076006417608,120.32529391105817,162.93684289310679,161.58539178079317,346.8312095169554,101.94325450439028
2018-08-14,120.11701465390989,159.75952934124413,128.96436496503193,193.8739441910089,135.14042586434633,219.4827249269318,120.5951806285126,163.9981306595504,162.59798879006723,353.23652681935584,101.95104183633157
2018-08-15,119.60867911801896,157.7316336743972,128.1804168423606,190.35192483149933,134.1525504004727,214.69464602649313,120.08482149290394,161.91643262309003,160.60863891344036,340.3750899623218,101.95891067666376
2018-08-16,119.75245611604686,158.245561830938,128.3963140240419,191.23167930790063,134.42163761852305,215.88206077233824,120.22917084338818,162.44399587589592,161.13734000677812,343.49519495364314,101.96673966444787
2018-08-17,119.76775644999253,158.245268509243,128.41552406303535,191.22487984702303,134.44370710894873,215.86953432066048,120.24453208543345,162.44369477204398,161.17318414869936,343.44439270141,101.97456925338642
2018-08-20,119.73638227612912,158.14180127950536,128.36328535200968,191.04003681751084,134.37603464772997,215.61585520070992,120.21303301617145,162.3374824394748,161.02980758101452,342.7543287752426,101.98231851132769
2018-08-21,119.89624574106617,158.72255173637987,128.6039136821357,192.03601676201632,134.67626139303184,216.96148711299688,120.3735328711298,162.93364086395076,161.62123592271442,346.3020193895265,101.99010882732509
2018-08-22,120.06512715344988,159.37568881911002,128.85844070788946,193.15855124497548,134.9940366305543,218.48001969183585,120.54308657249257,163.60410641347914,162.2485084063355,350.32386435798685,101.9979806829469
2018-08-23,120.01083739648016,159.10599780475832,128.7709194940931,192.68518988776793,134.88191583552077,217.83413170327077,120.48858069697685,163.3272601909613,162.01552148384766,348.57965369798086,102.00589362152763
2018-08-24,120.4071589105137,160.66073108501513,129.3741608984959,195.36861403236853,135.63807656896418,221.47116120072457,120.88647990142806,164.9232423066302,163.5209754445383,358.26171626942147,102.01376669545996
2018-08-27,120.84278488761517,162.36324568538382,130.0385280844776,198.31970762631514,136.47181269087935,225.48218009028028,121.32384003351586,166.67092654826732,165.18772804387433,369.0571948689727,102.02168085870953
2018-08-28,120.91092089364042,162.62383407495676,130.13888237073513,198.767723346808,136.5960455516574,226.08988063636878,121.39224727771514,166.93842864305793,165.42967600184247,370.69556750349284,102.02971709031688
2018-08-29,121.40541042168493,164.6232588358205,130.8947942763552,202.25213092551292,137.54598479883094,230.84234042372995,121.88870528680948,168.99090040814235,167.33837655914664,383.6628423860127,102.03779444291985
2018-08-30,121.33656764374581,164.3062074483246,130.7843193164856,201.6888093402212,137.40450072483077,230.06714265762454,121.81958845715421,168.66543728812223,167.0426623882967,381.4952796240636,102.04587243497988
2018-08-31,121.39742546284198,164.48177745123346,130.87363569426967,201.98991395696163,137.5149519521741,230.47570177605516,121.88068854116567,168.8456653621261,167.25772723982394,382.6044621311547,102.05387007776004
2018-09-04,121.22149734814147,163.80538456577565,130.5982956281398,200.7965060966117,137.16562148520092,228.838038180435,121.70406008572934,168.15132700707525,166.54084440139985,378.0534270352655,102.06186834733957
2018-09-05,120.67984143103423,161.53466265040987,129.7602154547226,196.81325834179603,136.10718058681596,223.38699780538437,121.16024792597612,165.82036026660475,164.39019588612751,363.0244274162823,102.06994824525037
2018-09-06,120.308485218858,160.00217373647342,129.18536458723298,194.13914864720624,135.3814524769924,219.74124131558258,120.78741340612109,164.2472126854972,162.9205860673581,353.13068879387015,102.0780692867675
2018-09-07,120.15255311362674,159.4558577897557,128.94178515656498,193.185598641499,135.07299432756372,218.4426028285656,120.63086056096147,163.68640235774618,162.293313583737,349.6338004318194,102.0861504672527
2018-09-10,120.30040778199862,159.95471092687833,129.16406031273155,194.042405099045,135.35025821599774,219.60171678688673,120.77930381432111,164.19849063378896,162.8399367480354,352.7073366919271,102.09427279787518
2018-09-11,120.631014037096,161.205462646975,129.66674899394644,196.20335627545953,135.9802218388993,222.53293294535564,121.111226158256,165.48242621410063,164.09448171527757,360.53511705685645,102.10239577473865
2018-09-12,120.51277925134679,160.7255606124965,129.48074686229586,195.36221931874655,135.74397694603212,221.38455784172754,120.99252069937425,164.98979183492642,163.6105857993413,357.4150120655352,102.11055991471827
2018-09-13,120.9695611953626,162.39975210583742,130.17739257111387,198.26260969627637,136.61820789108396,225.32506834619844,121.45112101678262,166.70840152541675,165.357987718,367.99881461411485,102.11876522756856
2018-09-14,120.85194860032435,161.97531352588877,129.9921245537515,197.5155759699658,136.38270160774204,224.30266208986316,121.33304022545018,166.2727021090602,164.87409180206373,365.196223699251,102.12693067645482
2018-09-17,120.24904207333107,159.59290908452422,129.0612119821108,193.3585647520267,135.20849685134326,218.6341145317364,120.72773362726046,163.82708977864175,162.49941739978388,349.7946742305578,102.13513730481276
2018-09-18,120.6034576417314,160.92830466988758,129.6001788215969,195.66323445565948,135.88388975153686,221.75772009128485,121.08356006543777,165.1979149218657,163.84357272182913,358.1050759917026,102.1433445926319
2018-09-19,120.57746713891217,160.8115675935577,129.55579446589053,195.45370031136778,135.82585150243045,221.4691643115743,121.0574660987242,165.07808067863968,163.71811822510486,357.30917404004947,102.1515930730385
2018-09-20,121.05036761744441,162.58717955456424,130.27720865808703,198.5299911925443,136.7312623909575,225.6485101108602,121.53224911586985,166.90080163671044,165.52824739212576,368.5280047415439,102.15980168319614
2018-09-21,120.82506659683328,161.68901708483796,129.9263082353763,196.9563811706081,136.2871128464709,223.49859397490667,121.30605120914801,165.97880989905923,164.62318280861533,362.6561110875919,102.16805149257809
2018-09-24,120.94878080905866,162.18442679960543,130.1118367983552,197.81162800370515,136.51843467080823,224.65956836540272,121.43025790719675,166.48736339485043,165.07997159222364,365.77621607891325,102.17634251104248
2018-09-25,121.01283621498573,162.42309802421977,130.20566346877555,198.2204714085286,136.63431155626625,225.21305108930747,121.49456830710355,166.7323668374643,165.3043992005659,367.2579484357144,102.18479638700026
2018-09-26,121.04921466146979,162.37412398394264,130.2569857137312,198.12809393410745,136.696688843338,225.0833939032014,121.53109157016806,166.68209346041186,165.4211015569039,366.8853985860044,102.19321041289322
2018-09-27,121.41433628516019,163.9572931556896,130.8136899128245,200.88081458526338,137.39552068488567,228.83237853769697,121.89766668267139,168.3072659039895,166.82152983295953,377.0500825536603,102.2015845787465
2018-09-28,121.41159357678526,163.877025447892,130.80491887426865,200.73333650980456,137.38223591457373,228.62706585449934,121.8949130560279,168.2248686029621,166.78562141562475,376.4658566529787,102.20987831844745
2018-10-01,121.50494305949356,164.2159538282212,130.9440212464659,201.31939841914934,137.55531157188327,229.42433772919037,121.988634147592,168.57278913722158,167.12675138030497,378.63341941492786,102.21821329066745
2018-10-02,121.4155684942763,163.8957972016805,130.80175923210112,200.75152016832382,137.37369074930933,228.6439356857263,121.89890379700823,168.24413839264665,166.74971299829,376.46585665297874,102.22671119371682
2018-10-03,121.46788504267194,164.07366409467775,130.87761450359037,201.05560230869753,137.46700644147697,229.05573160092266,121.95142860893276,168.4267242958354,166.92925508496376,377.57503916006976,102.2352098032387
2018-10-04,120.6582395713385,160.80710945395626,129.62671411427814,195.33010918026784,135.88806430542567,221.2244942508528,121.13856007284866,165.0735042595436,163.72442883783648,356.03911773422,102.2437091192918
2018-10-05,120.14836843753969,158.6996431388679,128.83958960863285,191.66616955574295,134.8956417701743,216.24124366522892,120.62665922637079,162.91012447539174,161.72253457142367,342.6527242707764,102.25216856903441
2018-10-08,119.89809094359826,157.71313539527992,128.45159640996806,189.9572919736561,134.40592207033538,213.92406426139314,120.3753854191081,161.89744356366958,160.73505309471776,336.5141187926002,102.26066929495315
2018-10-09,120.04050580220577,158.1466547503082,128.66498364100494,190.69645476484502,134.67162176469196,214.91941425185973,120.51836720772016,162.3424646783569,161.25572514607177,339.1050336564925,102.26917072757907
2018-10-10,118.19930073265222,150.97757614756867,125.84108561177088,178.34013713268303,131.12248543664512,198.20477205655226,118.66983260521855,154.98318229784016,154.16381272245673,295.1314508276537,102.27775403297939
2018-10-11,117.69269292410314,148.8437946552971,125.06600086622939,174.73294831685322,130.15112668884143,193.3906376268777,118.16120807474866,152.79278916503984,152.2516894993808,283.16752042673915,102.28641923158497
2018-10-12,118.84556764290383,153.25330554601112,126.81160400172122,182.1215744346309,132.32881561345263,203.20044610304865,119.31867219718295,157.3192893755868,156.48888274488243,307.09114770754866,102.29508516432544
2018-10-15,118.3486583637816,151.23715421212447,126.0495260419286,178.692169256377,131.3722823120486,198.60539469095534,118.8197848043819,155.24964726254626,154.5947137304739,295.49976715634426,102.30379242455072
2018-10-16,119.5603636122782,155.80485398123565,127.88850648831269,186.39542022718447,133.66997776645363,208.875996001033,120.03631365112352,159.93853328165963,159.09224300165252,320.9516955251686,102.3126222161588
2018-10-17,119.58356902365925,155.9940993527118,127.9192574061332,186.71198807688444,133.7062502707224,209.2981047249802,120.05961143941039,160.13279954725294,159.1550827319884,322.014309301046,102.32141216961507
2018-10-18,118.42813959547875,151.4800560463944,126.2824181299701,179.5602231886412,131.70807987160833,199.9376922583786,119.09220427294673,156.25493700564405,155.46549285084183,299.6824859235429,102.33024348197495
2018-10-19,118.38844018724089,151.2304038059383,126.2228569691132,179.16356791754023,131.63364755086081,199.41917527987417,119.06040619614441,156.041241029139,155.32185918150282,298.4632318699465,102.33911616380065
2018-10-22,118.64864133240395,152.1900130770176,126.58645907441768,180.6630283708979,132.07441813483132,201.36470058367877,119.28143839820046,156.87347234448004,156.12082146720118,302.9634647136026,102.34794900418382
2018-10-23,118.47239374263691,151.4981208578234,126.3340356327141,179.57099729625048,131.76502337135662,199.94080829362417,119.13458534870183,156.2778124951799,155.54628678984506,299.6274501502903,102.3569044497217
2018-10-24,116.52363848840521,144.08517094931779,123.38797672103519,167.12031882073967,128.08861708767392,183.35770121524402,117.23299057317521,148.8481457443219,148.42744305322896,258.8798103382586,102.36582006104183
2018-10-25,117.98138841827719,149.4160263284495,125.57028044183262,175.87362965315924,130.79606542358826,194.84143075512426,118.6591601175466,154.202608867582,153.5623467320996,285.44515473519357,102.37477707029718
2018-10-26,116.8954984787145,145.2464622539172,123.92840769499188,168.9143834166141,128.7482861198253,185.61656930816054,117.59765732810126,150.0193780742378,149.61242082527605,263.2742051564289,102.38373486329084
2018-10-29,116.03592492615408,142.45884270614934,122.63291721560378,164.31561468283732,127.13631484167256,179.56902502219867,116.75722555280603,147.22049649396624,146.53327403882037,249.19774776681797,102.39265281162517
2018-10-30,116.73083309354931,144.4480735993254,123.66886859655715,167.5600650623573,128.41871487073658,183.8067987960024,117.43731418628374,149.2194714496156,148.94811510458294,258.824774565006,102.4016121687462
2018-10-31,117.72510610272013,147.96557839350774,125.15665275685627,173.33442702365718,130.2643750350414,191.37991682018023,118.4101030521397,152.75259127251329,152.44918579472198,276.29228229118183,102.41053167425058
2018-11-01,118.3760348402047,150.66657439269758,126.07100003473654,177.51963584743908,131.3744091408147,196.77307263730205,118.96349597554881,155.09599721343764,154.46005716546856,288.3578171965627,102.41949259577208
2018-11-02,117.61221849053108,147.85654345160037,124.99096013492989,173.13322361134706,130.05860054594228,191.09403636880634,118.32166084713525,152.67320156821893,152.05419320403962,275.44134456627603,102.42837301606261
2018-11-05,117.4558511343013,147.08704448248767,124.79105495795197,172.04622120402834,129.82469719405398,189.7444562949885,118.22567192699928,152.15867541893397,151.67715482202468,272.7445916768979,102.43729485252176
2018-11-06,117.93232835772136,148.7424181526444,125.40006906996038,174.38121033884872,130.53604146103552,192.63944785353576,118.5459341619366,153.29410248388234,152.82622417673696,278.51488082638366,102.44633941526172
2018-11-07,119.89779756932377,155.99705399336978,127.92146704445267,184.64836324455212,133.48735661338364,205.39725535668208,119.85417761579747,158.23607958813238,157.6199978909274,304.123449472927,102.45534412326984
2018-11-08,119.2718892436565,153.85238767333308,127.2161430907907,181.95720865649793,132.7101793767608,202.23088268448478,119.59350056670752,157.30156073788368,156.61456220555414,298.9416197451425,102.46443093652842
2018-11-09,117.66601002195951,147.601032940768,125.3955508486116,174.1008126243033,130.6985570537661,192.98444862048242,118.89494689034544,154.5130558750889,153.9752935314493,283.7517463274209,102.47343723472382
2018-11-12,114.81973621242314,137.23049644742028,122.1720339313608,161.10289840104656,127.14040040472416,177.72821610707314,117.64260135097074,149.77115133152935,149.31617638226425,258.824774565006,102.48248498860664
2018-11-13,114.89907882227557,137.18982269432854,122.26105937876113,161.05127575199964,127.2378356680842,177.66699308961773,117.68400989436554,149.75916882072082,149.4418558429359,258.7231700605397,102.49153354134867
2018-11-14,114.19987376988306,134.40685100324305,121.46987275526185,157.57917610970216,126.36534123762601,173.61043185430674,117.37659054187056,148.43757130766454,148.30176359255725,252.15697895940085,102.50066423550743
2018-11-15,115.80015372835749,140.1644459665629,123.2777353296559,164.75041740176417,128.3560326858093,181.97507999496267,118.10207037614084,151.22691030609633,150.89614674499364,265.65344396934967,102.50979574309507
2018-11-16,115.47703871119406,138.9375057457788,122.91157368454739,163.2172140456653,127.95169155658186,180.18101315124395,117.96378941819485,150.65530262036444,150.36649758930594,262.7407815079805,102.51888738569373
2018-11-19,112.47874312803859,128.28559135830213,119.52010829714881,149.92086251534255,124.21281244184763,164.63835534012523,116.62964570154787,145.6095365244449,145.48295283177865,237.5555649633803,102.5279391525363
2018-11-20,110.87053689606232,122.59432234898698,117.70375490068223,142.85323681194092,122.2134535107534,156.41949378984182,115.90593476141346,142.79065786245172,142.8795925750086,224.37661402988888,102.53707308997271
2018-11-21,111.54682798593494,124.7948870389324,118.46594243292347,145.57691273939946,123.05075252346079,159.5764354348961,116.22108405460676,143.9191963591172,143.96582219938506,229.40603700097392,102.54624853044167
2018-11-23,110.90336309359718,122.58626164339832,117.73918462618578,142.83863807965577,122.25080967482991,156.3974200454973,115.93367337984304,142.8121536410101,142.924478096677,224.3258117776557,102.55550617787846
2018-11-26,112.9561129618698,129.319753538909,120.05400160698731,151.17412915236935,124.79506188423832,166.06018312228815,116.87837336903793,146.25136225671739,146.2280524914749,239.7231277253294,102.56476466107507
2018-11-27,113.26327056194114,130.39638449770615,120.40018652391362,152.51051325126858,125.17542330055834,167.61363016030964,117.02335627753196,146.7914857427828,146.72179322982788,242.21243808475532,102.57402398010697
2018-11-28,116.18144287248981,140.28837919659603,123.6954368277636,164.80234603828507,128.80222916351673,181.9164856385773,118.34838283566431,151.67082746954094,151.44375010934877,265.1750560941537,102.58328413504962
2018-11-29,115.88050923315019,139.26063691531226,123.35432076862385,163.5186323518191,128.42545499819838,180.415146739157,118.22025222296371,151.19237659969684,150.95000937099584,262.74078150798033,102.59250441832609
2018-11-30,116.5551747654368,141.59675835981582,124.1167018194828,166.43222033310178,129.26519733758397,183.81795405674873,118.52727591092386,152.30954116901233,152.04521609970598,268.2443588332418,102.6016033963965
2018-12-03,118.18682630168797,147.40955964974899,125.96211295926018,173.69066074209454,131.29954026431508,192.30523056416436,119.25911481782072,155.05264351462094,154.70243898247818,282.00330214639536,102.61070318145964
2018-12-04,114.56233232588662,134.4460224810525,121.8570351534647,157.4602633670742,126.7681215413218,173.27735212763218,117.66498804285092,149.09480011885813,148.76857301790915,250.9969942000764,102.61984449212005
2018-12-06,115.21146724874751,136.01225057449798,122.58996712251937,159.40834913381343,127.57476721660635,175.54630574771366,117.96267740020315,149.8622891539498,149.81889422495084,254.64628931882663,102.62914950579723
2018-12-07,112.17051223719308,125.36346603360333,119.15133651838757,146.14688508289024,123.78513895466325,160.08230478151168,116.60647995566045,144.73664914987597,144.87250973708768,229.71931755641185,102.63841463734984
2018-12-10,113.11226424446544,128.50962517108428,120.21355078419698,150.04304427692557,124.95292149615993,164.60016395468736,117.0406857248766,146.33312177893268,146.38964036948133,236.92053681046548,102.64763987580832
2018-12-11,113.41396006094075,129.614184821933,120.55354882265436,151.41244298759733,125.32644863484477,166.18991518463994,117.18320523425298,146.8908207006372,146.8744040035006,239.46064942212462,102.65690667663043
2018-12-12,113.75491511759456,130.76869865862676,121.07951904894989,153.33882433200876,125.98554961679173,168.72564561142602,117.55106404023988,148.1946650730529,148.16710702755194,245.49341687481504,102.66617431403876
2018-12-13,113.77395127182557,130.78606263464383,121.1036288431221,153.36185031504056,126.0133055366006,168.75293713154173,117.570486403604,148.21417122651047,148.21199254922038,245.54421912704817,102.67552426919949
2018-12-14,112.78328610648225,127.24216751355821,119.60517688508394,147.46889014768956,124.14612875865869,160.99411361615518,116.57549779569362,144.30996308489355,144.60319660707702,227.02256466703378,102.68487507587398
2018-12-17,111.86980853279549,124.29226566461935,118.22828939064543,142.61998265799923,122.43453089638831,154.65965602219035,115.65782674690446,141.05766882713758,141.32655352528022,212.36611489776064,102.69418598617352
2018-12-18,112.12950166475231,125.04601641980673,118.61267099989394,143.8399112293202,122.90848037347348,156.23923724588258,115.91914413683588,141.889681172524,142.21528685431548,215.90957199102513,102.70341623741395
2018-12-19,111.14472172460181,121.79874487327267,117.13248061020323,138.54284068284727,121.07178038153312,149.3546313521536,114.92964922647349,138.3077078845285,138.7231932685101,200.30057999237988,102.71260656295425
2018-12-20,110.57111711048633,120.04399039449822,116.27170943021052,135.71000442761084,120.00547186114368,145.69928459849757,114.35327405866333,136.37080406788903,136.71232189776356,192.2526565344399,102.72183846985365
2018-12-21,109.34373460033203,115.8760243956755,114.43893738109583,129.02975981836772,117.74083231332833,137.11850029688247,113.11945254093172,131.76782809825608,132.47512865226193,173.6801998221923,102.73103044389134
2018-12-24,108.37653559287128,112.79455395509652,113.00062336822403,124.16398964917022,115.96879338633728,130.93141183146383,112.1469309960064,128.36141279827575,129.1990331738295,160.82299648617771,102.74022324046477
2018-12-26,110.819000498776,120.54529002533927,116.60409079181537,136.24622669633382,120.38994501891808,146.16800897004575,114.60444828328484,136.93714948346985,137.26609475736612,191.4940519029679,102.74966147922675
2018-12-27,110.97987555356173,121.1690437726794,116.83945053722955,137.239780174109,120.67843445671036,147.4402951846087,114.76648842866115,137.62638720171617,137.79729635717493,194.21533937786336,102.75905981135807
2018-12-28,110.9654042193081,120.996617876166,116.81347205209653,136.95795007167243,120.64420501851664,147.07553966454086,114.75222683396001,137.43632745390596,137.72526902160763,193.41646848648898,102.76833667092437
2018-12-31,111.30866606541908,121.98972388247311,117.3210131510245,138.54531309094955,121.26904542270209,149.1118156993534,115.09762894230569,138.5333746789858,138.88670980763018,197.79530626006496,102.77757358689901
2019-01-02,111.47626368739986,122.625762351999,117.56677720519029,139.56334926735562,121.57070608954265,150.419648085034,115.26641135525162,139.2359593438691,139.44492165827668,200.62766669311944,102.7870152568535
2019-01-03,108.54017635802624,113.09655232595286,114.28357385806875,128.04819180017194,117.9795874700914,137.28316387753517,113.95517286524266,134.5227197704058,134.8891926836455,181.1898990152945,102.79633542867342
2019-01-04,112.25722104222078,124.6714384536698,118.4412691731727,141.9716531913449,122.52359903345294,153.08816735967898,115.66829707829488,140.55294203208538,140.6603829459747,204.36569893885505,102.80561565339961
2019-01-07,113.32844164110169,127.85316244224387,119.64146967290017,145.8205417284456,123.83754688504976,157.48174390192452,116.15709647995833,142.12943816008237,142.33501849791426,210.8805551385656,102.81493751180311
2019-01-08,114.15061198650444,130.8081805985475,120.56300068976921,149.40063855837263,124.8468376149892,161.5747234689319,116.53177634728699,143.5739612833974,143.6225071211796,216.9682076530493,102.82438261419753
2019-01-09,114.89692994983326,133.28314400539256,121.39981285005952,152.40319153354406,125.76367904445928,165.01207898582368,116.87114917782428,144.7698807285594,144.7929513241481,222.0946518757724,102.8338693875935
2019-01-10,115.16195644991369,134.31108442450963,121.69664381792802,153.6511821341602,126.0885886523434,166.4419136276874,116.99512978195207,145.26584405889494,145.20710850366,224.23067030190703,102.84331622916618
2019-01-11,114.8270225233196,133.03408517526526,121.3198906877877,152.09812202538473,125.67460153890477,164.6597155144931,116.85225702403466,144.6690305477586,144.67590690385123,221.56064726923876,102.85268231689419
2019-01-14,114.01734291845607,130.26414188348784,120.41027096102404,148.73244477773602,124.67623060612401,160.80085707206268,116.49776053363641,143.3586049636062,143.3974216975318,215.78912548182302,102.86204925760518
2019-01-15,115.80053369348167,136.04321557823468,122.41045188668282,155.7423977156052,126.86842742685643,168.8245499779987,117.30089828783741,146.14851289313708,146.19748436771027,227.75082866817687,102.87149868792392
2019-01-16,115.78554581134313,136.20086642868364,122.39291545319797,155.93326227538387,126.8484976494648,169.04270501306448,117.30031755053061,146.2301604963166,146.17047411687253,228.0755034689493,102.88094898631526
2019-01-17,116.51795595675596,138.7544985456188,123.21481220156434,159.03869450989325,127.74974200092055,172.6063379222489,117.63094805054548,147.4371328109771,147.3229114859492,233.41554953428587,102.89031850131222
2019-01-18,117.44292710074342,141.8024117260918,124.25338103798617,162.7496162295514,128.88919483487197,176.86983081155455,118.04548812762543,148.86155685240107,148.78146503118685,239.81933277583744,102.89964804011282
2019-01-22,115.56311797042697,135.54249740232623,122.13956053418799,155.1150226246624,126.56684306893638,168.0838606165434,117.22484658205106,145.994066332944,145.80133402209017,226.5802905706551,102.90893759167201
2019-01-23,115.68511050635479,135.64514468599026,122.27585861158781,155.23895126563536,126.7157117578104,168.2251496338505,117.284990926944,146.0499162894654,145.9904057779543,226.78962037641628,102.91830965563125
2019-01-24,116.28649308475386,137.56497693335598,122.95054066430752,157.57254734422258,127.45534691620553,170.90181801799184,117.55769032233663,146.96168675144474,146.93576455727495,230.79679094384483,102.92760089191961
2019-01-25,117.40011785189441,141.48875098382604,124.20089277422932,162.3470282695612,128.8270908889301,176.38389645155294,118.05609191537252,148.80292960627918,148.69143086172772,239.0204618844631,102.93672958985587
2019-01-28,116.24207972038911,137.31768113461695,122.8985069050442,157.26102809925518,127.39605150481661,170.53217756810233,117.55256170083746,146.89124231643245,146.85473380476176,230.20724985823168,102.94594079323782
2019-01-29,115.36618983217912,134.21334196202275,121.91388611902141,153.48273881072538,126.31467997971303,166.19312344334233,117.1710354657334,145.44589818249858,145.46820759509137,223.69666569537338,102.95527537556768
2019-01-30,117.71602001058892,142.2640140510136,124.55159158617401,163.26380745903418,129.207686453597,177.40631055949288,118.2211457474601,149.27026227957475,149.168611959861,240.4644103405301,102.96461080430707
2019-01-31,119.12779133185481,147.2688846565461,126.13799564975811,169.36550680584483,130.9495120478848,184.4256297280157,118.84747587569812,151.57534202405688,151.40145936244707,251.03342951304418,102.97394707953278
2019-02-01,118.72756008168135,145.76782816815447,125.68701418487029,167.5303796751039,130.45309231495568,182.3087946294339,118.67882195159991,150.9071233251205,150.76221675928733,247.82940187384224,102.98324333864413
2019-02-04,119.90952510622175,150.04207004301216,127.01575942329566,172.74883065362312,131.912659517669,188.32066508215078,119.20171954239143,152.85066309885065,152.63492748403692,256.90748018491433,102.99249957063469
2019-02-05,120.76046642363869,153.21444443185285,127.97274619525494,176.62859966263704,132.96430151231758,192.79795167584047,119.5778886426937,154.27235290728603,153.98544002592362,263.6914747063179,103.00183837466324
2019-02-06,120.47457670973311,152.25015374451516,127.65012154584814,175.44646724940046,132.60866558688647,191.4306704230411,119.46013574510184,153.8554313509966,153.52626576168217,261.6109927592628,103.0111780254841
2019-02-07,119.18242990603245,147.28050701129877,126.19472097199554,169.360742505938,131.00708558180798,184.39888113953484,118.90567467579069,151.66613392436398,151.4644832810684,250.9309006285897,103.0205185231741
2019-02-08,119.37162189167914,147.8829514560197,126.40684942079604,170.09584305659044,131.23955865495498,185.24535106676444,118.9943186848755,151.94528742507566,151.7615960402835,252.20823964741817,103.02985986781003
2019-02-11,119.28314851217866,147.61110582599858,126.30658683898889,169.76265402704075,131.128636546508,184.86014936158307,118.96182972732107,151.83087169852658,151.6175413691489,251.62297059865728,103.03924294433371
2019-02-12,120.69633791711416,152.72632477827614,127.89578509898372,176.01220133982395,132.87484872906242,192.06480246680272,119.58458187353904,154.14060090822304,153.85939218868086,262.5166645719438,103.04870865256453
2019-02-13,120.7663392782417,152.97764412968527,127.9738700668811,176.3189393380652,132.96003381537446,192.41817555480046,119.6210514115932,154.25946756900393,153.96743319203182,263.0506691784775,103.05809344567393
2019-02-14,120.88718922899942,153.42763673687608,128.10920484631893,176.8689995176867,133.1081972110316,193.0527359039923,119.67957646460097,154.46592574108874,154.15650494789594,264.01187747023806,103.06751998953871
2019-02-15,121.29606684743528,154.89618659857243,128.56886189102582,178.66672187839728,133.61317134216327,195.12934239920335,119.86280435316705,155.12067715505907,154.80475096800157,267.1646406672128,103.07690649582347
2019-02-19,121.49016014086702,155.6400763768353,128.78671920528632,179.57738081092324,133.85217828010536,196.18136950440444,119.95285707725725,155.45454708147733,155.1108671441626,268.7623824499614,103.08629385695073
2019-02-20,121.47546771775461,155.54397863221593,128.76943150746087,179.45854242031893,133.8324303845217,196.04284616616044,119.9527089362568,155.42058740981025,155.08385689332485,268.548780607348,103.09576388751738
2019-02-21,121.1222648382059,154.13743409892558,128.3708806332266,177.73328934715414,133.39311999379183,194.04623383188786,119.80631819340499,154.8137435570509,154.51664162573243,265.5070903685323,103.10523478804912
2019-02-22,121.8415408026236,156.81876049848654,129.1801100221279,181.01729839757454,134.28275198429878,197.841518838282,120.1237734005107,155.99997084812162,155.66007557786315,271.27434011909577,103.1147065586259
2019-02-25,122.19897523702888,158.20462277451784,129.58201316760344,182.71594988700215,134.72437681483208,199.8061812778523,120.28418039851314,156.61121585482002,156.2272908454556,274.2647659156843,103.12422011786195
2019-02-26,122.30264973535931,158.60183401611414,129.6980722024844,183.20231670281885,134.8514051736476,200.36823690312923,120.33509653739304,156.79140815514995,156.38935235048197,275.1191732861381,103.13377547714668
2019-02-27,122.24293576084038,158.21070618648548,129.63004496227126,182.72123258713154,134.775785673322,199.81004214276746,120.31561016795067,156.6303450873531,156.29031476407695,274.2647659156843,103.14324986961611
2019-02-28,122.01983615102243,157.42502380458694,129.3779328793326,181.75606790203045,134.4975187351596,198.69144755644876,120.22576018253946,156.29813634556618,155.9301780862405,272.5559511747766,103.15272513245137
2019-03-01,122.29557591555111,158.5001149344601,129.80945173010616,183.54874536637456,135.04143072772553,201.05137376062513,120.52449649995742,157.4006987865229,157.01058811974985,278.0027981614199,103.16220126573239
2019-03-04,122.31021032263709,158.52062067902602,129.82655389603696,183.57547352824693,135.06031009085353,201.08282804692382,120.53891897217206,157.4210622955661,157.03759837058763,278.05833464049937,103.1716373321577
2019-03-05,122.34945169668659,158.66821900014418,129.88092456064467,183.81239603051446,135.12569294692497,201.39053858234627,120.57759205428378,157.56763681946038,157.15464279088448,278.750404610567,103.18115614393537
2019-03-06,122.11391256862356,157.72025373911836,129.51859149868085,182.23628585045006,134.67084207957916,199.31462045309476,120.34546399402232,156.6262470004529,156.26330451323923,273.9443631517641,103.19067583393675
2019-03-07,121.59674593790935,155.71794348329334,128.72983918987035,178.9239786441486,133.6841917355611,194.96366138170706,119.83578694882446,154.63782551833225,154.34557670376012,263.9606130280109,103.20023735092371
2019-03-08,121.53945969139835,155.41763553628476,128.63813276375924,178.42398903889617,133.56745249839852,194.30630576007104,119.77933031933954,154.33960061969515,154.1114878631664,262.46112809286444,103.20971784891849
2019-03-11,122.43147220626915,158.82511196309574,129.98177728827332,184.0053376535137,135.23914626800723,201.5965236265212,120.65842474627698,157.72344151407196,157.31670429591088,278.8572055318737,103.21924017407716
2019-03-12,122.6742461148683,159.73989730060634,130.34484582936614,185.5120846998904,135.68995505971557,203.57375687653354,120.89768281328543,158.631881557938,158.1810323227184,283.3983807058359,103.22876337778366
2019-03-13,123.00419100960049,160.96056532623362,130.84051439472947,187.5299047043144,136.30664485773957,206.22713322232377,121.22284945985152,159.84408257305745,159.3694833595787,289.53729766254673,103.23828746011911
2019-03-14,122.93857140734971,160.72080949072236,130.7356487041432,187.1234762202415,136.17304449008714,205.68700363059875,121.15818015793612,159.60598977379843,159.09938085120137,288.255686606866,103.24777145359015
2019-03-15,123.34524877924748,162.12681368155478,131.34831566745785,189.45464869555215,136.9363204825976,208.75814741604327,121.5589680451427,161.00224139308156,160.5759412303308,295.411348334417,103.257256318309
2019-03-18,123.45529693922666,162.64936869581362,131.5105564798363,190.31952693454005,137.13677625650263,209.8979125244798,121.66742249227163,161.52117177008952,160.95787518059333,298.08137136708524,103.2667420543557
2019-03-19,123.60791911663279,163.23014740707634,131.7376590751031,191.28289723656852,137.41844958801687,211.1690406825113,121.81783440168772,162.09792198273695,161.49906164799793,301.0717971636737,103.27618768294442
2019-03-20,123.7868849311267,164.04222034936762,132.0049307238556,192.63481358497236,137.7504702125826,212.95610116458815,121.99420844074109,162.90436208301784,162.13946563442673,305.2997465956274,103.28571614073661
2019-03-21,124.47163311796754,166.71090556355577,133.04282010362178,197.10404198780697,139.04758297603368,218.8809692956104,122.6690401329786,165.55453629726472,164.67402225677174,319.4375642791835,103.29532745043304
2019-03-22,123.52232303638455,162.9068623893598,131.5879485883738,190.67106218316155,137.22034117903834,210.3044096287137,121.73347792029372,161.77687939095821,161.0570926996175,298.55643597928895,103.30498064472454
2019-03-25,123.44741015492085,162.55826864760644,131.4687391208042,190.08065926901318,137.06863471197983,209.51909316154652,121.65964992404624,161.4307036259294,160.7504203680882,296.67996199583513,103.31451175901023
2019-03-26,123.65603357378873,163.34853173637225,131.78093972396857,191.39323022685133,137.45670397099587,211.25138690263285,121.86525206728744,162.21548515399562,161.49906164799793,300.7499398138285,103.32404375265465
2019-03-27,123.38547353083102,162.2385061214975,131.36381845551506,189.52765986629166,136.9320637048201,208.77652789681025,121.5986102635561,161.11315909243743,160.46178758547236,294.8591824456802,103.33357662573897
2019-03-28,123.49233612306922,162.60869501836953,131.52120109802826,190.13802471429443,137.12642324485722,209.5795345104009,121.70392527620288,161.48078022050265,160.83159833819886,296.73137224195716,103.34302836756923
2019-03-29,123.82688622877316,163.90264830458034,132.02506904492185,192.29205638551056,137.75433597148356,212.42485345702056,122.033630441268,162.76575816219636,162.04926788985927,303.4275567993505,103.35243996479555
2019-04-01,124.40824829573292,166.17041247884848,132.9054865187991,196.0854510168102,138.85420781402033,217.4497062361756,122.60657324708856,165.01779227498199,164.1959742105643,315.371870648367,103.36172938053048
2019-04-02,124.58065672195492,166.82178845662503,133.1634193310731,197.17585591229587,139.1750518469979,218.89679592933985,122.77648486169275,165.66465006506735,164.8183386480796,318.8506306359572,103.37114268088476
2019-04-03,124.83855145145239,167.84207768143108,133.55204728222873,198.89095927317862,139.65993488525314,221.17767372806307,123.03064477050366,166.67786218176042,165.76541496603772,324.3686637197209,103.38051581822707
2019-04-04,124.82933122520315,167.76438140241757,133.53272083586563,198.75163516968976,139.63312760552807,220.98770431192608,123.02155807118531,166.60070483323167,165.70227654484052,323.88455056873846,103.38997185350331
2019-04-05,125.06268370303468,168.65822547736323,133.88408962259476,200.25662014575,140.07147837720066,222.99169447719476,123.25153114819247,167.48834887097144,166.55915511823116,328.75995557597696,103.39942875370657
2019-04-08,125.18152836373886,169.12903113803395,134.06059480795537,201.04735833857515,140.2905107035352,224.04422770170012,123.36865470549081,167.95588884728545,166.98308451769813,331.32618369490126,103.408886518916
2019-04-09,125.03510731380413,168.48843735355504,133.83135287575936,199.9516716709477,140.0000813999973,222.57492631159957,123.22435411907745,167.31973846116756,166.39679917800976,327.68462459459136,103.41830411393826
2019-04-10,125.27732418301541,169.4528573278397,134.19651908207751,201.57892153056812,140.45594001524393,224.74452527937032,123.46306321371911,168.2774688573812,167.2897568492274,332.9884483195133,103.42768152762478
2019-04-11,125.18071951414026,169.01497466775834,134.04344917159085,200.82691159076145,140.26113012336032,223.7343139220652,123.36785756961832,167.84262351539644,166.89288677313067,330.47363044671107,103.43710083433533
2019-04-12,125.3775617575761,169.75274458555168,134.33932961886526,202.0714056260041,140.63010140139684,225.39397605800514,123.56184915191733,168.57527598478018,167.6144687296702,334.5393240775277,103.44652099887558
2019-04-15,125.39210024133207,169.81077145709136,134.3563172386638,202.16216202489522,140.6488684920265,225.51133030674012,123.57617708995959,168.63290036021056,167.64152805304042,334.80922786966835,103.45598307153045
2019-04-16,125.55064659592705,170.40109193386868,134.59376001826922,203.15825009055501,140.94458271100433,226.84058294410266,123.73242738287829,169.21912615311408,168.218793618272,338.0780626855936,103.46540495570306
2019-04-17,125.71123033884292,171.0059730933944,134.83443560805793,204.18055049864873,141.2444537817001,228.2062162255075,123.8906855587454,169.8198116304181,168.80507895796032,341.4497179937628,103.4748276979401
2019-04-18,125.77512837613556,171.20388195982613,134.92705756550183,204.51012150171653,141.35830014236598,228.64406294535073,123.95365822733442,170.0163477268448,169.0215535449222,342.52076478797164,103.48429235975927
2019-04-19,125.78254137254115,171.21397245846427,134.93317479420298,204.51939343877265,141.36342718547434,228.65235582922105,123.96096386903608,170.02636823400596,169.0215535449222,342.52076478797164,103.4936757569038
2019-04-22,125.91446871494878,171.72999602203146,135.13010980021855,205.39202158463107,141.60844752433735,229.8189254880547,124.09098064518862,170.53881246490997,169.4996015911296,345.4125911323353,103.50306000488413
2019-04-23,126.48244579651393,174.02365594608574,135.9955942491098,209.30290810780744,142.6942294560523,235.06592273323784,124.65073230641326,172.8165627048645,171.65532768629137,358.53505645498143,103.51252724906317
2019-04-24,126.35042968430746,173.4423444110112,135.7874607645531,208.29586921013131,142.42954529723016,233.70440994841877,124.5206280460224,172.23928336427073,171.11414121888674,355.05201228021446,103.52203643559419
2019-04-25,126.53743383993725,174.1302063486955,136.06923976642025,209.46783090906086,142.78161450877982,235.27803986858976,124.70492401529152,172.92237403398374,171.80866385205601,359.01488541878706,103.53150541551419
2019-04-26,126.58445074447009,174.35869647447615,136.13615546029746,209.85231159445615,142.86327386443162,235.79198120283516,124.75126002297934,173.14927926669327,171.96200001782069,360.3001415718375,103.54093417761452
2019-04-29,126.67789458494683,174.69550673826993,136.2744292044257,210.4232617618263,143.0348108391333,236.55753494490335,124.8433506136664,173.48375328837795,172.2957316727202,362.22802580141337,103.55032271073341
2019-04-30,126.34190635340235,173.3051265160239,135.75274264761546,208.02253721957396,142.3751141836652,233.31453805898335,124.51222814963899,172.10301726398464,170.9608050531221,353.92955523988365,103.5597942779496
2019-05-01,126.20707239059222,172.61713454243574,135.54047649586312,206.83468338860456,142.1053756672139,231.7115564280011,124.37934684663905,171.41979746034554,170.41059881126074,349.8552932347134,103.56922561635709
2019-05-02,126.02282461498821,171.88826269483906,135.2525098829762,205.57896099843376,141.7404901980692,230.01923191435293,124.19776733961547,170.69598134081158,169.67097730580775,345.575390245055,103.57865781369
2019-05-03,126.73385403500954,174.73202369448353,136.33728736811327,210.42958022254763,143.1020398177947,236.52771182197085,124.8984996613137,173.52001694930937,172.3769096428309,361.8510173298518,103.58825528059454
2019-05-06,126.46979789246066,173.6475768041794,135.9261583795953,208.55565534992326,142.58159936479967,233.99580179609737,124.6382675687775,172.44309218871015,171.32159603139186,355.37332631847704,103.59768921098616
2019-05-07,125.61505326294662,170.122670707736,134.60846522494424,202.49960553390451,140.92033635987795,225.83778264671946,123.79590131523972,168.94263616086127,167.9842794823967,334.7021231902474,103.60716511073345
2019-05-08,125.51153735551242,169.60914461126347,134.4447440446198,201.61847623247357,140.71209179978942,224.65445331922655,123.69388452084762,168.43267207368498,167.56035008292974,331.75888659976164,103.6166007632703
2019-05-09,125.28249715703143,168.67934546047894,134.0890080209085,200.03164315388537,140.26274578527898,222.52859681986195,123.4681612729418,167.50932235797583,166.65837263725535,326.5064731209617,103.62603727512551
2019-05-10,125.3444961092991,168.8543315308658,134.17857024285868,200.3202795022387,140.3726140238234,222.90986170656407,123.52926235897574,167.68309465945455,166.86582744976047,327.4190049896276,103.63547464637735
2019-05-13,123.8294885814445,162.75530222124686,131.85650064379072,189.9759160603431,137.454942142378,209.09275799060038,122.03619510677677,161.6263705009234,161.07513224853096,293.5739262926298,103.64491287710406
2019-05-14,124.3124354952976,164.55213283543472,132.58604624275603,192.96477753160798,138.36508561140803,213.03653122287463,122.51214800362196,163.4107376251437,162.84300804205273,302.78492872282544,103.65426970951658
2019-05-15,124.93426909411103,166.95597290252914,133.5283731640483,196.98431559577736,139.54266759967155,218.35785416613055,123.12497623426455,165.79790375740905,165.1430505285224,315.3718706483671,103.66362738664314
2019-05-16,125.38107580695828,168.79077769689218,134.2053871817728,200.06924474068364,140.38914615328528,222.4574809252753,123.56531231098333,167.61998165867126,166.80268902856326,325.2212169679112,103.67302704492005
2019-05-17,124.84842200151142,166.60124119750256,133.4494586590085,196.63264490199376,139.46502814446382,217.99503918572688,123.1305345965608,165.80435240466463,165.09795165623865,315.10196685622657,103.6823452753271
2019-05-20,123.97499179200166,163.12314017256531,132.21011146633887,191.19450977403196,137.95087910591138,210.9534628775572,122.41017419214187,162.90492462104928,162.31084134910483,299.3061687352353,103.69162319947772
2019-05-21,124.52220397450841,165.17876672980384,132.97854348339246,194.37742943872652,138.88484868048226,215.05011833894514,122.86489566714525,164.6282559037639,164.0065589469727,308.30296180658917,103.70090195385528
2019-05-22,124.29710305626615,164.2884912926283,132.65657804489342,192.98539472538434,138.4902044148228,213.2489724840231,122.6804774279294,163.8867863834387,163.27595721597643,304.28439423471775,103.71018153853409
2019-05-23,123.50946147944859,161.0618461836195,131.5403278632256,187.9639881799789,137.12769929930624,206.76817403618793,122.03053404126673,161.19078893051213,160.77747969145838,289.93236719232,103.7194207987545
2019-05-24,123.49047124808999,160.9806803083327,131.50937705902746,187.82651255209655,137.0878081516546,206.58533358368766,122.01600395306913,161.11671710813852,160.6963017213477,289.5039484746365,103.72861972357535
2019-05-28,123.33023183070324,160.36796833297277,131.2628141407444,186.8068721613024,136.7780273184922,205.24040101739948,121.86237364356212,160.52091489900866,160.0919768327459,286.3979127714309,103.73773713995182
2019-05-29,122.97201526410923,158.93052086396239,130.71784931879364,184.42785853131448,136.0964407710354,202.11056102273966,121.5185527719747,159.12245914464663,158.77508976206127,279.221899250232,103.7469376892577
2019-05-30,123.16509858180646,159.61988905685337,131.00378298926535,185.55432548911529,136.45014520116158,203.58357056658565,121.70435329298108,159.79387965371495,159.44255307186032,282.5421443122792,103.75613905456468
2019-05-31,122.46477689538074,156.86256788942535,129.94365542348166,181.00656735307672,135.1270502009048,197.61201643435118,121.031861300102,157.1106240973186,156.89897667505855,268.93985002582764,103.76538240901615
2019-06-03,121.5009593025267,153.26141649046357,128.49010317636262,175.1130733456868,133.31680835227144,189.9128505289741,120.10607594663566,153.60435174899007,153.44440305812566,251.7474068851881,103.774503056716
2019-06-04,122.73937341785044,157.7422188100667,130.34073753258463,182.35951839859578,135.61116435020767,199.30941708156266,121.29656032204117,157.9708100403947,157.76487502290593,272.15299040845395,103.78362450609183
2019-06-05,123.07468704366028,159.0026009487092,130.84041051756415,184.4170332244043,136.2306415708899,201.99567072554822,121.61902368184259,159.19834300231076,158.93744570228264,278.15085245602324,103.79274675721408
2019-06-06,123.48569677843464,160.53986909880246,131.41712005306837,186.7744015565216,136.93063147819907,205.00853980921167,121.96416702401187,160.49475660861873,160.20021412622677,284.5771332212759,103.80186981015326
2019-06-07,124.48759642880607,164.37025308490067,132.82444565257848,192.666432121194,138.64050425694273,212.5555514189159,122.7954514364636,163.7072147966117,163.29399676488987,300.80563424712756,103.8109112825435
2019-06-10,125.25454507648948,167.54636463775336,133.81345885410946,197.1632345093377,139.80201346972984,218.13691824285618,123.30315369963375,165.80699992407298,165.19716917526281,311.78172179417925,103.8197475684443
2019-06-11,125.35019485607313,167.88865191797308,133.9344779515758,197.64612643334388,139.94275850751018,218.73562969340662,123.36891568516417,166.03550765035283,165.42266353668143,312.95987326780886,103.8286258047939
2019-06-12,124.97120728097444,166.38856810107507,133.44313683623756,195.51016305396126,139.3637210453882,216.07395067308298,123.1261464690984,165.06059811452715,164.4665674442666,307.6603337300638,103.8374223967024
2019-06-13,125.368422070223,167.83799358348358,133.95299531397075,197.56335468536705,139.96130565725036,218.6244845005922,123.38807838187513,166.01480924768848,165.4407030855949,312.6942536628451,103.84609611789861
2019-06-14,125.09066629306204,166.68661372322805,133.59235830443464,195.92342487681367,139.5359643710629,216.58065816306737,123.21096943468257,165.26732135601088,164.73716067796886,308.62427584485175,103.8545645197844
2019-06-17,125.49478241381824,168.30200656657362,134.1112413521886,198.21290185264812,140.14424962880062,219.4256668114018,123.47725739962796,166.32960638127153,165.7293358682107,314.2451294208595,103.863074824377
2019-06-18,126.4662020144251,172.16966247606564,135.36250279277283,203.709885432213,141.61378653255053,226.2693168073121,124.11193405544314,168.8584823180155,168.13761564816127,327.8474237073111,103.87170947285942
2019-06-19,126.72281755436565,173.2495353933173,135.69185197962094,205.2492676014398,141.99995094064838,228.1905667796805,124.28172997081097,169.56263597219333,168.76899986013336,331.70319216646277,103.88030362025036
2019-06-20,127.35222349016075,175.77628909052262,136.50339693552712,208.8605463945298,142.95394195737578,232.70503905023432,124.6927940219693,171.20041068158872,170.3384406156068,340.80708991723753,103.88873358933384
2019-06-21,127.25691130294963,175.35892206830468,136.37777853961168,208.2582470302496,142.80452133343923,231.94778144930092,124.63453579066133,170.93659209537273,170.08588693081796,339.2562141592232,103.89699933976424
2019-06-24,127.24473886248677,175.2919364581063,136.36849236060175,208.1807069166971,142.79659130148053,231.86018358243808,124.64217580756039,170.92565660788836,170.09091996496485,339.14482529262546,103.90514206094265
2019-06-25,125.499302437664,168.12200732602153,134.38031743491777,199.13230705380153,140.59156908043997,221.18869488320203,123.89971649448957,167.87455859395183,167.17109815646762,321.79815141361985,103.91336788468917
2019-06-26,125.9681779440944,169.82572930511665,134.91309004010787,201.27542564904687,141.18110389304942,223.70819488310775,124.10772470200196,168.62627807388648,167.9485120126,325.86812923161335,103.92155312418325
2019-06-27,126.35530425537944,171.30023987542842,135.35294518126594,203.13121535426967,141.66780641524412,225.89109665050123,124.28017310878421,169.27440464307375,168.5903304287093,329.3982994653255,103.92986272456204
2019-06-28,126.48739650932023,171.88401456966562,135.50261417789642,203.86572255255783,141.8330099608379,226.7548920169011,124.34257647227346,169.53436142225905,168.80728313274625,330.79494448497377,103.93813174737008
2019-07-01,127.85491661284732,177.36293337185367,137.05849709275805,210.76922352681584,143.55672151474047,234.88411996098236,124.93623081509514,171.9061327925679,171.08528652513417,343.968820053742,103.9463189375097
2019-07-02,128.2623531860162,179.0889397222872,137.52185531934074,212.94743202372933,144.06990181964923,237.45319750096718,125.11620179269602,172.6459902560447,171.76326372524966,348.14590255115627,103.9548780094063
2019-07-03,129.0366889987736,182.26537408590468,138.40327736490326,216.9593719617116,145.04691505200995,242.18883735251126,125.45243103841146,173.9936423474035,173.05594025346974,355.85743946945956,103.96339653413209
2019-07-05,128.82851601898238,181.32394775009655,138.1653258905537,215.76759058691536,144.78216983813095,240.77903768625268,125.3696957487759,173.608519221469,172.70339210940972,353.55254676832214,103.97195701221973
2019-07-08,128.10778880411772,178.27197544143996,137.34333617199763,211.90777339496242,143.8694384046459,236.21725181227617,125.06870604546172,172.3382149280912,171.49207284520344,346.1066294549826,103.98060071261419
2019-07-09,128.6231638347278,180.41635531469822,137.92967486687408,214.61494224271954,144.51905372863834,239.41132133268988,125.29476606117997,173.2533289023317,172.3508439653497,351.3033485004837,103.98936891803146
2019-07-10,129.65075638849729,184.68778499366053,139.09976329208988,220.01247454548647,145.81644139305592,245.78547687094527,125.73864729009878,175.05610277495674,174.06838620564216,361.69250240430904,103.99813786283107
2019-07-11,129.57747155729533,184.29704455682554,139.0155109088309,219.51677927109077,145.7222225282227,245.19795515643264,125.71334839115906,174.90213801165257,173.9418304616206,360.7285602895211,104.0066599324615
2019-07-12,130.17755204414183,186.7724907147497,139.698834638919,222.6484648840314,146.47995526589733,248.90061885445158,125.97376497157313,175.93788201886906,174.9452367177915,366.7778325832124,104.0150588829759
2019-07-15,130.5132568888094,188.0407999252424,140.0809146607842,224.25378428998752,146.9034625450789,250.79961893260963,126.12153086980145,176.46845259767275,175.50569786988694,369.88386828641785,104.02333468428779
2019-07-16,130.2554282493276,187.07526320442923,139.70127440032272,222.63392666863956,146.43215933977137,248.6367080757579,125.90075541943774,175.60204203363244,174.601728269733,364.6400231819716,104.03169370225349
2019-07-17,130.03796866164504,186.11337654925003,139.36330231294448,220.99098447404805,146.0047106632214,246.43093407681883,125.69056589620327,174.6991473485677,173.74295714958677,359.2290947776288,104.04001210950784
2019-07-18,130.096790116945,186.40500169240767,139.4486069032322,221.47812845946734,146.10963110779645,247.0788800882443,125.74742084464319,174.97288728494226,173.94183046162064,360.78425472282004,104.0482898961856
2019-07-19,129.7695567016074,184.8353236011179,138.9429851814256,218.80659869466345,145.4716820435272,243.49872524144723,125.43112742990252,173.4994766723123,172.6672333254036,352.0530812564299,104.05619674043763
2019-07-22,130.13743357517964,186.37019391728174,139.5011252273966,221.39510306650044,146.17069888753173,246.9517428177946,125.78670551909687,174.94021425117995,174.04126711763757,360.3558360051365,104.06414547768865
2019-07-23,130.44208253642938,187.63977820087214,139.96301442943775,223.54228448568966,146.74919757006393,249.82195950346124,126.08116951859844,176.13193564134934,175.18026881383153,367.3176401674936,104.07221870802232
2019-07-24,130.76895994307506,189.04624955903714,140.45948387703731,225.92865459911877,147.37160481609698,253.01843748417684,126.39711882665694,177.45214889843663,176.4096674700409,375.13199757804097,104.08016866917362
2019-07-25,130.3417016561761,187.1667073618158,139.7991900884599,222.71219625042073,146.53796168669032,248.6919415447149,125.9841445513981,175.68787797203535,174.7373237097561,364.42152963595305,104.08828444423057
2019-07-26,130.81795615365294,189.12075869499947,140.5242484256962,226.02639943970502,147.4476865758259,253.12903568863368,126.44447700594633,177.52208843079939,176.5362232140624,375.23910225746187,104.09640085212473
2019-07-29,130.66757071803974,188.51678767613328,140.28872800163649,224.98758071189195,147.1488146565169,251.7289887681554,126.29911922545101,176.9551586164276,175.9305635819593,371.7603422698717,104.1046005090966
2019-07-30,130.4768697985976,187.64213259729198,139.99150294985313,223.48874631640214,146.77238533230746,249.71264493831328,126.1147937801345,176.1341456439547,175.17122911783,366.77783258321244,104.11280081195417
2019-07-31,129.8518370328563,184.88070600008817,139.02885599341903,218.7828371355827,145.55898911441918,243.399076414509,125.51065698194977,173.54207579415805,172.74859058941743,351.30334850048376,104.1208365023343
2019-08-01,129.63241884084124,183.98248750633627,138.68864983042442,217.25713229975847,145.12931956957735,241.35847669847314,125.2985743340421,172.6989445378206,171.8898194692712,346.3765332471234,104.12887281292942
2019-08-02,128.9707859662715,181.04476455966287,137.67286425642646,212.2942217860006,143.85154068447667,234.73860700356468,124.65906103437972,169.9413904949797,169.35870458884017,330.5250406928332,104.13686842280616
2019-08-05,127.38217872279871,174.40097483562255,135.2457917666557,201.1579154923504,140.8061452776634,219.95861651265218,123.12356378327726,163.70506067563497,163.37442583582106,295.82312456046844,104.14482332247732
2019-08-06,128.01258914987343,176.91750314514954,136.1975687960523,205.29796279519604,141.99309411704516,225.3876567493301,123.73289845792186,166.06725171264816,165.66146892421054,307.9773635811498,104.15273750250364
2019-08-07,128.26095292113217,177.83153920882114,136.57062435118453,206.80650863187205,142.45765197796248,227.37163103064955,123.97295898238956,166.92523045619652,166.55639882836294,312.4800443040035,104.1606522839448
2019-08-08,129.24419994183614,181.95755938386964,138.06188743470554,213.6545831284691,144.3221755175542,236.40309716080714,124.92333428984767,170.7982041235848,170.18131692498022,333.15124743223316,104.16844366607
2019-08-09,128.82518497002044,180.08196875635815,137.41802965028614,210.5015642718812,143.51235291066308,232.21308298285632,124.51832774084863,169.03764241933504,168.5812907327078,323.29333273833544,104.17623563100295
2019-08-12,128.31398138845879,177.98249228375226,136.63466867778317,206.98899939258663,142.5285062000616,227.55981711877564,124.02421461284494,167.06692566354312,166.64679578837837,312.4800443040035,104.18394549923518
2019-08-13,129.30434689937914,182.0794685212636,138.13688787456758,213.7891150032549,144.4068187918357,236.52755208621232,124.98147042661077,170.91263664182503,170.29883297300023,332.9884483195135,104.19165593805886
2019-08-14,127.69223849185684,175.27107848468964,135.8570088708822,203.2089299247669,141.62382042316932,222.86132104381667,123.6802159064992,165.5619309060234,165.20948412413358,303.1576530072102,104.19936694751617
2019-08-15,127.64166495299867,175.00665687767676,135.77932877667925,202.77244906580884,141.52607517589738,222.28736628125853,123.63629788264674,165.32405585314928,165.01965050810128,301.8723968541596,104.20691313182886
2019-08-16,128.38495074781758,177.92047817966304,136.89546424677678,207.54932823787527,142.91560825633454,228.54769049627578,124.3365025027205,168.00052616506915,167.6682814365523,315.7960051788739,104.21425310289271
2019-08-19,129.12569958655936,180.92616410676072,138.01049461157498,212.51051729281815,144.30599216870178,235.07893328981933,125.03420309663915,170.7601152206731,170.3349917570064,330.57645093895525,104.22142817150912
2019-08-20,128.77144019774377,179.59485124143058,137.46997611727716,210.28890403268798,143.62797204006262,232.13621337412508,124.70094632715507,169.53885015604385,169.01519614078165,323.77744588931773,104.22889323809046
2019-08-21,129.25043352786722,181.50704726083754,138.14579714453097,213.25055909425106,144.45160876170883,235.9518297149756,125.09425410109777,171.05817979319477,170.5157856770372,332.0245062047255,104.23635883937199
2019-08-22,129.08141096349738,180.7813990731314,137.9034738038057,212.11730545107187,144.154041451811,234.48513301820734,124.95858762339394,170.48688559866022,169.9643642209433,328.81136582209916,104.24394906629544
2019-08-23,127.38154874492884,173.88078148595955,135.49691219254092,201.39737868901375,141.21544407777952,220.64788711018218,123.58056378658664,165.03339790757218,164.5857451000274,298.7149509048321,104.25166394585928
2019-08-26,128.19021393794102,176.82944783194068,136.63204983446906,205.91227478370922,142.59483404242758,226.4197871198518,124.23971281074336,167.38149990575826,167.0716615004507,310.8177796793915,104.2592552872617
2019-08-27,128.0828352074334,176.3914064920139,136.47730475347095,205.2322977722357,142.40452122920072,225.54408811471797,124.15396338864035,167.03591361570787,166.71911335639066,308.9413056959377,104.2670126723277
2019-08-28,128.25016272637936,177.0339067654642,136.72838310015405,206.28906719137822,142.7169561234876,226.9317106319082,124.31537558549756,167.6324447419842,167.31573329249227,312.05162558632003,104.27464650718407
2019-08-29,128.96213841920218,179.94019957783712,137.79949924254066,211.08037059365802,144.05214779133252,233.23266893524263,124.98659132783783,170.30829725170292,169.87396726092788,326.240853515998,104.28232227977416
2019-08-30,128.85703971157642,179.49186731366032,137.63617997559524,210.32884322487934,143.84586228708517,232.23608132928817,124.88781750148863,169.89609876251313,169.4671809408586,323.94024500203756,104.28999861738642
2019-09-03,128.33657925105462,177.3130558988536,136.89953729860386,206.94867067332842,142.94636966448326,227.87781999648158,124.46943959476972,168.17331567837783,167.82195626857845,314.5107490258233,104.2976755200624
2019-09-04,129.11552834995285,180.43453767790564,137.9959005605665,211.76500893373813,144.2810685359478,234.06635498422173,125.10424711282187,170.657231850463,170.244594796991,327.74031902789034,104.30531159987729
2019-09-05,130.1084991174438,184.6026517691321,139.39708094128864,218.23368342198202,145.98957945336667,242.4104458502062,125.91228909637692,173.9641247332352,173.36328991752208,345.8410098500189,104.31290684776562
2019-09-06,130.03731589685356,184.3258837829924,139.30625042024317,217.84056387308252,145.88294451056112,241.91982544227977,125.87458842154192,173.80265073304767,173.19153569349282,344.87706773523104,104.32050264872059
2019-09-09,129.80445167955662,183.36578285530052,139.04592049993164,216.64236494477262,145.59675566654153,240.51500148202015,125.78853379837342,173.423932403148,172.8299478534312,342.6835639006914,104.32805760575768
2019-09-10,129.50760298650565,182.15254122362455,138.70743427549047,215.11837934100626,145.2208531647698,238.72253290806782,125.66780467939616,172.92898279857377,172.33276457334654,339.84314780244966,104.33561310992951
2019-09-11,130.48227006261112,186.08272520748375,139.81595841570777,220.0489685094523,146.44908539132092,244.5149853114267,126.08666983110007,174.56837710565557,173.9508701576221,349.00273998652324,104.34312775825472
2019-09-12,130.91812897487029,187.93475787431814,140.31155224703951,222.37494291400486,146.9981028600282,247.25056468777856,126.27607066815627,175.33561552993282,174.6740458377452,353.3383374094804,104.35068435381658
2019-09-13,130.5460210958357,186.34238372618788,139.88718845969032,220.37199387177318,146.52674105154168,244.89151104959794,126.12416176050245,174.6927596003908,174.05030681363905,349.58967362974965,104.35820008763017
2019-09-16,130.08143400126127,184.2898358536033,139.35761045268694,217.79190349054556,145.93877292748968,241.85464909229165,125.93292750022952,173.8580261944077,173.27289295750666,344.76996305581,104.36575777473969
2019-09-17,130.58282704931156,186.23998705127102,139.92768869304209,220.23961271105046,146.57025884333626,244.73163715011924,126.15050564249441,174.6701208807203,174.10454498964828,349.3240540247859,104.37344025413142
2019-09-18,130.54135750972148,186.14953811748586,139.87983039028944,220.124953262789,146.51654514316886,244.59567242568062,126.13820195639858,174.64024021837642,174.03222742163598,349.10556047876725,104.38112329903902
2019-09-19,130.716822944153,186.8156115813793,140.07896944298503,220.96083311441467,146.7367816131022,245.57807402941535,126.21748905161813,174.92070543752948,174.32149769368522,350.66072042395837,104.38864122518139
2019-09-20,129.61243200261387,182.11649947616385,138.8208885790294,215.05448263202962,145.34076847760616,238.62652839817454,125.7560061383209,173.00275305718662,172.47739970937118,339.62893844360786,104.3960768446655
2019-09-23,129.6092107367672,182.14416471309895,138.83209657803184,215.1261506460793,145.36152273888504,238.73291260966684,125.7811758178476,173.06795944836958,172.55346875122413,339.95025248187045,104.4034301397607
2019-09-24,129.0127833108894,179.6315492941955,137.91516521674987,210.88013193479088,144.20737359564347,233.07514849126787,125.2023639996869,170.68054712520745,170.26181375941002,326.5064731209617,104.41090824259413
2019-09-25,129.5255910750347,181.65104642189092,138.6941120588552,214.26059804522785,145.18271304877874,237.55535653861176,125.70002588016635,172.59941313748192,172.17303590673328,336.95132145808583,104.41830401526131
2019-09-26,129.3645048744107,181.02227816631557,138.44355996128405,213.1947127434843,144.8659622882008,236.13392364262444,125.54369739388565,172.0019762713065,171.53898116591512,333.5753819627397,104.42557600429095
2019-09-27,128.80831519776575,178.73224973621936,137.58924888408072,209.33567151118123,143.7912823730771,231.0016299300803,125.00393489468922,169.82605947430244,169.4103688217399,321.47683737535715,104.43259986743887
2019-09-30,129.2429096671189,180.40724853529122,138.2485257381795,212.13231588882658,144.61617592298612,234.7018893471555,125.42569352625897,171.41759343692183,171.02267944839176,330.0452117290275,104.43949987850152
2019-10-01,128.879774344287,178.8884008378463,137.68951079999576,209.5746763564952,143.91245767743132,231.30293093825082,125.07328348049798,169.9744295995093,169.6277590185918,322.06377101858357,104.44673189942561
2019-10-02,128.10977098372877,175.6896294125169,136.51036811554025,204.21512158692315,142.43161157458502,224.201571374884,124.32602232888578,166.93505227882758,166.71110721082835,305.56965038776826,104.4537157384435
2019-10-03,128.60735394003115,177.72313312604567,137.26397039883165,207.5860443250179,143.3732891892741,228.63962677372243,124.80890906937942,168.8672269317211,168.54080803433214,315.63749025333084,104.46057569477473
2019-10-04,129.2753844396328,180.34760758486283,138.27888263045787,211.95975682764677,144.64360890554448,234.41754543810353,125.4572091496317,171.36092438245905,171.02267944839176,328.9184705015199,104.46706302814626
2019-10-07,129.1440415844931,179.76955323852587,138.07447824017126,210.98353884512883,144.3852255558768,233.11903367991556,125.32974553295789,170.81167436213377,170.5063777308684,325.86812923161324,104.47359221958554
2019-10-08,128.47227952303376,176.91244688578342,137.0446643679248,206.18746506824218,143.09111660871565,226.7569367785253,124.67782410330128,168.09693701562054,167.95204291785814,311.03198903823306,104.48028765019804
2019-10-09,128.91646609946883,178.79602371975403,137.7178633284456,209.31800183777085,143.9327974572191,230.8854950910825,125.10889153708098,169.8866556137046,169.5915273191165,320.45720082727047,104.48685912860778
2019-10-10,129.27107391736487,180.17272958808584,138.25538935213171,211.6149249961079,144.60516135263197,233.92295507156356,125.45302593953294,171.194760519333,170.90492642509696,327.4704152357496,104.49330663122463
2019-10-11,129.85893194907254,182.54188207728137,139.1499195567393,215.5845027182047,145.72612507623168,239.1857381083581,126.02352146235751,173.44585864027982,173.1060021682228,339.7360431230287,104.4997130660955
2019-10-14,129.85935049357113,182.61924990901326,139.1469040216182,215.70937024799304,145.72054853770337,239.3490502035157,126.02392764505753,173.5193712492941,173.08788631848512,340.1087674074134,104.50611989374178
2019-10-15,130.44250124894387,185.05237972103708,140.03590180113696,219.80942585350866,146.83595721101156,244.8053742218336,126.58985492193,175.83125871658268,175.288962061611,353.0170233712178,104.51252711418766
2019-10-16,130.33442519230402,184.57866019088243,139.8664967936317,218.99983786954937,146.62101092625267,243.72041012063445,126.48497091403704,175.38114453058142,174.8541816679071,350.39510081899476,104.51889325423214
2019-10-17,130.46006942118365,185.02983201288538,140.0554882761229,219.75888468874592,146.85697838932956,244.7311334205394,126.60690421455918,175.8098345559668,175.3161358362175,352.8028140123761,104.52521830630408
2019-10-18,130.0264023225886,183.17962191253778,139.3867650530364,216.61392220448826,146.01376297965797,240.52536393674703,126.18604556365989,174.0518200342153,173.631361810615,342.6835639006914,104.53154374114204
2019-10-21,130.4351149981111,184.87966097263458,140.00905736657944,219.4802092278023,146.79425001029415,244.34167951645836,126.58268682554743,175.6671465069404,175.1712090383162,351.73176721816725,104.53786955876923
2019-10-22,130.0767417977658,183.3894782249648,139.45586264424335,216.9472324201733,146.09645696008928,240.95482519068,126.23489825199779,174.2512192509089,173.77628860851624,343.5918115821804,104.54423724249038
2019-10-23,130.1696275043875,183.6967676605432,139.59453121522475,217.46095582147942,146.26902633547138,241.6366150377296,126.32504056001072,174.54319651880192,174.11143182866303,345.19838177349357,104.55052234246747
2019-10-24,130.6179356117255,185.5495770545064,140.27774560344676,220.58872865268296,147.12632508883402,245.80430350651278,126.76010779442335,176.30368081191705,175.80526377913438,355.1077067135134,104.55680782029877
2019-10-25,130.9881967472672,187.03537905012922,140.84214599948547,223.10637094350025,147.83487908651347,249.16783082157144,127.11943319053793,177.71544560785105,177.2092421338031,363.1919679162013,104.56317665760054
2019-10-28,131.44562137734115,189.04116311569052,141.54111558079575,226.5186025902039,148.71349744716358,253.73779983748977,127.5633476892968,179.62128187698184,178.9574216334874,374.2794443298507,104.56950438952126
2019-10-29,131.09448354294645,187.5240038996744,140.99731662076752,223.9157144656029,148.02608316498927,250.2359575934224,127.22258078366386,178.1797223843251,177.57155912855632,365.6553755428816,104.57579100853516
2019-10-30,131.3218857944039,188.45402458241358,141.3431319412213,225.4964563358554,148.45999202885113,252.35284932898628,127.44326666246329,179.0634003328335,178.43206199109525,370.7964001550837,104.58199500883507
2019-10-31,131.34791512714355,188.5092547285109,141.3795846568566,225.58517019534304,148.50418812587478,252.46901067566534,127.46852721346222,179.11587837241362,178.5135833149147,371.06630394722424,104.58815787639809
2019-11-01,131.7702186649403,190.30622015574923,142.02557342864958,228.65176819396055,149.31678302735332,256.5846627839767,127.87835792868809,180.82330139187331,180.1349518664354,381.134143812787,104.59398908123205
2019-11-04,132.06017309288308,191.50121592232583,142.4686864897374,230.69749694646728,149.8741752753594,259.33661289229883,128.1597484924676,181.95875077174563,181.24907662530157,387.9331488624244,104.59973760007637
2019-11-05,132.09033377977798,191.591749540247,142.51178912858288,230.8478294089542,149.92692767877233,259.5365356037839,128.18901837722004,182.04477311860356,181.34871379885874,388.41726201340674,104.60552794269351
2019-11-06,131.99127685557653,191.17276455827758,142.3556608824711,230.12104536007695,149.72812982922906,258.5530738569813,128.09288711981839,181.64666606980967,180.9411071797613,385.9495701995496,104.61144313623791
2019-11-07,132.15107402762487,191.85790530637084,142.59841802994245,231.29364961083354,150.03283165602727,260.13112865778976,128.24796464924978,182.29766639910488,181.54798814597297,389.8610330920002,104.6173586642724
2019-11-08,132.34054594849565,192.65821587334204,142.88703480880866,232.666346709205,150.3955315432474,261.98079914743187,128.43184047764285,183.05809765952344,182.27262213547942,394.46653430709796,104.62327452681595
2019-11-11,132.28322742234667,192.38109887935593,142.79518720468428,232.1826560337176,150.27783371003272,261.32429798085866,128.37621486605101,182.79478934682956,182.028058164021,392.80426968248594,104.62914920671496
2019-11-12,132.4216815683752,192.93964212665273,143.00526015088627,233.140068317589,150.5414433038718,262.6144577504591,128.51057974016246,183.32550050205973,182.55341780641322,396.02169425228914,104.6350242164819
2019-11-13,132.43814968232255,192.84606975259078,143.02712764325656,232.97277231571235,150.5673287640867,262.38528979600903,128.526561464949,183.23659081963788,182.59870743075737,395.4304764218859,104.64106564347537
2019-11-14,132.40626153345707,192.83492601175033,142.97444033127783,232.94785454275421,150.49905606859807,262.3486251868101,128.4956151391736,183.22600236905024,182.45378063285608,395.323371742465,104.64702437082451
2019-11-15,132.7516600632187,194.11254847275345,143.50376102380946,235.1470117314094,151.1659560869101,265.3176974882063,128.8308122517261,184.43996117261398,183.79435351344307,402.76500486862767,104.65298343749005
2019-11-18,132.79321110919594,194.4723949430527,143.5644251850689,235.76401058319232,151.2409183681129,266.1500717490963,128.87113607894304,184.78187656928608,183.93928031134433,404.85568821092323,104.65894284349137
2019-11-19,132.86678876932154,194.75833688875613,143.6745583034404,236.25347818730683,151.37842232070804,266.8101028040124,128.9425406076175,185.05357008821673,184.2110180574093,406.5136686483585,104.66490258884775
2019-11-20,132.5927367355191,193.57158942459887,143.24770307404893,234.1911475451652,150.83700631859332,264.0121813412323,128.67658275746942,183.92595799959594,183.10595122341195,399.3933495604585,104.6708626735785
2019-11-21,132.49433827022472,193.05186994099554,143.09234196518534,233.28717680710875,150.63897783221933,262.7862797052241,128.58109051125442,183.43213602811272,182.69834460431457,396.28731385725297,104.67682309770296
2019-11-22,132.52916498653428,193.24168197031247,143.14255756369366,233.60911824021792,150.70068700632746,263.21844701784966,128.61488861327507,183.61248976409092,182.81609762760937,397.3583606514618,104.68282539966233
2019-11-25,133.08338193528243,195.5911194688013,143.99418350725298,237.66084285030388,151.77487032966746,268.69375215834253,129.15273664950223,185.84485528815483,184.98094167125993,411.11916986345625,104.68882804580133
2019-11-26,133.17739768725107,196.00946485751095,144.13589084467924,238.38106306491062,151.95233094620056,269.6677235521141,129.2439756267384,186.24235461448603,185.33420074114437,413.5868616773133,104.69495566569687
2019-11-27,133.50819765149888,197.40261048164984,144.64375658517972,240.79555747169442,152.5930527501119,272.9422539065853,129.56500534543713,187.56608008636115,186.6294839973871,421.9410266721419,104.70104209863538
2019-11-29,133.30012862960027,196.48908112050992,144.31807002345363,239.1975605176305,152.1789516551232,270.7654377319718,129.36308168525198,186.69807170037913,185.77803905971703,416.3158889089573,104.70721198147332
2019-12-02,132.8274346449965,194.28487895210506,143.58340663867173,235.35835130226044,151.24757850663647,265.5472486673429,128.90434881551604,184.60370446057007,183.87587483726261,402.9278039813474,104.71325757645083
2019-12-03,132.46832350685582,192.76448653552472,143.02527084326348,232.7213212464295,150.5403065002407,261.9738298417842,128.55584409931686,183.1590728770505,182.43566478311854,393.87531647669476,104.71934507336947
2019-12-04,132.70802728780052,193.77185316072928,143.39150429471928,234.45303713402222,151.00116394108576,264.3101123268196,128.7884681793789,184.11624263604418,183.35957311973928,399.71466359872096,104.72530825829726
2019-12-05,132.80465135368112,194.13365462917872,143.53720027933207,235.0727657025151,151.18358170322315,265.14552363781496,128.8822384334348,184.46001561372154,183.7218901144925,401.8053469410166,104.73118866747126
2019-12-06,133.30675322861464,196.2409343510138,144.30902625710297,238.71238460772335,152.1574262620683,270.0688476007149,129.36951062536062,186.46229003200654,185.68745981102873,414.2252055666617,104.73702784683942
2019-12-09,133.0998847781999,195.40477671972204,143.98568541645474,237.25368831764933,151.74663037024936,268.0854906268935,129.16875207753156,185.6677979589127,184.84507279822748,409.1398753877584,104.7428257894524
2019-12-10,133.06590084515412,195.26003585425903,143.92972584665864,236.99696306257908,151.67416727181975,267.7343963284194,129.13577186699624,185.53026950021118,184.69108807545737,408.2316277062693,104.74866561763628
2019-12-11,133.31747601956187,196.29783614406392,144.31497259070142,238.79069180551684,152.1596228150414,270.16300906909396,129.37991671645338,186.51635642072472,185.66934396129108,414.3880046793814,104.75458890527538
2019-12-12,133.6706958573831,197.8770066614677,144.85767534358607,241.52917228361557,152.84453336891232,273.8778466119253,129.7227041331099,188.01683720471573,187.0552064662222,423.86891090171764,104.7605540971436
2019-12-13,133.82966273187625,198.505182978028,145.10026605661128,242.61868117346816,153.14996417385046,275.357265001575,129.87697588799654,188.61371162807225,187.67114535730266,427.6689849275704,104.76647805704793
2019-12-16,134.30485131140057,200.50513867728426,145.83273502878214,246.1047640436821,154.07594477218555,280.1019162900721,130.33812967427468,190.5140099571602,189.5551937300195,439.9346128148495,104.77244392593728
2019-12-17,134.3367771260731,200.6061857111795,145.87869905246936,246.27594009646444,154.1324645919663,280.33251321616024,130.36911255338967,190.6100218386943,189.66388882844544,440.5215464580759,104.77841013454974
2019-12-18,134.37764230366048,200.77607311664906,145.93855833288595,246.56791990388257,154.20661674415416,280.7281707045891,130.40877076948198,190.771443790624,189.80881562634676,441.5411830061626,104.78433510417047
2019-12-19,134.6766027130738,202.21461767447155,146.39885138509584,249.08571510508608,154.78851754390303,284.16493742029405,130.69890132120153,192.13830597690404,190.99540378416356,450.5336918903396,104.7902604088341
2019-12-20,134.87160132037303,203.06336538227438,146.6980946731042,250.57317619702982,155.16642507097333,286.19803282968627,130.88814060419318,192.94476076565496,191.76532739801414,455.8889258613836,104.79622763199627
2019-12-23,135.00096766701216,203.59723618533755,146.8955040215602,251.50813000886924,155.41521164204119,287.4762059595373,131.01368608895487,193.45202889933762,192.27044257832446,459.2648653567297,104.80223678076328
2019-12-24,135.03057289856238,203.87923106419356,146.9378886230502,251.9995556901078,155.4672283762403,288.14693141681335,131.04241692385145,193.71997203292844,192.37029503422175,461.03307793022486,104.80828786229168
2019-12-26,135.4526381522134,205.74026893367017,147.59039760276528,255.27948692950488,156.29390783327804,292.6441211043165,131.45201639270326,195.48827477835968,194.0677867844766,473.0079072703137,104.81429770260759
2019-12-27,135.41777130601943,205.5360053543034,147.53249741485078,254.91114600477775,156.21853789146712,292.1340600851625,131.41817934604262,195.29418961001892,193.9043918566446,471.6157850219503,104.82030788753538
2019-12-30,135.1121488054483,204.10961913702636,147.05323397815388,252.3777226626603,155.60778239787584,288.64669901631765,131.12158346940933,193.93887991674242,192.63354241795116,462.2146631718913,104.82627682173454
2019-12-31,135.20628653964405,204.5242548438335,147.1960130918194,253.103976713765,155.78731222583318,289.6401596950754,131.2129408261023,194.33285441383688,192.99664225757786,464.84852409240585,104.83224609583132
2020-01-02,136.00137139267355,208.07953142922685,148.42902918913,259.38323638130385,157.3515420566901,298.259730526047,131.98454268310397,197.71097231773888,196.21915333426475,487.88728796809886,104.8381325096498
2020-01-03,135.5702853338442,206.10715564969757,147.7533707784182,255.8646369495542,156.4902583518594,293.4012419635456,131.56618884042558,195.83687960680194,194.4218091281126,474.623456546192,104.84397765156153
2020-01-06,135.88085472278382,207.48591686458124,148.2334317454092,258.30377545145143,157.09867546707036,296.7543834681265,131.86758549805353,197.14693744149756,195.6745035748247,483.6464711189177,104.84973990985706
2020-01-07,135.87923035093775,207.4045124439814,148.22730786887,258.1527410366697,157.0891106107831,296.54280678525606,131.86600910236677,197.06958938598618,195.64727108685267,483.0535301612814,104.85566891300675
2020-01-08,136.24161541289678,209.08307178304403,148.78850453485248,261.1312486252592,157.801056463484,300.64523221637546,132.2176910463654,198.6645064676405,197.11782543734077,494.17332145376446,104.86151503264256
2020-01-09,136.6506034775814,210.93582575765106,149.42302497448117,264.4306804597752,158.6068430794814,305.2003159964477,132.61459956373903,200.42493810293428,198.78808469962357,506.633674911338,104.86736147822275
2020-01-10,136.53325095136907,210.34051774188876,149.23613857699362,263.3582442276513,158.3670271460039,303.71157282590656,132.50071306872627,199.85929415988767,198.2797449241462,502.49597822870237,104.8732082497655
2020-01-13,137.08950748071084,212.92150700416212,150.10115830309195,267.968443930517,159.46679551115542,310.0881087594945,133.04054044611124,202.31167327224298,200.56727391379434,520.0607799302751,104.87905534728897
2020-01-14,136.9056531831441,212.0594106014158,149.8099171767906,266.41193913695827,159.0936834462461,307.92318705783197,132.8621163233529,201.49253495119876,199.77753176260632,513.9895801249124,104.88502762682957
2020-01-15,136.9303158685669,212.11379315786223,149.84481439681198,266.503039191355,159.1363433196329,308.04603403757426,132.88605059124697,201.5442076363413,199.85922922652227,514.311830645367,104.89100024645832
2020-01-16,137.39467945603698,214.19192455271633,150.56709997498848,270.2265299856809,160.0550183287265,313.20722438412616,133.3366991038562,203.5187861826236,201.77458088055312,528.6541271423948,104.89697320619457
2020-01-17,137.63766849803994,215.3190280275084,150.94388391376322,272.251404595848,160.53385305732667,316.0200345913792,133.5725114141098,204.58972632927436,202.7731054395265,536.5471165567269,104.90286325449165
2020-01-21,137.62116192549232,215.28892198660841,150.91436532537313,272.19042615021596,160.4943646923994,315.93152254501115,133.55649236660568,204.561120466035,202.68233047961982,536.276426119545,104.90879526163998
2020-01-22,137.75349894086187,215.81059827905,151.11802197427176,273.1260538305519,160.75245123299197,317.23112955971646,133.68492078078077,205.05680173898523,203.21790274306917,539.932895358302,104.9147276042292
2020-01-23,137.91358934829404,216.51693168566104,151.36527395448007,274.39651400207214,161.06626439690203,318.99830769857186,133.8402828848281,205.7279387010995,203.87148245439718,544.9256300885435,104.92061864944984
2020-01-24,137.51241677010884,214.56077416698182,150.7326288803015,270.8483678363593,160.2566260907887,314.04486960458684,133.45095902193924,203.86925609849925,202.15583571216106,530.8024639454246,104.92651002545732
2020-01-27,136.52326017263238,209.92556295085654,149.18009512430632,262.4830296323443,158.27408292373852,302.40197749489244,132.4910173697116,199.46501647846765,197.98018755645413,497.9844709423394,104.93236009476628
2020-01-28,137.2621885420257,213.34890753190402,150.32998107324127,268.59160068897216,159.73628479143977,310.84367128948435,133.20812133646768,202.7177765219406,201.02114871332768,521.1349483317899,104.93825213006525
2020-01-29,137.34536820454093,213.62584763570715,150.45645320339617,269.083115122143,159.89572832054813,311.5227324451044,133.28884427039978,202.98091675885192,201.3479385689917,523.0125946976381,104.94422778053378
2020-01-30,137.52162603249178,214.47828736862732,150.72864054245113,270.6104983714659,160.24103643574418,313.6411466650184,133.4598962868478,203.79087959988826,202.0650607522544,528.9205209059704,104.95016212674754
2020-01-31,136.76342797240287,210.79688588569235,149.53780161615106,263.96835144563903,158.72002098335201,304.39957127880166,132.7240917637072,200.2929215754557,198.86070466754882,502.92564558930815,104.95613845542422
2020-02-03,137.49166068227706,214.19254744418907,150.67170763026303,270.03654797667923,160.1624773889161,312.7933250405048,133.43081596946618,203.51937803554586,201.86535584045973,526.02026622188,104.962031825897
2020-02-04,138.59820402159414,219.32097649171678,152.40034103639294,279.2663954479777,162.3656767796061,325.61929127535757,134.5046773217692,208.3922585465927,206.48580129970938,561.9490509157525,104.96800883048707
2020-02-05,138.7632761760237,220.21711404207838,152.65592269700338,280.88968338477633,162.69058034279112,327.8868501658341,134.66487403588317,209.24374175205486,207.16661349900943,568.4499180817212,104.97398617543436
2020-02-06,139.18764501002286,222.10410162272,153.31913377158546,284.3212229976565,163.53689524788123,332.68994269866755,135.07670904835985,211.03670114002355,208.95488020917088,582.3066904612642,104.97996386075825
2020-02-07,138.9832807515699,221.10853165541187,152.99380202641822,282.49363428404564,163.1186170585487,330.11995605529864,134.87838073066362,210.09074021395438,208.05620810609483,574.7875116506593,104.9859418864781
2020-02-10,139.57627878984934,223.90789050101301,153.922632176001,287.59611514024857,164.30513012603322,337.27148788540234,135.45386444889994,212.75060759941277,210.57067449550968,595.5189617998983,104.99187859152525
2020-02-11,139.58990484830457,223.97277835340392,153.94031614408883,287.70811110575755,164.325897992564,337.4252286886715,135.46708805889273,212.81226210382127,210.60698447947232,595.9486291605043,104.99789895916672
2020-02-12,140.0709804740775,226.2768298050617,154.6944623549572,291.92924564763337,165.29005611586228,343.3620620512288,135.93395501628757,215.00150315818368,212.65849857336318,613.4017173483196,105.00387800619077
2020-02-13,140.01342125054626,225.98070707100555,154.59984871362872,291.37629956256876,165.166847633602,342.5776856954587,135.8780958163606,214.72013615743407,212.38617369364317,611.0428435385927,105.0098990618939
2020-02-14,140.15900650723765,226.52421443550054,154.82566908639805,292.3702189734779,165.45444675804882,343.9760178950311,136.01938118230254,215.23656066472734,212.9943659250179,615.1762435476222,105.01596213344688
2020-02-18,140.18304658499827,226.67109546313483,154.85980099226222,292.6338574102962,165.4963193566819,344.344280492585,136.04271123138082,215.3761226417711,213.07606338893387,616.2504119491373,105.02198388206922
2020-02-19,140.65857414775996,228.97509744643608,155.60644377591905,296.8759253179829,166.4519323781637,350.3303361803045,136.50419398895616,217.56531669277473,215.11849998683402,634.0816074142857,105.02800597598625
2020-02-20,140.2067861896396,226.70280240327796,154.88862015849543,292.6598769313414,165.52859790977996,344.356108636827,136.06574968187567,215.40624963178234,213.12145086888722,616.0355782688342,105.03402841521783
2020-02-21,139.26935750151702,222.173243012953,153.40539655350662,284.29926683594385,163.62456430842337,332.54721844038943,135.15600814447126,211.1023972293817,209.02750017709627,580.8028546991434,105.0400511997837
2020-02-24,137.39473025489337,213.22175030825693,150.45181511445486,267.9286807538439,159.8423111185159,309.56488455240856,133.33674840235784,202.59695551589644,200.96668373738368,513.8821632847607,105.0459909645837
2020-02-25,136.09206889563376,207.19244796884263,148.41044905889171,257.09909836651434,157.23800718590476,294.5464536279493,132.07256141650447,196.86809203886259,195.50203115100194,472.3118461461314,105.0518060105121
2020-02-26,136.34245850760408,208.19802701627106,148.79700472491265,258.87556149262315,157.7277242599699,296.98544578124347,132.3155557193566,197.82356329470326,196.509633205966,478.8127133121001,105.05762137834482
2020-02-27,133.9578444107646,197.30958253966136,145.07569931465102,239.52827193935607,152.9923904970641,270.34759996834373,130.0013716944153,187.4776877070776,186.66962755208266,407.2172410143244,105.0634370680997
2020-02-28,133.9991701342373,198.42066045481718,145.13625092350733,241.434387428994,153.06735172332623,272.9183051569353,130.0411832119114,188.50525858101025,186.81486748793336,413.55483458326273,105.06891954507371
2020-03-02,136.49237006653837,208.17667849574187,148.95911853954473,258.247010721576,157.88831504977833,295.64742556781067,132.39369327366623,197.5165302665619,196.455168230022,470.0045324196774,105.07365181585484
2020-03-03,134.92012131697,201.12454643491108,146.52587672462232,245.84933719965284,154.8022868975848,278.6690082098607,130.91116430234797,191.01159633549682,190.1553860124989,425.7444976036546,105.07780055726582
2020-03-04,136.94942086984804,209.91634618118042,149.64603550524552,261.0707481991439,158.74405665892,299.30365361598007,132.8255892537004,199.12956120785026,198.08911750834216,477.4162943901307,105.08119890676797
2020-03-05,135.4535594891625,203.28832029191918,147.3289853695653,249.39034783741317,155.80346935061385,283.28565941602494,131.41515751555718,193.01690324836298,192.07073766652968,435.52372673104696,105.08363829174259
2020-03-06,134.63248151467153,199.4548535246784,146.06263109125578,242.72601101202102,154.20109792211855,274.2301513793822,130.6407570864421,189.478335638032,188.83007159786146,412.69549986205084,105.08566073478114
2020-03-09,131.26677572268574,184.86918710772585,140.88898212412607,217.57893495019647,147.66783572287508,240.2477058905353,127.46560650065186,176.00718626708613,175.71308989134715,328.85450778700454,105.08697430554035
2020-03-10,133.84054485211647,195.22907655011673,144.8019750485946,234.85152528644946,152.57304750990423,263.0591402717805,129.89544957705334,185.59651586890578,185.28077066551052,380.0407804559958,105.08778747855581
2020-03-11,131.74299121853764,186.19200125441327,141.58634429089778,219.44949908061085,148.52012808814706,242.4238459694764,127.91631522686157,177.24403443311448,177.21087672980727,331.1661181870647,105.08905937439633
2020-03-12,127.39525184856872,167.8217606127596,134.96617953999646,188.77547626412004,140.21378962945414,201.89381844134397,123.81216533305744,160.24244306938326,160.96215890651277,240.3988882590499,105.09024788161543
2020-03-13,131.28067638457497,184.127848042668,140.7972119754154,214.75939029892666,147.45911906464178,235.13203204731718,127.48344312702105,175.37964425396632,174.5965578844951,305.278659710554,105.09106107996213
2020-03-16,125.61985982981356,161.28340433571535,132.196051497085,177.01200527291346,136.68452305414175,185.69999640228124,122.13908013434418,154.22502260722842,153.6820071219976,200.06601311896586,105.09166577059136
2020-03-17,129.04999540723065,170.74449176925646,137.30956784522164,191.72200614674617,143.008241081254,204.15771247118838,125.3815433915004,163.0207678408,165.3375119740144,232.6648757681421,105.09210365253206
2020-03-18,127.63710159902197,165.0553913703465,135.17973526231907,182.67208275523072,140.35500797206237,192.63110032968476,124.0469523356312,157.73990897282863,160.30857919518473,211.12994765457006,105.09233302021859
2020-03-19,127.91290181402873,166.43030432560943,135.59354140548334,184.82776798106968,140.8689012232217,195.3500378577823,124.30754927400336,159.01738458794802,161.2707937701955,216.0152655446601,105.09233302021859
2020-03-20,126.1089022261348,159.41331800093698,132.88441816686517,173.78817359191018,137.50251032468904,181.3940990418094,122.60309587970262,152.49917422178507,154.95285656069106,190.71645135217958,105.09233302021859
2020-03-23,126.14153273836143,159.59174081929115,132.9331283632629,174.0637320134615,137.56279627445448,181.73811317336455,122.63393806389547,152.66511718064498,155.06422835900057,191.30939230981582,105.09233302021859
2020-03-24,129.65804431628408,172.3985075783552,138.18307450981627,193.85187565229677,144.06083473275504,206.44980259907695,125.95770196073457,164.57573932115625,167.07201795385453,233.9538778499601,105.09233302021859
2020-03-25,129.31240248628706,170.9589088010232,137.6612201023241,191.55865602577856,143.41010583972286,203.52868007535966,125.63125163876295,163.23963820881616,165.83485175317261,228.52717908550645,105.09233302021859
2020-03-26,132.1517133294004,182.57947756770852,141.66353403026545,208.7929826071527,148.27866240181507,224.9071097178382,127.9467810161971,172.54549762993489,174.56778964033913,265.7492625348031,105.09233302021859
2020-03-27,129.73538613619135,172.5170043033413,138.53911442811992,194.9025747616881,144.60129265685552,208.07700570033907,126.40661913945183,166.27206694609794,168.56389484291213,238.1431346158685,105.09233302021859
2020-03-30,132.23641552828903,182.12644267114447,141.7641674448341,208.0121245805708,148.38823897636541,223.8221561181509,128.01586476573334,172.38820905681254,174.69514498452696,263.1712583711672,105.09233302021859
2020-03-31,131.63789494727888,179.44732553079015,140.98935141614163,204.3171500247559,147.4758413894914,219.34936723507147,127.63323038552335,170.71358074026062,173.20326809546935,255.86691324086547,105.09233302021859
2020-04-01,128.67348422162001,167.6479783311028,137.15538888519515,188.09419676186667,142.96419600647923,199.75577781281203,125.73515532335628,163.30079858949378,165.84394856347168,224.12308863929513,105.09233302021859
2020-04-02,130.05754819265064,172.9081176519842,138.9368817318856,195.22073184381168,145.0532564977373,208.2701945559947,126.62828804313986,166.68440165524134,169.20976837415046,237.39121673480804,105.09233302021859
2020-04-03,129.079232395483,169.2175855661724,137.67486487594135,190.18916040226256,143.57098549106618,202.2313013129412,125.99926520484162,164.33498124277043,166.80821045517968,227.83111796132482,105.09233302021859
2020-04-06,133.97033361407674,187.99188176392428,143.9744078014749,215.6696657393238,150.96148146231155,232.71187764661448,129.15216714295806,176.37536600709223,178.73412875734147,275.52419498858944,105.09233302021859
2020-04-07,133.9414605577098,187.79771272465945,143.93692089214315,215.40065038295944,150.91725081366076,232.38530327031816,129.13381187700094,176.255100177186,178.66135427494842,274.9871107878319,105.09239557517871
2020-04-08,135.44872366935482,194.15383185488534,145.89283165439534,224.20409034987165,153.22435672261096,243.0701019433529,130.09345581443446,180.19456209675565,182.4547241696864,292.54761581579857,105.09241642684451
2020-04-09,135.587203464359,194.70034432775196,146.05688862648313,224.88320385059893,153.41000773870036,243.85476900282802,130.15957583882073,180.42745518019686,182.71853166836124,293.6260808909197,105.09277090523325
2020-04-13,136.7591851515262,200.1137716751943,147.398230919311,231.52655729351665,154.90171244360965,251.4822555197942,130.65212660836417,182.62267447807275,184.69253950327283,303.8306807053118,105.09325049525924
2020-04-14,141.51756780315867,220.8834891446414,152.84727632506136,257.05839900041906,160.96495190987733,280.8459823011411,132.6413199470437,190.91570096865448,192.72502299740623,343.2483643673051,105.09377179114463
2020-04-15,140.219093881937,215.02191099004543,151.35717191454142,249.81046005644063,159.30337561578142,272.461490697508,132.10906124704724,188.69946125667323,190.51449809471717,331.86217931124645,105.09404286634964
2020-04-16,142.26517475012218,224.2378203751209,153.70381604681074,261.1865998003571,161.91850079999324,285.5989960537166,132.95246182542405,192.23786007325347,193.9894796289855,349.64181469312217,105.09406371834228
2020-04-17,143.35393427688896,228.73057695196746,154.95363265896177,266.7467126039879,163.3125596631603,292.0364294139023,133.39762812913236,193.92296339843378,195.84522893000837,358.3984355022722,105.09408457033906
2020-04-20,141.9955710183779,222.80534910165858,153.39358807357323,259.4048061849421,161.57164125344806,283.5256294635077,132.84461877846465,191.7251636136435,193.5255423037298,346.79312009230443,105.09408457033906
2020-04-21,137.8039183625754,203.09759872616846,148.58246314915408,235.025665328127,156.20591950175296,255.31217365025682,131.12895369388332,184.3057665471496,186.38454621891128,308.4496048318262,105.09408457033906
2020-04-22,141.07532379434645,217.46731683295448,152.33020178722734,252.69367748605086,160.3777131057043,275.63422317740526,132.4908669813087,190.01082949823822,191.91540688078342,335.7291855567004,105.09408457033906
2020-04-23,140.83459233221453,216.3273368877969,152.05401890727472,251.28624837510563,160.06983533252418,274.00871605478534,132.391955706959,189.57505719259447,191.5060504173225,333.52928867039765,105.09408457033906
2020-04-24,142.61141485375342,224.6878136757311,154.0922881517946,261.6047658204602,162.34177466357863,285.92213849194997,133.12271502926322,192.7804325557543,194.52619143663426,349.6418146931222,105.09408457033906
2020-04-27,143.5290790271483,228.1955666526116,155.14579977393228,265.94410975784217,163.5169760626584,290.94382722107684,133.4974806224526,194.0971436391889,196.09084280808494,356.46493237954536,105.09408457033906
2020-04-28,141.36642153651843,218.3199189239912,152.66199872076916,253.71548266016953,160.74516760778292,276.7787137739814,132.61744759237047,190.42215848642874,192.39753782663743,337.1814612355486,105.09408457033906
2020-04-29,145.37681647372463,236.48769717873765,157.26351286660793,276.1483283079773,165.8753325314356,302.6902802153106,134.26340882135378,197.35488391368136,199.22014555098627,372.25520788181535,105.09408457033906
2020-04-30,145.32902135597985,237.74113274447646,157.2085783518395,277.70345157238165,165.81398138104723,304.4951441175155,134.24409696118084,197.81251908737258,199.13827425829405,374.72149853169367,105.09408457033906
2020-05-01,142.05213108411874,220.6762851205208,153.44227992250222,256.52431243704706,161.60784626337806,279.9067038518686,132.91980785886633,191.60054095763653,193.52554230372974,341.1000275642752,105.09408457033906
2020-05-04,143.37690041791063,226.9051565944153,154.9627101475498,264.2175860116341,163.30338406943176,288.79502070148095,133.46213367075643,193.96661588587185,195.78155125791443,353.1350103348489,105.09408457033906
2020-05-05,144.67729865978296,232.70064139417923,156.45603168293698,271.38786517453315,164.96965222023783,297.0932919927718,133.99171578280374,196.13407269257826,198.00117297090262,364.40948187715003,105.09408457033906
2020-05-06,145.3898506406857,236.37723031400424,157.27475547273238,275.9436883250572,165.88370808983998,302.3740086092778,134.28043265637783,197.4898195222253,199.22014555098627,371.60641016730034,105.09408457033906
2020-05-07,146.88756526646372,243.75877463433056,158.996159988112,285.0993765558616,167.80614120003185,312.9967980199225,134.88561433232235,200.18795878879092,201.78544605534148,386.1119802613585,105.09408457033906
2020-05-08,148.49801769964398,251.6251984844086,160.84831974561484,294.8749510861216,169.87591670414912,324.3602296162413,135.5326177298951,203.01435533367905,204.55087638627757,401.68742208332554,105.09408457033906
2020-05-11,149.55994428712523,256.63143317956735,162.07045509332178,301.10833528606116,171.24256943615038,331.62023924819385,135.95664688836254,204.781458402017,206.37933525640304,411.67718821741477,105.09408457033906
2020-05-12,147.05486301462963,244.41764866912698,159.18616249209956,285.88211458051,168.01577883210604,313.86469639552007,134.96035859351568,200.51753795790162,202.05835036431546,387.18614866287345,105.09408457033906
2020-05-13,145.5824606404871,237.0118587395254,157.4926774301113,276.67857781551726,166.12321860052884,303.1659272066337,134.36916271330907,197.8594506123731,199.52943710115682,372.5216016453912,105.09408457033906
2020-05-14,146.90461009610786,243.29937056306528,159.0123877053955,284.4771161608076,167.82050196372654,312.2136992556206,134.90304948865622,200.15582976091636,201.79454286564064,384.87453826281325,105.09408457033906
2020-05-15,147.66751011337652,246.6413247415838,159.88977652814899,288.62891000905796,168.80096164251205,317.0383289236041,135.2095505793215,201.35866406915306,203.10448354871565,391.4828222689334,105.09408457033906
2020-05-18,149.86860060317508,258.0626266123343,162.42200320349062,302.8298971423935,171.631573907436,333.5546782049227,136.09128617140058,205.4380814739718,206.8887566331545,414.1434788672931,105.09408457033906
2020-05-19,149.5681121809131,256.4840555949706,162.07599141721752,300.8617085996974,171.244435018923,331.2592771855599,135.9719078501976,204.8882899759875,206.370238446104,410.9768304196269,105.09408457033906
2020-05-20,151.9574044252207,268.4971091136896,164.8269109488758,315.83402154203475,174.32194344514244,348.71402634410896,136.9222008057494,209.08673271883052,210.49109351161067,435.03820261356225,105.09408457033906
2020-05-21,150.6334659347015,261.89512982628764,163.3010920143821,307.58272125775824,172.61330362607688,339.0678214553724,136.40028809944977,206.8374757383135,208.1986973162295,421.6669543515039,105.09408457033906
2020-05-22,151.04942412262795,263.78879776454534,163.78021415047536,309.94574060492533,173.14953842696013,341.82595634570873,136.5650745706321,207.49178593765484,208.9173453298609,425.478103840079,105.09408457033906
2020-05-26,150.72320051222638,262.91078930462925,163.40438826500423,308.8496234793526,172.72884068925111,340.54598598859707,136.4360376413374,207.18963682851864,208.3533430913147,423.7078743143823,105.09408457033906
2020-05-27,151.3812714623602,265.8690893324012,164.16241427096307,312.54202884220587,173.57725463760957,344.85681945501904,136.69666808421655,208.20961233098902,209.49044437870617,429.66736060598737,105.09410542234
2020-05-28,151.22352533807637,264.5121251515306,163.98065197040285,310.8471413253328,173.3737569633701,342.8766721249,136.63439455764123,207.7447608239444,209.21754006973225,426.9260828453211,105.09416797835512
2020-05-29,152.99622312830888,273.24599231463816,166.02302748621926,321.752409589887,175.66013888578408,355.6131864569103,137.33517470758954,210.74585207524333,212.2831651405397,444.54674130377265,105.0942305344075
2020-06-01,153.36337817521257,275.93982522128175,166.44634276914584,325.12269814377646,176.13437054858997,359.5572714097469,137.47937787457246,211.65485479663872,212.9199418614789,450.025000151499,105.09425138643738
2020-06-02,154.1863544524138,280.338517950471,167.39534646009062,330.62931870026404,177.19768202240675,366.00533390948374,137.80215437691004,213.1309775762788,214.34814107844255,458.9921579673459,105.09427223847139
2020-06-03,154.74126831604087,283.38271402780214,168.03544631532807,334.4440042965459,177.91511644906012,370.47656525088075,138.01917751571196,214.14359428639312,215.31240297015052,465.22233469613275,105.09433479458583
2020-06-04,153.87308995059414,278.7764107376626,167.03374748456866,328.66792579869053,176.79212432297447,363.7017823397957,137.68047255725426,212.62084558120353,213.80233246049465,455.76965276280094,105.0944390548386
2020-06-05,156.31381319727856,291.99687151500524,169.84881015299288,345.2285427453499,179.94690729838752,383.10563266292655,138.63596492251875,217.03229675358898,218.04144605989006,482.78713639770547,105.09450161105234
2020-06-08,157.2842308800262,297.19429102979274,170.96915144285924,351.75750794571303,181.20367099385737,390.7771102472465,139.01255497582133,218.7224678497119,219.73345277552863,493.5288204128551,105.09456416730329
2020-06-09,158.19587847500458,302.4974687396844,172.02203993980652,358.426589743483,182.38521461193565,398.6217607870317,139.36517556713014,220.43016412714002,221.32539457787672,504.5368981915805,105.09471013197576
2020-06-10,159.71483602903893,311.23157921965867,173.7769614564249,369.42232219502057,184.35528460319003,411.5698837255935,139.9507872087182,223.2149270211062,223.98166318522317,522.7462009340622,105.09493950535102
2020-06-11,153.38388859976456,274.57242643950593,166.45806706819863,323.1894215982082,176.13412173866078,357.0323559653079,137.52385701276287,211.71239437789367,212.88355462028238,445.7798866287118,105.09508547054477
2020-06-12,154.35921206374775,279.33616890327363,167.5826646220794,329.1470770624131,177.39407492487877,364.00098888643384,137.90654689103468,213.31955910301903,214.5755613359209,455.44740224234647,105.09523143594126
2020-06-15,155.86173866691252,287.21666658644074,169.315850109177,339.0131544195235,179.33664337787653,375.5535922317162,138.49391378373116,215.9525832562601,217.18634589177174,471.50836818179835,105.09533569708356
2020-06-16,158.00305717088713,299.36101575990574,171.78737499097923,354.2434740560873,182.10841242453623,393.4179337617657,139.32648821634785,219.94765561820225,220.91603811441578,496.42907509694555,105.09552336732588
2020-06-17,158.40388295569326,301.69301494496256,172.25039137269263,357.1754431818654,182.62810471267787,396.8656476835015,139.48122996827513,220.69742912190176,221.6164925074489,501.26283290376284,105.09566933333055
2020-06-18,158.74723723589753,303.5550341587796,172.6470797069228,359.51764160903474,183.07341820756406,399.62117090093017,139.6136117139784,221.29353014960736,222.2168819871916,505.12983914921665,105.09581529953793
2020-06-19,158.72647328719057,303.21839341524645,172.62307559367915,359.0939974381163,183.04645649792346,399.12254663146587,139.6057003075062,221.18628535533645,222.1804947459951,504.42948135142893,105.09591956125945
2020-06-22,160.24682456700145,311.8449153219326,174.37986934653006,369.9486702446162,185.0189038813888,411.89687165765065,140.19077388357775,223.93942425087192,224.84063859452905,522.3680936567289,105.09598211835443
2020-06-23,161.33794279011917,318.36018250061386,175.64141781672092,378.16093153810283,186.43614574432493,421.57814065748465,140.60847074787617,225.98647538213393,226.754253497052,536.0100323559691,105.09608638024146
2020-06-24,158.6771046954807,303.3545713338209,172.56362526556384,359.22262773361973,182.97701102947138,399.2235580282138,139.59400383391954,221.3264992003611,222.079565663746,504.42948135142893,105.09619064223192
2020-06-25,159.88554632704592,309.78965194873587,173.95995378707448,367.31909110276314,184.54468840583775,408.7508785762536,140.05916116759093,223.3806417934872,224.193654508438,517.8050262870933,105.09625319948823
2020-06-26,156.86501950332917,291.9744884693664,170.46812408003072,344.87532233110045,180.62248513243327,382.30640297518914,138.9016271928452,217.76063469343975,218.89931994479116,480.5829428377967,105.09635746164419
2020-06-29,158.23372559025364,299.440275978967,172.0484826308252,354.24493371937416,182.39547939118683,393.30391482145325,139.4318790262187,220.19671994492768,221.28678234698646,495.94355097946067,105.09637831409606
2020-06-30,160.715011835799,313.21674566146316,174.9150178152439,371.5614371324221,185.6131663971973,413.66065858287857,140.38846722122776,224.6289167595849,225.62430945937172,524.4648703764859,105.09639916655209
2020-07-01,162.2157428649113,322.1712096793012,176.65041840510108,382.84778180319614,187.56302263753116,426.9648869129805,140.96207525594414,227.4386023157478,228.25780806332,543.2069606461192,105.09650342885284
2020-07-02,163.09647671749477,327.6511273030613,177.66946575842758,389.76676184975105,188.70866660268376,435.1350631078192,141.2969269010936,229.13113105137916,229.8069248891719,554.7564192992081,105.09652428133371
2020-07-06,166.30421753478822,346.9113309580786,181.382219706136,414.11025303154594,192.88407127335947,463.91074661023686,142.51275198134195,235.02381636944608,235.45664507757297,595.5189617998981,105.09654513381868
2020-07-07,165.387726609702,341.4549025493367,180.32015417020034,407.1897786522535,191.68821494937626,455.701963934927,142.1691969012161,233.4066348275254,233.83462863638687,583.8105262233848,105.09660769128604
2020-07-08,167.1305015021489,351.9593148098151,182.33903080928505,420.499339236188,193.96060681952702,471.4733874567614,142.82466736225896,236.54815941841701,236.91463738425713,606.2606458150478,105.09667024879062
2020-07-09,168.2567671720583,358.99355421337407,183.64457463235144,429.4286549181668,195.43104551985064,482.0740485589708,143.2457969228651,238.61658043458672,238.91026435403106,621.4064202764088,105.09673280633243
2020-07-10,169.17576820413697,365.0760282340791,184.71031275235728,437.159261483506,196.63189766087012,491.262871581702,143.58809416816288,240.3853541946898,240.54139324713398,634.5671315317702,105.09673280633243
2020-07-13,166.39174146974,347.028881093273,181.48066374486208,414.1980993900813,192.99155942596207,463.9421788412684,142.5543055824653,235.1864561133747,235.59333185632468,595.3556882028678,105.09673280633243
2020-07-14,167.33395241045216,352.9154776367494,182.5725434110028,421.6631953161329,194.2209942846892,472.7956681441312,142.90748414662664,236.93185842877637,237.26091055709463,607.9793152574716,105.09675365885877
2020-07-15,167.60646761027144,354.31221694715094,182.88845221435673,423.43630435129757,194.57682031822756,474.90072293641805,143.00935354240755,237.34218547209184,237.74387050868376,610.9869867817135,105.09681621645024
2020-07-16,166.6916997544573,348.23266833473934,181.8278806249929,415.71654585048117,193.38208275621028,465.7333826764453,142.6679554301277,235.56060305605314,236.12185406749768,597.8821322832309,105.09692047916472
2020-07-17,166.8460915726924,349.5340049321815,182.0068174479297,417.3671631094275,193.58358461768063,467.6913706668565,142.7257670051515,235.94572729029855,236.39522762500098,600.6749701271698,105.09692047916472
2020-07-20,170.6329614639113,373.33632057563193,186.395972678653,447.5650805261075,198.5265252718611,503.52094562996115,144.14301153450648,242.97515471636498,243.101992235748,651.8053860392822,105.09692047916472
2020-07-21,169.2104871168998,363.78757354970276,184.74497304060048,435.4023445704788,196.6646414491225,489.0326863835882,143.61729315148273,240.25629957377416,240.56873060288436,630.9665190498919,105.09692047916472
2020-07-22,169.68735303513833,367.1566651399485,185.2981582723755,439.6866917812676,197.2881577555351,494.1278175389636,143.79436674587976,241.22975887405607,241.41618863114456,638.2708641801936,105.09692047916472
2020-07-23,166.14155155398282,344.14702737632103,181.1841516783389,410.4094186246212,192.65028870898897,459.2900600739294,142.4797932500185,234.61571143948126,235.11037190473562,588.2704734264748,105.09692047916472
2020-07-24,164.8794398488326,336.00290396437856,179.72174326056384,400.09020552129823,191.00386459130624,447.06249754174115,142.0062595780217,232.1866669297162,232.8778211851255,570.8689453219324,105.09692047916472
2020-07-27,167.23301707754032,350.4421547751763,182.44752772166086,418.35809972272887,194.071167221932,468.6758627409303,142.89310411662922,236.55199576210055,237.03309925917532,601.5343048483818,105.09692047916472
2020-07-28,165.53059885048614,339.9048598127364,180.47414574701492,404.99245491823,191.84858530914508,452.8218973782982,142.25669914538855,233.44015425785014,234.0168776747225,578.9252083332949,105.09692047916472
2020-07-29,167.05692749064013,349.1621953347778,182.24227374319688,416.71183127904453,193.83871276237338,466.6961172639045,142.83057843480339,236.2216746578358,236.71416344208816,598.6340501642914,105.09692047916472
2020-07-30,167.75661543424343,353.69923634273823,183.05326834783614,422.4650417083056,194.75205373485346,473.5184390441407,143.0922997857483,237.56457347292815,237.95345690276974,608.3574225348049,105.09692047916472
2020-07-31,170.15157833524623,368.9615527421478,185.8299466150815,441.8339903126887,197.87995980985053,496.5050924828649,143.98604443764796,242.04940429661704,242.1998594959873,641.1711188642842,105.09692047916472
2020-08-03,171.99015515521245,379.965248465543,187.96343576853317,455.8345539909802,200.28543085897059,513.1635079396178,144.66672642280886,245.2076036106443,245.47122973410987,665.0735141347952,105.09692047916472
2020-08-04,172.5009285018758,383.9164078831344,188.55653444105246,460.87091504116097,200.95458553924774,519.1667929499356,144.85468898219702,246.32316292055606,246.38247492578748,673.7184214301876,105.09692047916472
2020-08-05,172.84289350548926,386.3648543619808,188.95369009740344,463.9938445515643,201.4027533589096,522.8916822488429,144.98032114643377,247.0104485313835,246.99300920421146,679.0892634377625,105.09692047916472
2020-08-06,174.6743075993751,398.19659049049704,191.08094405546362,479.09089197710307,203.80353659485363,540.9058879422623,145.65240295244922,250.31981028250786,250.264379442334,705.0841387544247,105.09692047916472
2020-08-07,173.06138142666902,387.78572728610686,189.20624407091137,465.7821790848287,201.68639601116186,524.9961350517632,145.06399142799634,247.4565391070613,247.3757321847161,682.0410782051256,105.09692047916472
2020-08-10,172.4697839685191,383.60926887144416,188.51903238397017,460.45216756137404,200.9107648274743,518.6351412913605,144.84703935034585,246.29055311497928,246.31868776237008,672.8590867089757,105.09692047916472
2020-08-11,169.85635407271405,366.1935060491681,185.4838696858272,438.24123109170444,197.48582011834407,492.14600048299087,143.88678669777727,241.39863452662368,241.65311238098082,634.6745483719216,105.09692047916472
2020-08-12,173.27410551632812,388.1086427905155,189.44933142715905,466.1073008555631,201.95622766829092,525.2804705350738,145.1534396769468,247.71906142900679,247.73111780947036,682.1527917188831,105.09692047916472
2020-08-13,173.37342709277834,388.97274836279377,189.6322055023268,467.65807499959965,202.20228131238906,527.4091646542292,145.26930187223076,248.32633301437727,248.29608982831047,686.9306927688217,105.09692047916472
2020-08-14,173.30216379332742,388.57933542512205,189.52085364941877,466.9823657559724,202.0598017248525,526.4947138617842,145.20959047392742,248.07517199452786,248.0044913669736,684.945629562822,105.09692047916472
2020-08-17,174.00642670174676,393.0685964142035,190.62109963988792,474.68958288571696,203.4674493735529,536.9220260044854,145.79969117595624,250.9411869635851,250.8840261726748,707.554726077909,105.09692047916472
2020-08-18,174.59262080593783,397.11039422387813,191.5384792600494,481.66255450254135,204.64249384727063,546.3865910998904,146.29086222624574,253.5215343866028,253.29882593062047,728.3420329840266,105.09692047916472
2020-08-19,174.1815301475305,394.3939691849591,190.89420657555775,476.9556941347026,203.81647349220847,539.9793700266491,145.94641005756898,251.78732582915896,251.59479742218335,714.1071533271503,105.09692047916472
2020-08-20,175.02720324120222,400.0732898013872,192.21822832706874,486.7674361217456,205.51285254358507,553.3092578686789,146.6549981150922,255.41309362041602,255.0848665063085,743.4878074453876,105.09692047916472
2020-08-21,175.4517503458383,402.99618912388826,192.8842937058322,491.8478345870299,206.3674124705694,560.2391335240435,147.0107254173469,257.27911861466544,256.85268217816304,759.0073925104759,105.09692047916472
2020-08-24,175.83518341148218,405.6111587348888,193.48647974358414,496.40713732768234,207.14054897877858,566.4710604834252,147.33200333573865,258.9485564279237,258.4564737155156,773.0789985703219,105.09692047916472
2020-08-25,176.3190509877353,408.92503064451944,194.2471095250392,502.2009680259629,208.11771660749773,574.4049611221258,147.73743516101646,261.06418448377497,260.4885504929567,791.1250277157734,105.09692047916472
2020-08-26,177.63592349126435,418.0872832863249,196.31964042845823,518.2754902530422,210.78234559645543,596.4677269933975,148.8408404085809,266.91351097327174,266.04714616218996,841.769919510401,105.09692047916472
2020-08-27,177.44213995368398,416.7622475856406,196.0136894886208,515.9289756962288,210.38815748611265,593.2270870703107,148.67846950958744,266.0675872985438,265.21791303776337,834.1476205332507,105.09692047916472
2020-08-28,177.75794489611997,419.0163161346363,196.51205791405144,519.9152816411975,211.03005641704436,598.7273433659692,148.94308193771303,267.50662018578623,266.5665559214462,847.0376413514302,105.09692047916472
2020-08-31,178.25774289863958,422.41009791172746,197.30138436962525,525.9310003632276,212.0472251845145,607.0404868708305,149.36186184026582,269.673263960455,268.70798212188856,866.6390663422753,105.09692047916472
2020-09-01,179.32409754620198,430.08813966417597,198.987492239306,539.5877361807901,214.22177350572306,625.955952711104,150.2553585992398,274.5750468260724,273.3006578879437,911.6467223657525,105.09692047916472
2020-09-02,179.91841654113708,434.3364192593599,199.9296176026689,547.201855102083,215.43887774036477,636.5553850047318,150.7533374817673,277.28721547524447,275.888594232308,937.3752039188387,105.09692047916472
2020-09-03,176.72575009620624,410.99265091384433,194.86137934431088,505.1878349708625,208.88519804691535,577.9059111167393,148.07820765741536,262.3841858507313,261.90098054005693,793.4323414422272,105.09692047916472
2020-09-04,175.90148904751638,405.0630789360435,193.56302667236363,494.7755958534527,207.21504674698906,563.6127058159608,147.38756071623456,258.5986536462522,258.41091145593174,760.7260619528995,105.09692047916472
2020-09-08,172.94240147610378,385.0244105224254,188.9113163021959,459.808752345312,201.23929157279878,515.8146556729127,144.908146235676,245.80565190875365,245.99063949336616,653.2018049612514,105.09692047916472
2020-09-09,174.72051459074328,396.60287523273865,191.68602780113352,479.56215449342744,204.78623192954407,542.4059572314706,146.39802421262405,253.19752626383502,253.21681386336948,709.3249556036054,105.09692047916472
2020-09-10,173.5013441654106,388.5737372663385,189.77523790258326,465.6926825990392,202.3365794359,523.5815755941401,145.37648337143978,248.07159804172989,248.16851550147558,668.2960193393396,105.09692047916472
2020-09-11,173.07991823030952,385.5999382708841,189.1167316243357,460.6012553802265,201.49406757175842,516.7123824506164,145.0233712918694,246.17307789405552,246.44626208920494,653.68303240513,105.09692047916472
2020-09-14,174.33253002102833,393.88092074982575,190.93145206808111,473.6999228836713,203.7529057525375,533.8711003659755,145.90734625054802,250.61201519784598,250.73822694200643,687.3603601294274,105.09692047916472
2020-09-15,175.36413687524674,400.87093752750195,192.42661686799278,484.8247274485968,205.6156053979093,548.5081289404727,146.63115613436833,254.34045149208492,254.29208318954898,716.5777406506343,105.09692047916472
2020-09-16,174.1966293650443,392.830659939501,190.73126500496306,471.9562538568367,203.50076202589844,531.5118921049108,145.81277289893768,250.06390228462513,250.23704208658373,682.1527917188826,105.09692047916472
2020-09-17,173.0604754451579,385.2761180611198,189.08501755368167,459.94522240327757,201.4502293302072,515.7205523645981,145.01550448734395,246.03241471451994,246.32780021428684,650.7312176377669,105.09692047916472
2020-09-18,172.1383387837221,379.0629205777951,187.75171006964604,450.12943863331935,199.7919091067053,502.8718064140552,144.36773065755528,242.7062254168773,243.18400430299914,625.5956770423168,105.09692047916472
2020-09-21,172.41524252668358,380.93789569533374,188.1513886946133,453.0758774252662,200.28842408043715,506.7145793784195,144.56241584652355,243.7126394525603,244.12098305888966,633.00743901277,105.09692047916472
2020-09-22,173.75260306595987,389.6281020431705,190.08271687674204,466.75387911767115,202.68853841879255,524.5729793429714,145.50244172355627,248.37349376552544,248.65644448389315,667.595661541552,105.09692047916472
2020-09-23,171.53758896580604,374.56564384230353,186.8759779126382,442.87525383996604,198.69665728046823,493.24338778895213,143.94745379673967,240.32411446266707,241.06388129354528,605.7794183711686,105.09692047916472
2020-09-24,171.82019831249326,376.52701149404294,187.31578065086575,446.16921944269137,199.25754298250584,497.6352113735866,144.1820441164682,241.55430365187257,242.18633955365675,614.6391593468641,105.09692047916472
2020-09-25,173.25825937165794,386.0263892254795,189.5367632311215,462.11575335884396,202.08336767267224,518.9086383316594,145.35526512807195,247.47918070841584,247.81688220803738,657.7133122476141,105.09692047916472
2020-09-28,174.75560263086822,395.56996422386817,191.70763433725554,477.2424318809185,204.78692679084665,538.7419017120146,146.41186880078814,252.61428276770118,252.9637639861097,696.7056252226075,105.09692047916472
2020-09-29,174.42659620906812,393.8385070415809,191.23000776812077,474.47801649920933,204.19129381925535,535.0987904247669,146.18078946240308,251.68732934033895,251.82305437217525,689.4012800923058,105.09692047916472
2020-09-30,174.92536651674587,397.09221571088784,191.95364304574954,479.66544813253876,205.0933391054679,541.9284285390773,146.5312101626364,253.4304739008217,253.54780730844416,703.0432187915459,105.09692047916472
2020-10-01,176.387068352583,406.9262359060905,193.89518015208515,494.02143970171386,207.4294876183802,560.1816844322315,147.3452431416388,257.58456528371363,257.572230826405,735.9686286347826,105.09692047916472
2020-10-02,173.75722934092187,389.1412682869229,190.40431125054099,467.94866277102705,203.22813103798424,526.921632760919,145.89449936594136,250.1501058083192,250.32644335869318,675.2781139491868,105.09692047916472
2020-10-05,175.72119087922354,402.148777517262,193.00309999802388,486.83680166534236,206.34867672692013,550.8487021171088,146.98348258730317,255.67189367868454,255.66496435190658,717.8667427324522,105.09692047916472
2020-10-06,174.05906510884256,390.6993015486537,190.79860999233546,470.09946460853723,203.69713747714528,529.5433942429161,146.06536046234675,250.86489480980424,251.10212589616867,679.3040971180649,105.09692047916472
2020-10-07,175.65492282601286,401.58589911393125,192.91101326854073,485.9171668216223,206.2342461759448,549.5884706434343,146.94973642734993,255.48106275402108,255.44594810603115,715.0180481316346,105.09692047916472
2020-10-08,176.15047402834105,404.7207219063138,193.56820083017573,490.49754025961397,207.0246437870392,555.4165946123421,147.2235085320472,256.7980617065217,256.80567396584104,725.5491951400872,105.09692047916472
2020-10-09,177.57702934020128,414.2630070331262,195.4611672801407,504.46244206969277,209.3022753465597,573.2064503550691,148.01086996320007,260.79641222640345,260.72971503777563,757.8258072688091,105.09692047916472
2020-10-12,181.93856454044743,445.1167976012005,200.56952408962704,544.4017972339811,215.09857048471713,621.2700793365885,149.61007739582894,269.30972388278053,268.77856207369734,828.5060880884938,105.09692047916472
2020-10-13,181.93362273989632,445.1629655563517,200.56373574563912,544.4617922459934,215.09199768352758,621.3425729281097,149.60829952847797,269.3219446014839,268.76943639678586,828.6135049286454,105.09692047916472
2020-10-14,180.71793154896832,436.3691214620635,199.1397958724756,533.0341645743621,213.4750831009141,607.5341726218858,149.1709345077866,266.9943382490478,266.5245198765629,808.1527452165884,105.09692047916472
2020-10-15,179.74770037500141,429.15291141466224,198.00384127436718,523.6684883638363,212.1857245903683,596.2315718348153,148.82055697894893,265.0626578893795,264.7358872019136,791.4472782362277,105.09692047916472
2020-10-16,178.95956154398792,423.88751738753336,197.0813931823909,516.8418925023614,211.13905871002072,588.0018282333494,148.5350739042892,263.6398527700086,263.2849045729889,779.3091752991085,105.09692047916472
2020-10-19,176.6223128250605,407.0362503696363,194.3465993880486,495.01114636559953,208.03684918566537,561.7044089083021,147.6863682464915,259.05451797990173,258.9867107476838,740.5832560876909,105.09692047916472
2020-10-20,176.92601856381538,409.1389474683537,194.7016688446473,497.72813325957355,208.4392883336672,564.9688135125851,147.79747127545775,259.63999904579254,259.5433770392838,745.3654538112354,105.09692047916472
2020-10-21,176.81653233173057,408.28989128683696,194.573652206435,496.630678231634,208.29417747578574,563.6498201736453,147.75745719266104,259.404268826166,259.34261214723136,743.4319506885083,105.09692047916472
2020-10-22,176.81155491430331,408.4560153056008,194.56783259264228,496.8453753836742,208.28758101708806,563.9078237324244,147.75563745551273,259.45044510982353,259.3334864703199,743.8100579658418,105.09692047916472
2020-10-23,177.09029225191188,410.36624729275036,194.89373268523886,499.31420436766183,208.65698400404216,566.8747138322753,147.85754506667917,259.98129690984956,259.8445243773625,748.1582916551745,105.09692047916472
2020-10-26,174.96575604929714,395.4000459040475,192.40947756554695,479.9659044042452,205.84084019029092,543.616328588568,147.0814928748475,255.8330928196578,255.94786033616236,714.0512965702712,105.09692047916472
2020-10-27,176.05870718345895,402.8727872386611,193.6865134071281,489.6038076071875,207.28738454802996,555.174476551013,147.48345374156614,257.94842225483313,257.9463835797756,730.9200371476621,105.09692047916472
2020-10-28,170.56753912809427,365.0506363077133,187.26798382712184,440.7664660191083,200.0140657906983,496.5390208959538,145.47098759467156,247.3537086014637,247.88988762332923,645.145541949889,105.09692047916472
2020-10-29,172.95362603976693,379.9064831814706,190.05142693086952,459.82466200536106,203.1618353800638,519.2716784879815,146.3613038841582,251.7576424622982,252.22458415628023,677.9635349529744,105.09692047916472
2020-10-30,169.44436761930666,358.7668596211662,185.95424024767695,432.6388854210674,198.52437375188325,486.7653661938588,145.0620620191132,245.6287603919994,245.8274846413357,630.8075421264673,105.09692047916472
2020-11-02,169.542957344531,358.7310377718216,186.13386121978087,432.63897910207766,198.7653179158969,486.7938869083596,145.1751477456854,245.65745358157196,246.37502525602426,631.0180791331641,105.09692047916472
2020-11-03,171.8518038626505,373.0890980934796,188.8389336352822,451.0650168966597,201.83083960425722,508.7629710954011,146.0540601799039,249.98274564807815,250.63671637368344,662.7619037347345,105.09692047916472
2020-11-04,177.98878726802056,413.4335140169755,196.00401838828887,502.8899748347541,209.9393467376757,570.6555944510266,148.33593883357935,261.8093199519151,261.82479626715286,752.3475484210828,105.09692047916472
2020-11-05,181.7010486148256,438.95636332090413,200.3475182625098,535.8756512423618,214.8653224172896,610.2879676834652,149.68947648603591,268.8804143889031,268.6508025969367,810.4042021861636,105.09692047916472
2020-11-06,181.80967793156938,440.14421630925574,200.47478136898448,537.4164088064018,215.00983593282555,612.1458948092253,149.7286289358115,269.19874512360207,268.8515674889892,813.1454799468297,105.09692047916472
2020-11-09,178.83762875157396,418.6544801998897,196.9927900711158,509.5374888938161,211.0557159400077,578.522346188132,148.65779555891405,263.44848923370955,263.35790998828077,763.5188997968382,105.09692047916472
2020-11-10,176.27457239994533,400.58519262903394,193.9930852443113,486.17116632701106,207.65281824338322,550.4319446146089,147.7256902154723,258.4738790299996,258.6399350250478,722.3266899355425,105.09692047916472
2020-11-11,179.4291297043435,422.1260023306423,197.68170544183297,513.9481618750707,211.83342293217277,583.7303384136046,148.882289279011,264.55469485961214,264.4256141869234,770.8791016840189,105.09692047916472
2020-11-12,178.75540354090364,417.18508609327733,196.89305258605316,507.55650220612944,210.9385992516476,576.0438111023053,148.63771456305014,263.19994561679096,263.18452212696275,759.6003334681118,105.09692047916472
2020-11-13,180.00991441734882,425.9390161981012,198.36121662761457,518.8723640045566,212.60401946834665,589.6420396974206,149.09409007014304,265.61617495214614,265.49331838556617,779.5240089794114,105.09692047916472
2020-11-16,181.13354554711168,433.7804730761593,199.6767838344443,529.0217276631548,214.0969903265387,601.85413816325,149.50125074302218,267.7555252933275,267.56484704447115,797.4626212847114,105.09692047916472
2020-11-17,180.67391608637823,430.5794723438042,199.13843288757823,524.8739236863477,213.48580621704585,596.8577111369465,149.33527987973142,266.8910904293417,266.7161590917039,790.1067160711369,105.09692047916472
2020-11-18,179.60571022536865,422.5939146538988,197.88747260160434,514.5311775246967,212.06583014257387,584.4046746129801,148.94900187792118,264.7255611317524,264.74501287882515,771.7899964885037,105.09692047916472
2020-11-19,180.7299871195442,430.969331974249,199.20360744144025,525.3660511725028,213.55923089050148,597.434824769278,149.35691605527458,267.02095465416136,266.81654153773013,790.91019403547,105.09692047916472
2020-11-20,179.7409728935668,423.9698702609786,198.04536771009592,516.3001867517671,212.24448085423734,586.5188799307799,148.99933400028215,265.1236298808901,264.99140615543496,774.8535247696243,105.09692047916472
2020-11-23,179.70269762347465,423.90492214780056,198.0141198776361,516.2627989489534,212.21702970068876,586.5031038484741,149.00112991483894,265.14266830322464,265.00053183234644,775.0125016930486,105.09692047916472
2020-11-24,180.58639007915951,429.97119840722667,199.4051760591519,526.8170280334955,214.00602824990628,600.8913296809313,149.73384665273758,268.9369829951592,268.7238080122286,806.7004695377401,105.09692047916472
2020-11-25,180.97488968222652,432.8070617094247,200.01801160889733,531.7807527876432,214.7952785867127,607.6853223022185,150.0559724783039,270.7107495253478,270.37555553320567,821.90210075598,105.09692047916472
2020-11-27,181.55853186898017,436.94478030181483,200.93952026910435,539.0435043280313,215.98278589846186,617.6446165884125,150.53990147014616,273.29879625694866,272.8668653300386,844.3522203476429,105.09692047916472
2020-11-30,181.6881688261188,437.73234062191017,201.14448516553622,540.4314838163601,216.24715732295883,619.5530593438153,150.64739041353897,273.7913969176389,273.4235316216387,848.7004540369755,105.09692047916472
2020-12-01,182.5031641498699,443.75278081817663,202.43344254994926,551.0499604076335,217.91004181155134,634.1607419560214,151.3231466805298,277.5570422182648,276.92779155564534,882.0512345672121,105.09692047916472
2020-12-02,182.58525629350154,444.3769490093492,202.56352401471312,552.157230272107,218.07807367665353,635.689867362249,151.39121367295678,277.94744490299655,277.283692955193,885.5959902922115,105.09692047916472
2020-12-03,182.67569263074748,445.0093030651269,202.70685512435,553.2796970837627,218.2632444616085,637.2406012608562,151.4661992831519,278.3429676556264,277.6760970623865,889.1966027740896,105.09692047916472
2020-12-04,182.93624623467062,446.9194348066719,203.11988999413146,556.6723616674752,218.7969234871095,641.9296082074617,151.6822382291519,279.5377106281729,278.8076809994094,900.1015603862694,105.09692047916472
2020-12-07,183.2988015406902,449.57017087626684,203.69497085576054,561.3890683139645,219.5402830268438,648.4565217561228,151.98285224868502,281.19568438063374,280.3864231050947,915.3547516877818,105.09692047916472
2020-12-08,183.5159561827107,451.01043806626603,204.0397109203496,563.9583486376915,219.98615165697805,652.01783067967,152.16290679130017,282.09653800576064,281.3354935038882,923.7332652195986,105.09692047916472
2020-12-09,182.0617102423482,440.43732418151916,201.72987735094412,545.0712474497583,216.99772516523512,625.8143492896746,150.95711360536765,275.4833012132465,274.96577101967796,861.8611652923366,105.09692047916472
2020-12-10,182.3176032903308,442.32938573179734,202.13493053801827,548.4163264455639,217.52057654245448,630.4230644509539,151.16928823485847,276.6667417014883,276.0699779259666,872.439575710456,105.09692047916472
2020-12-11,182.17627882262096,441.2428957976248,201.91109343061964,546.4919401732543,217.23152698616045,627.7684881391806,151.05210855056956,275.98716752062836,275.45855757289775,866.3168158218207,105.09692047916472
2020-12-14,182.63888646786702,444.5364881506337,202.64355209322207,552.3193805768377,218.17716961150353,635.8014339514514,151.43568132248944,278.0472329248121,277.457080816511,884.7925123278781,105.09692047916472
2020-12-15,183.32219041918006,449.3720434909636,203.72661936118507,560.9022239316798,219.5764772050519,647.6575830658065,152.00224522034608,281.07176030979,280.42292581274063,912.2912234066613,105.09692047916472
2020-12-16,183.6750657995469,452.0113436526752,204.28683607295633,565.6084399304284,220.30103885003194,654.178540942072,152.29483309514785,282.72258116788174,281.9651652107801,927.6002714650525,105.09692047916472
2020-12-17,184.09534630805967,455.25400914812684,204.95461296606817,571.4050042292596,221.1651881771283,662.2236570495038,152.64331017132838,284.7507930072789,283.8085519468982,946.6130521718675,105.09692047916472
2020-12-18,183.90059592563094,453.51823609939885,204.64487448345062,568.2926776526384,220.76410404165597,657.8952603314196,152.4818322001182,283.6651073413122,282.9507383172195,936.3010355173237,105.09692047916472
2020-12-21,183.7804700943547,452.92603364207827,204.4539084615237,567.2325712181175,220.5168946678204,656.4225565092995,152.38222944051122,283.2946984795464,282.4226627713831,932.8078398755972,105.09692047916472
2020-12-22,183.9553744650906,454.1768480293197,204.73187894434716,569.4704095287959,220.8766658542524,659.5302078385499,152.5272520206469,284.07705378343127,283.1906125212471,940.1680417627776,105.09692047916472
2020-12-23,183.63112461211432,451.78093765982493,204.21634799917481,565.1788148552026,220.20924411083945,653.5658530000763,152.2583991035392,282.57846757885375,281.7644201286426,925.9976122099923,105.09692047916472
2020-12-24,183.91473400638873,453.8353163697247,204.6669226800296,568.850288691107,220.79227702191818,658.6606298025899,152.49355483998727,283.8634336747611,283.0077673427081,938.0284099539241,105.09692047916472
2020-12-28,184.56350933115607,458.60030343149776,205.69832337579405,577.3825349170261,222.12747259817164,670.5158151499871,153.03148920452165,286.84382224299844,285.8601521279168,966.1675865342845,105.09692047916472
2020-12-29,184.62135512850298,459.0735634772648,205.79042317518196,578.2337339205259,222.2468195835768,671.7020146468637,153.07945225282035,287.13983539307037,286.11613537787144,969.0163075715083,105.09692047916472
2020-12-30,184.62341984841268,459.0464902995938,205.7937109823007,578.1850189623416,222.25108045051667,671.6341072932047,153.08116422266596,287.12290175018944,286.12527763679844,968.8530324592692,105.09692047916472
2020-12-31,184.78239997957272,460.3026808420169,206.04686808594704,580.4453270697505,222.57916301168274,674.7848634729168,153.21298316300528,287.90861971408515,286.8292315741737,976.4281383244663,105.09692047916472
2021-01-04,183.86920717289098,453.25726471540406,204.59218008693387,567.7534334274642,220.69347608848182,657.0792212994678,152.45580610431261,283.5018758111083,282.7792108695342,933.7273997604683,105.09692047916472
2021-01-05,184.39975344492163,457.236551972837,205.43552504704138,574.8741261770892,221.7851350015961,666.968428067534,152.89571042990215,285.99082742798265,285.11048689590683,957.1487849398153,105.09692047916472
2021-01-06,183.50572270289408,450.6179388114772,204.01264063063144,562.9863456110405,219.94178519743994,650.4177976815557,152.15442166516797,281.85103885185964,281.16103103946386,917.5631636487998,105.09692047916472
2021-01-07,185.0595007542641,462.00999499110003,206.4803749843608,583.3189711812823,223.13428090245839,678.6061222778694,153.4427422544119,288.9765050003095,287.96287168111576,983.839969077424,105.09692047916472
2021-01-08,185.89232138515862,468.2775724425297,207.80783310660138,594.6236024057258,224.85571179519118,694.3876600052619,154.133278438124,292.89672890535246,291.66548654653104,1021.973301212208,105.09692047916472
2021-01-11,184.95216760477763,461.0339868022918,206.30641613857102,581.4836332897095,222.90620579630234,675.974198373203,153.35374659234174,288.36603458124665,287.45090518120645,976.8062491107038,105.09692047916472
2021-01-12,184.84922685886184,460.33271577573123,206.1423788507565,580.220083355932,222.69352256451396,674.2115475854084,153.26839290729097,287.92740586647756,286.9937922348589,972.5610961924881,105.09692047916472
2021-01-13,185.28614749574157,463.46464589410823,206.83845084865982,585.8595098343197,223.5958739938656,682.0751150058877,153.63066720500126,289.88635530334244,288.93195112737266,991.4666355043809,105.09692047916472
2021-01-14,184.93936621411984,460.9950772901685,206.28542436161035,581.3998685384411,222.8784767775963,675.8446581157061,153.34313227381608,288.3416975864921,287.3869093687178,976.3722810492264,105.09692047916472
2021-01-15,184.4266426332208,457.0727940245347,205.46841989738192,574.3331213234048,221.81921021387515,665.9870225420157,152.9180056958723,285.88840064051175,285.1104868959069,952.637235785841,105.09692047916472
2021-01-19,185.36840954271034,464.00826597997866,206.96729970007078,586.7827520671153,223.76099961900528,683.3106813099016,153.69887507338362,290.22637702184625,289.27021470766977,993.9372457553668,105.09692047916472
2021-01-20,186.87755597607847,475.32890426431675,209.3744286242396,607.2342205142833,226.8839368659871,711.8896539314226,154.95018919806054,297.30717293805526,295.998917277906,1063.2217506199743,105.09692047916472
2021-01-21,187.40078081004185,479.4636606451167,210.21187460462193,614.780170112511,227.97291249031838,722.5054260995654,155.38402292727588,299.89336687521086,298.36676233998645,1089.6465385218244,105.09692047916472
2021-01-22,187.2118641018469,477.94170383589227,209.9091427101981,611.9923262811648,227.5789404268163,718.5738113991814,155.22738196777388,298.9414182934501,297.50739000085304,1079.7640975178804,105.09692047916472
2021-01-25,187.7535025077589,482.5846611955794,210.7767224439121,620.4854549636383,228.70767378631754,730.5405101684038,155.67648337556278,301.8454801215793,299.966657652203,1109.7336740407104,105.09692047916472
2021-01-26,187.84963669574861,482.76450350954747,210.93089760890717,620.8157879422753,228.90842295595712,731.007218847826,155.7561933789369,301.9579673056339,300.4054860806966,1110.9152702477043,105.09692047916472
2021-01-27,186.01681787823568,469.1386131039743,207.99087048985666,595.7838614704199,225.0796981238991,695.6372698716655,154.2365051474847,293.43528981032205,292.0311769036092,1021.3287941902116,105.09692047916472
2021-01-28,186.4020356881673,471.5563447028484,208.60618956637705,600.1701540979892,225.8787476110246,701.7829924914824,154.55590986261808,294.94752468629036,293.759063840803,1036.3672913701266,105.09692047916472
2021-01-29,185.02948739849282,461.27526291302206,206.41183838769427,581.4770434733576,223.02749589836966,675.553416714904,153.41785657388738,288.5169471761576,287.5788968061839,971.8091713334923,105.09692047916472
2021-02-01,186.6476719096616,473.1423810121716,208.99067398301364,602.847787029773,226.371206702848,705.3473609250563,154.75958000800097,295.9395535048025,294.7647123227677,1043.2420329380875,105.09692047916472
2021-02-02,187.71341958035725,481.156376242454,210.69542391346255,617.4348164729358,228.58703552349874,725.8279988761337,155.64324847396068,300.95212110689687,299.57354051834415,1093.7284163278011,105.09692047916472
2021-02-03,187.45277014826172,479.2212599974012,210.27747949957165,613.8873860306193,228.0429135517326,720.8237634095158,155.42713007169124,299.74175090857364,298.3850468578405,1081.1605293988725,105.09692047916472
2021-02-04,188.22870216759594,485.153795416743,211.5209243657834,624.7440134239077,229.66111132054755,736.1211261382065,156.07049686109886,303.4524138159962,301.9139588036437,1119.4012793706556,105.09692047916472
2021-02-05,188.45213255534333,486.92988382429985,211.87960810380676,628.0113149047256,230.1284449773045,740.7408672042691,156.2557549605706,304.56331580113005,302.9378918034623,1131.1098236035893,105.09692047916472
2021-02-08,188.89403051223465,490.263943142793,212.58936898319845,634.1542555918279,231.05351465593125,749.435603309345,156.62215622084457,306.64869235091754,304.9674732852455,1153.237898025464,105.09692047916472
2021-02-09,188.88015706734123,490.18402865876726,212.56706360543478,634.0065855434877,231.02442344058397,749.2261857599851,156.61065300474223,306.5987077000592,304.90347747275683,1152.700808840467,105.09692047916472
2021-02-10,188.7295105446585,488.9689606164298,212.32486551791104,631.7614778880361,230.70854944253622,746.0424457478096,156.48574390546705,305.838710903412,304.2086657943086,1144.5370532285133,105.09692047916472
2021-02-11,189.0927900382839,491.73160082563754,212.90871901738174,636.860632003322,231.4698356552722,753.2683096991163,156.78695838772535,307.5666780921859,305.88169917794073,1163.0129211924088,105.09692047916472
2021-02-12,189.46269030452834,494.656465986178,213.50370273512115,642.2722121404149,232.24606004287813,760.9491835691434,157.09366250711312,309.39611321448535,307.5913015972807,1182.7778032002968,105.09692047916472
2021-02-16,189.28333566977727,493.2099181517619,213.2149698335177,639.5890297084417,231.86916496550137,757.1344169781875,156.94494997476505,308.4913311923705,306.7593560349281,1172.8953621963528,105.09692047916472
2021-02-17,188.96545655059649,490.8068805434027,212.70344199565633,635.1372698167078,231.20162722527166,750.8105174609778,156.68137937420843,306.98828706567076,305.2874523476889,1156.5678509724455,105.09692047916472
2021-02-18,188.6762901136266,488.4934739131828,212.23845378658015,630.8605490902555,230.59511500579654,744.743784385924,156.44161599607463,305.5413050308809,303.952682544354,1140.9922646075338,105.09692047916472
2021-02-19,188.38828452746043,486.2400206819885,211.77563645269956,626.7031174920331,229.99169890793797,738.854264720285,156.20281514150727,304.1318224525987,302.6270549999459,1125.953767427619,105.09692047916472
2021-02-22,186.6792336591263,473.05652384189864,209.03103648779688,602.4289841489912,226.41488401464431,704.5125553354612,154.78574954465526,295.8858518419301,294.7829968406217,1038.7304837841134,105.09692047916472
2021-02-23,186.48470375430847,471.58403145641347,208.71986263370266,599.7501375803865,226.01042125198325,700.753212227363,154.6244543832392,294.9648421066207,293.90533998363435,1029.4925498021657,105.09692047916472
2021-02-24,187.02272964311064,475.5622836416443,209.580114649348,606.9779277400833,227.12824061801115,710.8872267531051,155.07056045963728,297.4531463099095,296.3280385992765,1054.306070149025,105.09692047916472
2021-02-25,184.74069806399578,458.1799128564746,205.92686549694363,575.2839707388819,222.37727812953395,666.3436053111122,153.1784058716082,286.58087771707403,285.99728601182136,944.202787224649,105.09692047916472
2021-02-26,185.01146368769662,460.5880939684165,206.35803289425368,579.6035090857268,222.9360114371125,672.3475203896833,153.40291215007295,288.08713898562115,287.194921931252,958.3819417085685,105.09692047916472
2021-03-01,186.95940223785595,474.6452715056951,209.46187737577574,604.8742740525893,226.95984534826178,707.524815000522,155.01805231667498,296.87957654959615,295.8343566172211,1041.9530188940948,105.09692047916472
2021-03-02,185.90988972459826,466.681506769865,207.78211727258923,590.375998927102,224.775745226458,687.1743589814349,154.14784528916104,291.8984269533645,291.0895242341333,992.0037246893779,105.09692047916472
2021-03-03,184.02159643512167,452.5142993607766,204.76718830965152,564.7727950754178,220.86193639625864,651.4130165963263,152.582160202273,283.03716826398977,282.6420769856303,905.9620372528656,105.09692047916472
2021-03-04,182.96744244596843,444.68355926216316,203.09148321706704,550.8108401580328,218.69303731843792,632.0884331540215,151.70810467853698,278.13922248403605,278.0160939685928,861.1687992241194,105.09692047916472
2021-03-05,183.9319173234459,451.65306022527795,204.62084690193092,563.1434515847967,220.66925720186794,649.0713255703089,152.50780244834854,282.498483218116,282.2032485571366,899.7318027069008,105.09692047916472
2021-03-08,182.10916322505136,438.14013557240605,201.7240181441188,539.0740442701649,216.92042480337568,615.7808478404849,150.99645941449634,274.0464631734097,274.21291425498106,822.8206314153366,105.09692047916472
2021-03-09,184.62307597537918,456.19768659071,205.70213899269675,570.8132601925988,222.05378872700828,659.2874529124522,153.08087909911902,285.3410412966271,285.0282065655645,919.7115203887876,105.09692047916472
2021-03-10,184.43861278723944,454.8363398385034,205.40853328383523,568.379870330764,221.67345475266748,655.9147840923675,152.92793079158662,284.4895505695623,284.2145455210659,911.870018287832,105.09692047916472
2021-03-11,185.92537026165024,465.8817528974866,207.77395579141412,588.0980788137902,224.7367240579218,683.2207429447933,154.1606810314339,291.3981995093568,290.7604029127631,975.1391242804734,105.09692047916472
2021-03-12,185.39747877206946,461.82235141542105,206.93120518466358,580.777624649221,223.6428602394032,673.015330657581,153.72297792814064,288.8591383085207,288.40170010960964,950.8626931186111,105.09692047916472
2021-03-15,186.0906770419346,466.98994110223725,208.03650880710754,590.0614061548544,225.07634107185126,685.9251818940991,154.29774573536258,292.0913454537375,291.4826413679923,981.2619409894388,105.09692047916472
2021-03-16,186.44817332424236,469.673791338457,208.60744612544718,594.9059168786215,225.81758298172625,692.6830654595581,154.5941650474189,293.77003134714977,293.0825366802088,997.3746165393475,105.09692047916472
2021-03-17,186.7168708601953,471.74521209831806,209.03692056066708,598.6541124776951,226.3754703287895,697.9201522872653,154.81695656358306,295.0656568488909,294.2893148585664,1009.9425034682763,105.09692047916472
2021-03-18,184.7151314338563,456.5898577785673,205.83545420973795,571.1791869794899,222.2150562795037,659.4833245001619,153.15720720943295,285.5863352522937,285.27504755659237,917.2409101378017,105.09692047916472
2021-03-19,184.94303595123236,458.62978084616907,206.19825865729396,574.8247269362041,222.68506633316497,664.5342917588936,153.34617504937535,286.8622596801979,286.2806960385569,928.9494543707355,105.09692047916472
2021-03-22,186.1553406821159,467.18666280032375,208.1291630508276,590.1458531571565,225.18741669687984,685.7889385096463,154.3513618222597,292.21439029992507,291.6423383469283,978.4690772274546,105.09692047916472
2021-03-23,185.8710916841502,465.05049807251237,207.67516045103375,586.2910196668885,224.59796154630328,680.4134494099,154.11567575613958,290.8782689522477,290.36999017737236,965.6863546245271,105.09692047916472
2021-03-24,184.77392372759456,456.8306399920093,205.92391193515672,571.4870083805276,222.32521879186277,659.7966948360114,153.20595504857582,285.7369389259394,285.4728227621748,916.9186566268033,105.09692047916472
2021-03-25,184.66194671286246,455.9689983209841,205.74563426746667,569.9471535078997,222.09424636460597,657.6633315771697,153.11310890914535,285.19800210345727,284.97852922867827,911.9774361248315,105.09692047916472
2021-03-26,185.63143231303644,463.01798901940924,207.28874304597994,582.5343256260072,224.09311598306113,675.0925718133138,153.91696133747544,289.60698181795425,289.2532529350282,952.2591249996033,105.09692047916472
2021-03-29,185.6129279139293,462.9265867091122,207.25922407940692,582.3700463463608,224.05482158982352,674.8641140901959,153.90161834924086,289.54981179898283,289.17087067944544,951.7220358146062,105.09692047916472
2021-03-30,185.28595632586905,460.62240358565026,206.7376480509712,578.229040373469,223.37821021380918,669.105679888704,153.6305086958226,288.1085988531211,287.7154508308166,938.1873883526829,105.09692047916472
2021-03-31,186.27834913407276,467.8581940335495,208.3194883524556,591.2050985270297,225.42920765169748,687.1241886945002,154.45335471704118,292.634417465744,292.1183247125175,980.2951804564442,105.09692047916472
2021-04-01,187.38972686963908,476.18387568060723,210.0950312607333,606.2346386166934,227.73485404587896,708.0857681523732,155.374857513335,297.8419376713584,297.0978743832977,1030.1370568241618,105.09692047916472
2021-04-05,188.6991513406017,486.19416445403897,212.19229194805735,624.4406423624293,230.46287300182183,733.6034367106067,156.4605714636084,304.1031404486833,303.0293967852565,1092.009730935811,105.09692047916472
2021-04-06,188.65326618221803,485.7924301454207,212.11858068518458,623.7035493358359,230.3668032949067,732.5642974730863,156.42252562158208,303.8518649834296,302.8188643543228,1089.4317028478256,105.09692047916472
2021-04-07,188.81293885778484,487.0497808939237,212.37505681200304,626.0096904421359,230.70105172481288,735.8146813605136,156.55491878757582,304.63830862924056,303.551151070614,1097.4880406227799,105.09692047916472
2021-04-08,189.50244030207887,492.3721953048864,213.4829780721344,635.7824755674682,232.14528121453216,749.5990534866175,157.1266213587469,307.9673550380156,306.71829111857346,1131.7543306255857,105.09692047916472
2021-04-09,189.9042592224401,495.4962538903204,214.12964520459,641.5453102691287,232.98911836541944,757.7524372688468,157.45979094354874,309.92138101412525,308.5764686611624,1152.2711374924695,105.09692047916472
2021-04-12,189.81750636455908,494.81723879456314,213.98990291885238,640.2893718412689,232.80665825670576,755.9723159470257,157.38785950335023,309.49667286637595,308.1737109672022,1147.7595883384952,105.09692047916472
2021-04-13,190.59302535943374,500.7494885175003,215.23887122382624,651.2554883641471,234.43721072698614,771.5091919958762,158.0308838320604,313.20715707734297,311.77106946098274,1187.0745166802726,105.09692047916472
2021-04-14,189.79198626430153,494.5960381020921,213.9465532800425,639.822716240118,232.74810645474884,755.2566049090389,157.36669942159187,309.35831697860954,308.0272536239439,1145.3963959245084,105.09692047916472
2021-04-15,190.79872810104277,502.2424937788368,215.5677939886816,653.9536596589071,234.8645642294109,775.2730652435878,158.20144299078015,314.14099713934513,312.69558144030043,1195.9901971512218,105.09692047916472
2021-04-16,190.87692201203527,502.9845351855785,215.6940009463167,655.3339282956939,235.0295696315216,777.236663271239,158.26627774977052,314.6051267785532,313.06172479844605,1201.0388354901932,105.09692047916472
2021-04-19,190.2655198072337,498.1823172148192,214.70700901192595,646.3956916384099,233.73900639720682,764.5155909719243,157.75933144037936,311.6014511427773,310.1966530209567,1168.276395205379,105.09692047916472
2021-04-20,189.78014285411354,494.366706050421,213.92453983071215,639.3231385577764,232.71681208806893,754.4776334148454,157.35687941597482,309.214875114808,307.93571778440764,1142.7109499995238,105.09692047916472
2021-04-21,190.34878939849966,498.74202334452195,214.84024191256532,647.4063273278479,233.91218277053434,765.9245867926566,157.82837471769386,311.95153430751895,310.5719499630559,1171.60634815236,105.09692047916472
2021-04-22,189.5456879453948,492.3882868318493,213.54533697958408,635.6239714119611,232.22035425652302,749.1974173992385,157.16248029578816,307.9774199138241,306.8281341260171,1128.9614668636016,105.09692047916472
2021-04-23,190.38088776966492,498.8816280835043,214.8895513621226,647.5986190180093,233.97447698020298,766.1345540666085,157.85498919613687,312.0388538243908,310.6909465544533,1171.4989303153607,105.09692047916472
2021-04-26,190.81474439770642,502.3398575978187,215.58913581281837,654.0116623752389,234.88853671880335,775.2388121086985,158.2147229600377,314.20189594332754,312.7138886082077,1194.701183107229,105.09692047916472
2021-04-27,190.52541957963422,500.0318584319091,215.12215117885324,649.719012550262,234.27799016081278,769.132813192971,157.97482825965042,312.75829615168,311.359158183069,1179.018178905318,105.09692047916472
2021-04-28,190.29997056778413,498.23008547263584,214.75850209189798,646.3745223708626,233.8027533146833,764.381792353459,157.78789641083517,311.63132907689874,310.3064960284003,1166.8799633243868,105.09692047916472
2021-04-29,190.53966994074125,499.97983027248694,215.14494069448222,649.6174029258852,234.3076017377699,768.983704276493,157.98664399716978,312.72575374819434,311.42323327074445,1178.5885075573206,105.09692047916472
2021-04-30,190.10255215698734,496.6943266484761,214.43984808124856,643.5190988335261,233.38612865821798,760.321073411694,157.62420623442864,310.6707476558462,309.38198404908263,1156.460433135446,105.09692047916472
2021-05-03,189.74820851410175,493.8523825168073,213.8688375091218,638.2590504685484,232.64037576922462,752.8633448818525,157.3304009445452,308.89317770827046,307.7343389374275,1137.5548938235531,105.09692047916472
2021-05-04,188.55307531106595,484.7447932528288,211.94446964135327,621.4437270426064,230.12844928704993,729.0617728453609,156.33945200495728,303.1965924763133,302.19642064547514,1077.6157407778928,105.09692047916472
2021-05-05,188.3311910505754,482.7660951583608,211.58816873673416,617.8198775577587,229.66420518689495,723.9600846023643,156.1554758823913,301.95896284494324,301.18037282662107,1065.0478538489642,105.09692047916472
2021-05-06,188.8280195277109,486.4641370068003,212.38557119010787,624.5806901361768,230.7028349085559,733.4668524304254,156.5674229786011,304.27200200057337,303.4504616471238,1088.3575244778317,105.09692047916472
2021-05-07,189.36429771052696,490.63163474586355,213.24726040989214,632.2245911998253,231.82604197785219,744.2386514475637,157.01207993837414,306.8786748957224,305.912775730653,1114.997148053681,105.09692047916472
2021-05-10,187.69050317002157,477.7277391499463,210.55455113721192,608.4704880622596,228.31327394501,710.6833827695812,155.62424725094758,298.8075883594476,298.18715087378075,1031.2112351941557,105.09692047916472
2021-05-11,187.59975766950194,476.8917156064338,210.40912268066143,606.949311842104,228.1240408164333,708.5513326212723,155.5490052969261,298.28467507981856,297.77523959586694,1026.055179018185,105.09692047916472
2021-05-12,185.9002818284518,464.1880831696608,207.68611260877438,583.8519421965215,224.58131955300883,676.1947485248111,154.13987886795056,290.33884849124445,290.0679219069019,947.9624115196277,105.09692047916472
2021-05-13,186.40332544506293,467.6122921457906,208.4889637178209,590.0047162049381,225.6231149386092,684.7458345231531,154.55697926912848,292.4806115549023,292.3105499755438,967.9421292015146,105.09692047916472
2021-05-14,187.84364048713627,478.2556481683299,210.79034656088882,609.1891998191925,228.6117345170846,711.4639163585033,155.75122160127157,299.1377831706953,298.7638266628601,1030.8889816831577,105.09692047916472
2021-05-17,187.44480583271186,475.4300677524557,210.15098125222354,604.0475591830192,227.77962954877583,704.2580923853817,155.4205264311693,297.37044834671076,296.95141704003936,1013.4872920892562,105.09692047916472
2021-05-18,187.00192046027954,471.93803768406724,209.44164638439827,597.7093812965202,226.85702410126467,695.3904865162369,155.0533064517929,295.18626476743924,294.94678215419225,992.2185603633769,105.09692047916472
2021-05-19,187.07707640559516,472.54603407341875,209.56189560723084,598.8094202141385,227.01332184612997,696.9262628424174,155.11562227075362,295.56655236630604,295.2854647604768,995.8707668213561,105.09692047916472
2021-05-20,188.34362631374427,482.1080700988932,211.58871948365157,616.1194110044944,229.64805285760556,721.1018087522569,156.16578662500928,301.5473834766414,300.99730114754834,1053.4467274530296,105.09692047916472
2021-05-21,187.9787724684082,479.32072151373904,211.00317152656092,611.030630307914,228.88542270305604,713.95476115251,155.86326676343904,299.80396177345744,299.33134886798587,1036.0450378591286,105.09692047916472
2021-05-24,189.08534149382544,487.7218794164759,212.77760876608886,626.3301530885633,231.1952049571769,735.4067144736088,156.78078240063553,305.05869062133746,304.3658200424878,1087.9278531298346,105.09692047916472
2021-05-25,189.17689585303418,488.5477512798243,212.92478885094704,627.8452684865362,231.3871085888517,737.5414851495098,156.85669502271153,305.5752542611633,304.78688490435525,1093.1913271428048,105.09692047916472
2021-05-26,189.40756474127136,490.2783345984484,213.2956822573607,631.0224357585278,231.870772064774,742.0202179570405,157.04795495057058,306.6576938716688,305.84870064297746,1104.2553643537422,105.09692047916472
2021-05-27,189.15956004377543,488.2752519084548,212.8967064054143,627.3394254330889,231.3503067397551,736.823189193139,156.84232097489982,305.4048122430102,304.7045026487725,1091.3652239138153,105.09692047916472
2021-05-28,189.3683924708245,489.94048197524893,213.23247536378628,630.395852751882,231.78815429216448,741.130994059091,157.0154751234166,306.44637491468546,305.6656289639047,1101.9995897767549,105.09692047916472
2021-06-01,189.14807797235198,488.2689821342183,212.87807766418786,627.3234487517267,231.32586905047137,736.7964722106123,156.8328005746026,305.40089064506725,304.6495811450506,1091.2578060768158,105.09692047916472
2021-06-02,189.277370646286,489.1605452426532,213.08595391934344,628.9598373127977,231.59693776307785,739.1028141553209,156.9400040543536,305.9585426306432,305.24456410203726,1096.9509514377835,105.09692047916472
2021-06-03,188.58802117961756,483.77891703485716,211.97729607890784,619.0745989766536,230.15097613407752,725.1632134888192,156.36842749597048,302.59245936932774,302.06827047012416,1062.469825760979,105.09692047916472
2021-06-04,189.70811972965407,492.45817786064185,213.7758913183652,634.9410847557033,232.4943315274427,747.4657763786481,157.29716118655264,308.02113512659065,307.1942774841626,1116.9306691196703,105.09692047916472
2021-06-07,189.90596788789418,493.9831974150862,214.09438936860118,637.7500181947073,232.90999481384458,751.4338578227818,157.46120768957798,308.9749993842437,308.1096358795267,1126.8131101236143,105.09692047916472
2021-06-08,189.93756246365686,494.18097905752126,214.14527335894428,638.1147941822352,232.97642190683962,751.9496179539851,157.48740444427375,309.09870720096563,308.25609322278484,1128.102124167607,105.09692047916472
2021-06-09,189.95335487293642,494.37861380443053,214.1707093101688,638.4793617660378,233.00962914122474,752.4651423540297,157.50049877651168,309.2223231379533,308.329321894414,1129.3911382115998,105.09692047916472
2021-06-10,190.64613986421242,499.67787857290676,215.28657914403456,648.2563426719092,234.4664581371024,766.2920650763807,158.07492391232378,312.5368899838395,311.54222986214177,1163.9796817254037,105.09692047916472
2021-06-11,190.8206257539368,501.06587268005364,215.56806152311222,650.8287884761628,234.8343297065022,769.9410749100778,158.2195995074426,313.4050480115724,312.3568988340158,1173.2176157073513,105.09692047916472
2021-06-14,191.46062753032697,505.9792726950723,216.60092338159976,659.945873683712,236.1845376389959,782.883867562842,158.75025925318246,316.4782654298144,315.35012078685605,1206.087473829165,105.09692047916472
2021-06-15,191.02297624537115,502.698609081588,215.8936114347642,653.8330868237988,235.25902277494941,774.1820589885774,158.38737913602506,314.4262866514665,313.290564397287,1183.7445637332921,105.09692047916472
2021-06-16,190.77879769074204,500.81462972087394,215.49936873288053,650.3325285549599,234.7434957864576,769.2081851431699,158.18491762030018,313.24790138479625,312.14636640308197,1171.0692589673638,105.09692047916472
2021-06-17,191.6266475130356,507.35847892319816,216.8675284153141,662.4718304776286,236.53189965160294,786.4381098186387,158.88791531143406,317.34092684363543,316.1098682550081,1214.788318626116,105.09692047916472
2021-06-18,191.10033178023284,503.11890192627163,216.01661192431177,654.563642564066,235.4182120717295,775.1724829912783,158.45151875246927,314.68917004933684,313.62924700357166,1185.7855026362804,105.09692047916472
2021-06-21,191.51550440411108,506.34115995382734,216.68704646021718,660.5524937189688,236.29499186203162,783.6832996357699,158.79576060796543,316.70461749226536,315.5760220852479,1207.4839057101574,105.09692047916472
2021-06-22,192.14033791903162,511.29151076593695,217.6969857957052,669.7782513485283,237.61658599121697,796.8178902995346,159.31384353584048,319.8009467745712,318.51770820121277,1241.2131065279661,105.09692047916472
2021-06-23,192.17323014248643,511.60125032243735,217.75022469374767,670.3578950104484,237.68631839554155,797.6453948156399,159.34111623972856,319.9946816622754,318.6734984316533,1243.3614632679544,105.09692047916472
2021-06-24,192.58908783985288,514.8962717661988,218.42337558678784,676.5257667874343,238.5680557588885,806.4522269069952,159.68592612634038,322.0556409294826,320.6437866401655,1266.2414625488245,105.09692047916472
2021-06-25,192.50624849685966,514.3306196861705,218.28915904515713,675.4640322535382,238.39214173337822,804.9334587158402,159.61723959090924,321.7018387111218,320.24972899846296,1262.267002579847,105.09692047916472
2021-06-28,193.32566429448767,520.7033997241508,219.61653403219702,687.4201652387084,240.13168262910338,822.030845431479,160.2966611095136,325.68786438692297,324.14448475947563,1306.9528227715937,105.09692047916472
2021-06-29,193.57052561478937,522.7554855313977,220.0139064044246,691.290328904267,240.6530734075918,827.5844687975074,160.4996887428207,326.9713963255564,325.3174935533806,1321.6690664405103,105.09692047916472
2021-06-30,193.463649863302,521.952488239741,219.84036942086664,689.773355653258,240.42529394150841,825.4051989024292,160.41107233392583,326.4691401982357,324.80430220604717,1315.868503242543,105.09692047916472
2021-07-01,193.49039624155247,522.0419658091535,219.88378794034708,689.9422797403569,240.48227479722345,825.6477669608822,160.4332491884369,326.5251063365553,324.9326000428805,1316.5130102645396,105.09692047916472
2021-07-02,194.26775210766095,528.2437698416121,221.1457771341835,701.651482921329,242.13852804779407,842.4625256613912,161.07779656545392,330.4041904979949,328.66240144225026,1361.1988304562865,105.09692047916472
2021-07-06,194.5616129584261,530.7240811031002,221.6236601848164,706.357951990798,242.76642463234808,849.2437107637793,161.3214523334574,331.95556749725546,330.0828417786195,1379.4598627461828,105.09692047916472
2021-07-07,194.70529653944428,531.9101721424757,221.85747286942794,708.6131050846794,243.07376656197505,852.4973153868583,161.44058808492383,332.6974398525874,330.77931575000065,1388.2681253801334,105.09692047916472
2021-07-08,194.2937155967664,528.6834809094231,221.18750571212726,702.4722301412035,242.19292299177678,843.6319765453238,161.0993242846501,330.67921954274186,328.78153514788124,1364.2065298922696,105.09692047916472
2021-07-09,194.71829477849246,531.8160346053627,221.87800382065808,708.4183533490916,243.10020980087717,852.2011517401543,161.4513656209914,332.6385590128672,330.8343005372149,1387.301364847139,105.09692047916472
2021-07-12,194.98447432607617,534.1508367085083,222.31129927699874,712.8613952864727,243.66989700480937,858.6149304431466,161.672069338157,334.09892341828953,332.1264430367509,1404.7030544410404,105.09692047916472
2021-07-13,194.98447432607617,534.0507625668905,222.31129927699874,712.6706011529939,243.66989700480937,858.3391651523411,161.672069338157,334.0363293705435,332.1264430367509,1403.9511295820444,105.09692047916472
2021-07-14,195.10687090438086,535.0661536495062,222.51065685181538,714.6063170168753,243.932110072057,861.1368123164949,161.7735548957268,334.6714328735931,332.7221115649058,1411.5777960090013,105.09692047916472
2021-07-15,194.62725848175668,531.189865861101,221.7292618384955,707.2106500878522,242.90416469400247,850.442228360171,161.37588255225464,332.2469050287133,330.38525810829816,1382.3601443451669,105.09692047916472
2021-07-16,194.07553026094132,526.6246627245529,220.8313235208315,698.5278244826085,241.72373615593554,837.9125954052338,160.91841513860658,329.3914766585077,327.70933179720254,1348.4161078533593,105.09692047916472
2021-07-19,193.51897417513985,522.2050093972182,219.92663143761558,690.1530584836735,240.53539631208173,825.8575476293887,160.45694468356004,326.6270863083146,325.02424135490435,1316.0833389165425,105.09692047916472
2021-07-20,194.30577418856234,528.2317632601603,221.20401283655406,701.531683835755,242.21189418244987,842.1967469066791,161.10932270886158,330.3966806605833,328.7998634102861,1359.4801450642965,105.09692047916472
2021-07-21,194.8308151542409,532.4535270760394,222.05790385296652,709.5414284876407,243.33387686906661,853.7356941185642,161.5446622901382,333.0372957244912,331.33832775334605,1390.5238999571204,105.09692047916472
2021-07-22,195.28157291747942,536.369291910156,222.7918323713432,716.9958614172907,244.29897472123568,864.4988973074517,161.91840969030886,335.4865155431833,333.5285551107155,1419.7415516209546,105.09692047916472
2021-07-23,196.0797082100052,542.6046813103221,224.0926501863978,728.9032981715537,246.01064496588228,881.7273916367839,162.580186402534,339.3866065708909,337.42331087172806,1466.897982063688,105.09692047916472
2021-07-26,196.1337606010517,543.3973704866651,224.18089960051248,730.4245155117623,246.12690203330234,883.9355841378074,162.62500413452707,339.8824152118611,337.6890706765972,1473.0207987726533,105.09692047916472
2021-07-27,195.3774142312341,537.1839447087676,222.94589396619662,718.4931298576652,244.4998154546893,866.6088223047846,161.9978768559709,335.9960619189843,333.9684334084299,1424.8976077969257,105.09692047916472
2021-07-28,195.64011195911954,539.2391339431416,223.37413018653072,722.4200617773544,245.06338004866328,872.2925740982646,162.2156936099687,337.2815349790965,335.25141177676346,1440.4731941618375,105.09692047916472
2021-07-29,195.76177536964,540.1680246212986,223.57257370486056,724.1978292671869,245.32463450625005,874.8684716325146,162.31657125886647,337.86253449125286,335.8470803049184,1447.5627714037971,105.09692047916472
2021-07-30,195.40468426825763,537.3341065936402,222.98997217711508,718.7701073351607,244.5574929674371,867.0001087086604,162.02048790401338,336.0899846850395,334.09673124526324,1425.8643683299206,105.09692047916472
2021-08-02,195.41031212898346,537.2774343208337,222.9991469572195,718.6618098954536,244.56956756181793,866.8433511178137,162.0251542647205,336.0545374966593,334.1242236388704,1425.4346969819228,105.09692047916472
2021-08-03,195.824875695719,540.5508993219521,223.67499461873277,724.9169296424714,245.45903340544655,875.8971935040179,162.3688911183238,338.10201371042,336.14949663459697,1450.2482173287822,105.09692047916472
2021-08-04,195.92390656849113,541.4897867072643,223.8365874694565,726.7156643393843,245.67183014660117,878.5052275147476,162.45100291817235,338.6892659303674,336.63519558832326,1457.4452124077418,105.09692047916472
2021-08-05,196.3588604145373,545.0516943917883,224.54647374484696,733.5446919929273,246.6067929019367,888.411720720066,162.81164644427835,340.9171563331007,338.7704381584785,1484.8367608425865,105.09692047916472
2021-08-06,196.0576851126328,542.5675551494617,224.05446020917103,728.768664916362,245.95837187047437,881.4705020383208,162.56192587313677,339.3633850208685,337.28584890369245,1465.5015501826963,105.09692047916472
2021-08-09,196.18446606374494,543.5836513917887,224.26143892529961,730.7183868447829,246.23102780234004,884.3004080699325,162.6670467489901,339.9989295849148,337.90900982545446,1473.3430522836518,105.09692047916472
2021-08-10,195.8325119935549,540.7401017426664,223.68669030223015,725.2577106526285,245.47376371878875,876.3703300448084,162.37522278179335,338.2203554235181,336.1769890282041,1451.3223956987767,105.09692047916472
2021-08-11,195.71480108717998,539.717534234745,223.49461389986072,723.298425149052,245.22082215656624,873.5293101013576,162.27762236574443,337.5807632333714,335.599648762454,1443.480893597821,105.09692047916472
2021-08-12,195.96170924944286,541.6855472707252,223.89740586396303,727.0661651222946,245.75115964365838,878.9896808446613,162.4823471453326,338.8117096092038,336.80931408116857,1458.5193907777357,105.09692047916472
2021-08-13,196.2024425548223,543.5845185514798,224.29033658195138,730.7073861584056,246.2686994297009,884.2721641232682,162.68195202040707,339.9994719731305,337.9914870062759,1473.1282166096528,105.09692047916472
2021-08-16,196.2322330672215,543.9174710056022,224.33898694507312,731.3467684417585,246.33280060410914,885.2006692394543,162.70665292955826,340.2077259883394,338.13811310551404,1475.7062446976383,105.09692047916472
2021-08-17,195.6272838420224,538.9149981229733,223.35099070195494,721.7377939401034,245.0309713418781,871.2441642927906,162.20505713112104,337.0787955633411,335.1597704647397,1436.9284055408582,105.09692047916472
2021-08-18,194.96829274560326,533.4299658291524,222.27616024332306,711.2438116629597,243.61597828286173,856.0428196007119,161.65865232324214,333.6480354515112,331.933996281501,1395.1428669480947,105.09692047916472
2021-08-19,195.2979856842485,536.0893121709629,222.8131184725628,716.3092607373994,244.32218953378532,863.3588615606502,161.9320183941623,335.3113947289585,333.53771924191796,1415.0151667929822,105.09692047916472
2021-08-20,196.00601868817853,541.8864671484741,223.96709893283528,727.3749962995389,245.84064428904804,879.3637377462655,162.51908647381694,338.9373803191157,336.9925967052163,1458.7342264517347,105.09692047916472
2021-08-23,197.0320747237882,550.3359855150933,225.6419949763055,743.5775689343407,248.04681220070566,902.8695578347703,163.36984447958778,344.2223575122359,342.03286886652677,1523.7220178363661,105.09692047916472
2021-08-24,197.24271105477658,552.2370403822234,225.98659733178735,747.2469682875592,248.5013952180014,908.2161241272004,163.5444943414621,345.411423110974,343.07757982359834,1538.7605150162813,105.09692047916472
2021-08-25,197.3220043422028,552.4529236231407,226.11638101751632,747.6642789853813,248.6726518891188,908.8247715821129,163.61024065232672,345.5464530564834,343.47163746530083,1540.4792004082715,105.09692047916472
2021-08-26,196.88345250224268,549.1765746130196,225.3984554747979,741.3299083071355,247.7252011236502,899.5850636331085,163.24661383678944,343.49717296217653,341.2905742391338,1514.3766660174194,105.09692047916472
2021-08-27,197.55326436605327,554.7937729432223,226.49391545119389,752.1622221893364,249.1699654672423,915.3587498105878,163.80199072237883,347.01059985543424,344.6079897343963,1558.6328148611685,105.09692047916472
2021-08-30,198.32920887054394,561.2306807085558,227.76479663830696,764.6291425502278,250.84770813441347,933.5649893140571,164.44536786389824,351.03673593301255,348.4752531018018,1610.3007944578756,105.09692047916472
2021-08-31,198.2726193813459,560.6803444397002,227.67195609899454,763.5580190765733,250.72500873475798,931.9956585335411,164.39844648796273,350.6925133982773,348.1911650345279,1605.7892453039012,105.09692047916472
2021-09-01,198.38768481778118,561.756772688106,227.86070900377462,765.6521978699468,250.97444695900265,935.0630333679682,164.49385340321632,351.3657942287362,348.76850530027804,1614.5975079378513,105.09692047916472
2021-09-02,198.35484435284997,561.4820795686026,227.80682423891486,765.1173466905418,250.90322608488532,934.2792003415271,164.46662361509186,351.1939800721544,348.6035509386352,1612.3417333608638,105.09692047916472
2021-09-03,198.5683730299333,563.2495697924276,228.15715807745258,768.5580809278244,251.36624938854354,939.3209468590261,164.64367167600244,352.29950409336743,349.67575428931383,1626.8431413557817,105.09692047916472
2021-09-07,198.66672830551224,564.0566028504994,228.31860272111143,770.131227214306,251.57969034250186,941.6281597492972,164.72522330203898,352.80428449870436,350.1706173742425,1633.5030472497444,105.09692047916472
2021-09-08,198.42470542721483,562.0313848248771,227.92125151122545,766.1810571792751,251.0542903453981,935.8323817685955,164.52454917299997,351.53755773250265,348.9517879243256,1616.7458646778393,105.09692047916472
2021-09-09,198.1857807792859,559.9271745707491,227.52919200248064,762.0831517176491,250.5360680852703,929.8260427825583,164.32644395267377,350.2214231648177,347.7512867368135,1599.4515929209374,105.09692047916472
2021-09-10,197.65933266210794,555.5180771081285,226.665771873133,753.5103560216984,249.39519706608206,917.2743279001342,163.8899376267342,347.4636352624621,345.1120169505272,1563.4666175261416,105.09692047916472
2021-09-13,197.61156984505953,555.0772503275996,226.58752616734282,752.6561532821341,249.2918867000545,916.0265071036778,163.85033491735783,347.18790836536266,344.8737495392653,1559.9218289051612,105.09692047916472
2021-09-14,197.4149192115544,553.404985508578,226.265403757491,749.4168605139113,248.86660731424573,911.295616865916,163.68728134621935,346.1419456198053,343.8931875006104,1546.4945992802375,105.09692047916472
2021-09-15,197.92863148733673,557.6966897964179,227.10652788007724,757.71942280133,249.97677813086366,923.410778432085,164.11322770403677,348.8263068220315,346.4499801060752,1580.760889283043,105.09692047916472
2021-09-16,197.97627467068642,558.081347407279,227.18462296968022,758.4660204930003,250.07992950604793,924.5026068871488,164.152731218707,349.0669012100611,346.6882475173371,1583.8760065560252,105.09692047916472
2021-09-17,197.1557127011809,551.1796089400211,225.83944690916871,745.0661969366471,248.3030405776235,904.90277542476,163.47235934762,344.75002434090857,342.58271673866966,1527.9113134793427,105.09692047916472
2021-09-20,195.73141575303396,539.3124298597427,223.50871168473336,722.1495447178772,245.2279605545586,871.5033127491413,162.29139847494122,337.327379869986,335.5115906257304,1433.920706104875,105.09692047916472
2021-09-21,195.8157135325831,539.5528155783484,223.64622729897752,722.6093747523443,245.40901483224445,872.1692303302367,162.3612942782221,337.4777355453344,335.92444328031496,1435.7468093338646,105.09692047916472
2021-09-22,196.4558648615425,545.0771162525888,224.69070373945615,733.1787397653685,246.78435089242683,887.4775425729025,162.89207802600586,340.9330571156905,339.0621234551577,1477.7471836006266,105.09692047916472
2021-09-23,197.0903050885963,550.3745510452741,225.72730749483614,743.3580767789024,248.1505894451392,902.263459034174,163.4181263933626,344.2464793542867,342.1906291265653,1518.7807973343943,105.09692047916472
2021-09-24,197.15503660871354,550.9195148839214,225.83321740639062,744.4095769935979,248.29030638380476,903.7949904732307,163.4717987631497,344.5873415588952,342.51173674679774,1523.07751081437,105.09692047916472
2021-09-27,196.60422980727012,546.2686180695052,224.93189285723702,735.4319313439819,247.10116254908948,890.7151729934994,163.01509534764605,341.67831378651357,339.7777347231044,1486.3406105605784,105.09692047916472
2021-09-28,194.65703306112977,530.3231172500883,221.74938139896264,704.7645739409697,242.90574710394662,846.1440097514167,161.4005702504808,331.70477393406196,330.16285512300135,1362.3804266632806,105.09692047916472
2021-09-29,194.5453352888033,529.0937945624629,221.56760445864333,702.4307324125048,242.66680350077104,842.7815830312817,161.30795564588269,330.93586118836595,329.6215594203238,1353.3573283553314,105.09692047916472
2021-09-30,194.29516844148802,527.0066478373454,221.16058314116756,698.4722768206889,242.13186665938653,837.0823219094257,161.1005289160107,329.6303994611605,328.41052496687576,1338.103995501418,105.09692047916472
2021-10-01,194.71691206054894,530.367864676928,221.84638112777694,704.8362973247547,243.03286019606745,846.2346549144883,161.45021913549817,331.7327624086751,330.44726472949293,1362.48784450028,105.09692047916472
2021-10-04,193.2864579839422,518.9526622914973,219.51815823738045,683.1644149566804,239.9721764994453,815.011238129564,160.26415305789106,324.59281884689904,323.5113401324721,1278.7019316407545,105.09692047916472
2021-10-05,194.19966551329745,525.9409109276974,220.99979063657779,696.3066067430615,241.91580004910898,833.8255096549341,161.0213423239408,328.96380581440224,327.87840376763336,1327.899300986476,105.09692047916472
2021-10-06,194.63519920826894,529.5742513089647,221.70784581671907,703.1784240883661,242.84588094134548,843.7002916168723,161.38246663384243,331.2363757073442,329.97936505429715,1354.1092532143275,105.09692047916472
2021-10-07,195.26022674763993,534.5881087493681,222.72493911223327,712.6891270319696,244.18275875785474,857.3938565593451,161.9007104377796,334.37242690841293,333.0069511879175,1390.7387356311199,105.09692047916472
2021-10-08,194.9194345233662,531.7122253961285,222.16961478819388,707.2119842081742,243.45216814152,849.4867872403381,161.61814135476354,332.57362876720873,331.3463660661439,1369.3625860682412,105.09692047916472
2021-10-11,194.39619166211244,527.5809031553465,221.31762421204576,699.362086517128,242.3318405763101,838.1718471341717,161.18429267815642,329.9895828047524,328.80502861458984,1338.9633381974133,105.09692047916472
2021-10-12,194.1588850021828,525.6995576964413,220.93166613527876,695.7993514594594,241.82471459502648,833.0480047954934,160.98752901832574,328.8128449823961,327.6582156851884,1325.3212728984906,105.09692047916472
2021-10-13,194.70307787860992,530.0093737331567,221.81628360342413,703.9484036790973,242.98664327914216,844.7557794779005,161.43874847441398,331.50853466224453,330.2821236676592,1356.3650277913148,105.09692047916472
2021-10-14,195.95810146810246,540.2490020472617,223.85884188160568,723.3770897234598,245.67164568737664,872.7336734335241,162.47935574062197,337.9131839875676,336.3648194452053,1431.2352601798905,105.09692047916472
2021-10-15,196.39023229492233,543.7542952195062,224.5640677561203,730.082063498666,246.60037738124436,882.4409032746264,162.837658550311,340.1056633297865,338.4841297387395,1457.7674659187403,105.09692047916472
2021-10-18,197.08143605877265,549.4618922539191,225.69315743381205,741.0297976318896,248.08824109905925,898.3197676604243,163.41077260578768,343.67563250975326,341.8878705132034,1501.4865255774923,105.09692047916472
2021-10-19,197.6034255325148,553.685649609956,226.54711517427003,749.1674477918905,249.21467422381332,910.1576916268751,163.84358203168844,346.3174944866579,344.47508048193345,1534.4638015363053,105.09692047916472
2021-10-20,197.51316802198448,553.0751806578136,226.39928966699196,747.9874500617317,249.01953449434947,908.4374075754976,163.76874469629962,345.9356603572799,344.025529813608,1529.6299988713326,105.09692047916472
2021-10-21,197.93534201571643,556.5416104242256,227.09059903460806,754.6846691546299,249.93199073306948,918.1980061259928,164.11879176247405,348.1038315431568,346.1264911002717,1557.0215473061774,105.09692047916472
2021-10-22,197.35324096880987,551.6097187471652,226.13653801870475,745.1307100797851,248.67196304368443,904.2492513175109,163.6361406122091,345.0190480204442,343.21817351130926,1517.5992011274009,105.09692047916472
2021-10-25,198.06041022707956,557.4038072424992,227.29412013660325,756.3118900441759,250.19949090007145,920.5318822302498,164.222492514082,348.64311559732937,346.7320083269957,1563.1443640151429,105.09692047916472
2021-10-26,198.27868387791324,559.2270907241334,227.65196418571625,759.8460577546626,250.67217747298872,925.6937432521015,164.40347488682855,349.7835370034889,347.823774235786,1577.7531898470602,105.09692047916472
2021-10-27,198.43976700366338,560.7728845615109,227.91617304898307,762.8465391918747,251.0212883342088,930.0802005322178,164.5370375326007,350.75039509188355,348.6311305380847,1590.2136589389893,105.09692047916472
2021-10-28,199.21107104541184,567.2162422799596,229.18170758880768,775.3682704147623,252.69388281331987,948.4003428231659,165.1765670179577,354.78056546510226,352.50277098774455,1642.418727720694,105.09692047916472
2021-10-29,199.55404674552256,570.1506310807669,229.74538650628054,781.0985918377097,253.43969214940415,956.8112706509501,165.4609465377182,356.6159574028582,354.23675213699977,1666.6951588825561,105.09692047916472
2021-11-01,199.79282318124405,572.1183783284064,230.13810349132146,784.9497159854013,253.95955497653208,962.4722190039894,165.6589288673663,357.84673753426597,355.4477865904479,1683.130087943463,105.09692047916472
2021-11-02,200.0852180157787,574.7892864511152,230.61925328309795,790.1847179204626,254.59669894431252,970.1749451679502,165.90136908280599,359.5173284367251,356.93405614695234,1705.5804158763356,105.09692047916472
2021-11-03,200.82862678750936,581.1750296259468,231.8433343987119,802.7257526172731,256.21831729666826,988.6521402440799,166.51776910596288,363.51146225308975,360.7231260656952,1759.7190057240282,105.09692047916472
2021-11-04,201.72964336427617,588.7616661834801,233.32928282611095,817.6953971920855,258.188926665164,1010.776415339519,167.26485020038004,368.2567269462178,365.34707579704246,1825.3513041306564,105.09692047916472
2021-11-05,201.79701828911027,589.5256392747143,233.44060963977418,819.2111628021337,258.33675217689034,1013.0248322464707,167.32071435857566,368.7345743439206,365.69570692758055,1832.1186278616178,105.09692047916472
2021-11-08,201.70133430402086,588.6788183224259,233.28248378778534,817.5300892386913,258.126764450585,1010.5302823546818,167.24137764253507,368.20490753626194,365.200283742079,1824.5993792716608,105.09692047916472
2021-11-09,201.215398566701,584.4333717638191,232.47959728125548,809.1074019893819,257.0606930021682,998.0369726116887,166.83846230022687,365.54947946766475,362.68646980083076,1787.0031363218736,105.09692047916472
2021-11-10,200.18035983103016,575.4697882818799,230.77122626511147,791.3796039594989,254.7938874375483,971.7962072942832,165.98025625680003,359.9429665026386,357.3560833049722,1708.6955331493173,105.09692047916472
2021-11-11,200.37462487176373,577.1031862161811,231.09115762036083,794.5885047236522,255.2177698515031,976.5247561372191,166.14133180522,360.9646189158903,358.34692967597505,1722.552434122239,105.09692047916472
2021-11-12,201.11258257134133,583.5144441747999,232.3069909210338,807.1990543901633,256.8290937984905,995.122327883559,166.75321205254278,364.97471163601165,362.11765058784755,1777.228113154929,105.09692047916472
2021-11-15,201.0965322892258,583.4527246053042,232.2805054520917,807.0770841492459,256.7939562989589,994.9418886581949,166.73990390412715,364.93610748095796,362.0350800569306,1776.691023969932,105.09692047916472
2021-11-16,201.5977320548335,587.6751726787779,233.10753494997618,815.4211096262422,257.8911272026868,1007.2854240604114,167.15547546969748,367.57715053207465,364.61311552222537,1813.4279242237237,105.09692047916472
2021-11-17,201.6350161203209,587.9188479665845,233.16912292030918,815.9041217750554,257.9728902796017,1008.001418912249,167.18638968500372,367.72956375643935,364.8057800943648,1815.5762809637117,105.09692047916472
2021-11-18,202.36624287193803,594.21300934036,234.37710117450493,828.3825986108649,259.5766651073842,1026.5011254645256,167.79268894292133,371.666415286538,368.5856755096725,1871.1113026923967,105.09692047916472
2021-11-19,202.7611529762606,597.7351686614687,235.03049844473628,835.3971478556609,260.44504354647404,1036.9317299313273,168.12013005836937,373.8694440125461,370.6407642791602,1902.799564607217,105.09692047916472
2021-11-22,201.93728992863433,590.4836564256468,233.6662406194116,820.9189427979842,258.630908660611,1015.3665470642899,167.43702108663535,369.3337917872839,366.33792216804545,1836.845012689591,105.09692047916472
2021-11-23,201.6151410338571,587.6676364150321,233.1337180074315,815.3261324566996,257.9236085046947,1007.0654802058344,167.16991018647963,367.57243677440357,364.6681625428367,1811.8166566687325,105.09692047916472
2021-11-24,201.84238160742848,589.5699695476734,233.50909684290687,819.0965384762419,258.42196145662086,1012.653986101801,167.35832751505848,368.762301898485,365.8424989825439,1828.5738392406377,105.09692047916472
2021-11-26,200.5030423012462,578.1875944967516,231.29557395679444,796.5055836025655,255.4823435983421,979.1387857393646,166.24780957292577,361.64289107084375,358.9065743855231,1727.7084902982092,105.09692047916472
2021-11-29,202.02603511872616,590.7568118814686,233.80541473247592,821.2416280572708,258.80909988231434,1015.6282030591965,167.51060447616183,369.5046441710004,366.6957278020187,1835.0189094606012,105.09692047916472
2021-11-30,200.98757408854922,581.8728087805878,232.0885369215729,803.5986099985564,256.5285183071298,989.4452925266629,166.64956082509153,363.94790688319796,361.3102942855488,1756.174217103048,105.09692047916472
2021-12-01,199.7907941859601,571.4215915625059,230.11429336185714,782.97902366946,253.90994981493878,958.9794071356345,165.65724651872105,357.41091362023076,355.1633769839563,1666.0506518605587,105.09692047916472
2021-12-02,200.29476120012265,575.1868582715769,230.94351799308203,790.3494258265033,255.00791751485144,969.8119791620795,166.07511255825798,359.76600036246083,357.72306344238064,1697.4166602643813,105.09692047916472
2021-12-03,199.07576330746048,565.0714027650794,228.93562251464715,770.4931594011697,252.34737480384018,940.574007584253,165.0643761265154,353.4390182398986,351.5027501133064,1612.1268976868646,105.09692047916472
2021-12-06,199.63407747673426,569.6968706375268,229.85284690469743,779.5031240516831,253.5606023359798,953.7726273868411,165.5273043027165,356.33214080058434,354.3193226679167,1649.8305584736506,105.09692047916472
2021-12-07,201.73819584123206,587.6772442322622,233.31373324532615,814.649026350387,258.1420261658619,1005.3765764302988,167.2719415170205,367.57844624059237,364.9892701630692,1798.6042627178076,105.09692047916472
2021-12-08,202.10823593221733,591.0716345116647,233.88436865968552,820.8908886949938,258.8811916028324,1014.3776665651188,167.53388862901585,369.3687007969063,366.62233177453703,1823.632618738666,105.09692047916472
2021-12-09,200.86663660189524,580.4169738159871,231.98296441938942,801.3087219793833,256.42421403151815,986.1287094415404,166.6710855390068,363.78694075747376,361.22772375463194,1744.8953442181119,105.09692047916472
2021-12-10,202.0125925165984,589.9098954824611,233.58673266180722,817.1538237833485,258.42154922693726,1008.0774704060808,167.30520863386224,367.72960826057357,365.15441122490296,1798.9265162288052,105.09692047916472
2021-12-13,200.4658138535137,576.4681079314904,231.426990001584,794.6695291634543,255.73351321327044,976.8726360680793,166.45924563701377,362.1962075749783,359.8790717496556,1721.5856735892437,105.09692047916472
2021-12-14,199.3661291080643,567.3748963281861,229.89397646255344,779.5327778149161,253.82773590784794,955.9393897879754,165.85623083037993,358.42328333122435,356.15422335495924,1670.347365340534,105.09692047916472
2021-12-15,201.77500811007712,587.2738832870607,233.2482255163502,812.54686824307,257.9941200737542,1001.4851373832241,167.1796199983271,366.7246431699216,364.27365889512254,1780.8803196129077,105.09692047916472
2021-12-16,199.02506452265473,563.524696059254,229.40957243786121,772.8678800936285,253.21747638785519,946.4665799835836,165.6749823656259,356.93108892880434,354.90649088777036,1644.9967558086776,105.09692047916472
2021-12-17,198.49879335498798,558.9610070945636,228.67705588353581,765.3097833375347,252.30787292081826,936.0538406995539,165.38568071484528,355.02220449735154,353.13581172477427,1619.8609819508204,105.09692047916472
2021-12-20,197.47968778112602,550.1010303355573,227.25934392585754,750.6613074845806,250.5481319929037,915.8976468565858,164.82495382196174,351.3060072175168,349.7150155484242,1571.4155374640945,105.09692047916472
2021-12-21,199.0539858248446,563.2936982816136,229.83851281090853,776.2065296029615,253.95484818543116,953.1981657912039,166.1160515978347,359.5261211193937,357.5417825569417,1676.4701820494995,105.09692047916472
2021-12-22,200.32188271864032,573.9006483723449,231.61499211095494,793.8854350350032,256.16769165998676,977.6392743579597,166.82411801339651,364.0170301545847,361.8961106813987,1736.3019172581605,105.09692047916472
2021-12-23,201.12230580681754,581.1274943462558,232.73252930350344,805.957290357949,257.55819551033755,994.3635512837021,167.26431009532297,367.04412452333617,364.6244555188749,1777.5554797549678,105.09692047916472
2021-12-27,202.88402613542064,595.8498825173206,235.19424514303745,830.6133103404729,260.62304200090097,1028.5858095461565,168.23185734912437,373.1848162005349,370.6506986615833,1862.5232332288724,105.09692047916472
2021-12-28,202.38566597307596,592.1343689757223,234.49661335809844,824.3589200181907,259.7533511519121,1019.8725801957821,167.95896216067635,371.64808421618073,368.9328519120612,1840.609931447992,105.09692047916472
2021-12-29,202.3341549886539,591.3079994166008,234.44221275379377,823.1682457739921,259.69504722555513,1018.3344593788398,167.95017966470922,371.44311926748844,368.8777338345365,1837.7096415064052,105.09692047916472
2021-12-30,201.8504274608514,586.8839040269979,233.84669275128135,816.6244720175472,258.9965771695133,1009.7630213293567,167.7745126856053,370.22726617659646,367.77537228404105,1820.5227381488517,105.09692047916472
2021-12-31,200.84205764713414,578.1575207478616,232.60546826746346,803.7231737886884,257.540995057283,992.8720715685076,167.4078267892648,367.81886659576276,365.47878572050894,1786.6860221636684,105.09692047916472
2022-01-03,202.38882166530883,591.5052324034365,234.5088165191783,823.4381413174434,259.7723481048196,1018.6594060792748,167.97188407671234,371.5339853108525,368.99715633584015,1838.2467322363286,105.09692047916472
2022-01-04,200.2887504426913,573.116826884905,231.92336966109428,796.2396133340574,256.73990302350245,983.0334109563596,167.20934491465826,366.4808365303288,364.2110699374392,1766.8136651564969,105.09692047916472
2022-01-05,195.3662756417894,530.941449497898,225.86716705786753,733.9825635572903,249.64130081666804,901.6498630660827,165.41144485318782,354.6818380512046,353.0221001999104,1604.2900102816318,105.09692047916472
2022-01-06,195.27427609219637,530.3118430584169,225.7482938008537,732.8466413791449,249.49861667433817,900.0294741985127,165.3707688492881,354.3410490069438,352.774068851049,1599.8858662962589,105.09692047916472
2022-01-07,194.5338996899511,524.2428452304791,224.5255542271186,720.8654303427662,247.87696012723347,882.3721214147872,164.7437706735562,350.28589714691736,348.9525488093314,1547.573229201705,105.09692047916472
2022-01-10,194.57871018914256,524.9178438269271,224.5994385378604,722.1913784169027,247.97484235757912,884.3197464207559,164.78171907542517,350.73691424916456,349.1822074656847,1553.2663909388948,105.09692047916472
2022-01-11,195.60174444847013,532.9985293065863,226.2864012513528,738.073595452627,250.20988434520652,907.6569812225649,165.6480900353374,356.1362252527513,354.4276111767921,1621.58433178517,105.09692047916472
2022-01-12,195.87323046306804,535.1240268863596,226.73507964271997,742.2783072444213,250.80522070368696,913.8619494566781,165.87800178748589,357.5564293306671,355.83312215367386,1640.0602528945403,105.09692047916472
2022-01-13,194.15823353234524,521.5321289543102,223.89906193039525,715.3447087237631,247.0407143059298,874.0705279215196,164.42563250114986,348.4746646401749,346.93155263342317,1521.0409471434823,105.09692047916472
2022-01-14,194.58108781153908,524.2907981957424,224.59567104379937,720.7502089944863,247.96304499271517,881.9964216916553,164.78373259841248,350.3179381134482,349.0903440031434,1544.02843038421,105.09692047916472
2022-01-18,192.88571668513714,511.0649846834439,221.80011954768833,694.7763250193128,244.25935760717624,843.8547091743649,163.34798370066417,341.48078183405926,340.4000604467377,1432.7432311440512,105.09692047916472
2022-01-19,192.14433329784654,504.84272063355536,220.58213958437602,682.6917913025123,242.64973560072895,826.2415224423423,162.72013274547513,337.32322133546626,336.6612175213073,1382.9012114071463,105.09702474198268
2022-01-20,191.27102810159698,498.0081533862331,219.14978487455207,669.4881131465331,240.75888687395124,807.0652712816465,161.98056194980265,332.7565352249737,332.2885167043421,1329.406974706761,105.09717071007259
2022-01-21,189.4149115361178,483.3331364659415,216.11157542542725,641.3047297374391,236.75347219029655,766.2950984808082,160.40868351476357,322.95105764080057,323.07461141145103,1217.477266590694,105.09731667836522
2022-01-24,189.7185751077019,485.78136899974027,216.60639358621503,645.9449304998453,237.4039032853473,772.9483773581078,160.6658452838881,324.58690510601286,324.55361315836575,1235.093842532186,105.09746264686059
2022-01-25,188.17956235132718,473.242493854063,214.0960067475906,622.1257840753207,234.10209304840052,738.7451789242002,159.3625106722653,316.2087437833042,317.02999557623446,1144.0032547371527,105.09769202624335
2022-01-26,188.07677249781904,472.9321138154913,213.928740393315,621.5423073166278,233.8825150983395,737.9134349264683,159.27546163823627,316.00135564008644,316.5339328785114,1141.8548918174583,105.09792140612673
2022-01-27,187.27990590347522,467.00999612176685,212.73304194194264,611.253609637139,232.35825308780113,723.65907579904,158.7142920923933,312.69315380558123,313.34627072832876,1107.6959213943207,105.09815078651074
2022-01-28,189.3897595193431,482.68148538738853,216.13214470619903,640.3233602733709,236.800630814486,764.8280569990833,160.45711176415787,322.90350980134815,323.17566122024647,1211.032177831611,105.09842187301079
2022-01-31,191.9130943591166,502.18740909838164,219.94639960869793,674.5773907675022,241.6809357043181,812.5976842631248,162.253245813968,333.85072338326466,333.5103007561412,1328.3327932469135,105.0986512544871
2022-02-01,192.4585907784251,506.1897321462844,220.77349197274037,681.6913109790967,242.74177869320238,822.6013759887536,162.63996136324022,336.0814464222706,335.77932828091093,1353.6834756993048,105.099005753906
2022-02-02,193.11172405676103,511.18780430457826,221.7648236594069,690.5982667235378,244.01414965554275,835.148609951572,163.1027228428161,338.8634892147847,338.5076731183872,1385.694083202748,105.09923513665666
2022-02-03,188.95142935799726,478.56402085148216,216.00092912074388,637.3935998195673,236.88199319295134,762.7745105647912,160.7884704224275,324.59492751417116,324.783271814719,1218.9811206344796,105.09946451990797
2022-02-04,190.21496881505385,487.3261855212293,217.74502179339513,651.4856004198725,239.03370000212726,781.7462879169404,161.49865599983264,328.51990105750014,328.88038224406034,1261.0890338604856,105.0997356097966
2022-02-07,189.40431137780936,481.47498376223143,216.62426586970494,642.039388444704,237.64946506561157,768.9941276538968,161.0443419642576,325.91549287691635,326.23471452287123,1232.5158070285531,105.10013181911732
2022-02-08,190.53263806460328,490.149795415042,218.18234344662605,656.0072495810598,239.57227073655542,787.814659831267,161.6781875226255,329.7938688957608,329.9000666782686,1274.4088839625897,105.1006948555378
2022-02-09,192.67293113627485,506.266628248968,221.14169967675755,682.0539826378912,243.2278018116238,823.0043671355396,162.87779233339214,336.95557714557526,336.8908761776606,1353.4686394073358,105.10117448172464
2022-02-10,190.36222982087833,488.46490237100386,217.93890773578636,653.0928067128144,239.2646532930378,783.6894158585715,161.58810401261724,329.13180626839477,329.2662087867337,1263.6670693641188,105.10169581691554
2022-02-11,187.1627080133448,464.0839325985512,213.51516496997402,613.7276175327103,233.80064736927878,730.5468688836445,159.79516265213775,318.28423326938866,318.82133309578944,1144.6477636130612,105.10280105300251
2022-02-14,187.28639546584216,464.7783476732348,213.68515736391745,614.8354057557098,234.00979719224085,732.0295334985537,159.86538402422997,318.5997051214624,319.21634598471695,1147.8703079926022,105.10373947086906
2022-02-15,189.75547351720203,482.6230697446132,217.08642465631596,643.3392944890973,238.1998305237394,770.2076224690314,161.2578143693837,326.67892707726895,327.15334914828406,1231.011952984767,105.10496985194622
2022-02-16,189.73099555579057,482.58081456171766,217.05213520935297,643.2698735919608,238.15718999504304,770.1131102871977,161.2446532275359,326.6612058212377,327.07067203199693,1230.7971166927975,105.10607512246253
2022-02-17,186.74089757676947,459.9036588025154,212.92107669276174,606.7666439224988,233.05756603267218,720.9484112412794,159.56705938766055,316.5253119617575,317.34233134887467,1121.6602803723333,105.10709698708176
2022-02-18,185.61285695667826,451.64212155899605,211.36755124841974,593.6035826706805,231.14430382690864,703.3524994716087,158.93101055896213,312.7714042395257,313.72291092474796,1083.6342566937458,105.10803544330487
2022-02-22,184.62556103790922,444.2407266979681,210.0095460945625,581.8557267195431,229.47335598233028,687.691897240119,158.37320645261346,309.387468915841,310.57199415958183,1050.119795146517,105.10893219836915
2022-02-23,182.90844772394027,431.9690031254255,207.25333829647306,559.1153354532338,225.8759804578082,655.5595970567784,156.95429779617695,301.1039883618706,302.61661830350647,969.7710219499545,105.10991238087179
2022-02-24,185.12215802591658,447.1983030101625,210.80613508281755,587.038649421098,230.5068735477338,694.7180744515749,158.80115840379264,311.4247623874591,312.7859036068268,1064.7286630004376,105.11076744166694
2022-02-25,186.15648017772526,454.8341766171461,212.47407528588002,601.2370044978375,232.6879691721849,714.8144613915971,159.6638050433839,316.59466788432724,317.63629442900674,1115.2151916132505,105.11153908817397
2022-02-28,186.4352368588751,457.3512859185145,212.8659317323117,605.2765672888307,233.1747396029499,720.229720340873,159.83107368887536,317.77030138141254,318.58248809318206,1127.0311876715687,105.11235245127406
2022-03-01,184.92305282569933,446.1712906706506,210.78064671590315,587.408576039631,230.604726664799,696.3098193737909,158.97542588280905,312.6414603928427,313.7045382322397,1075.0408050149697,105.11324924316996
2022-03-02,186.56822752927354,457.4670982020551,213.0447394247013,605.3657671238685,233.3911764399037,720.2562933867096,159.90981421610667,317.86926284720863,318.96831463585545,1126.3866787956606,105.11402090789656
2022-03-03,185.15643421375788,447.3414000077063,211.09763792000575,589.1844261298938,230.99125137062592,698.596668980747,159.11115675421817,313.2238562899639,314.41188689380766,1079.337530854358,105.11487600211424
2022-03-04,183.73514729425975,437.1972354049867,209.1404841017336,573.0495899801078,228.5816775362623,677.0733389569239,158.30512383272773,308.53433585278066,309.8554591517598,1033.147728080933,105.11589795229762
2022-03-07,180.1443805540362,411.3243581926497,204.20456270309649,532.0977054842745,222.51234830019987,622.6386915820444,156.26249660017407,296.47752927234495,298.42764441162376,917.7806392933553,105.11675306178493
2022-03-08,179.70141393430893,408.31544354962637,203.59780561768605,527.3963821148471,221.76827809071074,616.4489793288808,156.00926772389465,295.0462893204624,297.0405061272503,905.1052980671598,105.11777503021746
2022-03-09,182.01597646216848,424.01867296226686,207.32332553850878,556.1577725473575,226.62663343150672,656.67150050134,157.9757885877603,306.1026080441097,307.73341316705614,1001.9964657453673,105.11871358178023
2022-03-10,181.2894580442675,419.11200419519565,206.15014736836287,547.0381944054375,225.09233896857538,643.7911768525048,157.3627850659062,302.65891917445754,304.3160923605202,969.7710219499546,105.11973556927339
2022-03-11,179.2822972302752,405.2998569075841,203.40135897629943,525.2879162715973,221.7196018573606,615.0051995786042,156.2216133912859,296.0901136703128,298.00507248393376,909.6168601985175,105.12079928088329
2022-03-14,177.45836144791045,392.71975966281894,200.90212314335534,505.59843153359526,218.65445492624232,589.0704661578201,155.17261577787735,290.0220804153941,292.2819787676116,856.3374597901015,105.12190471785985
2022-03-15,180.40955097194754,411.99055745770335,204.93609770277192,535.5560819375191,223.59334590850253,628.336010455583,156.87742480603936,299.4214141869068,301.449952329232,935.6120515268168,105.12321874166881
2022-03-16,183.95676564342298,436.51098649289963,209.80130723777398,574.0448213533338,229.56463735813867,679.1361078189939,158.91506289499446,311.19108266493345,312.6297357205066,1040.6669982998624,105.12457449746609
2022-03-17,185.13813646136833,444.2506358291433,211.42776229506825,586.3340622426634,231.5664159743995,695.4915133027748,159.5896661713797,314.83608540526546,316.41451037720753,1075.470477598908,105.1258468385463
2022-03-18,187.14743800166468,458.8804448450356,214.19816571803895,609.6490929124831,234.97968382523848,726.6031215980977,160.73402580523472,321.68400406913867,322.8908844863683,1142.2845644013971,105.12695232860234
2022-03-21,186.78982978406083,456.6702970203996,213.74429004710848,606.3728099473493,234.44093805435725,722.3656957605975,160.5789463803886,320.88170506158906,321.99401231523143,1134.1207853065591,105.12814126437273
2022-03-22,189.71455410800942,478.23307946918476,217.30412936128442,636.8046590262514,238.5774122969329,760.7583486142969,161.68515454382205,327.5227313466248,328.32204820625293,1201.1497084010175,105.12983082378591
2022-03-23,187.53395409419667,462.0852619656484,214.6501022679016,613.9581079020555,235.49195403122894,731.8585554142433,160.87344612133523,322.68716252053997,323.6036144677442,1150.4483434962349,105.13139525579223
2022-03-24,190.86909762817288,486.04082439688847,218.70587723511812,647.7758645677088,240.2030712696777,774.5411143934755,162.12644755398776,330.0086610010437,330.7962366578296,1224.9965368096234,105.13291799227116
2022-03-25,190.74231094237487,485.4285785613249,218.55131101305062,646.9082705966918,240.0231106246186,773.4420200936281,162.08072466104974,329.8296289311445,330.52030486025603,1223.0630101818986,105.13452418962936
2022-03-28,193.10392929940724,503.0976289090769,221.42613360798165,671.9260034765842,243.3658619479849,805.1118929540424,162.96018076821204,335.0850576442719,335.6342408419536,1278.705609801978,105.13625557167457
2022-03-29,195.76323871747815,523.7237436098249,224.66581335418195,701.1947615156434,247.1357345112094,842.244263062414,163.94366813375294,341.09879029073574,341.4104131378278,1344.2306788526505,105.13815386517793
2022-03-30,194.03403241158642,511.13667985009147,222.55704329777782,683.2884030326967,244.6793650240209,819.4699222172503,163.31162589753583,337.51537099154484,337.63934523765516,1303.8414559623996,105.13988530699754
2022-03-31,192.1106640878119,494.2268053868165,220.21282920779032,659.2697282901198,241.95029563234652,788.9690052344771,162.6048999260787,332.6333807582533,333.45437964112216,1249.9175466780757,105.14161677733097
2022-04-01,191.81874519926507,492.5293577883309,219.85708400195344,656.8632841963046,241.53622512419975,785.9190241792847,162.4981981294986,332.13641893895664,332.8197365067028,1244.5466393788404,105.14322310758727
2022-04-04,194.97877646917118,517.1531186448492,223.70517584684163,691.7546667819038,246.01221624014892,830.1205699165978,163.67081975359932,339.4040328891616,339.67204281311416,1322.3173770717694,105.144871185886
2022-04-05,191.51611535342388,489.7978314623839,219.48376532450752,652.8758330687388,241.09648138988237,780.7196730533065,162.40107497928935,331.5535348367707,332.1299070127688,1234.8790062402163,105.14706170403572
2022-04-06,188.1904260370292,464.0317637836666,215.4339263436003,616.3835746728381,236.38587808727175,734.5137472124768,161.16914600786535,323.9266703746582,324.91888936951176,1153.6708878757763,105.14921054279674
2022-04-07,188.54921628535575,466.45326655137154,215.87004189308408,619.8003255212527,236.89226150942008,738.8239067899667,161.30550281018085,324.670079300478,325.6914984027179,1161.1901580947058,105.15144287722691
2022-04-08,186.44143286211167,451.1973863621538,213.30572326099792,598.2612647400688,233.9123868689104,711.6373316440853,160.5185532446587,320.02834722352105,321.1386237427533,1113.7113375694644,105.15371698581293
2022-04-11,182.91368521925097,425.57585431364134,209.01711087616036,562.1644874729252,228.9325169748394,666.1732087695717,159.19178145675897,312.0816895387332,313.54130158289325,1034.6515821247185,105.15607459891203
2022-04-12,182.29647050541746,421.1949919433942,208.2674038483482,556.0150200264408,228.0627352518307,658.4563523187085,158.9590265438987,310.680619083467,312.21682895453984,1021.3317320226146,105.15872436507752
2022-04-13,185.26177803816208,441.3973631411655,211.86658757103422,584.3499290739048,232.23553079021397,693.9846589189846,160.09241314654986,317.20427078587323,318.5632602987329,1082.560075233899,105.16124900905533
2022-04-14,181.8735712031519,417.64342214827195,207.74931531943616,550.936622277796,227.45661188068107,651.9671583993318,158.8136587298564,309.7403034750703,311.27866084278963,1009.7305722562659,105.163815444299
2022-04-18,181.9862966493817,418.56974037802246,207.88578879556988,552.2340574398886,227.6144729723494,653.5918350716737,158.859045058364,310.04539146297316,311.5178017340201,1012.5234440518685,105.1665488688671
2022-04-19,185.2413062758695,440.0999489937939,211.83607962392915,582.4140571611925,232.19371622555988,691.4112164502857,160.10453150741986,317.0273042712088,318.4804807594609,1077.6188405186022,105.1693658299975
2022-04-20,183.08098957354426,424.23905492207655,209.21085100810828,560.1114250524679,229.1465693280849,663.3761782081745,159.2900581410807,312.0334499861157,313.8356288336384,1029.0658385335137,105.17218286658223
2022-04-21,180.05147163577368,404.331353045015,205.53222712916192,532.1841443570794,224.88003326784835,628.3533811264547,158.13931397047148,305.63218035565035,307.3420338640728,968.6968404901073,105.1750417136165
2022-04-22,176.28062488022297,378.6515031097455,200.95834766643011,496.2707027657157,219.5808472120876,583.4548125995016,156.69279483895832,297.14448737511134,299.2940231015092,891.7854479650554,105.17794237448916
2022-04-25,178.0931596360227,389.89181506715084,203.15341690152323,511.922438997295,222.12006112176573,602.9377122695653,157.40009538208292,301.0081827161547,303.1386728143682,924.8702369283459,105.18084311536022
2022-04-26,172.71655274828447,354.82659165631514,196.63653068534927,463.003803702568,214.57521293375316,541.9315137049808,155.32386802767132,289.16965026478596,291.69670094164917,820.8894716151475,105.18407784367032
2022-04-27,172.6071015012929,354.1864759121616,196.48559785306864,461.8807761101029,214.38957285928132,540.3879880118268,155.261513795134,288.7245437419319,291.34718733138925,817.2372546516673,105.18697875375373
2022-04-28,174.81700784348234,367.667366022033,200.04717476817,486.78040778948156,219.03652440312445,575.229138013944,157.19424256793118,299.4088100216139,301.6946297403996,903.6014440233736,105.18983800297778
2022-04-29,171.98809991729405,350.2711899351763,195.45889659223613,454.14621658651254,213.02647716011697,529.1006557361999,154.72128613735526,285.6360271376367,288.118785299778,784.7969745642852,105.19269732992349
2022-05-02,173.02496344819968,356.21480529633175,197.12593169901328,465.0580071075876,215.1984062114478,544.3031271854688,155.6282650830026,290.348464099224,292.9291963041447,821.7488167830251,105.19568196399453
2022-05-03,173.09482298966952,356.5234609350184,197.23619136672926,465.6229944539725,215.34109514429275,545.0908064223731,155.68948643799976,290.59330379644234,293.2419190080614,823.6823434107499,105.19887540433986
2022-05-04,177.73997778422915,384.71616289187915,202.8722092539522,504.7729628275478,221.86357009772465,593.63656820356,157.5350691440474,300.67968382944656,303.1570682675399,905.320134359129,105.20211068721439
2022-05-05,170.5796747765237,338.8519754357719,194.18827002297988,440.83412841629024,211.80767613915256,514.0172294465407,154.76119905415462,285.00224684884284,287.8888421351334,770.4029430023344,105.20526257584808
2022-05-06,168.9456937889683,329.4045961268762,192.2115402147984,427.77448028411305,209.52440838904516,497.8929381995248,154.1150945293228,281.5304119988224,284.4396946654633,743.548406506157,105.20824756643306
2022-05-09,163.6583927769287,298.26483466723903,185.8198095397417,384.80727513637135,202.14676259050245,444.94017850811014,152.00741965152778,269.891258987272,273.310445496661,655.680363090665,105.21123264171123
2022-05-10,164.341418660428,301.8992685133216,186.94237015587436,391.49951057984464,203.61796330556453,454.21868839439554,152.65684235876265,273.14656115729815,276.63082479413015,678.238173747454,105.214510055109
2022-05-11,162.5899044489037,292.23127523951774,184.11748380396486,373.7333876074996,199.93658778993694,429.5620934815732,151.07518076411043,264.6425474669998,268.426452679608,617.8691757040474,105.21766231523166
2022-05-12,162.45471602004423,291.3956936582158,183.8982499141422,372.2147175325929,199.6506315701116,427.4717115350259,150.95318481448712,263.90709620883126,267.79180954518876,612.9279409887507,105.22089817587828
2022-05-13,164.62552185583888,302.8002426292164,187.3769810904279,392.84709816573456,204.16659470088257,455.8104679435576,152.91440737470725,273.94913688348583,277.716156531253,679.5271914992703,105.22434290766381
2022-05-16,163.94227912928764,299.42970118517025,186.27251225174965,386.6463793218328,202.7257726556252,447.20206449194285,152.29754880217016,270.9847195766033,274.4969522262275,658.4732348862674,105.22808004206468
2022-05-17,167.30448995094886,317.4197545731974,190.342886311596,411.35213787621467,207.42291434414062,477.472748690068,153.68187120984962,278.13941629534725,281.6067948770409,708.1004183312032,105.23198433789163
2022-05-18,160.73528610738092,280.3640989271454,182.4015312730979,360.3285163626231,198.25945400341794,414.7627437611952,151.0450327041762,263.9395079403951,267.782611818603,604.764161893913,105.23584701985642
2022-05-19,160.0474203604678,275.82449078912094,181.57175342328011,354.12868939164946,197.30406734636,407.2056630955133,150.76525182476811,262.0750528675802,266.34776647122015,592.5184932516561,105.23958456283589
2022-05-20,159.65064717669065,273.90632330605064,181.09307388527898,351.51124711173134,196.75289378826193,404.0180037418203,150.6048102909883,261.28304002026084,265.5199710784994,587.3624222443901,105.2434057620373
2022-05-23,161.77544229899252,284.7282699774444,183.65348072329814,366.26656364000814,199.6979340627594,421.9741524197575,151.4847456946334,265.8046620346803,269.93487983967714,616.3653216602615,105.24714357347209
2022-05-24,159.02489475873628,270.51878010208867,180.3353735601168,346.84460151000593,195.87727798458167,398.2810384142388,150.36108992803122,260.0067287621823,264.19549845014603,577.9096253977357,105.2510485766166
2022-05-25,160.8065386744491,279.2095476894432,182.48163166210585,358.6830667658203,198.34521600010208,412.67391929304864,151.10119758201398,263.66655844711994,267.8929845376324,601.1119449304329,105.25491195835998
2022-05-26,164.37211875121415,297.8920932703323,186.78028369655303,384.1825620221524,203.29197613362356,443.7365946841862,152.57010977875126,271.39060882096896,275.3155498923625,651.3836372512768,105.258775481914
2022-05-27,168.66536562448223,321.2383543996171,191.9632858207816,416.1724600037759,209.2645553074699,482.85789536192516,154.31672685021746,280.7015912303349,284.30172876667655,715.190015966194,105.26268091663921
2022-05-31,168.30867370806098,319.38802220200245,191.53150113604667,413.624510140557,208.7657048447095,479.72671402742037,154.17720491504454,280.00014454629974,283.547515186642,710.0339449589278,105.26662826717359
2022-06-01,167.31421110672036,313.4377301810761,190.3286083035909,405.4358917791812,207.37694964961216,469.6696452416945,153.78218482085225,277.7243388874989,281.4504335250825,693.4915504772828,105.27090994550589
2022-06-02,170.98116176289628,333.7923456308067,194.7601852544441,433.40939862946095,212.48901679453965,503.9801188588451,155.26020813983172,285.6211147831928,289.158128403972,749.7786589732704,105.27515002382313
2022-06-03,167.42349530955013,312.6772221912646,190.4539623538016,404.2780157556993,207.51392367454463,468.1115121225953,153.85042728728,277.72300927723836,281.63438805679823,690.4838423897108,105.2794738246277
2022-06-06,167.87109476339245,315.7930420550345,190.99444813027674,408.5573458197696,208.1369440493368,473.3568240350815,154.03406820544492,278.9404555582299,282.57255616854854,699.0772940684875,105.28396491329283
2022-06-07,169.03100361472607,321.929272901249,192.39607537738885,416.9911283364628,209.753674975361,483.70179838727677,154.50356820983603,281.31877218381305,285.0099537137821,716.0493611340715,105.28866509029788
2022-06-08,168.0593585604302,316.6777360948912,191.22046129817215,409.7625713874843,208.39605576955265,474.8223045865964,154.11888826192538,279.31811853667193,282.9588606851516,701.4404932801511,105.29336547713226
2022-06-09,164.45976987900647,296.0407907962706,186.86827310259574,381.38946292289154,203.37338689762143,440.0090072758088,152.6786380115721,271.3617378776013,275.3799339784631,644.2940396162858,105.29814963996841
2022-06-10,159.8208224233551,270.77295699387037,181.26726560717933,346.8012660916655,196.91854663818492,397.75609176272883,150.798455583033,261.23567590394873,265.667134703872,575.5464261860718,105.30301759014024
2022-06-13,153.87754891032338,240.77736594720852,174.1045964840926,305.98124413990143,188.67913654269432,348.1833212366533,148.34928591280746,248.58214935023577,253.3145878991601,495.8421618654176,105.30826184756388
2022-06-14,153.9504990211477,241.29749224474577,174.24160046962746,306.95290959534947,188.86538631097858,349.52179221488444,148.44965268458904,249.1578252334485,253.77447422844946,499.064706244959,105.31492719191493
2022-06-15,155.3411239683973,247.55273757021098,176.46642752107445,318.217085360674,191.74730173674328,364.85846198501105,149.75361797571406,255.437885448739,260.1117078460567,534.9423670038518,105.32201087451773
2022-06-16,153.09116459363037,236.6824380906471,172.840832239259,298.41321039585995,187.03289771867574,337.6950938083926,147.64510375922154,244.53336348123807,249.6171018116737,469.6321342451486,105.32871888354367
2022-06-17,153.76697276379866,239.8483935372007,173.91757863965574,304.060925519613,188.42440147276912,345.33559577565285,148.27900290827012,247.713867775103,252.6523515849834,487.03387389467156,105.33480036314586
2022-06-21,155.16682011629163,246.37054255545814,176.1562769926901,315.7667883605801,191.3232174807309,361.23328846117647,149.59163697084804,254.26319722799695,259.0147869734357,523.770879821442,105.34104939197691
2022-06-22,155.09150658383732,246.05291866335284,176.03059199625295,315.18190611405385,191.15761536816512,360.4285959629387,149.52130440640337,253.94494218946636,258.636972605074,521.8373531937173,105.34759140556017
2022-06-23,155.9288327292685,249.8547341854678,177.37266283412336,322.0733040019364,192.89858671193016,369.85040537732846,150.30637690064765,257.76011866984595,262.4888361654446,544.1803275585366,105.35375758402536
2022-06-24,160.1705556966448,270.7144180588461,182.50992824403244,350.66220278368803,198.82024437116632,404.62305177115627,152.11476613226904,267.20850590947833,271.4826611293721,601.1119449304326,105.3600913515944
2022-06-27,159.23312186202745,265.60929554092,181.37426502677408,343.63474228892466,197.50957665421208,396.03568809082003,151.73068190479347,265.0134531798492,269.4922244570274,586.932749660451,105.36675997642398
2022-06-28,155.3541612559719,246.24625001105858,176.6790505954817,317.01649748358864,192.09514701606147,363.5523455178341,150.1191999836795,256.57091465087296,261.28167318360596,533.4385129600657,105.37367989657322
2022-06-29,155.4701669243848,246.64617593824195,176.81850030720682,317.5622383205717,192.25494094995685,364.2136077024379,150.17378795799902,256.76269655568194,261.52126278305485,534.5126944199129,105.3806002711855
2022-06-30,153.92954695546683,239.67034025891917,174.95609862852774,308.0180586256429,190.11009428106993,352.62204721354635,149.5282426962095,253.5950175648181,258.27758820590066,515.607100726604,105.3874792825921
2022-07-01,154.74429808198,242.78906958299396,175.93933361840547,312.2754640641175,191.24063676281088,357.781362534778,149.87979447247412,255.04770693621987,259.98236035582545,523.9857161134114,105.39410782047554
2022-07-05,156.86560607028915,252.82622999290734,178.50123840509008,325.9908938494132,194.18844290584408,374.41848008186224,150.7840281891891,259.66976352629473,264.4331979148182,551.0550889015581,105.40077859833164
2022-07-06,157.67246670435352,256.693626621547,179.4759877787801,331.28769909532326,195.31043326265115,380.85847285631263,151.1292845629837,261.41777874397104,266.12875508014884,561.5820672080596,105.40816083540409
2022-07-07,160.37388823516724,269.42388419441863,182.74237252710085,348.74271599416863,199.07328538595686,402.10412635341964,152.2680645752892,267.1000656326947,271.823615559357,596.3855465071055,105.41554358952612
2022-07-08,160.5371268217799,270.43713419991775,182.93918195962303,350.1346706248928,199.29945104749643,403.8017696789407,152.34204070881762,267.5503601426238,272.16456998934194,599.1784183027079,105.42313601855844
2022-07-11,157.79564339401495,256.6331888620684,179.6190501657514,331.1441179816718,195.4687734765846,380.61037559978973,151.2101424388588,261.5866181529385,266.34991471040934,560.9375583321514,105.4308544981598
2022-07-12,156.575320961858,250.66136865815167,178.14222560018024,322.9551538435263,193.76616200059905,370.64266777188675,150.70543531723013,258.9354588240541,263.7697190240367,544.6100001424757,105.43941029567763
2022-07-13,156.31972454514505,249.39984963565908,177.83232661310083,321.22654258188004,193.4083121663915,368.54030859362655,150.60481791532368,258.3773769861654,263.22603493297953,541.172619470965,105.4481341516485
2022-07-14,156.76907177892383,251.46366874728065,178.3744672283517,324.049078416402,194.0316036219493,371.96712499187925,150.80180086692266,259.32580523791916,264.16596336158676,546.7583630621698,105.45757008587518
2022-07-15,157.76732713019913,256.1892587961465,180.00215152396933,332.7098389522391,196.15722783137264,383.8730233470569,151.76801605504443,264.1198870727533,268.95775535056447,575.5464261860718,105.46704871271027
2022-07-18,156.6673103297905,251.3942584764137,178.6791415773706,326.11279651589797,194.6365119558787,375.82520281459455,151.32723828545426,261.995732325627,266.6816541558,562.2265760839679,105.47640263548301
2022-07-19,160.52467821207946,268.99753582010754,183.35238153518682,350.3733505862994,200.02547910432617,405.42658022912866,152.9653028135144,270.03577188199785,274.8829904446273,611.4240869449648,105.48630151215892
2022-07-20,162.5640069675302,279.81545893578425,185.8262156271925,365.3424429653443,202.88190946223875,423.76435998500443,153.8236370104157,274.8012561396979,279.2416781576782,642.1456766965915,105.49628503712347
2022-07-21,164.4339580929445,289.33202484697824,188.0962499286415,378.5422269530155,205.5049569941596,439.9731936575247,154.60590941530953,278.9047133385937,283.25019645615004,669.4298857767078,105.50622764335218
2022-07-22,162.13029958330407,277.22929152446056,185.29530016048304,361.71598781128546,202.26363767609246,419.2635306286577,153.6663896648313,273.81519234770997,278.28331975988266,634.4115701856927,105.51604558398012
2022-07-25,161.3945925261389,273.9298773856273,184.40084230754454,357.1398940734883,201.22872496684616,413.6450864661575,153.3693987189819,272.403869026636,276.69834240968237,624.9587733390381,105.52590630966863
2022-07-26,158.86078395621385,260.6766594941906,181.32377430546728,338.7786837621193,197.6721635649153,391.1254866432702,152.32448584598092,266.65299717094337,271.26150149911143,587.1475859524204,105.53631233654085
2022-07-27,164.23456127400286,286.70163117554125,187.83967223502188,374.7129358822261,205.1922749400764,435.05035159615034,154.58699206158758,278.31433308454785,282.7249423342812,660.4067615139921,105.54642623313977
2022-07-28,165.52227921759598,293.2728469888043,189.40344745901584,383.83601054105344,206.999891970532,446.26317537806995,155.12522808042036,281.11945570753016,285.48943771253766,679.3123552073008,105.55608038045992
2022-07-29,167.94018267160726,306.1888486757061,192.34204905933197,401.7948510156324,210.3993172720782,468.3686808220407,156.1245266310338,286.5503745125963,290.6959040082538,716.6938700099797,105.56565163616105
2022-08-01,167.86229529082803,305.8272441733927,192.24618402497143,401.28841305567386,210.28716648765723,467.7411168651277,156.1007765440307,286.4168707561016,290.52081930096426,715.6196885501327,105.57518186860044
2022-08-02,167.46513124537782,303.5561815736004,191.76174264957004,398.11979847272846,209.72490251232173,463.82788238226465,155.94764162450488,285.50184604541823,289.6546107491106,708.9597634990807,105.58534138510964
2022-08-03,171.11675316084958,322.9896194462181,196.20334383825377,425.1976914385842,214.86712573435275,497.22795333686224,157.4437929772015,293.51375576186564,297.5426375617355,765.6765445790072,105.5955018792707
2022-08-04,171.76017623723777,326.6932574413212,196.9860449604506,430.37553466435014,215.77350574398605,503.63635258270705,157.71117948502408,295.0018515324811,298.93410023545783,776.6331954694475,105.60549573927001
2022-08-05,170.64092304113652,320.48182479895763,195.62102803803114,421.6788403660696,214.18915649734268,492.8578278034037,157.26988427677097,292.5635385914297,296.4921293179981,758.1572743600776,105.61540673123125
2022-08-08,170.20298099167462,317.87260684780694,195.0864111880261,418.0285951753046,213.5681389141427,488.33764692624584,157.1018810916709,291.5374155506039,295.5337709202026,750.4231678491784,105.62565394033669
2022-08-09,168.66520572136108,309.1426876557799,193.2124362843285,405.82789160897386,211.3947001861611,473.24361827507505,156.48970975774438,288.0508679771232,292.18873151251233,724.6428128128483,105.63619554825969
2022-08-10,172.4346822903209,329.45902281312954,197.79918088796288,434.1625587186468,216.70702851693386,508.22603498368613,158.02866320265105,296.34913695959796,300.3439928783687,784.1524656883771,105.64682204650235
2022-08-11,171.6551237124258,325.49403809686225,196.84782906287208,428.60820902453753,215.60215234512467,501.33872668574975,157.72497132477497,294.805424204699,298.63922072844395,772.3364696300592,105.65736576703596
2022-08-12,174.33227815446014,340.20427725299766,200.10855776361294,449.18655065323446,219.38237217396585,526.8219973871404,158.80992553759697,300.65072525068933,304.4538760073766,815.948236899851,105.6677847572713
2022-08-15,175.4628035058996,346.73204369130605,201.48610624107155,458.3413468565535,220.98016105106404,538.1875929075367,159.2693357492754,303.1913284412998,306.9142768940248,835.4983394690682,105.67824670659549
2022-08-16,175.13766734686834,344.956014781256,201.08812173378666,455.8439627926404,220.5166617041112,535.0794029201771,159.14940664918487,302.52938320570104,306.1955080956781,830.1274321698328,105.68908711404535
2022-08-17,173.54313042416337,335.3928288225531,199.14161510327014,442.4139071902862,218.25520595656215,518.3843896387959,158.52459334076647,298.87739357107944,302.7030289344809,801.3393690459307,105.69984475326946
2022-08-18,173.880524905077,337.19795619488366,199.55171760108487,444.9410637993889,218.72981252152886,521.5166084933272,158.66843462268085,299.59813322122454,303.43101271742177,806.710276345166,105.71051959870188
2022-08-19,172.66639354346677,330.2299042923001,197.58165304626198,431.85170614649024,216.14718700799565,503.1267562606358,157.59622300629817,293.47447519877255,297.5149926079531,759.4462921118941,105.72132136806565
2022-08-22,171.08695744769534,321.1625968764696,194.99097944025527,414.8931537421338,212.74179430600424,479.4073782731319,156.15463869990717,285.4163821831522,289.6822557028933,699.7218029443957,105.73225009989753
2022-08-23,171.04928049309746,320.8052028233233,194.92073105236443,414.21463882848235,212.64528882149958,478.4563368103502,156.12025015667564,285.0987669980252,289.4426661034444,697.358603732732,105.7435156194022
2022-08-24,171.23448382051455,321.69202564682547,195.21339677957565,415.83163767122437,213.0239253399974,480.6875574965595,156.28928910102462,285.88688418347317,290.2812297015155,702.7295110319676,105.7546984157961
2022-08-25,172.30606038025635,327.6347755213317,196.94967606862502,426.7866921168412,215.29301487833817,495.87372903376314,157.26733940375988,291.16819086705726,295.4139761204781,739.6813532507075,105.7659663271154
2022-08-26,169.84637938727292,313.7028062773608,192.92409556212405,400.8407784574347,210.00771046512318,459.6877672930614,155.02233719841186,278.78688526990965,283.3054863637152,649.6649469155212,105.77748726273317
2022-08-29,169.27257173045282,310.34843632091673,191.98395173279587,394.6989672082311,208.77504526227705,451.2255357108504,154.49861096778216,275.8058652296452,280.51334603167624,629.6851717623653,105.78905142850337
2022-08-30,168.62517544884145,306.73928088610995,190.9257557307507,388.12265336727125,207.38945166303685,442.1936192633017,153.90771886262797,272.5984179834286,277.3894662542465,608.6312151493623,105.80095269678908
2022-08-31,168.29439633833138,304.7911305704945,190.3815154484731,384.5824700926618,206.67538067947132,437.3436129563961,153.60580986113698,270.8671017578165,275.77684395026364,597.4597279669526,105.81285530396747
2022-09-01,168.33224636839094,304.92841736254667,190.43353658115728,384.81146046107267,206.73851494053727,437.6462942990063,153.64035637395656,270.9891081803892,275.8966387499881,598.1042368428609,105.82471726096088
2022-09-02,167.51217125926934,300.5038424998625,189.09900154083934,376.8162006794513,204.99530531158845,426.72483102477463,152.89185669705498,267.05699976462756,271.9987002666466,573.1832269744084,105.83662254165273
2022-09-06,167.10319792950474,298.12087777486335,188.43044275831915,372.529490840838,204.12102960261174,420.88995906974037,152.51857819879885,264.939265080408,270.0451235326787,560.0782131642737,105.84840316570943
2022-09-07,168.29721650945802,304.306896733203,190.344576536061,383.55394376890285,206.60455171921762,435.8269855758803,153.60838389021504,270.43676437944623,275.500394412438,593.1630021275641,105.86060513440772
2022-09-08,168.61534330168996,306.06583906410856,190.84907864262993,386.70194566493814,207.25685751499617,440.10927024209934,153.898744856608,271.99993195075893,276.92871702453715,602.830635266188,105.87293453425175
2022-09-09,170.16007748321496,314.18214835872817,193.1592123369438,400.26505358668805,210.18327533162574,458.1249671180547,155.08794868588268,278.0595110222833,282.9829619029187,641.0714952367445,105.88522335701018
2022-09-12,171.23176824383154,320.2642736889667,194.62822908042952,409.6217845745348,211.98096742526337,470.17158775567924,155.74489821808336,281.63558291040647,286.34643127979734,664.488651061411,105.89759764204139
2022-09-13,166.2648619350264,292.3491035233686,187.80607735186922,366.49748429341764,203.61857192484578,414.4782663033852,152.76789512776568,265.43603999816844,270.644097531301,555.1369784489771,105.91035157890028
2022-09-14,166.97369681291644,295.84411997571436,188.76806108242837,371.7788060037431,204.7887465622133,421.1911294282212,153.204469698128,267.5428478352222,272.7911889417467,567.5974833832033,105.923569358889
2022-09-15,165.5095780048062,287.9679701517044,186.7644727149567,359.81732128590085,202.3402561384016,405.9394748469229,152.3237413478078,262.85037675310093,268.24820153681213,539.0242565512706,105.93662065582785
2022-09-16,164.9827158306658,285.00385834295025,186.04181366350508,355.3358209598263,201.45636651848426,400.24532072874973,152.00986539086213,261.07460713794194,266.6079342790467,528.4972782447692,105.94958948418987
2022-09-19,165.44313601092543,287.4625830980489,186.77821468735644,359.68026492060176,202.40991603908944,406.097914264837,152.43537370910983,263.28678796356746,268.67997885495737,541.172619470965,105.96247581322831
2022-09-20,164.98197132596516,285.0212575088175,186.0306576509992,355.333609893105,201.43585286925293,400.21781555494204,152.02281404949895,261.1138296915574,266.5382934024801,528.2824419527998,105.97607853581783
2022-09-21,163.93194192304165,279.41133203264485,184.3434438196233,345.4067711085015,199.24565990539955,386.8347449951702,151.08267849047508,256.1181472839231,261.7656581484684,499.2795425369283,105.98959889663104
2022-09-22,163.21880955415534,275.711584012879,183.1977046487333,338.90935981750306,197.75956192385436,378.1216742330771,150.44422795257097,252.82192916749287,258.5438985669401,480.80362142755837,106.0029527449047
2022-09-23,162.27519839402225,270.98818434372436,181.68773582829257,330.66639593169316,195.80510904167875,367.11243286817165,149.59915317873433,248.61185956626707,254.33437888448478,457.8161381868306,106.01622414632973
2022-09-26,162.04626963794067,269.6819532075215,181.31529536867532,328.39140168173435,195.32029701271193,364.08257560346624,149.3944814895131,247.44762694217837,253.28199896387096,451.58588571971745,106.02928685966207
2022-09-27,162.08305370606416,269.79662132398323,181.36384436761594,328.5715387515581,195.37790385633676,364.31222965152637,149.42798765350202,247.55080629477848,253.38354439480736,452.01555830365623,106.04298230921478
2022-09-28,163.25699343324968,275.4966895920419,183.2151185922424,338.38832077856455,197.7583830362951,377.3219659498426,150.48073509554035,252.63647847473044,258.4238903303788,478.44042221589467,106.05651120556891
2022-09-29,161.57625982972576,267.14700770567674,180.53310705697882,323.8410241249504,194.2908262733775,357.91072971391975,148.97510825650713,245.19323716137933,250.9741482607705,438.051199325644,106.07025225751678
2022-09-30,160.6031694927589,262.1220502908494,178.98319876738,315.19433573308265,192.2908672618913,346.4715882286525,148.10335996132451,240.71020689589616,246.7184715642532,415.0637160849162,106.08382672432354
2022-10-03,161.97260881423404,268.6882304438569,181.13580793882812,326.36318265945033,195.05220833022432,361.1474092565352,149.3316575475601,246.5733714822233,252.5065611276292,443.85177920881824,106.09727663806893
2022-10-04,163.8196034934459,277.7001406249061,184.051996090625,341.8525708673677,198.80312896908342,381.63917073114794,150.98775179701738,254.61471729737158,260.44556754629485,485.10034726694647,106.11127558429203
2022-10-05,163.76964545840158,277.69370558533797,183.98612175954383,341.84653961129595,198.7234150929799,381.6322376195463,150.9725656789288,254.6364883712643,260.3070965041088,485.10034726694647,106.12523426994925
2022-10-06,163.0964502741548,273.99563555480535,183.06781846682162,336.33994217355723,197.6042956989109,374.7100272304294,150.5695065680477,252.40854933263836,258.2577250797556,472.85467862468977,106.13923690502654
2022-10-07,159.81280442222095,257.4521366772305,178.6121093958481,311.8081453490884,192.19033324616262,343.9571300567333,148.57436012528626,242.35564391418384,248.4170496817352,418.93076934036577,106.15324138767373
2022-10-10,158.97599212172534,253.19962986919015,177.47787524772335,305.58035272047005,190.81415607902557,336.22282624584847,148.06724709753752,239.72288317583534,245.93380232519908,405.82575553023116,106.16720559383243
2022-10-11,157.82827594295986,247.88723515467376,175.9258124865684,297.8299448684188,188.93374224699548,326.62375856483516,147.36794442559312,236.41213385613713,242.55510889585997,389.71303363252485,106.18117163694924
2022-10-12,157.80956802798096,247.69164022220482,175.89573714918282,297.49612204427785,188.89421059536687,326.18432373457875,147.3637141893319,236.25123305168643,242.47202627054838,388.8536884646471,106.19606649574831
2022-10-13,159.15621917982554,253.6750870552193,178.0117679869069,307.6595540844102,191.60694292101095,339.5037925177071,148.58687494587366,241.80071413505792,248.15857040298792,414.8488797929468,106.21108986785374
2022-10-14,157.4488233990881,245.46963016824338,175.29563823978808,293.54278187279215,188.10467843824705,320.8617162671584,147.0377416497757,234.19758389000037,240.6995969305672,377.4673649902681,106.22649469061038
2022-10-17,159.3352236659735,254.193649697724,178.2603033983399,308.3043838156509,191.90437965943894,340.151756351644,148.75106686347874,242.29073646153174,248.64783475204524,414.63404350097744,106.24198605441944
2022-10-18,160.00088270535525,257.5408393800924,179.16067099686487,313.2085459349902,192.9946495011285,346.23854986565703,149.1774904940241,244.42376279467283,250.6141235510868,424.9461855155095,106.2581542296781
2022-10-19,159.70329582988293,255.9034187338189,178.75252724592264,310.79382271101406,192.49629507138462,343.2287991914045,149.00211551050836,243.41038440488316,249.700214672659,419.7901145082435,106.27462002699029
2022-10-20,159.28318181075744,253.63164147286622,178.17891554862229,307.45204835145074,191.79760833250194,339.0702561379177,148.75117356011012,241.99630300333496,248.42628108454755,412.7005168732527,106.29121489325242
2022-10-21,161.27438470801388,263.16714820382066,180.86282507328312,321.39999007854925,195.04402456188052,356.3687375897778,149.98710171764415,248.0173585572952,254.2512962591731,441.91825258109355,106.30789670892318
2022-10-24,162.22662852803728,267.93303646836137,182.14647781600885,328.41801284134255,196.59753809286835,365.11603845083715,150.57992525538472,250.99668275974548,257.0484113113308,456.95679301895274,106.32458114271223
2022-10-25,164.01738625426708,276.49879048227695,184.56838875265436,341.0856997035797,199.5344298867522,380.9523456734622,151.68576893555726,256.30936610184807,262.3656993312743,484.45583839103836,106.34156354108922
2022-10-26,161.10111053620474,261.85443996111314,181.08686649677801,321.90125248005427,195.55156091627038,358.2696977295413,150.52834365180902,250.4083344877453,256.56837836508595,452.44523088759496,106.35846425386629
2022-10-27,158.75978446086668,250.32419560857795,178.2888102181235,306.8378985733262,192.35045089770583,340.5149708294658,149.58459441147292,245.606573666358,251.89728854201056,427.5242210191425,106.37524103543011
2022-10-28,162.65134052805183,268.4460441169665,182.93044069430798,330.43624961892414,197.65094460826782,368.2406832809813,151.20209360935974,253.40736684463718,259.6055098903661,466.19475357363774,106.392104888126
2022-10-31,161.14352642659387,261.0321908212854,181.12681175474935,320.736689108522,195.58567710166693,356.79210282824204,150.60251197008463,250.36839448700246,256.58684117071067,450.0820316759314,106.4091825097241
2022-11-01,159.83154233993207,254.56157301928286,179.5581268098149,312.28591896514024,193.79026156451144,346.834956701185,150.0797984065986,247.6759774682896,253.96512277198852,436.1176726979192,106.42643177601585
2022-11-02,155.45387489925375,233.50268160674113,174.33096646146308,284.8339070254113,187.8150821698455,314.5490623177417,148.29514033616505,238.73455974886818,245.25990991989354,391.00205138434137,106.44372607117947
2022-11-03,153.02950917955528,222.7332050685465,171.44051608190045,270.8730163029805,184.5160932551034,298.2218060990929,147.29684629854899,233.93911282114624,240.46881186025698,368.44424072755237,106.4609809370922
2022-11-04,155.00369927715295,231.0523889457083,173.78870321550204,281.61980566181614,187.19026520803425,310.7467750200229,148.14172856652792,237.78335740968953,244.33676963865335,385.63114408510586,106.4783653393365
2022-11-07,156.372051465135,236.92949319254453,175.41701699915478,289.2280180024314,189.0455337855087,319.6327523929681,148.72735534401772,240.45112385888922,247.02310785706229,397.87681272736273,106.49558356706498
2022-11-08,157.2888280364523,241.03112036187775,176.50791960573298,294.54497285748545,190.28851368022967,325.8511861816579,149.12263046969434,242.2945587187526,248.8232314054807,406.4702644061395,106.51314266030789
2022-11-09,154.39028041217253,227.58614977943142,173.05008942172572,277.0850381746352,186.33959532126667,305.3961225980633,147.93415164336812,236.40396852609794,243.08129885616668,378.1118738661763,106.5306623815907
2022-11-10,163.50915909354245,267.4212309150567,183.9081166699011,328.6123903669791,198.71742276999703,365.52601963491173,151.77055223080336,254.52898339883748,261.01791452066357,460.8238462744023,106.54822725866194
2022-11-11,165.92481627549714,279.59800591098895,186.79306829273503,344.5072602776114,202.01613254227263,384.24287436142396,152.76557131120646,259.62304364612703,265.8274753859249,487.0338738946714,106.5657527508043
2022-11-14,164.768639623077,273.68717544147273,185.40821054007438,336.7654865638762,200.4283573573846,375.09651910986935,152.31399464418814,257.2458236949126,263.50116187719965,474.1436963765063,106.5832811256119
2022-11-15,166.59823073232522,282.5257278266058,187.5937231345447,348.31732716856993,202.92792802034464,388.71638540182806,153.0682325210442,260.90453958139244,267.1475659880984,493.2641263617845,106.60106615327594
2022-11-16,164.7845781773185,273.38007442035087,185.42192448818633,336.3336118782756,200.43842992152273,374.5522847403562,152.35346484683976,257.23383688486456,263.50116187719965,473.2843512086286,106.61872724260886
2022-11-17,164.49909206253042,271.70147001764354,185.07868249224862,334.1358981816858,200.04360634078444,371.9572113129675,152.25221908865512,256.56685114530745,262.91958350001835,469.63213424514845,106.6364335669545
2022-11-18,164.5091763811468,271.51162780417025,185.08881650734094,333.88437223647054,200.05324987430254,371.6571107923747,152.2705251833829,256.5123888914834,262.9288149028307,469.20246166120955,106.65414283181474
2022-11-21,163.1607956495568,264.9566715905492,183.47501058207106,325.3163037871767,198.2043992437205,361.55505586696586,151.73878778055848,253.82709900998526,260.224013878797,455.02326639122793,106.67193968382298
2022-11-22,165.04630685788078,273.87260879211783,185.72584723810857,336.94411846043874,200.7769867802117,375.2347304548923,152.52043088893635,257.5881919151981,263.9719634206321,474.14369637650617,106.69003581644793
2022-11-23,166.3771123607652,280.43397419846286,187.31502877279755,345.5174957388929,202.59401295683878,385.3402850455202,153.0729913344413,260.3126266947382,266.62137602779137,488.3228916464878,106.7080926816367
2022-11-25,165.50713571924726,275.80452366994297,186.2723712988386,339.45348955188933,201.39795503350263,378.17571392280695,152.73738458597697,258.45734694413125,264.8674094934351,478.22558592392517,106.72615260287826
2022-11-28,163.56995163796321,266.1000113073763,183.9539003331388,326.75930816775923,198.74175620228078,363.19780866333053,151.9698318791892,254.50332761393463,260.98098890941384,457.1716293109222,106.74425793233766
2022-11-29,162.58497479600237,261.0071221905884,182.77499336933138,320.11113053968825,197.3911726986683,355.3699571704949,151.58396677714987,252.39657705374466,259.0054687075598,446.21497842048177,106.7623663332369
2022-11-30,168.51970161136794,289.0644422085888,189.86175997282518,356.6692212803421,205.49290386239448,398.3385800751847,154.01908956168967,264.2906192111878,270.8124329046219,506.15430387994945,106.78035070804187
2022-12-01,168.6908064127592,290.3501640124014,190.06458840348108,358.3510454643082,205.72331290538006,400.3234413486819,154.10206619406966,264.82989774454313,271.1447634058684,508.947175675552,106.79829573920252
2022-12-02,168.1588543307352,287.61443459725604,189.42579890880623,354.75984377276546,204.9892098030785,396.0717049895003,153.90389393069154,263.76301402824055,270.0646892768173,502.93175950040825,106.816074265021
2022-12-05,165.90663693699344,276.02608244242197,186.7282035934481,339.5690597943357,201.8962457455677,378.1104306301268,153.0165229797674,259.13830648998464,265.53207049592794,477.5810770480168,106.8338981377307
2022-12-06,163.16208588862796,262.0291562977626,183.44418772549383,321.2701988248371,198.13460685555404,356.53232839501464,151.92350414639702,253.41374644838078,260.03015441973645,447.28915988032884,106.85180977343039
2022-12-07,162.63466339047756,259.52087255025407,182.81221486829665,317.9992428881271,197.40991432965563,352.6853050425518,151.72301216703875,252.37640903307928,258.9685430963102,441.91825258109344,106.86976681368398
2022-12-08,164.17981780694538,266.8974514432733,184.65574119794178,327.5996468358032,199.51583499729298,363.95578934994137,152.36773363338608,255.53822461849558,262.03336883002765,457.60130189486097,106.88738760261695
2022-12-09,163.3476906136727,262.7962613778415,183.65944155359085,322.24770718637234,198.37410598784803,357.65662625482173,152.04396775699482,253.8439615929131,260.3624849209829,448.7930139241148,106.90496888125239
2022-12-12,164.99329834632758,270.4536108974974,185.62341309708344,332.2208671173574,200.61828001169516,369.37328088664066,152.72826936573756,257.103585544945,263.63040151657316,465.12057211379056,106.92268031954919
2022-12-13,166.41780634787253,277.258416110895,187.3242456274824,341.0987147996929,202.56265081717243,379.82090943713945,153.31963512332644,259.9580949800335,266.46444217998055,479.729439967711,106.94069169962684
2022-12-14,165.43633969560668,272.003133589414,186.14847498335212,334.2257245357358,201.21445164869365,371.7137570737527,152.93846444919546,257.82683119166626,264.48892197812654,468.34311649333193,106.95857880341705
2022-12-15,160.99803046023226,250.45157420701045,180.84044269040166,306.08551838543434,195.13733380401007,338.5726264070589,151.1577151988753,248.9135785205615,255.60831247259594,421.9384774279375,106.97638401127737
2022-12-16,159.7753784569852,244.5429503301472,179.37938364031803,298.40987206872256,193.4661116335069,329.5795534466584,150.66968695231074,246.36779334574052,253.1712221301219,409.4779724937113,106.99423463408561
2022-12-19,157.98881605521802,236.44238878134297,177.24639692154923,287.9040544835773,191.02841226191472,317.2906243146797,149.94665214272842,242.82031095043527,249.62212623626868,392.5059054281273,107.01196086145059
2022-12-20,157.89573097593544,235.62207572594528,177.1335768452452,286.83974798696045,190.89777878246522,316.0455501586538,149.92217509079833,242.4746972893154,249.42779575801248,390.7872150923719,107.02994481598427
2022-12-21,158.7024641740472,239.27940438576186,178.42844422229786,293.16786051812716,192.57176360848555,324.3932013788647,150.69965481158854,246.186834556252,253.0460441864974,407.7592821579559,107.04784684842075
2022-12-22,155.56668754595626,226.6866854683505,174.69207730837795,276.79046021253527,188.3068760375932,305.2136337760348,149.4255488782488,240.5652271791836,246.855230379192,381.0301670890303,107.06566691657666
2022-12-23,155.85181368691156,227.21122805163975,175.03044191207337,277.4680771252757,188.6912137024431,306.0017840779977,149.5594259082349,240.83139810572712,247.41046031706696,382.1163420237197,107.08357492395974
2022-12-27,154.09423858326062,219.46856990967126,172.93139376108772,267.41897324110255,186.29337670361943,294.26435440587915,148.83556996750653,237.26353162670898,243.9125117084549,365.82371800337916,107.10144343318815
2022-12-28,152.47194480366178,212.38638223221383,170.99514056774782,258.2472254709387,184.08293542476002,283.57523702705515,148.16440632433833,233.93675072507403,240.69217806878038,351.05173889160375,107.11982493092023
2022-12-29,155.450410697598,224.37983464464466,174.5423831689053,273.7391189409807,188.1244539908677,301.5843238189294,149.4449752333936,239.73888548115548,246.55910774565876,375.8165274025214,107.13820958341331
2022-12-30,155.3810545824392,224.3875187635851,174.4577738629931,273.7461497998988,188.02600162114084,301.58948785209327,149.43019825641255,239.7655683239751,246.4110464288921,375.8165274025214,107.15655487604634
2023-01-03,154.5460626763949,220.34839215624754,173.45981860992796,268.5076493747342,186.8852821703284,295.47566172126375,149.0931726691456,237.9002766917838,244.74535661526735,367.34436291194424,107.17477574261952
2023-01-04,155.14046742222683,223.06645455613508,174.16677426532044,272.0238511667168,187.68984186373754,299.5695970298177,149.35867569817694,239.20748975258817,245.9113394848047,372.992472572329,107.19346753386509
2023-01-05,153.20299886794612,214.6556881740525,171.85384657089534,261.12311278751815,185.04877564827993,286.85578683737066,148.5573424019274,235.28509019002212,242.06174524887186,355.3964386303612,107.21224765922864
2023-01-06,156.59140668628106,228.09905869492647,175.89038552000372,278.4957906788146,189.64895961609287,307.0600738103109,150.00982330745143,241.75556648278845,248.74301216796678,383.20251695840903,107.23149906481031
2023-01-09,157.40796251875818,231.93478100025894,176.86292324627385,283.4685536550967,190.75724706398267,312.86214188283157,150.3672365934083,243.55863849748752,250.35317898780406,391.2402114751104,107.25079647942376
2023-01-10,158.4795757888289,236.88837869849272,178.1402347308323,289.89797583230245,192.21390988476483,320.3723316315354,150.8304190096306,245.85926880780482,252.47230658402663,401.66749084812824,107.27022504632569
2023-01-11,160.67873164379876,246.32643062309148,180.76468198482283,302.16659807801864,195.21021131126147,334.72475476861985,151.76158182652597,250.17000311888228,256.8401154286427,421.65310964641264,107.28978483537679
2023-01-12,161.37928034046902,249.3811614711189,181.60000616504382,306.1445759038612,196.16326326975698,339.38698522865906,152.06659452415073,251.55290451459734,258.2281902733301,428.17015925454893,107.30930561567322
2023-01-13,162.2733703857469,253.3377035392161,182.66696954089156,311.3018287085583,197.38151461528207,345.43695719902246,152.45054546877475,253.32437398735524,260.0049260745298,436.64232374512596,107.32857444932047
2023-01-17,162.54257235463584,254.45596188052636,182.98688834923618,312.75832757630207,197.74544936290624,347.1445796020626,152.5766242688494,253.83922970836,260.53239451551093,439.0319086014426,107.34788933365094
2023-01-18,160.85804068289022,246.9108429589292,180.96987740720954,302.901261586491,195.43543026958397,335.5564934467485,151.9004093718351,250.57216308075158,257.14549189447393,422.739284581102,107.36737808736925
2023-01-19,159.59959081918436,240.72796572575027,179.4635540314973,294.8388521765969,193.71093328959478,326.0959341539533,151.39594134668297,247.85251973991933,254.61919567714298,409.48795037789176,107.38678516701955
2023-01-20,163.09958146158604,256.4702265376714,183.64309676952732,315.32136707931346,198.48558942546546,350.07898775581447,152.86393963627035,254.9689035228963,261.58733139747335,442.9421383663243,107.40628098218382
2023-01-23,166.00424400088832,269.96342790696445,187.11594105228184,332.94405007185907,202.45778909866115,370.79135328742507,154.0706231958918,260.86371705616045,267.3987380805642,472.05162661599934,107.42582295830694
2023-01-24,165.86793626314378,269.3694118255773,186.90922810093042,331.92021858700116,202.19415938736094,369.4318204327998,153.97878016323898,260.34841792907537,266.85276197498723,469.227571785807,107.4454111192789
2023-01-25,165.75870958275206,268.7029033579975,186.7188211934735,330.7210799639717,201.93962832315665,367.8167876578077,153.87738268168283,259.7042303656296,266.26051670792066,465.751811994801,107.46496021491309
2023-01-26,166.90946784581578,274.1739097557563,188.55607744162944,340.31492896913676,204.31670918171054,380.60734805824876,154.9456563794288,264.9920165715062,271.45191662705116,492.68895037509736,107.48451286739665
2023-01-27,167.5106786998535,276.95646516436113,189.5116670879519,345.2224675615082,205.55184671365097,387.17982275158954,155.50377337305176,267.68138613845366,274.15403565804246,506.80922452605904,107.50402642479224
2023-01-30,166.34513394456613,271.1723737936082,187.6131026763987,334.8957879499676,203.07324096912285,373.267597181731,154.42177305588322,262.0909999571606,268.61099011159115,476.3963263547568,107.52362884548357
2023-01-31,167.23730619297515,275.44576262657193,189.03595968890386,342.4091057871513,204.91397932612747,383.30303213152973,155.2499957829543,266.2212759759473,272.6364071611843,497.6853550746684,107.54319217239852
2023-02-01,168.50863833688481,281.7060834240389,191.0742047460655,353.50003836556255,207.55789147907313,398.1877724552078,156.43020081300284,272.27194299230626,278.46632150887103,529.8361331414736,107.5626737070123
2023-02-02,170.6450236123998,291.9261203676404,194.52018035726962,371.7937708181403,212.04234326178613,422.90107568705093,158.41345330949875,282.14971802032716,288.4604603906197,584.5793498498176,107.5819880363188
2023-02-03,169.60347299721874,286.6825244614821,192.80910340088437,362.22489653313283,209.7964775955813,409.8248176096913,157.44655942502055,277.0817264871546,283.3338372975746,554.3836866654533,107.60130583377372
2023-02-06,169.12130241447926,284.1606273776742,192.01107369762084,357.64473139698345,208.74686886048676,403.59151682524066,156.99895008090328,274.6442859793419,280.9370947324144,540.2634125144916,107.62079789572338
2023-02-07,170.36765239357396,290.35268749223906,194.01761631084332,368.7502336938507,211.35701018111078,418.6155402365753,158.15596362891674,280.62897831550276,286.75775524780323,573.7176005029239,107.64033619534136
2023-02-08,169.3274946968035,284.9229112434218,192.31030698556611,358.8703151933488,209.11746561998982,405.1411899717479,157.19036282062052,275.3810414896103,281.65889365165185,542.870232357746,107.65987804209112
2023-02-09,168.82374358083283,282.2829609689294,191.47798960407215,354.09217588520545,208.02378572153876,398.6533980015964,156.72271980238233,272.82950131020567,279.1696127635126,528.3154882329085,107.67946615879045
2023-02-10,168.4561159568388,280.2854787171734,190.86724018284616,350.48481192436515,207.21990358294966,393.7651280196646,156.38144315559808,270.89891334714923,277.33735396852535,517.4537388860149,107.69927148917324
2023-02-13,169.42064093700122,284.97290686511224,192.4133352810748,358.83052980543295,209.2265172081542,405.0021471862537,157.27683248296492,275.429362792769,281.77919347152476,542.0012924099944,107.71916593793442
2023-02-14,169.87922740878244,287.16598301465666,193.14206985171555,362.74695017882016,210.16964839285944,410.2915474375921,157.7025481885743,277.5489943502733,283.8613057385557,553.7319817046398,107.73914955304393
2023-02-15,170.35517192019034,289.4480698449157,193.89977398916062,366.83634700153095,211.1512719304168,415.82682102620385,158.1443777364847,279.7546556828208,286.0359563285659,566.1143759600985,107.75909412180047
2023-02-16,169.25682663309865,283.6905302209902,192.09850017832068,356.3831570973232,208.78962867358211,401.5924202214322,157.12476013398367,274.189932048856,280.66873359577494,533.7463629063553,107.77899962113129
2023-02-17,168.85938739771146,281.5831355646594,191.43873652904136,352.5726522117658,207.92132486679952,396.42475690767844,156.75580872581736,272.15311257106333,278.68841348402105,522.232908598648,107.79912264467167
2023-02-21,167.4806616657039,274.68900439265354,189.19044013925873,340.2127252593866,204.98331521274787,379.733285398496,155.47590791329748,265.48986104794875,272.0904310556073,485.52019580614746,107.81924942530827
2023-02-22,167.5449328787017,274.808514465433,189.27895505957218,340.39684066110874,205.09071289638888,379.9656490380679,155.53557226555242,265.6053688116694,272.2940153661615,485.9546657800233,107.83946553457552
2023-02-23,168.07743817622352,277.24966421952405,190.12321264106225,344.68928454519596,206.1807955365913,385.70115404858353,156.0299084102597,267.96476616157,274.6722502667257,498.11982504854416,107.85959984748584
2023-02-24,167.11282578775985,272.37431127265154,188.5492350036433,336.0027626442466,204.12479975924444,374.0226760146694,155.1344379398829,263.25268538758075,270.0730956146618,472.9205665637507,107.87973791960022
2023-02-27,167.5520483497613,274.4656407551522,189.2420321063105,339.661302371384,205.01717781512525,378.89567005051686,155.54217771069588,265.2739777030201,272.00714656492613,483.1306109498307,107.89996537046014
2023-02-28,167.49678558181324,274.0241720219316,189.1375619543076,338.853358066244,204.8736263631246,377.7998470487131,155.49087609213842,264.8472934500449,271.6555009376053,480.7410260935141,107.92032506630682
2023-03-01,167.04599411823756,271.7174223022504,188.39510730124087,334.75103469853326,203.900839677686,372.2970254059748,155.072396660651,262.6177951710562,269.4715965152973,469.0103367988689,107.94064577830842
2023-03-02,167.55039640673647,274.0413495107273,189.19250713273095,338.8139602182275,204.9287638106262,377.7052985559997,155.54064417638182,264.8638956767108,271.701770099095,480.3065561196383,107.96105598375023
2023-03-03,168.7833920086541,279.93148063399707,191.1660845593277,349.18976992795604,207.4862754626653,391.5711623945516,156.68526056823654,270.55677041310094,277.31884630392955,509.6332793562512,107.9815128901916
2023-03-06,168.8712023974305,280.38358839213953,191.29263914922743,349.96707660838337,207.64324292969985,392.60230177588255,156.76677684470363,270.9937373974668,277.6334766020587,511.80562922562984,108.00197367289199
2023-03-07,168.1671164507361,276.75281031097035,190.13765521047398,343.464484408605,206.13089449649743,383.8336256462299,156.11315868531398,267.48455154418946,274.2280663164258,492.68895037509697,108.0225240484381
2023-03-08,168.48234739695295,278.11179626121134,190.6309584397752,345.84522105175074,206.76462644153406,387.01135173910313,156.40579436681884,268.7980260019434,275.59763349651735,499.42323497017105,108.04354986115467
2023-03-09,167.48206234056428,273.0240138037008,188.9981599549101,336.7778264152175,204.63136004694968,374.8201950903988,155.4772081899589,263.88062983359936,270.82265603079304,473.13780155068844,108.06466551524458
2023-03-10,166.68007712539256,269.1099322252202,187.68948373814828,329.85244938135924,202.92306795030834,365.556374326951,154.73270802963143,260.09762811972024,267.0193309563498,453.58665272627974,108.08574241330042
2023-03-13,167.13369384751346,271.173695255086,188.40362764849277,333.4387992498511,203.84174457852401,370.3116835091593,155.15381020951872,262.09227716381434,268.9996510681036,463.36222713848406,108.10665185751729
2023-03-14,168.49835136658146,277.65879060083694,190.5860673396091,344.80360534528717,206.6676113938343,385.4436490290008,156.42065119675644,268.3601911854655,275.18121104311115,494.86130024447573,108.12696475420557
2023-03-15,168.82835325092466,279.10056938999384,191.1039166996785,347.3335475312735,207.3336827877652,388.8228922429028,156.72699905848015,269.7536858076528,276.624808881586,502.0300548134255,108.1473243751484
2023-03-16,170.406101138795,286.8691418492955,193.6402308135716,361.1174158501747,210.62814572406992,407.3250892852393,158.19165642778623,277.2620941886912,283.91682873234333,541.7840574230563,108.16712992681472
2023-03-17,170.14447010437553,285.4136590058625,193.20034664143918,358.47171305264374,210.04627790273395,403.72911422015505,157.9487786996348,275.8553544514562,282.5750230491456,533.746362906355,108.18689618210493
2023-03-20,170.37476818419134,286.5030283890157,193.55951765897794,360.3995772446234,210.507554294291,406.3205745035505,158.1625693707125,276.90824161307626,283.57650054192294,539.3944725667396,108.20572156066679
2023-03-21,171.24699182841306,290.77800588514083,194.9597235189739,368.0532157059375,212.32711295637418,416.6601083469647,158.97227337856688,281.0400530918022,287.6266665953536,562.2041461952163,108.22579543956743
2023-03-22,170.45249402172144,287.2720413329749,193.65216141580385,361.68458912008595,210.61043478180488,407.9931101799881,158.2347239409066,277.651500849416,283.7155222600041,542.6442645243328,108.24574420225856
2023-03-23,171.18039480339831,290.8916145080368,194.81822019501837,368.16618025407877,212.12445966190975,416.7517961339688,158.9104499248886,281.14985704108375,287.0798478375678,561.9930065333042,108.26573959667371
2023-03-24,171.4211869756703,291.9617384975405,195.194485158192,370.07226589461675,212.6083513935593,419.32574811791403,159.13398248817123,282.18414332387687,288.13641289498446,567.7096803086822,108.28548090911205
2023-03-27,171.03048817782226,289.8988613888206,194.5436521105703,366.3078935121012,211.74990616246544,414.1919686279869,158.77128837344824,280.19035053204664,286.1623044982321,556.0564606896426,108.30526879163531
2023-03-28,170.73359901854798,288.24950806513493,194.04541757576231,363.3008957219523,211.09112093679977,410.096181990848,158.49567976808035,278.5962329018472,284.64233371387826,546.8218338217246,108.32579092094008
2023-03-29,171.84374262651357,293.80115119292236,195.83248216027948,373.267960922358,213.4161622759494,423.5820566586001,159.5262500061363,283.96195536985397,289.83247785557444,576.7244351083165,108.34584408818793
2023-03-30,172.43371572545587,296.61994179547213,196.7774184827323,378.3543642634234,214.64399869652166,430.49279499082803,160.07393474949828,286.68634663935114,292.57583975904237,592.3353519564639,108.36590096765899
2023-03-31,173.45891696255836,301.743734734685,198.43257537494924,387.659921352914,216.80228815500377,443.18174650850085,161.02565115393008,291.6385473234586,297.4415998918825,621.3584649699209,108.38669259984862
2023-04-03,173.33245921495435,301.03301290424105,198.21000016601263,386.32442562412007,216.50235939120765,441.33303901182757,160.9082577013018,290.95162707186165,296.7186869578605,616.9610236042455,108.4069720941188
2023-04-04,173.14910990716126,300.01864926705167,197.89441700151954,384.4334583571357,216.08052266402245,438.72408311589004,160.7380505871736,289.9712337660396,295.7177305876763,610.8046056923001,108.42747047594531
2023-04-05,172.57201020026022,296.6912288097759,196.93619757703743,378.31152019444323,214.81685187182796,430.323769594359,160.20231649110207,286.75524630122106,292.7982745079722,591.235991615045,108.44788668020757
2023-04-06,173.00027346491595,298.81272246180504,197.61855326281633,382.145577842284,215.70196774667113,435.5410532243666,160.5998825099847,288.8056926091709,294.7723829047245,603.1090833023685,108.4682206589601
2023-04-10,172.98731273768365,298.6207590601969,197.58135506571938,381.7638331453451,215.6450708308533,435.0024466102676,160.58785078755403,288.62015792811604,294.6055568430271,601.7898508926658,108.48877366505721
2023-04-11,172.62081287795786,296.63494773432416,196.9667300730388,378.1050014509938,214.83162771424475,429.9824886204024,160.24762106864657,286.7008500397676,292.7148614771235,590.1366312736262,108.51006243433395
2023-04-12,172.10893427851715,293.92606213199764,196.11591027506608,373.1407829435399,213.70967756258952,423.19135553961144,159.77243313233254,284.08268312862174,290.1290575208142,574.5257144254788,108.5311831429149
2023-04-13,173.31021310861055,299.8686152948912,198.0551054970932,383.88707526790836,216.23718706242278,437.8002209444756,160.88760616131538,289.826224327058,295.8104117330637,607.5065246680435,108.5522218266313
2023-04-14,173.2183775693747,299.2992496552797,197.8884567701441,382.8133847155785,216.01032916252228,436.3135937963605,160.80235325092326,289.2759263459643,295.2543248607391,603.9885715755033,108.57360919890786
2023-04-17,173.29212275142666,299.45229105528995,197.99196713060778,383.0604355507276,216.13733608703228,436.6341554567838,160.87081249284248,289.42384249613247,295.5045639532851,604.6481877803548,108.59517312406821
2023-04-18,173.31861172836506,299.5677144115423,198.01811358109293,383.2383023123106,216.1628817883837,436.85986003158683,160.8954027810479,289.53540040461473,295.52310018236267,605.0879319169222,108.61704298532237
2023-04-19,173.3127181639859,299.37825683852657,197.99143719184102,382.8590419287924,216.11924742792726,436.3235085233656,160.88993165821148,289.35228763369895,295.38407846428146,603.7686995072196,108.6388741489224
2023-04-20,172.87268461144856,296.9749360174651,197.25638591825023,378.43563728752605,215.14780657771547,430.25677274353666,160.48143902740483,287.0294523522213,293.1319266313669,589.6968871370586,108.66053725775566
2023-04-21,172.9580429367502,297.20689704752556,197.37880291026664,378.8258229441712,215.2995190334433,430.7720892222427,160.56067900049933,287.2536451690232,293.4377744111455,590.7962474784775,108.68203220927273
2023-04-24,172.85418041732592,296.62585416102877,197.1926774184153,377.7355650493476,215.04733748179038,429.2672673632043,160.46426118518235,286.6920610039052,292.8260788515884,587.2782943859373,108.70361766844763
2023-04-25,171.73552595530523,290.795390627786,195.3525983812738,367.0962383815636,212.63066781777366,414.741084808288,159.4257901378737,281.0568556315304,287.30228258649754,554.0776120750887,108.72546623287185
2023-04-26,172.1221422035883,292.52908793678466,195.9642990595658,370.19168272419427,213.42121886886622,418.92131286760537,159.7846943338448,282.7324926257486,289.0446881197812,563.3122389430068,108.74697402847389
2023-04-27,173.78250105291562,300.83934249946606,198.64805183317137,385.1836421308727,216.92010009535574,439.26309024014296,161.32604123917474,290.7644425539866,296.9040492486354,608.8257570777463,108.76865869293788
2023-04-28,174.22472113573943,303.0079418800287,199.35314345421395,389.11715789144836,217.83535152709962,444.62843582523215,161.73656367317227,292.86041705244617,298.95230256169765,621.138592901637,108.79043400575956
2023-05-01,174.17708631670848,302.7464202807264,199.25844576679881,388.60452821639086,217.70259514337278,443.9080019161207,161.69234324399878,292.6076536292675,298.6093823237641,619.379616355367,108.81186831150713
2023-05-02,173.66847246235758,299.9653996994203,198.40982477213694,383.4710044351111,216.58111564865433,436.8530018021212,161.22018604091627,289.919767489322,296.0050421383773,602.8892112340847,108.83404088864124
2023-05-03,173.29357458884488,297.93730291375556,197.7807317508686,379.73387340003933,215.74829074639635,431.72646157383195,160.8721602648091,287.9595902517641,294.06800619978003,591.0161195467613,108.85608841954348
2023-05-04,173.10238492347145,296.81287038934124,197.45177089461902,377.65343657875786,215.3089005678511,428.87055676651613,160.69467477775677,286.8728141890506,293.0299773714408,584.4199574982483,108.87822681054149
2023-05-05,174.41298262011716,303.2227517548852,199.57020739622965,389.27150591136063,218.07217118321688,444.68555808271714,161.91133086669555,293.0680330942803,299.25815034147615,620.259104628502,108.90036970389086
2023-05-08,174.58728412595315,304.1281113589406,199.8377309573441,390.8979815664663,218.41409168288908,446.8970823155896,162.0731387112609,293.9430728360805,299.9995995045756,625.3161621990287,108.92251710050725
2023-05-09,174.22359351946787,302.1101746316302,199.22544184723137,387.1583383519307,217.602074136815,441.74827705056094,161.735516882684,291.99271540360246,298.0996360241332,613.2231984434216,108.9448851174118
2023-05-10,174.91030838610612,305.5624894119129,200.32977781929367,393.44466588174146,219.0406118710684,450.33745553417805,162.37300909406096,295.32941456758095,301.34347611269334,633.0116845889605,108.96717126355387
2023-05-11,175.13292084964226,306.49425832541624,200.67662012845685,395.1244399589806,219.4868221746126,452.62641654959987,162.57966504189918,296.22997918945845,302.32589625380007,638.2886142277708,108.98924576392292
2023-05-12,174.93594535692932,305.42572642912916,200.33689823748642,393.1225133302824,219.03212073468205,449.8563042104796,162.39680844662644,295.1972316817896,301.2415268527671,631.6924521792579,109.01115173732747
2023-05-15,175.29056574336485,307.1031810630372,200.89963065825037,396.1727465732658,219.76152427498636,454.026558307168,162.7260101944418,296.8185095289141,302.8727150115859,641.3668231837437,109.03327840562653
2023-05-16,175.3829757277116,307.54871159809164,201.03359198620404,396.9596222061969,219.92851905932866,455.0904125059117,162.81179637461133,297.24911955680994,303.21563524951944,643.785415934865,109.05523649641657
2023-05-17,176.14902714715618,311.449243699041,202.2705870348323,404.11736753533427,221.54353654772748,464.91912140750856,163.52293841788884,301.0190255557186,306.8858086068617,666.8719831046602,109.0772855610971
2023-05-18,177.31739843236724,317.3487002534013,204.1695740911571,415.01753284499534,224.0304392534716,479.9483995363363,164.6075626637054,306.7209134210104,312.5856990481887,702.7111302349141,109.09946893762492
2023-05-19,177.20121945586087,316.62648460792184,203.96050134892846,413.63173797288164,223.74594531982578,478.00555888984377,164.49971121582408,306.0228842742342,311.8813223432442,697.8739447326712,109.1218732928532
2023-05-22,177.43304572735286,317.82077047333013,204.32381229112227,415.8243044566761,224.21505651983438,481.02655911375416,164.71492054017173,307.177174338228,312.92861928612217,705.1297229860355,109.14419564431448
2023-05-23,176.66992845713813,313.5628959850488,203.0501297077667,407.8287326823828,222.52847443216464,469.90730300149875,164.00650233086364,303.061893099531,308.9618662635401,677.8655865188485,109.16699898519018
2023-05-24,176.37646196493395,311.8251199499632,202.55031754803912,404.56377373322334,221.86197166951635,465.3735609077179,163.73407106110517,301.3823139729206,307.37701867741504,666.8719831046602,109.18954716890912
2023-05-25,177.9023896507098,319.7476725205004,205.03567264831486,419.2117080886479,225.1195319224749,485.57381577240665,165.15062261993282,309.0395457785677,314.85638711018083,715.0239660588051,109.2122299974579
2023-05-26,179.51737800100537,328.256574544364,207.67638738094521,435.1111277735607,228.5894176711785,507.6532008855036,166.64985111314707,317.2634906029372,322.9011105298098,769.1124948566111,109.23496087628075
2023-05-30,179.82641931784073,329.9100218025916,208.16874290926268,438.2035826913265,229.2302976786487,511.9618677255003,166.9367408282929,318.8615650646637,324.36547262693125,779.8862262025157,109.25752309736652
2023-05-31,179.4936611203569,327.6122239652664,207.59928084169727,433.80315038976505,228.46795309315544,505.7705315860912,166.62783422167428,316.64071887572874,322.52111783372135,764.0554372860845,109.28100045798448
2023-06-01,180.24432487079926,331.8153401583026,208.82056110492078,441.71413284520327,230.07104642926026,516.8170009640721,167.32469156016856,320.7030756363308,326.246899878296,791.7593178898388,109.3043527670109
2023-06-02,180.74239552141574,334.47357789871,209.625844580456,446.7290566346803,231.12592928469599,523.8361044310616,167.78706127998814,323.2722908471602,328.69368211652414,809.5689554208238,109.32762331671708
2023-06-05,180.81200033192877,334.77421586532546,209.7220436801087,447.26192153908056,231.243366897088,524.5636069948783,167.85167692577085,323.56286065776817,328.9253849799927,811.327931967094,109.35089882064939
2023-06-06,180.82613614049586,334.6931828947699,209.726473829295,447.0667585052518,231.23945582830862,524.2667655274938,167.86479950153094,323.4845414249301,328.8697762927602,810.448443693959,109.37400570700733
2023-06-07,179.7771542890326,328.7642625022051,207.96950319505493,435.71276447338676,228.90508673191547,508.2671543447685,166.8910070402475,317.7541764448439,323.2903713404369,769.1124948566111,109.39703067130398
2023-06-08,180.5827298052016,332.756506286319,209.2821028472926,443.2320861217235,230.6291669565435,518.77155192076,167.63884015437202,321.61272276655575,327.3034649357126,795.4971430506629,109.41997365968086
2023-06-09,180.84877260274618,334.21790065366145,209.70389765017487,445.9733768620429,231.17734870765298,522.600139436533,167.88581341731862,323.025176054884,328.55466039844293,805.1715140551487,109.4427477772144
2023-06-12,181.94272557865224,340.2364220428206,211.49736676655488,457.4065131099298,233.5402859233445,538.6555081229832,168.90135354267912,328.8421413566254,334.10626100715007,846.2875908242129,109.46548320517525
2023-06-13,182.4567499052471,342.9433486692054,212.33203205735077,462.5643191538564,234.63651534717255,545.9217828989442,169.37853340375696,331.4584148965688,336.6735287343818,865.1965886966167,109.48835367220204
2023-06-14,182.9454428825483,345.5518382787948,213.12560849887583,467.54942759584185,235.67911088659454,552.9592980827355,169.83219762732213,333.97954800681504,339.12031097260996,883.6658424324529,109.51105512648527
2023-06-15,183.73307976820027,349.84150005274427,214.41748698594353,475.79949979821646,237.38364377190737,564.6449586999057,170.56337792410875,338.1255519971335,343.16120891150194,914.6678040604639,109.53376128771686
2023-06-16,183.35302636201612,347.5336757154202,213.76493690211367,471.2735478301001,236.5069231047227,558.1763853636072,170.2105661559061,335.89501508869796,341.0017382239749,897.0780385977627,109.5563417595379
2023-06-20,183.28589008766272,346.98407542268296,213.63419740726277,470.1671358196386,236.32357481429574,556.5808061139,170.1482421054444,335.36382052678476,340.5141890586642,892.6805972320874,109.57897036107988
2023-06-21,182.43651644374495,342.5596793641069,212.2008016986077,461.5606823283331,234.41096034270802,544.3316765694242,169.35975024535531,331.0875944091445,335.8737667493338,859.8132409767569,109.60182105509766
2023-06-22,183.2146806833422,346.5872991683855,213.4748306998795,469.27187551452255,236.09001677456246,555.2217673425422,170.08213688064663,334.98033203275696,339.836687401502,888.363024267877,109.62472000699665
2023-06-23,182.60386193826753,343.038113595614,212.43899749342557,462.36482477265145,234.70547029806204,545.3920259689232,169.51510067469644,331.55000621162725,336.46774080492816,862.0264024721927,109.64762374314098
2023-06-26,181.7719489534963,338.3377392720046,211.037315222522,453.27275717228713,232.83732735649818,532.499508623402,168.7428179208204,327.007044148739,331.957250320259,827.9437154424832,109.67057577549197
2023-06-27,182.89099740885376,344.2405788532471,212.87408238274367,464.5286336512094,235.2592180517803,548.3447608331658,169.78165472063526,332.71220174569993,337.66496976073535,868.8872031080431,109.69392429291405
2023-06-28,183.04093997380036,345.0242141619658,213.10419678795722,465.9973821615102,235.55448786341785,550.4021841937088,169.92084963536794,333.4695936539928,338.3239097286602,874.1987906970887,109.71701660515112
2023-06-29,182.93769609997318,344.24598798292305,212.9132545906132,464.45378280356937,235.29130097609442,548.1911858854152,169.82500612209225,332.71742972739236,337.646408071498,868.2232546594124,109.74011377868645
2023-06-30,183.95014632064309,349.72942631600836,214.57732565500382,474.98059092705194,237.48812313449025,563.077669943426,170.76488548314873,338.0172315317443,342.8529619025666,907.3962131286237,109.76330290987181
2023-07-03,184.12689342901163,350.61313007385195,214.85253846536773,476.65237710638246,237.84366029673706,565.432240367521,170.92896363325477,338.8713406665317,343.6603953843902,913.5930653158435,109.78636627054277
2023-07-05,184.15034811412227,350.5719242139699,214.8722522614036,476.52934638011465,237.85983433945864,565.2332985962317,170.95073712295877,338.83151476218353,343.65111453977147,912.9291168672129,109.80947804328345
2023-07-06,183.68468435244154,347.734581664315,214.07665096166272,470.9766749850279,236.79295957594127,557.3059668340169,170.51845141659976,336.08919283736225,341.0339163573092,891.4614503614869,109.83259468141915
2023-07-07,183.49646632070778,346.54351739356207,213.7438923842606,468.6294592905484,236.34126996159287,553.9494660065309,170.34372456110245,334.9380164790638,339.9016533138325,882.3874882302006,109.85580335470004
2023-07-10,183.5427129515483,346.682379840461,213.80149246469654,468.8552812761431,236.4077093231868,554.2463779780545,170.38665630525932,335.07222851937996,340.0130234492566,883.0514366788312,109.87901693219465
2023-07-11,183.8853946400288,348.4635878213363,214.35230912807017,472.2539704177666,237.12854921445972,559.044084184379,170.70477510244984,336.7937850861806,341.6928563252341,895.6664572028146,109.90232262050823
2023-07-12,184.72366145222188,353.032188432887,215.72872264831426,481.0560742074936,238.9456702722192,571.5240139956795,171.4829562512648,341.20938644680285,346.00844907291133,928.8638796343497,109.92567686406507
2023-07-13,185.8468099696146,359.23380786051433,217.58295515848948,493.08468428701156,241.4000973194633,588.6486835695945,172.5255992270351,347.2033179612929,351.8832237165237,975.1189548889553,109.94894882779802
2023-07-14,185.85865951148406,359.16909569871314,217.58303218977116,492.91305467904357,241.38997868877144,588.3778879765964,172.53659941214414,347.14077296469685,351.8089769595744,974.233690290781,109.97222571835346
2023-07-17,186.49181502582022,362.70269511368554,218.6221156888009,499.79588928433844,242.76304996628951,598.211921314677,173.1243713224212,350.55603459759106,355.09439595458036,1001.234260535096,109.9955948163186
2023-07-18,187.05154295757018,365.7833331836818,219.53958022349514,505.81472602404585,243.97526112473605,606.8313220470848,173.64397882520842,353.53350424531396,357.9993003202211,1025.1364046858012,110.01896888021705
2023-07-19,187.0621045942568,365.83385700657783,219.53729506028404,505.8684688386858,243.96184476232486,606.8829027094586,173.6537834201782,353.58233606058786,357.91577271865316,1025.1364046858012,110.0423479111041
2023-07-20,185.5786887202919,356.9004497177275,217.03023511662408,488.17532051844677,240.60829789417895,581.3856608934204,172.2766964925062,344.94810235674674,349.6651018526637,953.2086560841419,110.0657319100352
2023-07-21,185.40951242485886,355.84763932945975,216.72782987255226,486.0736411801848,240.19576195226495,578.3573927984946,172.11964649122095,343.93054985474885,348.616366410755,944.7986424014863,110.08912087806605
2023-07-24,185.53882512388978,356.3928519907467,216.92399167625786,487.09320350291546,240.4464179118115,579.7885249062173,172.2396902567912,344.4575037239316,349.17321708787466,948.5610169437269,110.11255850241174
2023-07-25,186.0046871372824,358.9451615441026,217.68225627549285,492.0319931323749,241.44474634418307,586.8181794846547,172.67216000448727,346.9243382088795,351.5398324656331,967.5942058044736,110.13604481201295
2023-07-26,185.81391638812053,357.70183674331906,217.34341473765397,489.55228017551065,240.9834506907864,583.2442538195471,172.49506340638303,345.7226514892843,350.37044604368185,957.6349790750132,110.15953613109491
2023-07-27,185.68463598289628,356.68088601739265,217.10752258322975,487.51141861096465,240.65931100034797,580.3016360842736,172.3750496198495,344.7358916917368,349.53517002800237,949.446281541901,110.18303246072605
2023-07-28,186.89414243620988,363.48149925787,219.10794475194595,500.7455370929042,243.30995794445164,599.1805137183273,173.49786052879654,351.30875713368346,355.9018294364037,1000.7916282360086,110.20653380197511
2023-07-31,186.9542172528115,363.7851855921904,219.1884921257437,501.2973487270494,243.40689261743606,599.9472479119385,173.55362927583258,351.6022732242861,356.0874463287769,1002.7834735819008,110.23008388866258
2023-08-01,186.82854628029827,362.85246772540717,218.95782249487215,499.415056597729,243.08904400100198,597.2182162174767,173.43696620347833,350.7007914289128,355.2614511577161,995.0374083478758,110.25377023406959
2023-08-02,185.4196653487343,354.5984463843027,216.5788826703778,483.1398752815296,239.9092704796466,573.8376714218842,172.12907166927914,342.72319151084616,347.46554167804106,929.9704603820671,110.27741791772496
2023-08-03,185.3414635532657,353.76171697437246,216.42852065799917,481.46691405841796,239.69912693859533,571.4286781991286,172.0564752570725,341.9144835857936,346.9086910009214,923.33097589576,110.30102691255298
2023-08-04,185.06359853141754,352.089712761192,215.9450962765689,478.17182165110637,239.0463614343525,566.711231914464,171.798527168502,340.29847362860465,345.28454319265575,910.4946392222333,110.32468473201578
2023-08-07,185.63781492272028,355.194123190435,216.88244004854357,484.150851639143,240.28124925555,575.1902671602109,172.33158462055985,343.2989195158284,348.20800924753394,933.068886475677,110.34834762570536
2023-08-08,185.11136556671565,352.0592104602944,215.9837788715255,478.0017919516873,239.07616570375038,566.3991121125375,171.8428703368859,340.2689928285091,345.24741981418117,909.1667423249717,110.37210317276364
2023-08-09,184.42498562032486,347.99920796758187,214.81973979718836,470.08276321717614,237.51965928641008,555.1144779479271,171.20568903919317,336.34495699013314,341.4515543651489,878.846429837503,110.39590763231698
2023-08-10,184.57004877353137,348.5999154167245,215.04134344381933,471.1986795760551,237.80347609903396,556.6719461718604,171.3403542908422,336.9255471653969,342.08265179921784,882.8301205292872,110.41962961008798
2023-08-11,184.18391678335567,346.20158690208035,214.3788909937012,466.52423140265375,236.91418741063535,550.0212209048444,170.98189964210925,334.6075370014733,339.9016533138326,865.1248285658021,110.4433128679468
2023-08-14,184.93302352722893,350.27957164835846,215.60477740090508,474.3317643530804,238.52972498881235,561.0435065039493,171.6773115778475,338.54895288027353,343.71608045210223,893.8959280064659,110.46700120548853
2023-08-15,184.27205002170433,346.5647505115649,214.48403079560964,467.10166977314645,237.03155817247224,550.7571721652819,171.0637156267926,334.9585385147407,340.0687085169685,866.4527254630634,110.49078229602583
2023-08-16,183.61489921703838,342.5854814870918,213.37153817471548,459.39674794116,235.54602121986113,539.8316586487492,170.453668371335,331.11253243701054,336.4677408049282,837.6816260223999,110.51456850610342
2023-08-17,182.93862794022417,338.57851092655704,212.22918378041294,451.67832586146693,234.02259235515274,528.9246246324177,169.82587116948102,327.23975252835817,332.7925263359385,809.3531588808232,110.5383598368235
2023-08-18,182.8838740479894,338.0750155208083,212.11885937827026,450.6771037712776,233.86653229788402,527.4949094562492,169.77504195121597,326.75311883289567,332.37488832809873,805.5907843385827,110.56215628928837
2023-08-21,183.94070260098627,343.84350483708965,213.85042262674773,461.62101515475894,236.14739356034238,542.8433979212451,170.75611867465196,332.32842546164943,337.729935673066,844.5424266582504,110.58591399072908
2023-08-22,183.87449334588922,343.35557858498396,213.72069140149043,460.64255124391343,235.9652982838904,541.4392324311407,170.69465519614587,331.8568395197235,337.2473317528956,840.78005211601,110.6097645638457
2023-08-23,184.9150766873633,349.06605238516863,215.42877831461863,471.54442583481256,238.21816280336427,556.7927529324454,171.66065113959434,337.3760735315875,342.5652557193883,880.3956428843085,110.63362028092524
2023-08-24,183.55755573593893,341.0683919023583,213.14953461826804,456.0667892907593,235.18345990397057,534.8378158211807,170.4004351819137,329.6462491253115,335.242669315265,822.410811703894,110.65748114307708
2023-08-25,184.08133254053334,343.9432330484552,213.9986776245674,461.51620576755795,236.29760246645696,542.4834589246824,170.8866684785124,332.42481384471023,337.84130580848984,841.8866328637279,110.68139106310979
2023-08-28,184.59228541489384,346.68168680822635,214.82731483587725,466.7226074699224,237.38531344384091,549.8036465395393,171.3609970442824,335.071558696312,340.38425723400303,860.6985055749311,110.70543791295387
2023-08-29,186.0292274074092,354.4680911850015,217.19642689001466,481.6543887109908,240.51651255209413,570.8876226258017,172.69494126615922,342.5972018163337,347.81821377355027,915.5849106617355,110.72935819507434
2023-08-30,186.41836229709207,356.58692207585034,217.82543116531178,485.7229306769732,241.34200451310573,576.6497984862976,173.05618357122574,344.6450745371197,349.75791029885033,930.8557249802416,110.75319576524134
2023-08-31,186.64008678609792,357.7644005717389,218.17544817917195,487.96939682545116,241.79697948940114,579.825373462919,173.2620151931691,345.78312009868694,350.80664574075905,939.2657386628971,110.77703846710745
2023-09-01,186.5970756502845,357.3718936801561,218.0834925429655,487.15958142313565,241.66427494269578,578.6457014654678,173.22208702878007,345.4037579893915,350.43541195601256,935.9459964197436,110.80088630177744
2023-09-05,186.70606397618198,357.7469688663974,218.24545305648945,487.8453011675604,241.8692949348936,579.5983186838131,173.32326324072196,345.7662721690104,350.88089249770826,938.3804740647229,110.82460736453928
2023-09-06,186.15657125765551,354.4894643461834,217.3077601835053,481.4544756722837,240.61186889569305,570.4620499790282,172.81315730696844,342.6178592052412,347.79037123969425,913.5930653158434,110.84842146171701
2023-09-07,185.71660952913516,351.833933667196,216.5540560137557,476.2577897548004,239.60009052627606,563.048642943183,172.40473135194478,340.0512603982312,345.30310488189315,893.6746118569225,110.87224067609063
2023-09-08,185.83329994748175,352.2488428463184,216.72856732773394,477.0164340051279,239.82153116879124,564.1008096010289,172.51305758230941,340.4522745580673,345.7857088020634,896.3304056514453,110.89597701491786
2023-09-11,186.62562236459257,356.49893597203356,218.02867706858416,485.19463153136877,241.53759212464223,575.6820230716656,173.2485875589359,344.56003502660803,349.85999958965556,926.8720342884576,110.91980644807407
2023-09-12,185.9274049971926,352.55641772311884,216.84330588975317,477.4845737974551,239.9513913441198,564.6797290841968,172.60041732818993,340.74954896657215,345.9806065390553,897.2156702496195,110.94364100172155
2023-09-13,186.20129852915974,353.8232622012002,217.27963721238882,479.89159167880064,240.52045529886064,568.0713028519162,172.85467859710687,341.9739677058617,347.2984864749051,906.0683162313619,110.96752470221496
2023-09-14,186.7602193320696,356.7765559780559,218.19135426447804,485.56962835308684,241.72120277672698,576.1125351709222,173.37353682479582,344.8283577320836,350.13842492821533,927.3146665875445,110.99136950960633
2023-09-15,185.6670402853899,350.4188853075648,216.34674989364336,473.1638661928282,239.25858177071325,558.4249371770574,172.35871515461656,338.68360102211153,344.14299930456053,879.7316944356776,111.01521944079262
2023-09-18,185.76058738729554,350.74561005427654,216.48251057226352,473.7504542326583,239.42844617637974,559.2316387778651,172.44555694552417,338.9993839847285,344.500822268833,881.7235397815697,111.03911855053332
2023-09-19,185.6479618512192,350.05507573563176,216.27507136474674,472.3743950075606,239.14284452959356,557.2583868924164,172.34100423298088,338.331975179228,343.766576195363,876.411952192524,111.06297874207903
2023-09-20,184.73749796286955,345.23803786207714,214.73995259341328,463.0449027208521,237.09566520426034,544.0273197958396,171.49580098231556,333.67625654738697,338.81273876296444,841.6053400376578,111.08679998811478
2023-09-21,183.57852293168716,338.4044499014886,212.79556972936632,449.90869746101333,234.50929122805962,525.4835641415204,170.41989948163007,327.0715206857279,332.60417702780074,793.6728504725991,111.11071450755668
2023-09-22,183.61323584915493,338.535065562057,212.83338286867144,450.1151879604099,234.54918161196966,525.7503091392934,170.45212423107841,327.1977621188412,332.65064829827344,794.2302050024254,111.13467826681654
2023-09-25,183.94417293809562,340.16226726781247,213.36174974554956,453.16440577885004,235.23781556334504,530.0015845556948,170.75934026338632,328.7704699733589,334.2306714943481,804.8199410691245,111.15860309338782
2023-09-26,183.0032530152392,334.9003067296616,211.7828518672116,443.10817406116774,233.13871043552416,515.8650779662286,169.88586401947342,323.68472882692225,329.2117742832875,768.9263093483131,111.18262129155625
2023-09-27,183.17904253197324,335.6610324105365,212.05386129066457,444.50502667324264,233.48664063127788,517.7942386820565,170.0490532166263,324.4199783348435,329.9831973731357,773.6080873988537,111.20664467937105
2023-09-28,183.74108814037427,338.552104012069,212.96371295237634,449.9332252066564,234.67872566751234,525.3596910798336,170.57081226860126,327.21422996303517,332.74359083921894,792.3351996010163,111.23067325795357
2023-09-29,183.81350296526935,338.8662042708101,213.06396716158176,450.488051945886,234.80119349492674,526.1144763959023,170.6380365112987,327.51781122298655,332.9852414456774,794.1187340964602,111.25461875011324
2023-10-02,184.37609249870553,341.74376188266666,213.97593868626566,455.9114504090859,235.99711792772538,533.6924985062163,171.16030050060692,330.29900143559956,335.76422341994976,813.0687881105533,111.27852524854707
2023-10-03,183.26966772865393,335.46230828304044,212.12162015504975,443.89760248114396,233.53265930025512,516.7930926964005,170.13318253993816,324.2279093398996,329.87166632400084,770.0410184079658,111.30274599104659
2023-10-04,184.16851809665386,340.26878830651526,213.5880550209636,452.94209923423574,235.4598370868356,529.4063030064215,170.9676047093581,328.87342369670296,334.3607910516717,801.2528720782365,111.32697200540223
2023-10-05,184.00459863485187,339.05763833989624,213.29658969462787,450.59678415554,235.0640315473119,526.0938068426069,170.8154347400324,327.70283429849655,333.37560011764873,792.7810832248774,111.35115911539148
2023-10-06,185.10965953706332,345.07907498901545,215.1066968030925,461.98668122096933,237.44761704723888,542.0288617857088,171.84128659278986,333.5226172301735,338.9614468284772,832.6876675604378,111.37535148031834
2023-10-09,185.46632233206165,346.90650515340025,215.67868033235095,465.43855896458916,238.1949291836015,546.8651487713518,172.17238435249388,335.288848031767,340.6901780900647,844.9494672166155,111.3996374944606
2023-10-10,185.8520973365348,348.94192002149674,216.29940683531203,469.2963219332788,239.00717556718746,552.2804949354097,172.53050760370505,337.2560982742754,342.57691167125967,858.7718595563069,111.42392880430315
2023-10-11,186.34248203845445,351.59105051342107,217.09458415806694,474.3424082700179,240.05117908045133,559.3825406756389,172.9857422916951,339.81651123202715,345.021300498128,877.0530881346083,111.44813697931122
2023-10-12,186.14215647960447,350.2018065269578,216.74096243925356,471.62070944296926,239.57152988870655,555.5066600058287,172.79977575782382,338.4737920585992,343.82234171993014,866.797764785805,111.47235041383352
2023-10-13,185.34961066743185,345.61721361638956,215.40238216407818,462.7564599251386,237.78558518171846,542.9533410773378,172.06403839874665,334.0427339699096,339.5005135659614,834.0253184320206,111.49665757913209
2023-10-16,186.1093061670776,349.7403475088521,216.6435364870524,470.599833171813,239.4193862893852,553.9728853021046,172.76928010468654,338.02778698145,343.3390405070133,862.1159867352643,111.52092580003772
2023-10-17,185.92222863917507,348.6185102280486,216.31226344874398,468.3995721765762,238.96966300894184,550.8407338849395,172.59561200347693,336.94351924944715,342.2144357615719,853.8671396938357,111.54515504879785
2023-10-18,185.09491626080072,343.50682181737795,214.9170264212352,458.54444719200796,237.10960465473977,536.9091308190907,171.82760009167538,332.00301772165585,337.7253110339011,817.7505661610938,111.56943382560114
2023-10-19,184.5148882780584,340.3431498201279,213.93489945456113,452.46866555181697,235.7990506516962,528.3488505142301,171.2891476140277,328.9452948950422,334.5652646417519,795.9022685919044,111.59367361330732
2023-10-20,183.57749615868866,335.0190423227736,212.3623661897063,442.31500306688696,233.70892789884832,514.0981843723578,170.41894630612572,323.7994880477597,329.57425019297506,760.008636871093,111.6178743841921
2023-10-23,183.79715874894245,336.0979807180899,212.70570898269753,444.30902679735465,234.15225486662138,516.8571279444477,170.6228638230177,324.84229354805683,330.56873538109255,766.6968912290082,111.64199181776439
2023-10-24,184.4487726094055,339.46316250919256,213.7633019950455,450.6230902095679,235.539208877714,525.6488433218698,171.22777101383474,328.0947777459458,333.7845472978091,788.3222469862674,111.66611446242503
2023-10-25,182.89459076790055,330.8082552776766,211.17038038297432,434.16846755000745,232.100557514015,502.59307806217413,169.7849905132856,319.729717326587,325.61489794869385,730.5803176962665,111.69024231929995
2023-10-26,181.6997746461679,324.10639379433894,209.18002314464883,421.5627011860162,229.46535095692985,485.0604086464818,168.67581695576393,313.25229651424706,319.4063362135301,687.9984316175397,111.71441971104012
2023-10-27,182.03067616140225,325.769378205019,209.70482709292625,424.6136363128432,230.14625302376476,489.25198577225126,168.98299996423356,314.8595887358361,320.93988813913194,697.8078713424819,111.73860233641804
2023-10-30,182.77400540662677,329.49443183846097,210.90871190758213,431.5103890897455,231.7217724222752,498.7667674197697,169.6730485234545,318.45989291883495,324.55535298191444,720.3249943474631,111.76279019656667
2023-10-31,183.1057015129554,331.2184341219494,211.43590193477192,434.69567905633204,232.40677948324634,503.1632438696303,169.98096916796263,320.1261595671913,326.1074934157054,730.8032595081966,111.78702764293269
2023-11-01,184.24381402548676,337.2417220704651,213.29371774708662,445.9482755171239,234.8472135363797,518.7714096259548,171.03750354293717,325.9477317995379,331.7676941592903,768.4804257244521,111.81122598562285
2023-11-02,185.44026416262713,343.55541441906877,215.2527106012752,457.83398278509145,237.42542414424915,535.3409973667913,172.14819399217953,332.04998299097696,337.79037081256297,809.2787773077343,111.83534082741777
2023-11-03,186.2286653398249,347.84333383355226,216.54028004531162,465.95508595034215,239.11947835367843,546.7131489795814,172.88008379728075,336.19430297223386,341.7590173109386,837.8153292348392,111.85932773286113
2023-11-06,186.5204693288175,349.28477800902084,217.00512586540927,468.6707522938354,239.72521961699357,550.5133459726045,173.15097172947623,337.58747418671203,343.1531554251221,847.401827147851,111.88327539449281
2023-11-07,187.16365640968036,352.77504139801835,218.05411701461472,475.3178543857164,241.10548075228886,559.859082467524,173.7480561591691,340.96085108694325,346.39685010412234,871.256601024415,111.90736137739023
2023-11-08,187.2319814315513,353.0454758376312,218.1477527788399,475.7946168489122,241.21936020297377,560.5088946165931,173.8114837495722,341.2222288656211,346.61991220239173,872.8171937079285,111.93140813778145
2023-11-09,186.7537819501977,350.1594132518788,217.3317576121588,470.1944416154153,240.12625752808972,552.5681203149351,173.3675608644601,338.4328185047615,343.952461277254,852.0836051983915,111.955415648138
2023-11-10,188.2493428891743,358.3850301005929,219.7981163346681,485.9303166054378,243.38600353218936,574.7356010414475,174.75592231774345,346.3829651770948,351.68528068392504,908.9337672406705,111.97942830772445
2023-11-13,188.070071208208,357.29654365446686,219.47892679097492,483.7773505461851,242.9514498784104,571.6552795182438,174.5895005524831,345.330931383556,350.58855870076735,900.6849201992418,112.00340168136415
2023-11-14,189.51330915248732,365.20874095366463,221.86481105109138,499.0371801713765,246.11026448945537,593.268836580944,175.92928944207824,352.978154708685,358.1354930255473,957.3121404295902,112.02746907898735
2023-11-15,189.58955213679354,365.61668196550386,221.97200416287654,499.7878038490165,246.24243485436108,594.3143153675213,176.00006744766486,353.37243406030456,358.4050263942894,959.9874421727565,112.05140828220127
2023-11-16,189.67272022094278,365.87558620571247,222.09074276406767,500.24754014396933,246.3899571620391,594.9448936173081,176.07727417269157,353.62266777792155,358.71173677940976,961.5480348562701,112.07539706583943
2023-11-17,189.7144970909871,366.0153839405856,222.14032279881243,500.474868928961,246.44545205427931,595.243948841876,176.1160565415652,353.75778378406955,358.7953850662608,962.2168602920614,112.09930203644376
2023-11-20,190.54916487680717,370.6369863081885,223.51623785308993,509.45691219861027,248.26670889094902,608.0380451943803,176.89089663662878,358.2246119088672,363.16368449070234,996.5498993293593,112.12316762197652
2023-11-21,190.18828253531123,368.3379743039504,222.89095055640433,504.89566263418084,247.42262686743265,601.4793275537038,176.5558817809677,356.0025922146232,361.05388881123804,978.4916125629884,112.14721626169863
2023-11-22,190.48720142084863,369.88725627224073,223.37095373592578,507.88314195578914,248.0514324251369,605.7243342593017,176.8333746249721,357.4999898093865,362.53167521227255,989.8616449714442,112.17122555660862
2023-11-24,190.4197500674355,369.2973528440151,223.23742756607868,506.6793393465594,247.8628562752707,603.9754994864875,176.77075807982845,356.92984183590795,362.02049123707184,984.9569251089731,112.19528450399487
2023-11-27,190.38812184755025,368.96850718199585,223.1639369728347,505.9882226994346,247.75430689420688,602.9609951343691,176.74139692163,356.6120089859591,361.70448659785694,982.0586815538765,112.21934861164347
2023-11-28,190.5890692557012,370.0455468283283,223.48010030306256,508.0521528237469,248.1649788679624,605.886748725385,176.92794073161005,357.65297932505285,362.65250051550174,989.8616449714441,112.24319522322344
2023-11-29,190.55033194080073,369.629744359855,223.39493447627962,507.1905224726202,248.04098369016555,604.6280313513776,176.89198004728763,357.25110179150374,362.2993188599085,986.294575980556,112.26695782030743
2023-11-30,190.40878684732607,368.5984323019535,223.13768039750826,505.123072074127,247.6877579252746,601.6449670873517,176.76058068631198,356.2543276557689,361.388481958642,978.0457289391272,112.29063634732388
2023-12-01,190.62513779441932,369.73703160786056,223.47970925902504,507.3064469221031,248.13290134321,604.7402925601941,176.96142393348262,357.3547960643349,362.42014416313776,986.294575980556,112.31431986844235
2023-12-04,190.03179028022322,366.101859546175,222.46585327999452,500.1354436276477,246.7716342995988,594.4569499855176,176.4106066477122,353.84136338188677,359.05562418090824,958.2039076773123,112.33791924636711
2023-12-05,190.22489228607944,367.0763425777882,222.76864947727876,501.9919380355298,247.16425954315935,597.0797642181942,176.58986740165105,354.7832116558233,359.95716682808035,965.115103847158,112.3616573185888
2023-12-06,189.8658942377737,364.8414485659283,222.1479194609564,497.5804065072574,246.3273854147067,590.7579758680394,176.25660177597032,352.6231626870724,357.8752539108997,947.9485843285092,112.38535581893198
2023-12-07,190.82041981528562,370.23709668706357,223.7232952160399,508.0478974364381,248.41320982586618,605.6462328556574,177.1427084423409,357.83811431249734,362.87556261377114,987.632226852139,112.40905931758982
2023-12-08,191.14417603982753,371.838073805748,224.24536925542148,511.1404862145247,249.09837847040626,610.0447603767735,177.44325832345913,359.38547582309104,364.49276282622395,999.4481428844558,112.43272320884694
2023-12-11,191.74180936265907,375.1984210707276,225.2267488081987,517.6932857360393,250.39606510448306,619.403973340283,177.99805421775733,362.63328739976777,367.6063379479004,1024.8635094445333,112.45639208172882
2023-12-12,192.30266926184098,378.4209151127975,226.14746510166142,523.9982434383757,251.61379173836394,628.4301707937302,178.51871255030872,365.7478623619094,370.5340279876857,1049.6100505688196,112.48019981394137
2023-12-13,193.18503100848946,383.14286940922074,227.60934953799907,533.2914683287776,253.55496567010428,641.7780300367657,179.33782797715102,370.3116816993597,375.2462148136259,1086.6183913492835,112.50396795140203
2023-12-14,193.15285067679378,382.97519018979074,227.53465057772289,532.9099392245827,253.44443335948418,641.2000376517586,179.30795428165936,370.149617940144,374.9209159203164,1084.8348568538393,112.52765182243307
2023-12-15,193.5060284303994,384.6251935052019,228.1085101032474,536.1419207836287,254.2008297978056,645.8395766064812,179.63581680232588,371.744363794299,376.7332954687549,1097.765481945809,112.55129602546484
2023-12-18,193.95828841881723,387.4937739021455,228.84954775815717,541.805849694886,255.18108913044153,653.9997454997821,180.05565949707517,374.5168774326709,379.1017130626544,1120.7284885746508,112.57498985980669
2023-12-19,194.33179340245823,389.57041250059586,229.45838713885766,545.9048126552473,255.98497597823098,659.9094080854046,180.40239222349368,376.52397085152984,381.0387563051874,1137.4491244694386,112.59877802730685
2023-12-20,193.34763462141862,384.1901952503305,227.77765108655257,535.0852311090629,253.72417300498512,644.186756137085,179.4887764156078,371.32393332786205,375.3766299039372,1092.1226909207603,112.622437175309
2023-12-21,194.16147887842516,388.6889720982699,229.12676937141265,543.9879869033955,255.51684865779725,657.0212200795914,180.2442855800669,375.6720492740609,379.7442899075332,1128.2342879320465,112.64614598599213
2023-12-22,194.28960582733447,389.2981137860822,229.3221759621764,545.1569808042086,255.76762661242816,658.687935425276,180.36322858824298,376.2607912312184,380.3123650892376,1132.8466725970393,112.66977038605307
2023-12-26,194.73247880116637,391.8410358038437,230.04824038215767,550.1949430653438,256.72861105185774,665.9647663819271,180.77435711503497,378.71855256259744,382.6405420634359,1153.546154996032,112.6934891611284
2023-12-27,194.8978236219585,392.6169893603844,230.30649030662934,551.7016932542408,257.06362284695655,668.1252277544403,180.92785027583182,379.46851997523976,383.41893544028153,1159.6210030913885,112.7172576490209
2023-12-28,194.89133858426115,392.324107235112,230.27476433720335,551.0639821238652,257.01030536071494,667.1703556656172,180.92183007556622,379.18544626825275,383.2325835883056,1156.696076230661,112.74098642091883
2023-12-29,194.62285311823777,390.48151913181243,229.80076346825317,547.3168489929318,256.3646235864622,661.6982507361784,180.67258923082423,377.40456515655626,381.5740521057207,1140.7214756836127,112.76476492658658
2024-01-02,193.4965737651693,383.60677421927,227.88039640556192,533.5021867596603,253.78308852578954,641.6285260836604,179.62703983281762,370.7600506605847,375.11696043475797,1082.8979215907748,112.78832470783018
2024-01-03,192.80653237519573,379.3635135275475,226.69881656946848,525.0234055866696,252.193298089986,629.3647710611295,178.98645953813238,366.65889381258324,371.14766598767267,1048.2487880098522,112.81215795501545
2024-01-04,192.48581736454483,377.19288675303983,226.13950713004925,520.6841693295195,251.43594883490624,623.0961514375875,178.68873288141606,364.5609598161891,369.2375595049204,1030.699226845489,112.83608577185156
2024-01-05,192.59225770821007,377.7348035871831,226.29759371256912,521.7055130167441,251.6362073391571,624.5363941705443,178.78754374653542,365.0847282331825,369.6754863570636,1034.5241312018243,112.86001866385358
2024-01-08,194.01192910740593,385.75141779518844,228.66009909420885,537.4754421934186,254.77799577640084,647.1638679950785,180.10545530440288,372.8328716176044,377.31591228807287,1096.8475727727043,112.88391184637628
2024-01-09,194.1728752707024,386.69093886450077,228.91025924921578,539.2965709232736,255.10164829565213,649.7677069270387,180.25486509664282,373.7409287809949,378.06131969597624,1104.047392737571,112.90789967764363
2024-01-10,194.66020248242683,389.4195448665724,229.710218054072,544.6839778803907,256.16063288502636,657.529370511954,180.70726145058694,376.3781556694402,380.62365766064397,1125.8718470060742,112.93180299688092
2024-01-11,194.82870529111204,390.12673397853126,229.9734766314222,546.0477229260282,256.5020934260412,659.4771182496177,180.86368623960865,377.0616615108324,381.41565303154135,1131.2717119797246,112.95566656239515
2024-01-12,194.89044731446316,390.34325910989475,230.05676359020381,546.4312195988066,256.6027266015641,660.0050390888882,180.92100269060333,377.2709353664284,381.61132247611596,1132.621678223137,112.97953517050803
2024-01-16,194.91050353488632,390.315354098423,230.0697901990893,546.3260220652288,256.6093381265114,659.8247234321532,180.93962131229125,377.24396487434564,381.57405210572074,1131.9466951014306,113.00336398913626
2024-01-17,194.55241994206852,388.0064899114223,229.4451694178395,541.6598864657376,255.76250549670794,653.034265454367,180.6072045953492,375.0124229400745,379.42168821539985,1112.3721845719483,113.02719783356491
2024-01-18,195.5457193416103,393.8831197055179,231.09784654345438,553.3304809678853,257.9623630029346,669.8909330782915,181.52930583639724,380.69224849739635,384.8072567375015,1160.0709918391922,113.0511264089793
2024-01-19,196.92978006943642,401.90492474395853,233.41366666386443,569.3791826109208,261.05351523290483,693.177956399809,182.81415924051993,388.4454088749592,392.43836507591203,1227.1193152620158,113.07497032710883
2024-01-22,197.04678442061632,402.52743572456035,233.59068381638025,570.5875901153838,261.2800778530069,694.9140948334443,182.92277690149987,389.047072396607,392.9508326688456,1232.069191487862,113.09881927422343
2024-01-23,197.36003013140265,404.2550204914563,234.10001474203997,574.0343065068254,261.9526829095593,699.9220006665076,183.21356964616712,390.71680155349793,394.5814113736341,1246.6938257914978,113.1227181318677
2024-01-24,197.77040750050472,406.6341232071743,234.77424282615254,578.808532909401,262.8469684636504,706.8779529508638,183.59453180271487,393.01622977710423,396.7710456343502,1267.1683138165881,113.14657714960066
2024-01-25,197.8819966689893,407.09408881856615,234.9423013265375,579.6916283127272,263.0616863391057,708.1423821642371,183.698122432886,393.46079146068973,397.25556044948735,1270.7682237990214,113.17039630006809
2024-01-26,197.49646198791163,404.526170290499,234.267191012188,574.4155412306592,262.1435164476796,700.378342870939,183.34022227906254,390.97887073471685,394.8888919293942,1247.368808913204,113.19422046484475
2024-01-29,198.2313440702633,408.7442614946382,235.4913488078483,582.9202430342999,263.77626924185756,712.7924782530393,184.022429154928,395.0557010037353,398.93272711726985,1284.042891859245,113.21804964498625
2024-01-30,197.7965292633345,405.9422809114221,234.7322632410949,577.1593161574164,262.744893880853,704.3092553090103,183.61878119814875,392.3475567977381,396.27721322661415,1258.3935332344065,113.24179398595346
2024-01-31,196.46756571055786,397.6399835423972,232.45812399681998,560.2445637199669,259.6792348592458,679.5103653130839,182.38507568912672,384.3232975822859,388.5156585918206,1184.3703842206178,113.26554330663663
2024-02-01,197.30406941084004,402.6118117409366,233.8511467056412,570.2012493583009,261.5357194619831,693.9734015034655,183.16162010315463,389.1286227189909,393.0905965578273,1226.219337766407,113.28929760808009
2024-02-02,198.49805668325243,409.7511859715419,235.85177397740972,584.5945405906615,264.2097164045489,714.9654213183151,184.27002422198822,396.0289042815658,399.7340400807659,1287.8677962155805,113.31305689132844
2024-02-05,198.43448005303955,409.0805633663753,235.72262015086346,583.175066682893,264.0249939414768,712.8521374892136,184.2110046659027,395.38074036013427,399.2122548952335,1281.3429593724197,113.33686612292529
2024-02-06,198.3221238827447,408.3066748299732,235.5107628948141,581.5465985942105,263.7291665188992,710.4335406158606,184.10670201142,394.6327688115451,398.41094193173745,1273.9181450336507,113.36063538234826
2024-02-07,199.0635345376025,412.62805952364846,236.74728238322382,590.2868444722438,265.3796746630325,723.2164228003,184.79496950185236,398.8094333431132,402.51068267520577,1311.9421942231045,113.38449959547141
2024-02-08,199.21974776177194,413.27883735790954,236.99137046105872,591.5636500089192,265.6968523237797,725.0632332270143,184.93998560469228,399.4384170811885,403.25609008310914,1317.3420591967545,113.40832383854118
2024-02-09,199.93333778935403,417.5846431544888,238.18268186377566,600.314981492083,267.2883958480043,737.904224221272,185.60242660721022,403.6000244420684,407.2253845301944,1356.0410915079144,113.43219809084133
2024-02-12,199.686905312003,415.92003495301554,237.74179619950547,596.842217551152,266.6834283529551,732.7507108731465,185.37365802715797,401.9911628093085,405.632076195801,1340.0664909608658,113.45607736905052
2024-02-13,198.62409687049293,409.0844111673634,235.91274329017486,582.7755137408894,264.21016485848014,711.9960744819401,184.3870300443314,395.3844593009485,399.30543082122136,1276.6180775204757,113.47991665197392
2024-02-14,199.4088839735513,413.6826718683731,237.2230173196161,592.080854840632,265.95994740247386,725.6084113935896,185.11556482651534,399.82872745530193,403.6567465648571,1317.1170648228524,113.50385100741065
2024-02-15,199.643941788345,414.9511049128146,237.60112956686376,594.621019103465,266.4574703609322,729.313552723405,185.333774062159,401.0546815609713,404.8587160101012,1328.1417891440549,113.52770032848545
2024-02-16,199.03760067267498,411.0220540382643,236.54884567698832,586.5241973875573,265.03017396246753,717.365824325234,184.77089453609088,397.25721186231675,401.18758452617726,1291.6927005719158,113.55155466075686
2024-02-20,198.5390091867509,407.7455883736924,235.6809931434972,579.7920199142039,263.8522012464014,707.4548336287396,184.30804131362981,394.09047274970146,398.1593669315699,1261.7684488429375,113.57545906541857
2024-02-21,198.28810463942054,406.0200401961208,235.23423990041712,576.2345168310668,263.2409072521019,702.2160636255664,184.0751212146298,392.4227119781775,396.56605859717655,1246.0188426697907,113.59936850233692
2024-02-22,200.3469905256605,418.36690536123217,238.70231521205704,601.2153879964334,267.88699952064434,738.7173934281711,185.9864293577273,404.35608923261424,408.175778975271,1353.7911477688936,113.62328297257125
2024-02-23,200.16796767804962,417.0857924800646,238.37603037241536,598.5310048392431,267.4362861170463,734.7282488709492,185.82023858983393,403.117879929115,406.9738095300268,1341.4164572042782,113.6472475657855
2024-02-26,200.15856936758803,416.9471990964815,238.3384538043436,598.1926785820752,267.37439474863345,734.1988219524009,185.81151393567188,402.9839279413717,406.7595049002547,1339.6165022130615,113.67126231155089
2024-02-27,200.3546120955668,417.9114384959866,238.6503112242707,600.1146764609391,267.782893680756,736.9985190932862,185.9935046253381,403.91587563530135,407.7378521231278,1347.9412940474388,113.69532723950454
2024-02-28,200.00870370734702,415.60049676027535,238.04013195098958,595.3197480743303,266.9499996359855,729.9010709590274,185.67239041323492,401.6823257279782,405.5668530476093,1326.1168397789359,113.71930702776953
2024-02-29,200.63600721595907,419.1619425317556,239.08516459896245,602.553838486703,268.34508068249454,740.513645260222,186.25472978047085,405.1245011623049,409.04231508695864,1358.066040873033,113.74329187367638
2024-03-01,201.72085110619076,425.9519698164124,240.91032404620276,616.4433767489727,270.79199432897633,760.9660073945323,187.26181374527286,411.68713516471473,415.20124379476,1420.3894824439128,113.7672817782918
2024-03-04,201.49643051759762,424.23889022198244,240.5057849819396,612.8462678641104,270.2349761068237,755.6055654616733,187.05347927597398,410.0314254121716,413.7197465715521,1403.514904401256,113.79114130544252
2024-03-05,200.25833416803982,416.3471501502924,238.37279464357536,596.5045079400327,267.3475305540679,731.3953284066889,185.90412775014906,402.40397421625636,406.29362527031503,1328.3667835179567,113.81527676775511
2024-03-06,200.72631750855953,419.094762386276,239.14695670692194,602.0740007306348,268.3781265118789,739.5591033161722,186.3385667715379,405.0595708330841,408.84664564238403,1352.8911702732848,113.83937218448352
2024-03-07,201.82026496412004,425.6901167891569,240.9871697923162,615.554980819213,270.8449360292691,759.3990641398185,187.35410177224264,411.43405141287417,415.05216231317934,1413.1896624790459,113.86347270236466
2024-03-08,200.82840206008333,419.2254232668843,239.2733732890746,602.1447675338546,268.522109686043,739.5141846570391,186.43333406093254,405.1858559718498,409.0609502721563,1351.3162096559702,113.88757832247842
2024-03-11,200.59501254054192,417.57287735985955,238.8544647868901,598.699384854095,267.9466224628471,734.4052633483886,186.2166735397282,403.58865267570235,407.5421826785532,1335.5666034828237,113.91164385242153
2024-03-12,201.62910561595098,423.83494956513977,240.59178897657324,611.4711195338141,270.27396956886514,753.17412038427,187.17664442930456,409.6410124464473,413.3843132379956,1392.265185706151,113.93580487370689
2024-03-13,201.11449652061762,420.4413330820676,239.69270194438863,604.4212416439026,269.0504938299262,742.7218208914259,186.69892171480342,406.3610458146087,410.20701416180765,1359.8659958642497,113.95997101962159
2024-03-14,200.9647494643879,419.3062853768964,239.41595376410763,602.0352553707038,268.6663070619461,739.1719916115911,186.5599082950264,405.2640100661449,409.17276138334176,1348.841271543047,113.98414229125254
2024-03-15,200.15636125095267,414.00298851965573,238.018391071894,591.1027951654656,266.7729402070436,723.0333361458999,185.80946409340797,400.13831692514003,404.30897804677244,1299.5675036584887,114.00831868968694
2024-03-18,200.85128593355512,418.1492055246036,239.17729517158972,599.5060084910906,268.3203144493548,735.3371757972949,186.45457765388957,404.1456800118136,408.16035835952,1336.24158660453,114.0325002160122
2024-03-19,201.0541270387517,419.2171998887211,239.50062049784034,601.6389376482651,268.7441979610481,738.4454112847213,186.64287942365155,405.1779079888907,409.17730722715254,1345.4663559345158,114.05668687131596
2024-03-20,201.91619038082328,424.9926196046573,240.9458653557794,613.4250835224055,270.6788527626751,755.7735182579312,187.4431514040363,410.7599129230441,414.0288064121884,1397.8965248916718,114.08087865668605
2024-03-21,202.27840228339753,426.97975617124604,241.54146997378305,617.4668403950875,271.4703153436241,761.7171185726227,187.77940051990225,412.6805016707204,415.98806569845294,1416.021601389457,114.10503030302073
2024-03-22,202.38727013167224,427.3494638788925,241.70522716015412,618.1744892476285,271.67965695357753,762.7323665842009,187.88046488987032,413.03782812486236,416.4638858108314,1418.9669263203475,114.1292323421862
2024-03-25,202.15799227024505,425.8797195159106,241.29216678479355,615.0813185873344,271.1110333049906,758.1203350902998,187.6676213095114,411.61730447643015,414.95245721857026,1404.4668651221193,114.15334893592515
2024-03-26,201.95667439791762,424.54357703081394,240.92704447837403,612.268847487214,270.60728272638494,753.9284717923799,187.48073358965175,410.32590847209116,413.60896513656036,1391.326184661225,114.17747062573005
2024-03-27,202.22517424297837,425.90849559960304,241.36281247636083,615.0254856184296,271.1831876018998,757.9699336287523,187.72998778276408,411.64511686913204,415.01776586144575,1403.5606112972303,114.20159741267774
2024-03-28,202.1224242298346,425.0284423332262,241.16580151058878,613.1544283886474,270.90612640196434,755.1708456904927,187.63460273100497,410.79453597339574,414.25272175919,1394.7246365045596,114.22568397975108
2024-04-01,202.29995350771367,426.00509182179553,241.44656419954455,615.1116630132606,271.2731406678277,758.0316046653247,187.79940698592569,411.73847815115465,415.12972353494655,1403.3340478410078,114.24982095463965
2024-04-02,201.7165753073926,422.0674373449103,240.4301143296692,606.9338723901885,269.891301453348,745.9062287931522,187.25784442909273,407.9326929788121,411.54707798292003,1365.7245141081037,114.27387235543985
2024-04-03,201.90252527056555,423.105222866186,240.72512933723496,609.0112317190653,270.2773787407763,748.9385680450401,187.43046578766172,408.9357237861437,412.47072878930186,1374.7870523569964,114.29783812589214
2024-04-04,200.84952063280898,416.18319815829506,238.90994920268375,594.7229828758251,267.82042059567294,727.8217881748755,186.45293888715958,402.24551286222373,406.16377984875515,1309.9899038774151,114.3218089224991
2024-04-05,201.70522476599038,421.37913292994335,240.34259880753152,605.276709380227,269.736425557601,743.2900942311763,187.2473074768723,407.2674393990691,410.9499703909156,1356.2088489467665,114.3457393805176
2024-04-08,201.75360903471122,421.5352355400781,240.4033163576612,605.5425302380223,269.8068621510886,743.6505773914784,187.2922236363458,407.4183142415678,411.07125787054156,1357.1151027716558,114.36976559837552
2024-04-09,202.04239967912946,423.11990531639367,240.87325913187664,608.740007753301,270.4284291775971,748.331410249735,187.56031421582662,408.949914531325,412.5920162689278,1371.1620370574392,114.39379686459947
2024-04-10,201.452760349327,419.2869763553505,239.84733528111892,600.8074596039752,269.0348989880053,736.5980703400402,187.01293931755086,405.2453476902752,408.99071110465115,1335.1384475180917,114.4178331802502
2024-04-11,202.60627469604478,426.2424507048765,241.78759933183932,614.9912721805728,271.6352054087467,757.4344539987796,188.08377154715438,411.96788805064057,415.52157539219945,1397.8965248916725,114.44196535419277
2024-04-12,201.50358251601102,419.09552301001963,239.88583244888204,600.2046359011698,269.0599092684433,735.5487147613406,187.06011863024716,405.0603059840684,408.89741304340043,1330.380614937423,114.46610261791727
2024-04-15,200.3709766398301,411.7838343181642,237.9379434817738,585.1912651131541,266.4268183369344,713.4390863978085,186.0086961844806,397.9934806514762,402.1706228272256,1263.5443953518409,114.49024497249721
2024-04-16,200.40495381308605,411.8661297329564,237.97407521566026,585.3054419476781,266.4641292236944,713.5760308894203,186.0402379267197,398.0730200501732,402.2079420517259,1263.7709588080631,114.51439241900626
2024-04-17,199.57660445916068,406.5730597207172,236.5473691493978,574.5068016118952,264.5358769654026,697.7477156465465,185.2712633681644,392.95721126425724,397.3004640299396,1216.8723233700441,114.53854495851843
2024-04-18,199.20536488189728,404.0853509639221,235.8974013327836,569.4330867825786,263.6524710242479,690.3237533307129,184.92663366731222,390.5528141402092,395.0333211415478,1195.122231572702,114.5627025921079
2024-04-19,197.79023843729118,395.37354101952894,233.48206470660142,551.8435231445317,260.4019060082238,664.7059845121139,183.61294128874724,382.1327566401758,386.8604109759873,1121.0359813880054,114.58691078223897
2024-04-22,198.51354334762206,399.4549927445465,234.68071341299722,559.9317778983425,261.9951411297525,676.3688929342909,184.28440082630456,386.07752339101336,390.7509401301412,1153.661119084019,114.61107861679483
2024-04-23,199.577442328777,405.74210513799096,236.45637818710065,572.471297521209,264.3629526162331,694.5170395283596,185.2720411805877,392.1540847714697,396.5820689583092,1205.0910236464838,114.63511510689364
2024-04-24,199.8414394412617,407.18605570352605,236.88183296870932,575.3299863094601,264.9226014455998,698.6495057290274,185.51711539000283,393.5496784387576,397.9255610403191,1216.8723233700441,114.65929310835365
2024-04-25,199.53106304838158,404.96004309310115,236.33480306006933,570.7847050004215,264.1772641513418,691.996527992516,185.22898629499,391.3982134394965,396.003620978555,1197.3878661349254,114.68352170898073
2024-04-26,200.63620902804394,411.5326759448446,238.18334789735582,583.9672325395064,266.6456635026367,711.1455904154486,186.2549171269788,397.75073339706347,402.11464399047514,1252.4427859969474,114.70780093867586
2024-04-29,200.94889351338443,413.308882939543,238.69206398256964,587.5149876584572,267.3178022142657,716.300012713634,186.5451888739686,399.4674564572295,403.74736006236225,1267.3959741076198,114.73203978946944
2024-04-30,199.65024920688518,405.077571266174,236.4668285951729,570.7465414168685,264.3160033530702,691.7368301845826,185.3396293747327,391.51180567595065,396.13423826430585,1194.7823863883686,114.75623823357583
2024-05-01,199.17242118190487,402.0817809706763,235.63692518124566,564.6648379648723,263.1916614823528,682.8624685815254,184.89605132057793,388.6163423098832,393.26998778390976,1169.067434107136,114.78048731963113
2024-05-02,200.08951410778639,407.34614828465317,237.165577580801,575.1751742430396,265.22942908794613,698.0860857302707,185.74740844965885,393.7044096309006,398.2894234791968,1212.341054245598,114.80474152974924
2024-05-03,201.52451318060963,415.9014805804699,239.57395764233289,592.3804855009042,268.450256989725,723.114942393277,187.07954901730994,401.97322980976963,406.2943971345061,1284.6147967805161,114.829000865013
2024-05-06,202.32472550799207,420.7336630151783,240.91130060821078,602.1592494617744,270.23717558830486,737.4086865914752,187.82240336769175,406.64358582196456,410.744714656164,1326.7555996378662,114.85321975944144
2024-05-07,202.36372227415686,420.791342762095,240.9558587512557,602.2227509778635,270.2857548876958,737.4708981338441,187.8586049062148,406.6993339143502,410.8100232990394,1326.7555996378662,114.87744376194232
2024-05-08,202.3496428942808,420.57238310271225,240.91012931072896,601.7206469757035,270.212798623902,736.7019489534371,187.8455347144248,406.4877070613818,410.5674483397877,1324.2634016194208,114.90167287359287
2024-05-09,202.53188414250056,421.43592794039597,241.19831003062592,603.4312417339465,270.58928003654444,739.1840627914023,188.0147131929692,407.32233238419803,411.4631097277943,1331.513432218535,114.92590709547079
2024-05-10,202.72686373108516,422.49774375259426,241.5081870535476,605.5485320568074,270.99500853770286,742.2651593628235,188.19571694742208,408.3485887247543,412.4334095648015,1340.5759704674274,114.95019203417249
2024-05-13,202.9184795019591,423.53054853440193,241.812376932132,607.6082703609499,271.3931300127904,745.2634573177611,188.37359799739426,409.3468055941118,413.3850497895586,1349.4119452600976,114.97452771966863
2024-05-14,203.40312587983985,426.35123122696683,242.61557605043106,613.334243590311,272.46342670327095,753.6598685092381,188.82350567550162,412.07302558884794,416.0440445352033,1374.5604889007743,114.99877730755873
2024-05-15,204.5436936269155,433.29640493232324,244.53718503115894,627.5518914046761,275.0415736984393,774.5927657571962,189.882319297621,418.7856102664391,422.54691940437635,1437.998256643022,115.02298637555937
2024-05-16,204.42630999569406,432.42395001757154,244.31460229663142,625.6900319961426,274.729553604661,771.8023603246373,189.77334954280394,417.94237325882693,421.68857724087,1429.1622818503517,115.04724618399533
2024-05-17,204.41950908674312,432.1473292288105,244.28090709820685,625.0616855241905,274.67249688047184,770.8397087763057,189.76703611244565,417.675016307523,421.48332150611844,1425.9903934632393,115.07151110913296
2024-05-20,204.9464629849838,435.3307244989144,245.15836880747904,631.5829232107233,275.844843357631,780.457690743834,190.25621877355167,420.7518018883265,424.42221043551524,1455.44364277214,115.09582681534944
2024-05-21,205.11489702308432,436.17310619339895,245.42404002329056,633.2717440523825,276.1919178618386,782.9290543985446,190.41257972135733,421.5659728068622,425.25256318064635,1462.9202368274762,115.12010198675911
2024-05-22,205.12884155332492,436.13833198622547,245.42569144168604,633.1423761235396,276.18249752582483,782.7040996526459,190.4255247293244,421.5323631636552,425.1685949255207,1462.013983002587,115.14438227811068
2024-05-23,204.8339949024252,433.9272034241933,244.89955248182986,628.4995782855394,275.4603576631767,775.7836524376568,190.15181222850245,419.3952837563778,423.2559846698816,1440.263891205245,115.16866769048401
2024-05-24,205.54007787505887,438.23938599936463,246.08336393449147,637.3651740894857,277.0465621064059,788.8826828749819,190.8072842701132,423.56305434197844,427.2584714975363,1480.5921864128168,115.19300392681147
2024-05-28,205.84007347166056,439.9660283934896,246.57417898961657,640.8948657391603,277.6979392452677,794.0918874612051,191.08577664820484,425.2318726855058,428.87252795717325,1496.6781918046013,115.21734530561743
2024-05-29,205.3605520740051,436.80963124983475,245.73125628712967,634.2684004453224,276.5470187253217,784.205811812968,190.64062659969872,422.18118108270977,425.8496707726509,1465.412434845922,115.24169182798856
2024-05-30,204.61872400772535,431.953155532657,244.44091688400832,624.1369115031208,274.79274706685885,769.1408520113383,189.95197161724687,417.487345353147,421.28739557749213,1418.2872359516807,115.2660434950117
2024-05-31,204.513603287345,431.8434296640686,244.23938150993965,623.8538962027992,274.5092621704238,768.6898257328486,189.85438578686453,417.38129412743683,420.50369186298633,1416.7012917581249,115.29040030777402
2024-06-03,204.926027129978,433.3772132836477,244.9208845770575,626.9627557368639,275.4168193099589,773.2540862865317,190.23724772889844,418.86371240238753,422.76150494525314,1430.5216625876856,115.31476226736285
2024-06-04,205.15076568090058,434.5664958373887,245.2821688439403,629.3632287961861,275.89257132360194,776.773739103468,190.44587736948074,420.0131667121353,423.91840090476165,1441.1701450301343,115.33940393382356
2024-06-05,206.62678900438385,443.80870490698675,247.78079356209224,648.427131007247,279.2533139718826,804.9754388807376,191.81610163320997,428.94586064027027,432.4645033153249,1528.1705122195026,115.3640508659737
2024-06-06,206.63047292108638,443.6860000372546,247.76445445351553,648.1117457446675,279.2193040246988,804.4712660277352,191.8195214924839,428.8272650711205,432.31522641732386,1526.3580045697242,115.38865728555328
2024-06-07,206.59512942967459,443.17125470218264,247.6812640179869,646.9783418982471,279.0948906659784,802.7487379001824,191.78671136765263,428.3297581986285,431.932704366196,1520.6939181641665,115.41326895352589
2024-06-10,206.9158947828281,444.8735743208969,248.20794786383314,650.4693592663089,279.79514301237754,807.9122727902844,192.08448475839924,429.97506831954473,433.67737811158395,1536.7799235559505,115.43793166992727
2024-06-11,207.44163749175252,448.14910772172493,249.08615902234,657.2516489051809,280.97115294224903,817.9864355989921,192.5725430463583,433.14090638927934,436.65358626548095,1568.4988074270746,115.46259965651625
2024-06-12,208.42140604665477,454.39662842627524,250.74400442899235,670.2808287800735,283.2032200114787,837.4101280715747,193.4820833126989,439.17920197891374,442.37275742014833,1630.3506309757659,115.48727291441905
2024-06-13,208.84569364145526,457.00124175427027,251.45029002537606,675.7082247839177,284.1483974082109,845.511215082802,193.87595863156778,441.6965886215351,444.7705175942911,1656.405428441332,115.51190561647917
2024-06-14,209.25337595998923,459.38367426581,252.1285183576369,680.6787325390334,285.0559845913128,852.9386403231905,194.25441891458718,443.9992351284213,447.0749797071831,1680.4211548008975,115.53654357253824
2024-06-17,210.17954903515843,465.27869339323934,253.69967385012143,693.094764097116,287.1754386692353,871.5720548818114,195.11420534195517,449.69683417311774,452.55157590259876,1741.3667245246997,115.56118678371692
2024-06-18,210.23149130453146,465.4280702672242,253.76600750767437,693.3491704999467,287.25326902752175,871.9187071879022,195.1624244701192,449.84120851968373,452.6915229944747,1742.2729783495893,115.58588110874987
2024-06-20,209.69342103822822,461.65829444269696,252.8150059582542,685.26327551739,285.949241763669,859.6795163370267,194.66292224495106,446.1976798606151,449.202175503699,1701.2649927733505,115.61048897589863
2024-06-21,209.52579836746162,460.23742207463806,252.5032347666158,682.1877877575066,285.51390747207665,855.012982314687,194.50731450692868,444.8243915180514,447.99863051356505,1685.632114294011,115.63510208198417
2024-06-24,208.721106314754,454.8449519617095,251.09488381616117,670.7070899334174,283.5908093368479,837.7095881324337,193.7603015309765,439.612511471553,442.9059558401961,1628.538123325988,115.65967454117659
2024-06-25,209.5853850169933,460.2232781537242,252.55731829788513,681.9755989930076,285.5607721111212,854.5630884499042,194.56263007795224,444.8107212671931,447.97083532507645,1682.9133528193433,115.68429811871286
2024-06-26,209.7658241228521,461.90360008949875,252.8449390967864,685.4705793347816,285.93888327363004,859.7821150753156,194.73013558890167,446.4347703922426,448.8959701387354,1699.8048819233804,115.70888103206305
2024-06-27,209.98436931339154,463.13995829642687,253.1981938652629,688.0291369259278,286.4060973606544,863.5965283720478,194.93301579955565,447.6297238243562,450.05472485483347,1712.1322340082397,115.733515085505
2024-06-28,209.6318690271076,460.6535721328143,252.56793012130322,682.6897441445756,285.53841483206446,855.5175828491274,194.6057821864052,445.2266050007664,447.71852583044216,1685.1946868598432,115.75810845746068
2024-07-01,210.0910952162894,463.3598173086041,253.335376038344,688.3572040150979,286.56745705364426,864.0039531665514,195.03209175546533,447.84221991142044,450.344413533858,1712.817086901843,115.78266111975057
2024-07-02,210.89206603043326,468.3949866582652,254.692161061993,698.9806590358784,288.397042207985,879.9684354273811,195.7756502254553,452.70876494823443,455.07288035922596,1765.322475411429,115.80717304423764
2024-07-03,211.53646644361808,472.4874087991975,255.78081779326433,707.6416343408653,289.864101049906,893.0154610369117,196.37386101769346,456.66413472340224,458.8668675748375,1808.6964920063047,115.83169015805477
2024-07-05,212.3375563799592,477.56175999788127,257.1413870044041,718.4343236325449,291.7020690291911,909.3215806847878,197.11753007138665,461.56854943641827,463.6514031767907,1863.4847234945682,115.85621246230053
2024-07-08,212.54346944422616,478.733064474579,257.4743304065493,720.8865283950767,292.14297170529466,913.0076546620836,197.3086836069633,462.7006277423952,464.7540891163034,1875.8120755794278,115.8806939833863
2024-07-09,212.6369802975403,479.1658651920574,257.6128399062082,721.7522734768837,292.31921677238944,914.2848356080723,197.39549174752216,463.1189342654351,465.1559153484987,1879.9211929410471,115.90518067765063
2024-07-10,213.44215721991517,484.48592055738527,258.98305835046295,733.1346676587987,294.1726448802226,931.5486709180005,198.14295483843674,468.260824683769,470.00586452313496,1938.8185417909308,115.92967254618667
2024-07-11,211.83318552473125,473.41151387008466,256.17064945860125,709.1282256999426,290.32675521042444,894.905108828156,196.6493117358388,457.5572921594124,459.6985544275207,1811.4359035807176,115.9541695900878
2024-07-12,212.29774039763066,476.16999584961724,256.9500916272318,714.967047358217,291.3745729516426,903.7095966385045,197.08056803684238,460.2233944996521,462.3992004997171,1840.8845780056595,115.97857978332885
2024-07-15,212.5264537446631,477.4750559313969,257.32240783046853,717.7020091021739,291.868964293934,907.8199691205488,197.29288756632175,461.484749028702,463.6420583806932,1854.5816358777251,116.00294909205718
2024-07-16,212.58396540668474,477.66369235220105,257.3987126415275,718.0424408174983,291.9605576906055,908.2985528179295,197.3462768817178,461.6670681472216,463.8196095065469,1855.9513416649318,116.02732352124143
2024-07-17,210.4288678606324,463.0259366799713,253.64780096222438,686.5434410411884,286.8428164009556,860.4462241254444,195.34565338117892,447.51952071238134,450.2042415923945,1692.7280686894796,116.05170307195752
2024-07-18,210.10905497956193,460.66320688619385,253.07424879068822,681.4769093622738,286.0524262934245,852.7901921399919,195.04876419079557,445.23591709296915,448.0736280821497,1667.3885116261577,116.07608774528157
2024-07-19,209.48593936717606,456.3553727541917,251.97926419109913,672.3116191821891,284.555198454863,838.9911832771281,194.47031253788765,441.07234932420613,444.10208974068456,1622.1882206483401,116.10047754228998
2024-07-22,210.6068535765242,463.38569353157413,253.88269727528586,687.0470845935973,287.12265155583736,861.0223458413618,195.51088135734446,447.86722955771444,450.7182053777607,1692.9563529873474,116.1248724640593
2024-07-23,210.3758087069271,461.69941311378784,253.4619486642705,683.4135098528072,286.53958270053334,855.5217525522185,195.29639742521724,446.2374214960638,449.1295900411746,1674.6936091579262,116.14927251166634
2024-07-24,207.76324506217856,444.3383664216052,248.94259427909583,646.6407025385791,280.3966123577777,800.245699624509,192.87109828555108,429.4577841598496,433.0191615689723,1494.1207295445238,116.17358550422583
2024-07-25,206.98955974687087,439.2187217854309,247.59597196331939,635.939141621258,278.5647733432645,784.3198901333963,192.15286953221144,424.50959285500255,428.2439707631165,1444.354752609351,116.19785748548294
2024-07-26,207.76062329539351,443.6759967633375,248.89145529288777,645.1017803319614,280.30217912798173,797.8477969725286,192.86866444293787,428.817596799876,432.6360249289722,1485.6742105234164,116.22208842758954
2024-07-29,207.93480087070063,444.6427340600596,249.16733957249275,647.0522785763767,280.66335287203407,800.7093853455277,193.03035724012224,429.75195873818546,433.5050909660456,1494.349013842391,116.24627830274044
2024-07-30,206.96375966426365,438.3555604259117,247.48270894461348,633.9239300546325,278.3745111159059,781.1806996405634,192.12891875946133,423.67533816793434,427.5524558518966,1433.3971063116978,116.27061160107563
2024-07-31,209.1355533965823,451.82965046887097,251.17052506687597,661.7035015335052,283.3406523031601,822.2271788773583,194.145041689562,436.69819032454757,440.2053097679998,1558.725185841101,116.29490385385657
2024-08-01,207.39106023228996,440.4961262414279,248.15495568177712,637.9328243754742,279.24662303647716,786.7480652136649,192.52559108631405,425.7442179259062,429.54289742067806,1446.4093112901605,116.31924733075456
2024-08-02,205.69621956587903,429.31377810668783,245.23576048912042,614.7411182950311,275.29308691401786,752.393212378367,190.9522339670032,414.93635883796765,419.3477248782345,1340.941965675253,116.34341126963457
2024-08-05,203.57699552580203,416.2736493796823,241.60484978649777,588.0124175817064,270.39070390684833,713.1059187492175,188.9849126152383,402.3329349352355,406.84438769969233,1224.060405166957,116.36721088412247
2024-08-06,204.2851983155004,419.97067980371304,242.78412734877364,595.4206741807626,271.96325092895455,723.8575470779817,189.64235252871833,405.90615438657903,410.7318228762794,1254.6505010812377,116.39129243193042
2024-08-07,203.5382996529443,415.29322355401257,241.49455489375242,585.894332633576,270.218543870182,709.9301478055958,188.94899040245733,401.38534288727436,406.2836999338384,1214.244180358643,116.41533277626013
2024-08-08,205.74487188457854,428.6572570045372,245.21326129273925,612.7766619435951,275.20060405543353,748.9889123288787,190.99739896304914,414.30182417004244,418.71227874360005,1325.4186334202448,116.4393780860657
2024-08-09,206.21127807689078,431.1294628348261,245.93702174776774,617.423858555779,276.14158958240836,755.600305119085,191.3721540718893,416.33048238428375,420.89896103043037,1343.4530929517982,116.46342836237275
2024-08-12,206.42145027743575,432.4046600872543,246.25234075862866,619.799435496508,276.5453779724831,758.968174898728,191.54204579312199,417.376690701559,421.80540625189417,1352.5844648665088,116.48743739056096
2024-08-13,209.14444292763702,449.0929838549011,250.1703765309981,648.6732499503231,281.4915125118275,798.734240902339,193.2311548659239,428.0589936735846,432.2715778811671,1450.9749972475154,116.51145136822937
2024-08-14,209.2006121248303,449.548340749289,250.2408252842495,649.4397782304335,281.573450254837,799.7755330160645,193.2789281698275,428.37552915274654,432.41174982263055,1453.486124524061,116.53542406169544
2024-08-15,212.02192378347286,467.5165568139175,254.30535272095418,680.7572813743452,286.7113356540958,843.1428883553789,195.01376685931305,439.712411375884,443.3358164606842,1562.8343032027208,116.55940168763831
2024-08-16,212.18699155737798,468.21343317948146,254.53352989829435,681.9534342657794,286.99334358100003,844.7877838954671,195.12770933502628,440.1760887077992,443.90584902263555,1566.9434205643404,116.58347675453449
2024-08-19,213.68481475192144,477.8754552285788,256.6922955197406,698.9177618306211,289.72427213384066,868.4078983764074,196.05097606847158,446.2054085309466,449.7370017875162,1627.6670437971657,116.60751053079402
2024-08-20,213.30599007318898,475.4713522360814,256.2153565116277,695.1997721894921,289.15692915015575,863.5244400103824,195.93314300405018,445.30121536772793,448.79317738166213,1617.622534690984,116.63145671599229
2024-08-21,214.1106282411797,480.69777328998555,257.23898906286587,703.3101841110163,290.3766458718235,874.1807841632616,196.27904638422646,447.49392474061136,450.88641170751674,1639.7661115841568,116.65531525406259
2024-08-22,211.40357120998567,462.2469669362583,253.7801078311312,674.6186068912252,286.2390421122963,836.4102940235668,195.21579683532593,440.0304723212712,443.73764269287943,1561.0080288197778,116.67903979734339
2024-08-23,213.24643056972357,473.89299591267434,256.12740269000136,692.6688883802075,289.0388589090966,860.0958983578313,195.98273018317144,444.93126245160795,448.55021268312544,1610.0891528613477,116.70286176796867
2024-08-26,211.598873415254,462.78552449245785,254.02161618372446,675.4100838826761,286.5192486800264,837.3945322294888,195.3426540860848,440.4195303929312,444.19553770166004,1562.83430320272,116.72654967026801
2024-08-27,211.8003671666596,464.1146036831264,254.3823160505348,678.2213702445264,287.0130454010666,841.59347297015,195.57262004781805,441.7834708164345,445.5224987475143,1576.0747924790512,116.75019606058812
2024-08-28,210.98701535401915,458.6699501207447,252.9647393134763,666.7963200593198,285.08214100910124,824.54685909988,194.82158572645835,436.6007897952092,440.4669640587316,1522.6562667779936,116.77380091173606
2024-08-29,210.90653322981106,457.88760645037235,252.80505640260117,665.1139971369737,284.8547102738125,822.0172563363286,194.74726999174575,435.856089026637,439.8221731279996,1514.6663163526216,116.79731785775304
2024-08-30,211.81405603092722,463.4064289029692,254.33720900278925,676.5085902070808,286.91488597665716,838.8832341047552,195.58526009696484,441.109370260581,445.0646037387336,1566.258567670737,116.82088588796363
2024-09-03,209.59097799478087,448.66861340138104,250.5018622822918,645.7142726280805,281.71139695062334,793.026813909893,193.53251013285458,427.08067296712284,431.5520285816545,1423.352597205516,116.84441231637163
2024-09-04,209.42769026922986,447.39226182355594,250.20152608119926,643.0346211199977,281.2947895599718,789.0458173356558,193.38173320675733,425.865733756939,430.4306530499467,1411.2535294185243,116.86785074908033
2024-09-05,209.52337141322604,447.9570715607908,250.343358203099,644.1391608454954,281.4748762151868,790.6406357505508,193.470083440852,426.403367358826,430.832479282142,1415.8192153758798,116.89124750729576
2024-09-06,207.58607912066398,435.2993056631826,247.01526160007242,618.0824879226249,276.9733174890482,752.2296384164432,191.68122285234946,414.35463692317455,419.29165610164904,1300.992213548394,116.91450979325803
2024-09-09,208.54714446530758,441.0229114204653,248.6280084836786,629.6399267510418,279.1323468184363,769.0788232613953,192.56865317177474,419.8028481989474,424.6836034499441,1349.38848469636,116.93768391930632
2024-09-10,209.24847423063207,445.2315816257922,249.80142802146915,638.1704214887953,280.70219012978697,781.5520276921018,193.21624836510182,423.80901589131435,428.6084178109214,1385.6856880573343,116.9607698311118
2024-09-11,210.86542819291842,455.2233334318558,252.53811113150812,658.5764358573238,284.3814754902198,811.510387292469,194.70931434572972,433.32000898954686,437.91583472409627,1474.0317113321594,116.98362823553316
2024-09-12,211.61688614682728,459.99460686585303,253.8024532185165,668.381757897138,286.0787900929005,825.9771746838762,195.40319699979557,437.86170994262596,442.2144409289762,1517.6340122249026,117.00667679562007
2024-09-13,211.97557989993965,462.1599664527931,254.3957649812733,672.8205075882424,286.8701246908807,832.527305969888,195.73440830990526,439.9228820460084,444.19553770166004,1537.494746139398,117.02954417193826
2024-09-16,211.67424615812195,460.0560535314547,253.85822351522074,668.3895930066717,286.1317243808588,825.9161472405234,195.4561621945445,437.9202000676601,442.23313052117146,1516.9491593312994,117.0519980547189
2024-09-17,211.73972758157737,460.21023629878516,253.94957965620907,668.6547513834639,286.24433186719784,826.2777012152629,195.51662655407776,438.0669642451946,442.46675042361056,1517.86229652277,117.07440979640991
2024-09-18,211.44516647688127,458.15979738446833,253.42409684186978,664.3440669431192,285.5226231272262,819.8539076353235,195.2446341690775,436.1151833422122,440.55106722360966,1498.0015626082745,117.09677937113887
2024-09-19,213.34200756477114,470.33617658543847,256.6515720630614,689.5138771894948,289.8754794338646,857.0971728157679,196.99614284838523,447.7056892704728,451.69006417190724,1611.2305743506859,117.11864208331906
2024-09-20,213.22555637424264,469.3432108630562,256.431079589939,687.3796163391946,289.56590449826075,853.8818596104455,196.88861392979072,446.7605006473298,450.83034293093124,1600.9577809466364,117.14032297479994
2024-09-23,213.4484565241109,470.61711069063045,256.7939046949323,689.9909495070099,290.0469477744499,857.743228327878,197.09443588799576,447.97310607459286,452.0235425654449,1612.8285644357604,117.1617754585511
2024-09-24,213.834057536741,473.00420420055514,257.43660354096767,694.9368826416072,290.9075019955774,865.0900965266181,197.45049287383577,450.2453432496547,454.20393105123793,1635.6569942225367,117.18309239269702
2024-09-25,213.92856893876916,474.1698341989828,257.5792081953601,697.3295363707634,291.0903601218318,868.6330082254996,197.53776298939925,451.35488831095324,454.62503612360143,1646.624411088138,117.20427370165925
2024-09-26,214.51624458427568,477.7452647210348,258.57009282640007,704.7871514553888,292.4235958876401,879.7491577105237,198.0804120285276,454.75828500039154,458.040666154994,1681.5465417544413,117.22545883922714
2024-09-27,214.1241670803125,474.9226591463555,257.8749692876084,698.7840883230594,291.4696879557973,870.725449987038,197.71837476798046,452.07149066633735,455.49531993981924,1652.5979334389533,117.24660128805351
2024-09-30,214.35250581282457,476.2724385198058,258.24788505925113,701.5672419295532,291.96497117531044,874.8556064001905,197.9292186148216,453.3563246528293,456.7305614854187,1665.46398157917,117.26774755007155
2024-10-01,213.3326534848336,469.26922744981886,256.47241968596927,686.775283218063,289.54559756517574,852.6889831570602,196.98750546051852,446.69007698726074,450.36719594748183,1594.9304676676231,117.28913030007124
2024-10-02,213.46332631752367,469.93975093929583,256.6768892337302,688.1237204627964,289.8120883910157,854.6670596372628,197.10816638571026,447.328337865273,451.0035325012756,1600.9039900184384,117.3104238624174
2024-10-03,213.43259873510104,469.6172858676693,256.6042225324732,687.395872294705,289.7031544943181,853.5513557511468,197.07979309305492,447.0213883803188,450.66664844338476,1597.2279762640903,117.33162818704808
2024-10-04,214.34642380963257,475.46487207952373,258.1539124918538,699.5703454762864,291.79220261107946,871.6612718909143,197.92360260331364,452.58761472198154,456.0287196981463,1653.51693687754,117.35278978427466
2024-10-07,213.56822738108332,470.0411901491189,256.7948217080965,688.1155644123344,289.9381398062578,854.5023616644459,197.20503012641385,447.4248962709704,451.1439008587301,1599.065983141264,117.37418804098331
2024-10-08,214.71010939155923,477.2357981542408,258.73600944669585,703.1077904667306,292.5575476422134,876.811755625865,198.25942327767086,454.27333170144976,457.8815820165456,1668.4507427545777,117.39577650771228
2024-10-09,215.32696550036468,481.31776454991694,259.77761830745914,711.643933713628,293.96015161522223,889.5536548504186,198.829017027698,458.1588920085955,461.4843698578775,1708.6571431927564,117.41727577392591
2024-10-10,215.2670169017048,480.7861134744717,259.6539093205201,710.4651316796404,293.7814002346957,887.7528726409473,198.77366157829562,457.65282162100254,460.96032799004735,1702.683620841941,117.43877897740593
2024-10-11,215.41041612973717,481.27476164321956,259.8806262667959,711.4409169948052,294.0784583673215,889.1834934218517,198.9060738262737,458.1179582107249,461.6808855583138,1707.0488871752289,117.46028611887343
2024-10-14,216.06860809115952,485.6393094849895,260.99470586892,720.6022649946615,295.5805521664949,902.8912704092413,199.51383635337305,462.2725034001668,465.5550522240576,1750.7015505081085,117.48170397660027
2024-10-15,215.0833632981428,478.91576302364103,259.2741644455546,706.2937443513438,293.23152504482044,881.344608696385,198.6040791695853,455.8724641246993,459.3320550435752,1680.8572891755016,117.50312573968644
2024-10-16,215.11805726692788,478.8808790033487,259.3136490754591,706.165055658316,293.2744185621574,881.1197674580092,198.63611495151486,455.8392585684887,459.38820238655705,1679.9382857369148,117.52455140884415
2024-10-17,215.19564407893222,479.4418052725068,259.4270386043272,707.2916350840528,293.4176340108671,882.7745363028832,198.70775720741756,456.3731955575303,459.70637066345387,1684.9928046491432,117.54593434805881
2024-10-18,215.7148955329695,482.4732013252369,260.30097636791453,713.624865630295,294.5930414811781,892.2277203805235,199.18722458836788,459.25873429939827,462.71961140347696,1714.8604164032183,117.56741446820456
2024-10-21,215.88551716678234,483.45796939372565,260.574759670308,715.6499098113472,294.95412002318926,895.2334182627387,199.3447735124231,460.1961197033344,463.6086110006887,1724.2802016487342,117.58885185985064
2024-10-22,215.99346344752087,484.0112892170036,260.740527629339,716.7640766553374,295.1685301549074,896.8732745707916,199.44444915147355,460.72281623487925,464.11393708752485,1729.3347205609625,117.61029316041791
2024-10-23,214.86056220958557,476.2363826688282,258.76647778304647,700.260005095646,292.47614684019203,872.0591608408382,198.3983486827993,453.3220036492201,457.0019403098308,1649.3814214038996,117.63169169986793
2024-10-24,215.49581725072167,480.2631220321176,259.83920890001923,708.663760549653,293.92045250121515,884.5859598152975,198.98493167345018,457.1549942034276,460.70766494662934,1688.668818403491,117.65314081190606
2024-10-25,215.9807921383449,483.15551144907107,260.6544217371484,714.7057920175217,295.01636985947425,893.6042334410603,199.43274869425463,459.9082146912854,463.5150320957191,1717.1579249996857,117.67445377173964
2024-10-28,216.01859977857484,483.3711557727939,260.69923514217044,715.105641825343,295.0664764893772,894.1715690025745,199.4676595839595,460.11348316816606,463.5898952196948,1718.7661810172126,117.69591068106824
2024-10-29,216.77049292247057,488.1092962340639,261.97529898647247,725.0639342474734,296.788926653536,909.0814496991543,200.16194408457122,464.62364535996994,468.0442510962507,1766.3246089640866,117.71723138869757
2024-10-30,216.22262597883565,484.36690783298627,261.0090776569185,717.0660059551834,295.46462815933205,897.0151996649852,199.65605367919736,461.06132406292215,464.50696848839755,1727.037211964495,117.73855595859001
2024-10-31,214.33759908424378,471.52343922914383,257.7382688604074,689.8482504694455,291.0108917360904,856.1251853773472,197.91545401184243,448.8358261102628,452.7815316956992,1595.6197202465637,117.75974422649765
2024-11-01,214.91756360825835,475.09513672529,258.71480786276544,697.2603474227725,292.32361285788767,867.1329733677435,198.4509827411532,452.2356693904176,456.131656493613,1629.6228474742804,117.78079611728099
2024-11-04,214.72323364258204,473.60271780583867,258.36093005711444,694.0782711215079,291.83341201561916,862.353390719745,198.27154197318126,450.8150590391919,454.8028360430438,1614.459290737596,117.80171155627403
2024-11-05,215.7069638820578,479.9561756179556,260.03202222315576,707.3266520681977,294.08806739222854,882.0749355892663,199.1799006456814,456.86281668708347,460.60472815116276,1675.8027702632737,117.82281769626117
2024-11-06,217.78278131101607,493.6460184994104,263.5869164286385,736.0941112570885,298.9021212944685,925.092907728851,201.09667283429067,469.8939651471952,473.1162277456062,1811.8152791741397,117.84388086267872
2024-11-07,219.00818038040973,501.78788242823566,265.6854720358028,753.3814848971197,301.74709683637013,951.1311071177889,202.22818412396134,477.64407875458204,480.56510858119105,1896.5933463837841,117.86494779455516
2024-11-08,219.12313092738424,502.2715624855569,265.86437583923777,754.3613129264946,301.9801559380774,952.5815950411182,202.33432737549805,478.10448627632854,481.12658201100896,1901.188363576719,117.885971720759
2024-11-11,219.10378628380852,502.0111353698784,265.81052160125375,753.7448806179649,301.89597897310585,951.6135205764245,202.31646488225218,477.8565897564903,480.84584529610004,1897.742100682018,117.90699939706396
2024-11-12,218.99039498902312,501.1121151534926,265.59368282741247,751.7589253375166,301.5896777453223,948.5708163495536,202.21176141592457,477.0008263989549,479.9755614798821,1887.4033119979154,117.92803082413896
2024-11-13,218.91715826119494,500.40161974973734,265.4464904841249,750.1787827231263,301.37834901210476,946.1443841788604,202.1441359489026,476.3245168776013,479.3579407070824,1879.1322810506326,117.94906600265304
2024-11-14,218.40987523436485,496.75472433869413,264.5476157974136,742.3114524670177,300.1430094274783,934.2038859288133,201.67571999670133,472.85309387214215,476.02653169016247,1839.3853823317475,117.9699645177206
2024-11-15,216.613750954519,484.23807542106107,261.41956161500013,715.5350980770688,295.87362167558535,893.7328433660438,200.01721139239586,460.93869049431174,464.68476840783967,1706.3596345962885,117.99091354911806
2024-11-18,217.165433682833,487.71682803487965,262.3508483463661,722.8241691819625,297.1279688966769,904.6263930543881,200.5266252241792,464.25006098696235,467.9132406292929,1740.8222635432985,118.01181947884017
2024-11-19,217.71352582528044,491.19775617855953,263.276697322663,730.1388183806795,298.3756639372395,915.5794060908606,201.03272357405467,467.56350233264214,471.1323549602492,1775.7443942096022,118.03286960298927
2024-11-20,217.69481979851716,491.0543895849532,263.2243002849193,729.7786885781629,298.2937843100277,915.0049011812602,201.01545076799817,467.42703390260385,470.8609761358372,1773.6766364727814,118.0538766434722
2024-11-21,217.99408537904816,492.80317194747204,263.72115852338237,733.4358050855699,298.95883231593075,920.4747329783096,201.29178718071336,469.09167262692995,472.55475431578805,1791.137701805933,118.0748874227081
2024-11-22,218.14174385435265,493.5019137103299,263.95618641605023,734.8653555773333,299.26788506253763,922.5948283808526,201.42813234042137,469.75679404036964,473.3127434460422,1797.8004767356886,118.09594879647658
2024-11-25,218.28779670942163,494.35377998529066,264.1884753978954,736.6213207512925,299.5732459415556,925.207370226448,201.56299489950666,470.56767229465663,474.06137468579936,1806.0715076829713,118.11701392702581
2024-11-26,218.72326258218033,497.09623893149006,264.9212298336371,742.4029252886753,300.5596599287142,933.8885751315701,201.96509619336237,473.17817629993624,476.60672090097415,1834.1011125598725,118.13803594319494
2024-11-27,218.14577575799504,492.947322310102,263.9018370521923,733.4945373228511,299.16115382967854,920.4080867413631,201.43185532716436,469.22888711450855,472.85420681169074,1789.7591966480534,118.15901482060944
2024-11-29,218.84178499548335,497.41151171789363,265.08465060552453,742.9282870159019,300.75956846139474,934.5807290510024,202.07453764152484,473.4782795604799,477.00911019234366,1835.479617717753,118.17995053494175
2024-12-02,219.70083070741123,503.1125960968693,266.55113766475546,755.0365195362699,302.74557343945094,952.8258960126291,202.86776488126037,478.9050530866172,482.2027394181598,1894.9850903662573,118.20079616510554
2024-12-03,219.96140233290956,504.72787323881477,266.9829299378409,758.443335508363,303.3235707994428,957.9519304142636,203.10837199724676,480.4426102684772,483.68128611668044,1911.7569031204685,118.22131713666198
2024-12-04,220.93788537563205,511.23848728488997,268.6563380950608,772.363382750006,305.59450975856157,979.0168807154197,204.01003873962415,486.6399624905269,489.6609781442417,1981.6011644530754,118.24174784444492
2024-12-05,220.74830616460127,509.82269207613706,268.30721043452627,769.2508122870146,305.1074398311468,974.2487543290757,203.83498473238203,485.29228905744696,488.3040840221816,1965.2888534181575,118.26208824035388
2024-12-06,221.46439683257734,514.4688052770492,269.5308582898761,779.2089905477028,306.7667426611658,989.3496372291729,204.4962098756683,489.7148519318236,492.6742188842648,2015.8340425404383,118.28238520589511
2024-12-09,220.88524001675398,510.3185626340104,268.50427851014433,770.1723300043145,305.35422712851044,975.547541270675,203.96142696946114,485.7643005270161,488.8374837805087,1968.7351163128583,118.30249790512556
2024-12-10,220.64622173159222,508.43648201943046,268.0696450682309,766.0584408887258,304.75070280014,969.2612795872773,203.74072181727584,483.972777270331,487.17177927204887,1947.368286365712,118.32261402431301
2024-12-11,222.05308740610192,518.0032357234128,270.4919308442178,786.5944238808744,308.04484741019166,1000.4083646911082,205.0397960809323,493.0792212870698,495.89333321522105,2051.445425785683,118.3426866106207
2024-12-12,221.5758203840959,514.4660128528034,269.6418623494402,778.8643260279262,306.87276706006145,988.5770870434428,204.5990963635296,489.71219386662693,492.6929346652587,2010.7795236282104,118.36262171794858
2024-12-13,222.19351451835712,518.3898460453629,270.696375438256,787.2947793092181,308.3026399063451,1001.3844861753632,205.16946393107295,493.44722963787194,496.464164535536,2053.9726852417966,118.38241927550975
2024-12-16,223.3375233947852,526.3407896467186,272.66806811122296,804.4889702982246,310.9870810046579,1027.5948524766188,206.2258209917996,501.01560915576994,503.613592875218,2143.345769644376,118.4021731672976
2024-12-17,223.0176820823171,523.9299165880072,272.0905902222338,799.1668644293713,310.18626889186413,1019.4026354492779,205.93048532115984,498.7207365981664,501.395772827437,2114.6269121885343,118.42207131028822
2024-12-18,220.2260763158268,504.1634470447245,267.2054156357284,756.0371396760607,303.49283518457287,953.3497056294253,203.35276715571635,479.9053417553425,483.3069704968019,1886.0248068400342,118.44201979015779
2024-12-19,219.90681905743773,501.7249027147221,266.6328412840602,750.7588008810372,302.702260225316,945.3306658655389,203.05797079002681,477.58412934509107,481.15465568249965,1859.3737071210132,118.46187762879322
2024-12-20,220.6028466512899,506.3360771232376,267.81932840177666,760.562063780006,304.30852464052134,960.1117758206204,203.70067005432097,481.9734345265432,485.3563485156374,1907.6213876468269,118.48169178808705
2024-12-23,221.37775362411176,511.89945208790084,269.1441232670453,772.4457970546326,306.10471969863664,978.0817556067987,204.41620510742518,487.2691246036005,490.0770861030798,1966.9159949563473,118.5014622449906
2024-12-24,222.45252041885544,519.074648393343,270.9914524397738,787.8577573379905,308.6156749819814,1001.4667684226923,205.40862528497397,494.0990823391511,496.72242154108704,2045.074660168579,118.52133004967256
2024-12-26,222.42410347253787,518.7414479989228,270.9223427743016,787.0781314606172,308.5107828352103,1000.2436659568918,205.38238559181647,493.7819140674436,496.3849997134872,2040.681125733572,118.54138931446072
2024-12-27,221.41344221315632,511.4120255293656,269.14430795937943,771.1348309541023,306.070793866965,975.8967076277688,204.44915930367435,486.80515084563456,489.7865284182021,1957.6664487773844,118.56121677303058
2024-12-30,220.40661343768198,504.2785762720181,267.37680586084844,755.7140745229376,303.64864906340154,952.4457968313474,203.5194718617064,480.0149314756886,483.27241257981706,1879.0453062562044,118.58085935557132
2024-12-31,219.77538183677763,499.707281212688,266.26361768699235,745.8731269448685,302.12140162654,937.530426238796,202.9366040428386,475.6635868263062,479.16711367735286,1829.7914728532294,118.60078752776862
2025-01-02,219.64892588459213,498.65673934873735,266.02557652364214,743.5793207618698,301.78712912325915,934.0390559938338,202.8198369086716,474.66359236974085,478.2298308229089,1818.2295401295266,118.62071904900591
2025-01-03,220.93096992410736,507.0791040208297,268.2246539912529,761.4675100654684,304.7706463805961,960.9718007685003,204.00365313703253,482.6807102707737,486.05614265751547,1905.4065128662473,118.64060684813218
2025-01-06,221.84363252318317,513.1864367108941,269.78837530043694,774.5148015691799,306.89261195144854,980.6985444453419,204.84638923852594,488.4941852440573,491.64234847000097,1970.3845747734576,118.6604038224098
2025-01-07,220.4822331708956,503.5669105402173,267.40385823905734,753.7192127029253,303.62739147119913,949.0678335737833,203.5892977527082,479.3375079372759,482.86938095240606,1864.2460323698647,118.68025118757298
2025-01-08,220.51968514643775,503.7528282030943,267.44957870037433,754.0627180126058,303.67953112456854,949.5551268365119,203.62388022808688,479.51448006816787,482.953736409306,1865.6334642967088,118.70010187244424
2025-01-10,219.33336322641543,495.39402498689265,265.37499407210663,736.1340763333214,300.84263141436884,922.4313444619254,202.52845206985168,471.5578653281448,475.38049094539934,1776.6065823241959,118.71995587757884
2025-01-13,219.1105541221106,493.6425933157355,264.97081110076226,732.3632514217984,300.28270071275153,916.7302611764809,202.32271418146962,469.8907047681423,473.85271989265584,1758.1074899662713,118.73986031462576
2025-01-14,219.06167742444666,493.0829535159813,264.86728877392284,731.1243951850633,300.1318257419088,914.8385739408399,202.27758232476282,469.3579923493123,473.4028241225227,1751.8640462954718,118.75981520781755
2025-01-15,220.8494765602169,504.79989698916967,267.9362948139094,755.8910498693195,304.2948994785487,951.9958092507558,203.92840364192648,480.5111685559357,484.29405089116074,1870.2582373861896,118.77972632762916
2025-01-16,220.33194239633804,501.2504028350801,267.02012179254416,748.2439527490345,303.03612428756946,940.4067346088732,203.45052197558164,477.1324602916576,480.9010869580738,1832.1038593979702,118.79959365090184
2025-01-17,221.657442424087,509.9626160832704,269.2958441150643,766.76929781541,306.1252205167441,968.3149428776065,204.67446467581473,485.42548054297976,489.0179564775579,1922.518173297327,118.81941715452496
2025-01-21,222.1364904570481,512.9805443956495,270.10802089795095,773.1968846942049,307.222906016008,978.0231243666732,205.11680894645158,488.2981995523309,491.8860420121562,1954.429107614747,118.83924396599856
2025-01-22,223.15476774665365,520.0040494155464,271.85744057794443,788.2645750664511,309.6003681071187,1000.8614247173215,206.05706773885794,494.9837647130972,498.1752099654748,2030.2753862822385,118.85916840273492
2025-01-23,223.34513763984748,521.1800894112774,272.16921716482864,790.7547030229695,310.0160606225893,1004.621929824733,206.23285184767792,496.10321888887586,499.23433959099634,2042.7622736238377,118.87909617997705
2025-01-24,222.92772666712617,517.9536998904512,271.42300569239205,783.7047362363187,308.9856929910186,993.8402052372958,205.84742212126216,493.0320688983239,496.41311819912016,2005.995327562462,118.899027298285
2025-01-27,220.68030029778205,502.10719142523334,267.49451012097956,749.3956785397185,303.6087566488878,941.5969067889531,203.77218934760347,477.9480240211977,481.96021658359535,1830.0227115077032,118.91891457606525
2025-01-28,221.8456975665615,509.9556640854394,269.49349995805187,766.0764218982291,306.32131896738304,966.7163559752275,204.84829606215152,485.41886304439953,489.08356627736885,1911.1874792280978,118.93866361009304
2025-01-29,221.7237625441246,508.909224288999,269.26275913499376,763.7763064344476,305.99644159266745,963.2012887785938,204.73570347257018,484.4227732820796,488.16502908001394,1899.3943078499208,118.95836872598878
2025-01-30,222.07841813666383,511.19755334378783,269.85892060032836,768.6282875312712,306.79929247633197,970.5119959973325,205.06318601840033,486.6009981088186,490.24579701687924,1923.2118892607489,118.97807710652172
2025-01-31,221.98933692411237,510.2844108060035,269.68516678184574,766.612434173574,306.552104756608,967.425523513848,204.98093004137448,485.731791933251,489.53346204750187,1912.8061498094162,118.99774153871019
2025-02-03,221.39142255956153,506.0211917769583,268.62833237104627,757.4083798387816,305.10037817909995,953.4554152563973,204.4288267546629,481.67370006422595,485.6156197159264,1866.558418914604,119.01745644231826
2025-02-04,222.36661795599426,512.5047768445608,270.2995028879056,771.2178963829309,307.36787728020414,974.2843497162221,205.32930450779565,487.8453238221689,491.5767386701896,1934.3113446755037,119.03731629963335
2025-02-05,222.74385723703983,514.8975969803828,270.93529904321093,776.3067593226876,308.225229559769,981.9664627539481,205.6776404222513,490.1230120833307,493.80747186376607,1959.5163580131762,119.0571322338348
2025-02-06,223.17488888986765,517.654184193234,271.6649508677735,782.188636659501,309.21105975485307,990.8618993408564,206.0756472377954,492.74696456583655,496.3849997134869,1988.8836671313818,119.07695146676025
2025-02-07,222.2138553556278,510.80105212639035,269.9743217460279,767.3394754822244,306.89159653921797,968.2560645314167,205.18824629152027,486.223574768517,490.1239502458016,1913.0373884638902,119.0968212517173
2025-02-10,223.1794869928479,517.1451260233567,271.6309333227782,780.8991031446367,309.1411015177334,988.7556948464036,206.07989304274423,492.2624000135663,496.0569507144315,1980.3278369158415,119.11674161289095
2025-02-11,223.0177857844053,515.91211050548,271.3303104675602,778.1833008766665,308.72019610676216,984.5961982645817,205.93058107778842,491.08871172464956,494.8759743178322,1966.2222789929237,119.13666530598215
2025-02-12,223.08786166460504,516.3292116546554,271.432655478805,779.0262898320948,308.8496067231929,985.8431710183943,205.99528787540243,491.4857438195285,495.16653200270974,1970.1533361189831,119.15659233154821
2025-02-13,224.2353672251348,523.9999909209853,273.4077389378528,795.5040249352326,311.536093073136,1010.8329101981819,207.0548737108493,498.78743926555165,502.28988169648335,2053.1680130751706,119.17652269014654
2025-02-14,224.5892000682391,526.204994967758,274.0045073197936,800.2292774079579,312.34168576202313,1018.0043294578559,207.38159654476402,500.886348313483,504.39876811898216,2077.2168331404728,119.19640909006365
2025-02-18,224.7917618682258,527.4101946000897,274.3379558721625,802.7903562466719,312.7873853490092,1021.8800191051532,207.56863843933183,502.0335590936928,505.54225320140375,2090.1661977910203,119.21629880832651
2025-02-19,224.8380235817172,527.4878206252265,274.3989915832552,802.9017421186826,312.86045478746166,1022.0160569398956,207.61135566705173,502.10745009935937,505.68284562957035,2090.397436445495,119.23619184548879
2025-02-20,224.52839521084195,525.2985418968427,273.8395402564798,798.0838192084918,312.0845727003222,1014.6226508014274,207.32545044156382,500.0235097373571,503.5364678928938,2064.961184453348,119.25608820210427
2025-02-21,222.92169028928566,513.8464610304426,271.0206163995916,773.1710278170133,308.21903711070553,976.5822121129958,205.84184823937667,489.1224521255543,493.0857640658444,1935.6987766023487,119.27594055488233
2025-02-24,222.02475272277758,507.43511197300177,269.44351804157975,759.3345907464118,306.0565278329514,955.5778284134229,205.01363234793178,483.0195887018778,487.2652375397478,1866.0959416056571,119.29574888072449
2025-02-25,221.06958718480422,500.71137956285054,267.7684376624059,744.9070921019311,303.76315066947825,933.758777367159,204.13164980304862,476.6193724246378,481.12603484314036,1794.874436027647,119.31551315658074
2025-02-26,221.28024595550198,501.89406190384335,268.11398278151756,747.3678615922443,304.22350354415914,937.429471233129,204.3261682936091,477.74514934553343,482.28826558265075,1806.4363687513503,119.33523335944969
2025-02-27,219.15324127770162,487.3769921923047,264.41325572870636,716.432947776518,299.1744551224706,890.8361185477496,202.36213072721503,463.92657653538663,468.8944935926475,1656.5937206521596,119.35500417688128
2025-02-28,220.3881614294684,495.23960820050314,266.52294881435444,732.8931915464481,302.0289719814046,915.3671754919877,203.50243361177442,471.41087839150816,476.2990281427543,1732.4399993196512,119.37482563293204
2025-03-03,218.72403072206404,484.09531132363463,263.62899339776305,709.2807760522804,298.0835566540626,879.9471187365633,201.96580547980804,460.80279557101346,465.87644280133816,1620.5204905542064,119.39465038076035
2025-03-04,218.51678718121278,482.2863029203873,263.2532504877822,705.4435028576813,297.56376502592957,874.2049701439356,201.77444055058498,459.0808286154804,464.4705185196724,1602.7151141597037,119.41462055740143
2025-03-05,219.53749428229932,488.91429533434774,264.99110177102534,719.2427829555082,299.91105464585024,894.6963317110935,202.7169429868713,465.38991147981454,470.5253657593799,1665.1495508676999,119.43454668753813
2025-03-06,217.4475908555351,474.7807203129153,261.3683885101518,689.488467769152,294.9808940348396,850.2512298981358,200.78716404320414,451.93638129898875,457.5814895395097,1527.1000741466864,119.45452353731145
2025-03-07,218.03082934299613,478.27948074085197,262.35118706275966,696.697713719082,296.3020757634782,860.8910593972357,201.32571589101906,455.2667969186282,460.94633498696334,1558.7797698096324,119.47445632586202
2025-03-10,215.09694750140875,459.4584377909862,257.2891845710184,657.48197490348,289.4316952888387,802.7128991737779,198.61662257666012,437.35133894167166,443.08172378126267,1383.0383924093476,119.49439244049896
2025-03-11,214.940265416311,457.6260713192604,257.0030915315131,653.6892045864236,289.0358583163101,797.1295093712199,198.47194517922674,435.6071378041452,442.0225941557411,1366.8516865961635,119.51428446336752
2025-03-12,215.81221865070307,463.1492580513348,258.474127301327,664.9131919658255,291.011474442965,813.5271734990182,199.27709099124996,440.8645733278269,447.0089389413826,1413.5618947999235,119.53422722392975
2025-03-13,214.47678703880578,454.342725070357,256.1707122741052,646.8041496805696,287.8896900502776,786.9120709210696,198.0439776462296,432.481771590237,438.9670520502539,1336.3281842055876,119.55422074645948
2025-03-14,216.31445167957182,465.67391813522534,259.2879690740822,669.8023693733329,292.083963781893,820.4618029430375,199.74084386686758,443.26775798446477,449.57709396255893,1431.1360325399517,119.57417017099277
2025-03-17,216.82874364293926,468.8844780945446,260.1501310760844,676.3515988908194,293.2396941399835,830.0613132595295,200.21573174402678,446.3238400616854,452.4920436398794,1458.884671076839,119.59407547432083
2025-03-18,215.5585289765146,460.663525474418,257.9543871955161,659.3625532343146,290.25987237733926,805.0135784112169,199.04283854436412,438.49844315946547,444.7782057478062,1385.3507789540884,119.61403154921643
2025-03-19,216.5914736462948,466.98408107084333,259.70180180630626,672.2394212188738,292.60969263868685,823.8523037408606,199.99664092976965,444.514881700114,450.7299518735249,1439.229385446544,119.63399095408408
2025-03-20,216.3579582291265,465.3539482842692,259.28328192677986,668.8391306693293,292.0340878737049,818.824268451984,199.78101702614717,442.96318366124757,449.2021808207814,1424.430111560204,119.65390621567344
2025-03-21,216.63101637521186,466.9378543968992,259.7322591146846,672.0435565580949,292.631191515036,823.5046171631777,200.03315396891875,444.47087924835466,450.6830877308027,1437.8419535196997,119.67382479252164
2025-03-24,218.3157714709843,477.37019936995114,262.59938115447784,693.4453607442606,296.49779129992436,854.9474537647616,201.58882628727625,454.40126612774696,460.5580280731958,1529.1812220369525,119.69374668518056
2025-03-25,218.77543840849992,480.4031608230847,263.3705131036979,699.6898742069651,297.53273073619783,864.1576078323488,202.01327440567138,457.2882949499053,463.18624818203887,1556.4673832648919,119.71367189420215
2025-03-26,217.3901449046097,471.6258034996186,260.9693361325607,681.3772354034516,294.26765973540563,836.9882306251716,200.7341194933579,448.93326506680273,454.6633058290763,1474.7349708954941,119.73360042013847
2025-03-27,216.9801258676887,468.8640466768861,260.24755530527926,675.6285893955504,293.2812109436651,828.4865577100833,200.35551534647738,446.3043917130765,452.0726317217881,1449.6053753043432,119.75353226354176
2025-03-28,215.0041900064704,455.84980413068354,256.8433426488914,648.7898183035059,288.6678684951299,788.9658657146642,198.5309719871128,433.91633670148775,440.1705492288844,1334.1953807375771,119.7734674249642
2025-03-31,215.02424496999026,455.787829849607,256.85924367569834,648.6175240414431,288.67970320627256,788.6881744401264,198.54949037692023,433.8573443474914,440.15177622810694,1333.2646549749415,119.79340590495812
2025-04-01,215.65412048133425,459.51196904142034,257.91585317505576,656.142369648762,290.09512129229745,799.6418055574535,199.13110600726785,437.40229450615107,443.6998733750452,1363.9786051419035,119.81330016701021
2025-04-02,216.22828248117108,463.1556733517123,258.8784685701781,663.5283652177606,291.38474709262636,810.4168362403154,199.66127679092673,440.8706799524506,446.9382160091554,1394.4598738682068,119.83319773293077
2025-04-03,212.20020987533147,437.15750988260925,251.9706229626324,610.2731150562911,282.0447873469776,732.3363730620532,195.94182755764461,416.1234326107678,423.0120265182946,1170.3876465137791,119.85309860326858
2025-04-04,207.61022831548055,409.1891347652135,244.1666855429597,554.4527401076496,271.5529823407122,651.9298194390633,191.703521781126,389.50077145250106,396.73921193025245,956.0880396670218,119.87295521781893
2025-04-07,207.8077788411285,409.79055141842247,244.48138152221398,555.5778288393276,271.9640407142068,653.4958386549353,191.8859363558014,390.0732506081945,397.69663496990245,959.8109427175625,119.89267241620693
2025-04-08,206.52024657782584,401.66349450770565,242.30017136826643,539.7980806640687,269.04338696234265,631.2012623219592,190.6970524010722,382.33723157098586,390.534735173305,905.1308041627439,119.91244043421841
2025-04-09,215.21856053149077,451.2538513161169,256.8619803001061,634.9665966705035,288.4373065247318,764.7202534682514,198.72891784433722,429.54152071850666,437.4109181145992,1224.1370593059628,119.93230688020304
2025-04-10,212.03815838410435,431.87952557414286,251.42101078602445,595.9754695330614,281.0958823600748,708.3440452170342,195.79219214791462,411.09940145939953,418.80687434414574,1073.592167199717,119.95236698629432
2025-04-11,213.4283934792631,439.91997712570645,253.75795940635322,611.7835390284546,284.2218318343606,730.8667401101694,197.07591003603648,418.75298220258685,426.5225776636779,1130.366438720465,119.97238284753153
2025-04-14,213.95787121723635,443.20053318940256,254.63913824613388,618.2571754437516,285.39670468197073,740.1228186732349,197.5648201822165,421.87569248260434,429.4136197834054,1154.0999456676632,119.99240204871701
2025-04-15,214.07097960524695,443.9373594442183,254.80826271421364,619.5955019103343,285.61236300586125,741.9785747699543,197.66328359557423,422.48696090207795,429.8923313032303,1158.5208930401802,120.01237697437553
2025-04-16,211.39677984819406,427.22910530616775,250.58218806505081,588.7023268696012,280.0743652188833,698.7689018527599,195.59858790930755,409.16820579284234,416.92957426640066,1053.8142447437187,120.03235522522499
2025-04-17,211.4013825938893,426.75854645102464,250.5759198357298,587.8125643029908,280.0583805653143,697.516494265417,195.60742248290623,408.80141414790245,416.8544822632909,1050.7893860151542,120.05233680181904
2025-04-21,209.23778680638105,413.78039477756994,247.16862159254907,564.1246316101995,275.60478839593435,664.6821741041517,193.93441660336927,398.390358797772,406.53871833608173,974.0045105977492,120.07236934452746
2025-04-22,211.55141382394592,427.02679169302974,250.77206756170236,587.9931379502947,280.2878020020939,697.4951744999124,195.7373588001874,409.0928429470046,417.2111692780624,1048.4625716085661,120.0924052299677
2025-04-23,213.57492643267486,438.8983863797953,253.9328468915768,609.5937525713316,284.4042561037076,727.3889086773077,197.3121772998655,418.63812189711007,426.6727616698975,1118.034322365548,120.11239680298115
2025-04-24,216.76459382157017,458.708246575899,258.50971279936846,642.8122019561351,290.1685111791799,771.9744092195565,199.2766546743602,431.15543850655564,438.6780956670772,1213.2010315949983,120.13239170395687
2025-04-25,218.06224929335244,466.76396672532707,260.36955610393744,656.42193466724,292.5110510228353,790.3458086835457,200.07570087228484,436.1800310973553,443.568462369603,1253.2222393883126,120.15234226186485
2025-04-28,218.04258465036912,466.61667492160444,260.3322287192557,656.1491778077844,292.4578016069414,789.9599463345725,200.07507051878682,436.11373752009507,443.4276648637721,1252.2915136256775,120.17229613299048
2025-04-29,218.82282885546175,471.4779228421989,261.44817472712873,664.3811272157569,293.8620937368021,801.0931068118938,200.55915171878223,439.1387371186725,446.35625298505437,1276.7230648948516,120.192253317884
2025-04-30,218.8252346616927,471.5601764129536,261.442655779467,664.4982457735097,293.8490294760483,801.2353874640578,200.57189268822938,439.21403870820785,446.29993398272205,1276.9557463355106,120.2121661217571
2025-05-01,220.35702670022806,480.2040715983207,263.6436185820379,679.1839621318499,296.62594299121895,821.1399231440092,201.5103595118813,444.55543479373006,452.1289507241204,1320.9325386200242,120.23208222467608
2025-05-02,222.10779045470179,492.1666301428659,266.1639793109207,699.5916148197175,299.8099206165398,848.880096660163,202.57897829966885,451.89379816590565,458.840298502059,1382.8258018352656,120.2520016271875
2025-05-05,221.42680745936713,487.68429322377074,265.1693531570098,691.87364143127,298.54327991863755,838.3268744097472,202.18026597897142,449.20152536478764,456.1182133893286,1358.859613447409,120.27201976793454
2025-05-06,219.75656127520904,476.54488541896825,263.0515732519526,675.1019403310204,296.0221030185106,816.8191415959872,201.54392207445778,444.7811910978081,451.8755152136248,1320.2344942980478,120.29204124106654
2025-05-07,220.45408346222578,480.9952895738048,263.9359638440837,681.7936689279511,297.0729866790876,825.3838594171558,201.8426692152649,446.6401124273482,453.6495637870939,1335.591469381529,120.3120660471382
2025-05-08,222.28236495293586,492.47478358178506,266.25890444694716,699.075317646288,299.8384544109337,847.5276976904839,202.5939598841322,451.34559623857433,458.3334274810678,1375.3799957341841,120.33214192958775
2025-05-09,222.1732452976322,491.5580912943009,266.1172503815217,697.6854398858812,299.66660892027795,845.7352338116667,202.56946433189745,451.0204014436315,458.0330594686286,1372.1224555649608,120.35222116200102
2025-05-12,229.421767525027,539.1881948573462,275.33933287145413,769.5064119378845,310.65924167791263,937.909675371723,205.47988832322724,470.1824282298569,476.69342224141457,1538.2570041953463,120.372303744937
2025-05-13,232.22681214830124,558.9764934825155,278.91327004942843,799.5043139876915,314.92572777542773,976.6138656506213,206.5986807054926,477.7768015836296,483.9585735422879,1608.7594807149635,120.39277181325237
2025-05-14,233.34810440991464,566.8861306921686,280.34119732637384,811.5160668712497,316.62972316590333,992.13986370314,207.0548226572361,480.7801748294889,486.85900216240395,1637.1466164753376,120.41319558704211
2025-05-15,233.56117067855823,568.3233853492378,280.61019826802533,813.6935320725838,316.9482569135444,994.9486743660342,207.15729368983054,481.35934169549506,487.3940326845613,1642.265608169831,120.4336228255792
2025-05-16,234.38228664248237,573.9468548518793,281.65542482677057,822.2395438658939,318.19514197096044,1006.0031904219411,207.49554944821722,483.48875382079876,489.51538177241315,1662.5088935071471,120.4539101560909
2025-05-19,234.56993652787307,575.1871384527316,281.8920575084863,824.1187972052611,318.47505330635437,1008.4277462075141,207.58784349897178,483.9915612839297,489.98470679184936,1666.9298408796642,120.47415310488103
2025-05-20,233.95235006956426,570.3892497137379,281.10051823343485,816.8061170276582,317.52502387524794,998.9432557207332,207.36844549874712,482.2712606525728,488.3514557242111,1649.4787328302539,120.49449507001837
2025-05-21,231.35931252692282,551.4196297603762,277.7872234883564,787.934932883625,313.55909749437336,961.5472697293295,206.3825481696915,475.29987299329184,481.5650159431627,1580.837707835907,120.51479265460459
2025-05-22,231.71340588348968,553.7106764370308,278.2360354348454,791.40500818731,314.092412944866,966.0215509023465,206.54020335843177,476.2086652196119,482.46611998048036,1588.9815582589656,120.53499801170638
2025-05-23,230.9355418887078,548.0559556872886,276.92239340359225,779.9179598466745,312.3211836344415,949.2211659115002,205.8933175774722,471.45257377599404,477.9981457954471,1543.1433144491812,120.55525458776115
2025-05-27,232.86219481563953,561.4782644598164,280.20294235922364,807.1487573536435,316.7505899607338,988.9597496898265,207.61104781380584,482.99880724204377,489.24317326114004,1650.6421400335485,120.57546672865928
2025-05-28,232.5263031678234,559.0184341485524,279.6054589220146,802.0393120649004,315.9294960667209,981.4142436421804,207.31157963688594,480.88279459905846,487.07489167134435,1629.4681289335972,120.59563441089188
2025-05-29,232.71155706254558,560.0291349934819,279.9036470561336,804.0533627162845,316.323239008019,984.338801197266,207.47674494087747,481.7522268344258,488.03231471099434,1637.3792979159966,120.61580546640943
2025-05-30,232.60846137245701,559.0595595376176,279.706388228263,802.0069409017925,316.0451220053092,981.2994681694697,207.38482875731088,480.91817177235833,487.26262167911887,1628.7700846116206,120.63602775919098
2025-06-02,233.27682104364453,563.6209142821882,280.83441501283966,811.2972524548082,317.5640170045573,994.9072101993037,207.9807127382275,484.8419726396191,491.1110868384963,1666.2317965576876,120.65625344241646
2025-06-03,233.94096873162948,568.2839245502989,281.9560623601525,820.826587150558,319.07518052105587,1008.8963940258186,208.5728414756331,488.8532203409378,494.9501654974848,1705.0895971477075,120.67686555237952
2025-06-04,234.1951477285573,569.9482816875353,282.37310686333984,824.2009012317432,319.63064149814136,1013.83893773927,208.7994577708468,490.28494541917087,496.32998105462747,1718.817802146577,120.69743329593301
2025-06-05,233.60418576947956,565.366803679,281.3345288736203,814.6758939135682,318.2089858057734,999.7443913137344,208.27257863686216,486.34383397533406,492.5941538999148,1678.796594353263,120.71805244078773
2025-06-06,234.4293715813448,571.079332992081,282.7336296861394,826.3756425693329,320.0970904559706,1016.9393054848923,209.00828282095296,491.2579063788453,497.4094285993308,1726.728971128976,120.73867510807968
2025-06-09,234.5761140135864,572.0314237478956,282.9658044354791,828.2834450099601,320.4016073893893,1019.7219347768175,209.13911277443913,492.07692062846553,498.14157562965147,1734.4074586707166,120.75925338623799
2025-06-10,235.14517427829617,575.9627165823658,283.9257290700239,836.3547855866939,321.6949651984212,1031.611306567848,209.6464651934058,495.45872517934174,501.43623726609405,1767.913586125584,120.77988309202479
2025-06-11,234.89403643310786,573.957357702941,283.4716989947898,832.1334398340197,321.06663548050074,1025.3277377550387,209.42256027304492,493.7336611685625,499.74666719612344,1749.7644337541974,120.80056425057806
2025-06-12,235.11320072746696,575.3301975307687,283.8287379512612,834.9157560465258,321.5409089679214,1029.4065597124998,209.61795879546847,494.91461516330554,500.91997974471417,1761.1658243464788,120.82124895036937
2025-06-13,234.10629881570765,567.7856399900506,282.0713863222844,819.213462917369,319.1408519604332,1006.1391178290307,208.7202434702669,488.42458246926765,494.6310244842683,1694.618932318061,120.84198513694517
2025-06-16,235.2720991549818,575.9528185543024,284.0573387383754,835.9873208332002,321.8262551844795,1030.8261809702585,209.75962657051645,495.45021062757496,501.5113292692039,1763.7253201937256,120.86267692924145
2025-06-17,234.49519379108318,570.0595401946368,282.6965873138509,823.7062429606045,319.96526892317576,1012.6190113943462,209.06696739164522,490.3806529997258,496.6209625666781,1711.6046774861538,120.8832763418371
2025-06-18,234.5071503454268,569.8513109705834,282.6965778551628,823.216387002551,319.9543747178414,1011.8619320438038,209.07762739928398,490.2015285825988,496.53648406317956,1709.2778630795653,120.90383129577063
2025-06-20,234.1979262262198,567.1720884340896,282.1434518497256,817.6271843055233,319.19226389932743,1003.5835136217577,208.8019349733464,487.8967888065942,494.5089999792149,1685.7770375730265,120.924389744862
2025-06-23,235.06554240728192,573.3992507008549,283.61622985761664,830.3922864465616,321.18089049188967,1022.3516092520877,209.5754684556411,493.2535624125039,499.58813859105834,1738.130361721257,120.94480773209868
2025-06-24,236.3493997499997,582.5965071741766,285.8086496529092,849.3600436506057,324.14943384489374,1050.3401386182081,210.720106675581,501.1652914814597,507.227848111881,1817.2420515452498,120.96518117292499
2025-06-25,236.58676617158707,584.792442350177,286.1980710137,853.8721907487295,324.6685070502364,1057.0005545958288,210.93173352012138,503.0542943831293,508.52462537371804,1836.2437952514988,120.9855580457059
2025-06-26,237.3869247707696,590.4637151410508,287.56019309117966,865.6402432618105,326.5118292833071,1074.4460208899336,211.6451243963219,507.9328768090611,513.2794753337872,1886.5486392855291,121.00593835101957
2025-06-27,237.69742381260087,592.5533642698531,288.0767055737846,869.954027759531,327.2045754147162,1080.8349400395377,211.92195349462537,509.73044957483313,515.0367024929432,1905.0327447678012,121.02637010767366
2025-06-30,238.2623629495949,596.6429868587031,289.03396828354477,878.4684421105432,328.498264675997,1093.4924581184978,212.42563167336627,513.2484536678055,518.3726150143355,1942.0009557323447,121.04680531421366
2025-07-01,237.585691688637,591.4000925132451,287.8402915762407,867.3768802825334,326.8591275997134,1076.8876057541522,211.8223373961472,508.7383739805917,514.0030394581455,1892.6320157733655,121.06734004011517
2025-07-02,238.1910356233476,595.584993559125,288.8671097824099,876.0822297505811,328.2472766977684,1089.8208558205538,212.36203895084782,512.3383391823269,517.5832723332172,1930.302154794198,121.08783020699101
2025-07-03,239.0376497386861,601.4874003769906,290.3128716482642,888.4216915133626,330.2075683104229,1108.2037983278412,213.11684779269754,517.4157493571074,522.6764120137657,1984.3506151284355,121.10837189247256
2025-07-07,238.43383564039408,596.862406185506,289.24409194416654,878.5979383617504,328.7375573728109,1093.461309051941,212.57851018177533,513.4372041143318,518.7390955448545,1940.129147582241,121.12896512158204
2025-07-08,238.50705225333547,597.2054998481665,289.3498979197502,879.2554017734949,328.8706809888702,1094.406020011897,212.6437873202227,513.7323425735146,519.030400581934,1942.7028837886332,121.1495618523577
2025-07-09,239.12434818673827,601.6014800949441,290.39864847353556,888.4372213927829,330.2898894370725,1108.083094746031,213.1941448209171,517.513883819632,522.7046028238055,1982.9467590158577,121.17016208539488
2025-07-10,239.03040938388068,600.699021519557,290.2145121261258,886.468564347491,330.0273401955232,1105.0989759181848,213.11039256861585,516.7375645155952,521.9528478894073,1973.8216942841032,121.19076582128918
2025-07-11,238.8685561904731,599.170386033508,289.91263274659855,883.1813198557395,329.60416571582203,1100.1438176820654,212.96609043703984,515.4225908768918,520.77823080441,1958.8472290832756,121.21137306063619
2025-07-14,239.19811482162893,601.4658099652376,290.46295829568646,887.9506387602238,330.34378653748956,1107.2356322505136,213.2599123379479,517.3971767002752,522.6670150770858,1979.6710947531765,121.23193570428042
2025-07-15,239.30131630949626,602.079656170861,290.62081903904254,889.1805414753845,330.5479944272925,1109.0383393602822,213.35192284677714,517.9252238285668,523.1462588477646,1984.818567165961,121.25254994414124
2025-07-16,239.4135186410396,602.7423902462858,290.79430421926753,890.5139688282219,330.773536669878,1110.9963782063876,213.45195816439198,518.495325626286,523.6818842385233,1990.4339916162717,121.27316768924086
2025-07-17,240.11804677000742,607.7189330152988,291.9956303541713,900.952837562929,332.40209946076135,1126.5867983655237,214.08008856222284,522.7762824749626,527.9199026811935,2036.7612433313325,121.29374081590242
2025-07-18,240.0637438823125,607.0529122782183,291.8800653020565,899.4767829352301,332.23295314551814,1124.3337148994344,214.0316741795336,522.2033534018881,527.4124681004748,2029.7419627684449,121.31431743264798
2025-07-21,240.5257890294644,610.3526445010062,292.66142953380285,906.3961809495318,333.28897423389867,1134.6746409072803,214.4436160029517,525.0418724126961,530.1469766743486,2060.6267972451515,121.33484939946743
2025-07-22,240.1165962487823,607.0968618122788,291.92888304373594,899.4232003414004,332.2765790463482,1124.161168254263,214.0787953328446,522.2411599811874,527.4030711637948,2028.5720826746299,121.35543298999056
2025-07-23,240.5264042959724,609.957711055355,292.6194247711687,905.4126536109623,333.20848375831804,1133.1062653722609,214.4441645510941,524.702139968426,529.8086869538693,2055.2453488136043,121.37602007237282
2025-07-24,240.73210239524596,611.4345942767246,292.95564733418524,908.4786331253055,333.6566102140073,1137.6722369248616,214.62755712779514,525.9725949076634,530.9363193554667,2068.8159579018543,121.39661064720653
2025-07-25,240.961517382737,612.7123189448545,293.3331319244521,911.1245175965505,334.16117845201313,1141.6096220229872,214.83209477708982,527.0717282664303,532.2143027439438,2080.514758840001,121.41725288834238
2025-07-28,241.2517154653658,614.8661691785903,293.81642835679867,915.6336204156391,334.8104921136769,1148.350510644293,215.09082431477125,528.9245285611545,533.8775605362998,2100.7536844629944,121.43789863947836
2025-07-29,241.14746819156832,613.9630773668742,293.613743799413,913.645995132245,334.52200265738463,1145.3202811750139,214.99788142310962,528.1476645300803,533.0506301084617,2091.2776557030957,121.45845152192666
2025-07-30,241.28707586357794,614.7759202901605,293.83527825834426,915.3077269157261,334.81355952443323,1147.781231864298,215.1223502966067,528.8468940234962,533.76479729614,2098.5309122847466,121.47900788286874
2025-07-31,240.8661697763045,611.2931034820912,293.08166917527245,907.8334890765101,333.7717508505889,1136.495199816781,214.7470864892754,525.8508806947195,530.9363193554665,2063.9024615078324,121.49961592884888
2025-08-01,239.2320613290205,598.5296605669145,290.2198551134874,880.6888673864537,329.84946459871185,1095.6785909373525,213.2901777486762,514.8714214804558,520.4775288306504,1940.1291475822409,121.52022747083684
2025-08-04,240.80304990305058,610.0643859009206,292.9216440968476,904.8720683413983,333.52329325769983,1131.7459694321656,214.69081121868248,524.7939045592074,530.0811981175884,2046.3542601006122,121.5405531755507
2025-08-05,240.2569973283937,605.687412294015,291.951734484277,895.5327701556209,332.18691844253163,1117.6910392028228,214.2039715782862,521.028713339385,526.4821713691566,2003.7706246857585,121.56088227998066
2025-08-06,241.3411783837002,613.6742870885748,293.81293903673924,912.338598735648,334.71707900853187,1142.8236368525982,215.17058603921342,527.8992393125947,533.1070117285416,2078.642950689897,121.58116654625
2025-08-07,241.65310295210762,615.9164360387936,294.3345164691245,917.0356112696794,335.41899029127785,1149.8460271488532,215.4486860826198,529.8279965542603,534.9112235710974,2099.700792378561,121.6013577042657
2025-08-08,242.46815680067084,621.7961738717707,295.7317663538816,929.4765127085377,337.3185904066652,1168.5270056260294,216.17535699482545,534.8859062543911,539.9009969481658,2156.3229889191907,121.62155221545588
2025-08-11,242.24323202867285,619.9505426459926,295.31881155425964,925.4690788734436,336.74215549205906,1162.442475074458,215.97482265033574,533.2982442965107,538.3035177125694,2137.3709313993936,121.64175008037736
2025-08-12,243.3351481562597,628.0225093061016,297.19934273421154,942.6170692218641,339.3040854988418,1188.2503172964798,216.94833340656893,540.2419685966507,545.0693121221541,2216.2208497225024,121.66204784065864
2025-08-13,243.40405806170682,628.4153490381708,297.2983732931217,943.3921402519587,339.42846129361317,1189.3832089634834,217.009770848941,540.5798999718027,545.3418232858735,2219.4965139851834,121.68230070933687
2025-08-14,243.36408624416225,627.8798537996664,297.2076190154591,942.1770510119304,339.29293018002,1187.505676701278,216.97413350158192,540.1192524670764,544.9189611352745,2213.4131374973476,121.7023638029657
2025-08-15,243.01567296874543,624.8344568432115,296.57871165432203,935.581987330918,338.42016008279927,1177.4916410604674,216.66350151926807,537.49951953946,542.5227422818799,2182.0603509831144,121.7224784992054
2025-08-18,243.00789597765365,624.62018655313,296.5441452581044,935.0573842875676,338.36164177100807,1176.660421381324,216.65656785074933,537.3151984337511,542.3066127382403,2179.2526387579587,121.74259651995736
2025-08-19,241.88022826903457,615.7684598048791,294.55713107118237,916.0606045321477,335.6297182815459,1147.9349738623052,215.6511823490042,529.7007033908291,534.9488113178172,2090.3417516280447,121.76286279743358
2025-08-20,241.40357111804306,611.9024887328794,293.7070323333648,907.7795864504417,334.45626163789257,1135.444484948356,215.22621302049797,526.3750903888645,531.7726467199844,2052.2036605696867,121.7829874928126
2025-08-21,241.03832821939665,608.9892910554576,293.0514025383339,901.5412358855887,333.54929490749873,1126.0434888443342,214.90057638826326,523.8690788608693,529.3106493098301,2023.6585862806087,121.80311551435656
2025-08-22,242.3658636995906,618.641558581576,295.33626095491144,921.8900895752379,336.6589503773266,1156.5054507042796,216.0841563689951,532.1722207585908,537.4765872847314,2114.6752575793894,121.82334353175447
2025-08-25,242.14700451486982,616.8149275672848,294.93450331694584,917.9366632262312,336.09833744655174,1150.516038267823,215.8890298706835,530.6009032971344,535.9260927325349,2096.191152097118,121.84333319546496
2025-08-26,242.513257670903,619.3871235793647,295.55094158890387,923.3402439861225,336.9302232399879,1158.6053343037852,216.21556720985683,532.813575958689,538.0779912322499,2120.524658048463,121.86342284028346
2025-08-27,242.66963084980705,620.4340585216506,295.80235299429216,925.5047254736091,337.26307230234505,1161.82640387412,216.35498356959667,533.714177745778,538.904921660088,2130.1176748177436,121.88346743900067
2025-08-28,243.22713275084755,624.4595643658229,296.75241214887075,934.0181814725023,338.5518983778286,1174.6131425618069,216.85203099253644,537.1770268787744,542.2784219282004,2168.9576939323906,121.90341860182552
2025-08-29,242.26759379887622,616.6512139869102,295.05916845785583,917.268193154492,336.22271728470776,1149.2971203889572,215.99654267510195,530.46007244213,536.0012682259746,2090.809703665571,121.9233730304657
2025-09-02,241.5826053253479,611.2095475390514,293.8468316846228,905.640776922624,334.5540269626417,1131.7773925096146,215.38583308850642,525.7790036099225,531.509532492945,2037.463171387622,121.94318557858314
2025-09-03,242.273161156049,616.260592516617,295.0264478177474,916.2699234672166,336.1548704996812,1147.6807459712352,216.00150631832932,530.1240492758258,535.6911693155355,2084.960303196497,121.96285617578064
2025-09-04,243.06596792956188,622.1583074959162,296.3853449264841,928.7338245222953,338.0020812944747,1166.3780047656962,216.70834258727888,535.1974234040225,540.5399886424044,2141.348523718364,121.98243315011521
2025-09-05,243.21395495672652,622.9366957608869,296.6228419596197,930.3301759865558,338.3162980169191,1168.7465360446436,216.84028217410977,535.8670140673648,541.3199343868425,2148.367804281252,122.00191645541003
2025-09-08,243.6538768199834,626.1105354834937,297.3694586930153,937.0393427628045,339.32760621419334,1178.8242714292066,217.23249972174247,538.5972369405002,543.9604735939165,2179.018662739196,122.02096715149145
2025-09-09,243.92039977750568,627.9628799402127,297.81409251792047,940.9364785854832,339.9257729303562,1184.670435751575,217.47012142122634,540.190673801422,545.5015712094329,2196.8008401651796,122.0401660854103
2025-09-10,243.9732881276989,628.2611927511513,297.8862587811484,941.5115871580623,340.0139209704648,1185.5020533099876,217.5172746562521,540.4472905593422,545.6801130063525,2199.1406003528086,122.05936804011381
2025-09-11,244.49519831710097,632.021724586705,298.77656720629307,949.4990152955246,341.22270942940526,1197.5336628604189,217.98258986713142,543.6822018749488,548.8562776041852,2236.1088113173523,122.07852457982014
2025-09-12,244.89807189259395,634.8404265172609,299.45983197925517,955.4847300909418,342.14842648110505,1206.5553817925,218.3417765750074,546.106925602659,551.2806872676196,2263.951957550141,122.09763568217997
2025-09-15,245.65644195978928,640.5769925348138,300.7644980679947,967.75488580494,343.9264925775026,1225.1108346434382,219.01791039057028,551.041675030242,555.9979494809687,2321.7440341845854,122.11674977633737
2025-09-16,245.60865492719572,640.0318020145211,300.6608399730947,966.5136446673188,343.7735384097833,1223.1870808236297,218.9753052956707,550.572687381585,555.5281026469698,2315.426681677986,122.13576994470532
2025-09-17,245.46181077137206,638.6701671299446,300.3840745041638,963.5120165744969,343.38314207602303,1218.5906605616283,218.8443846493201,549.4013721824431,554.4192641187325,2300.686192495921,122.15469614238921
2025-09-18,246.26106892364223,644.7584383309096,301.7615030729255,976.5696435617508,345.26207836894827,1238.3704662991606,219.55697272141097,554.6386679325489,559.418434432481,2362.6898374680986,122.17352832471116
2025-09-19,246.86927964856466,649.2927226971422,302.80620622673894,986.316035974767,346.6857687965876,1253.16325561981,220.09923019687935,558.5391821273299,563.2053999145124,2409.4850412206856,122.19241189188675
2025-09-22,247.40498905765676,653.197722321577,303.7248525131651,994.7248971325614,347.93717227909923,1265.9451652413288,220.57684826551161,561.8983685469453,566.5356272892134,2450.1968684854355,122.21129837777238
2025-09-23,246.8544841162057,648.6564000528426,302.7394265674288,984.7798387133153,346.5718536949578,1250.7183362827013,220.08603906476606,557.9918001578543,562.772521163081,2400.827928526456,122.23004229317833
2025-09-24,246.57578698403614,646.498834238002,302.231254435891,980.035704813025,345.86312473776945,1243.4496337849246,219.8375633356842,556.1358036196502,560.7968904468617,2377.327938744352,122.24878908339511
2025-09-25,246.22841923349185,643.5290714751134,301.6030379878062,973.5396657660777,344.98976928933484,1233.5208413205276,219.52786350345372,553.5811332734222,558.3790947608215,2345.445816698279,122.26763577171215
2025-09-26,246.60750589089977,646.2953617946137,302.2463508186885,979.4534146090904,345.8621043057185,1242.4742116347006,219.86584270277797,555.9607711140592,560.6745894977623,2373.5771008565794,122.28658240336645
2025-09-29,247.0319409079474,649.3761709973683,302.96951635770154,986.0586035738601,346.84446682412084,1252.4906245708291,220.24425276924623,558.6109666148636,563.2711327247936,2405.2247955346675,122.30543491815362
2025-09-30,247.29365151462068,651.2137555817973,303.40792710545713,989.9792866058511,347.4359971678463,1258.427864369899,220.4775839603331,560.191706633962,564.8140062365077,2423.9789849735344,122.32438740717566
2025-10-01,247.73362969549484,654.497293372558,304.15904505789877,997.0448129755599,348.4574213934616,1269.166809870162,220.86985171860448,563.0162947558146,567.523442647323,2458.2053806994663,122.34324575023427
2025-10-02,248.11484794468703,657.3589607552993,304.8076391139928,1003.206809999333,349.3383729692909,1278.5403162916539,221.20973136383066,565.4779785289475,569.8565684455251,2488.2120838016526,122.36205845171372
2025-10-03,247.77413156847484,654.3034004353333,304.18954564522414,996.478893650335,348.4775294381317,1268.2115957023966,220.905961643165,562.8495028008272,567.4575882901157,2454.4545428116926,122.3809226023917
2025-10-06,248.45031581002286,659.4873257804957,305.3553154930393,1007.6913407726338,350.0693549202099,1285.2963938399585,221.50882171246096,567.3088557571773,571.7193059779607,2509.3105469203783,122.39983822515109
2025-10-07,248.01732256620204,655.8228478576859,304.57490321585726,999.6257713731981,348.98493281947106,1272.9117369605729,221.1227814575492,564.156572618337,568.7088210770548,2468.7546122588287,122.41870820021079
2025-10-08,249.0372419622398,663.6697160846384,306.344117921403,1016.6462416310768,351.40682057189,1298.8809905933217,222.03210267503866,570.9066611508822,575.2284024405791,2552.4451826297714,122.43753250553921
2025-10-09,248.956643594964,662.8186888919016,306.18229349282007,1014.7168848872121,351.1732591830361,1295.8830781190727,221.96024424608476,570.1745845149007,574.5322278072447,2542.364805806381,122.45635970547808
2025-10-10,245.95683415890855,638.542201547997,300.89150956774586,961.5565849847994,343.88053822530424,1214.3745413957922,219.28572861354814,549.291292723698,554.5877653387435,2275.5864610385006,122.47528698805952
2025-10-13,247.80832077521416,652.7887064297695,304.10736892414656,992.1405873425607,348.28031470907865,1260.6874859797426,220.9364434353713,561.5465220011555,566.3568797482222,2419.993719717775,122.49416859480351
2025-10-14,247.2554236644034,648.2062505315588,303.1179780647842,982.1255447772961,346.90985093571805,1245.3775868719072,220.44350146770012,557.6045693501399,562.5843658567746,2370.763972440749,122.5130531124619
2025-10-15,247.89089680653103,652.9149857754744,304.2108733984195,992.2526686490055,348.40009946666385,1260.749144010331,221.0100650741245,561.6551509138231,566.5544428198441,2419.290437613817,122.5319405414834
2025-10-16,247.59452545994014,650.4340867301823,303.6711421319703,986.8008120895149,347.6475712714842,1252.3976629101085,220.74583168984145,559.5210143753112,564.4565111545255,2392.3312902954463,122.55087950610282
2025-10-17,248.18840073009824,654.8269946502663,304.69162031701296,996.2565623335785,349.03876379842654,1266.7599590638226,221.2753082208251,563.2999127228118,568.1631706887656,2437.8101996846985,122.56977276669335
2025-10-20,249.30772341781463,663.4877067529598,306.63466484943535,1015.0145686224587,351.6990772457915,1295.3425137108757,222.27325362034577,570.7500917951791,575.3224800937323,2529.2368731991746,122.58857166239743
2025-10-21,249.30955497049717,663.2950519955178,306.61788395735664,1014.5273304622332,351.66527624890034,1294.5569229901528,222.27488656283288,570.5843649559691,575.171955848687,2526.423744783345,122.60722750256907
2025-10-22,248.4935101247713,656.5318222842202,305.1641844740975,999.683421889146,349.6538734437024,1271.788279115148,221.5473321153695,564.7664516182134,569.6307820779573,2452.1102691318347,122.62583752817213
2025-10-23,249.24915549043217,662.3522336687487,306.47001258984415,1012.2792265011011,351.43870369313623,1290.9787947820848,222.22103669100787,569.7733271009,574.4193346234606,2513.530239544123,122.64445037851121
2025-10-24,250.20523356705863,669.638915922324,308.12951097352243,1028.122557262907,353.7116610572536,1315.186065149828,223.0734394240379,576.0415284899861,580.5531976090562,2591.828980451392,122.6630173855824
2025-10-27,251.7893015146984,682.1481438259267,310.8964681250006,1055.4932042232854,357.5125412895058,1357.1618643579225,224.48573396449834,586.8023050674583,590.8923316906046,2729.4378454590765,122.68148985189104
2025-10-28,252.49137781475918,687.668820640823,312.11502507086055,1067.628923834001,359.183408905002,1375.8464687791006,225.11167840522762,591.5513407568968,595.4362823379091,2791.7955253433083,122.69977036754159
2025-10-29,252.91376653134313,690.8073857212321,312.8409963007701,1074.5217839341726,360.17524591278897,1386.4648072896348,225.488264068281,594.2512194276189,598.1174954527784,2827.4284852771552,122.71805360713405
2025-10-30,251.58518400885433,679.8092586936855,310.4731102286235,1050.0136859541008,356.89300831727695,1348.4754338059176,224.30375058459,584.790332742518,588.973147566277,2698.0245781489743,122.73653436163559
2025-10-31,252.03451326500584,683.2454355909246,311.2452714875493,1057.528123336882,357.9474190447102,1360.015385614664,224.70435540477928,587.7462251570463,591.8142926915069,2736.236239130665,122.7549691942768
2025-11-03,252.481004893278,686.5896909762299,312.0130900812542,1064.855221283593,358.9963867637456,1371.2823170529775,225.10243030422384,590.6230441978853,594.6460300514215,2773.7446180083984,122.77326065893253
2025-11-04,250.71233868004376,671.9534381066546,308.87026269753744,1032.3572168551198,354.64613805935767,1321.020755381818,223.52555499368606,578.0325431474146,582.5758671518522,2604.0192035866544,122.79199332509259
2025-11-05,251.3081355090003,676.5929852161796,309.89874787722005,1042.4728879920585,356.0524652400981,1336.5136618606296,224.05674471317542,582.0236072043638,586.3671965739304,2654.6555150715944,122.81063139550798
2025-11-06,249.69451586030797,663.380615176849,307.0359843585675,1013.3233622442497,352.09471312953315,1291.6273307196666,222.61810300363055,570.6579687214979,575.4447810428317,2505.79413640059,122.82927229491622
2025-11-07,249.44320663244056,661.0344431256664,306.5747087064864,1008.1382310848163,351.44934478737457,1283.657387716384,222.3940452850123,568.6397279915633,573.6290823369727,2479.7726985541617,122.84776979842253
2025-11-10,251.39911411257216,676.2562777975061,309.98908986840814,1041.2371875493257,356.1357776398649,1334.192510721134,224.1378577647429,581.7339623651902,586.3201577473537,2642.230864568345,122.8662213384498
2025-11-11,251.1894881474523,674.3698340432378,309.5997196612498,1037.0202417995924,355.5881938322313,1327.668038464709,223.95096325272493,580.1111923651488,584.758468705009,2620.429119345663,122.8848219191802
2025-11-12,251.14489913983746,673.950536620266,309.50112183388245,1036.031845217793,355.4415349503058,1326.1093397965883,223.91120939487257,579.7505013678402,584.2974882045577,2615.0372898819887,122.90342531583185
2025-11-13,249.37502715647878,659.4473194200465,306.3651542433669,1004.1144830586215,351.109031734837,1277.0445421366587,222.3332590656991,567.2744412025946,572.3684417847184,2453.5168333397487,122.92203152883106
2025-11-14,249.46562242260063,659.6888048595033,306.5042236868129,1004.5744506381118,351.28962930026563,1277.707765289063,222.41403034822272,567.4821735167498,572.8011989892236,2455.3922522836347,122.94068933718809
2025-11-17,248.74446966099885,653.8238269084914,305.2185668469522,991.7504279851386,349.5107776011454,1258.0961903597026,221.77107806226454,562.4369606667652,567.9091610252515,2392.3312902954453,122.9593011915461
2025-11-18,247.7090493717736,645.6139949549324,303.38366218106387,973.8956657664895,346.9787244672347,1230.878066331328,220.84793683986078,555.3746409079737,560.9944535184835,2305.8275915086724,122.97801345027904
2025-11-19,248.25095305572685,649.5598380810128,304.31217412872206,982.3358221507858,348.2425689011018,1243.6416140395052,221.33107748761068,558.7689620136974,564.3436179707411,2345.445816698278,122.99658215429403
2025-11-20,246.2185906065582,633.3766451811317,300.73340108413703,947.309224350793,343.31754078643775,1190.3913609872914,219.5191006747004,544.8477412598886,550.9845912229715,2177.8302485884064,123.01520247020352
2025-11-21,246.89017937594878,638.3544651099687,301.8857746708768,957.8837402968547,344.88583409959466,1206.300971832269,220.1178635963655,549.1297967560298,555.1240079617171,2226.122286393488,123.0337767894654
2025-11-24,249.12397902636278,655.3567825834392,305.7684244994183,994.2693388799215,350.19835345321223,1261.2511186819106,222.10943413187354,563.755650648945,569.3203258225511,2394.9099913432897,123.0521586215929
2025-11-25,249.68566684186442,659.5967627874794,306.73365297808243,1003.3950093966793,351.5144395422403,1275.1046522289162,222.61021355642922,567.4029964340067,572.8294222851694,2438.5134817886546,123.07059203027531
2025-11-26,250.4820706617803,665.6975046596257,308.11167769539674,1016.5887619010837,353.3989830034247,1295.1863422452705,223.3202568147029,572.6510197931532,577.8908000248174,2502.277725880802,123.08897936277508
2025-11-28,251.21727146238393,670.8702930626729,309.38377569081825,1027.8081540474818,355.1392573674225,1312.3003340758983,223.97573379621858,577.1007924503211,582.575867151852,2557.1337299894876,123.10746713209602
2025-12-01,250.94620339355535,668.8255583024529,308.8871697485458,1023.2674925747767,354.4446416680175,1305.3043368389124,223.73405984891713,575.3418562406304,580.6190519662632,2534.159847926876,123.12576226957259
2025-12-02,251.6573616731201,674.3026702828109,310.11837516831764,1035.1745236436755,356.12965736848577,1323.4929356997427,224.36810143604032,580.0534162797161,585.1630026135681,2592.7666899233345,123.14371810990356
2025-12-03,251.89620096443582,676.0303108312698,310.51966461432994,1038.8994372974928,356.67237630037937,1329.169612829483,224.5810414350317,581.5395794619213,586.5929829414982,2611.05202462623,123.16148110257537
2025-12-04,251.8374837801575,675.3280558802655,310.39732905548175,1037.2943811842017,356.49360608827186,1326.6675811384982,224.52869143394048,580.9354807368511,586.047332553209,2602.6126393787395,123.17900228947035
2025-12-05,252.22010450760322,678.1154867849614,311.05215945104214,1043.3476781142626,357.38598429666735,1335.920316090505,224.8698214752646,583.3333042813347,588.4369049433029,2632.619342480926,123.19647708840623
2025-12-08,252.0740004636107,676.6986024659035,310.7758422541566,1040.169933969251,356.99487182876493,1330.999806076985,224.73956068438295,582.114462022564,587.3079731054631,2616.2094267219177,123.21395436640586
2025-12-09,252.20619449479753,677.6527018017664,310.9896684073286,1042.2014376457494,357.2794381646522,1334.0812410069325,224.85741983859708,582.9352041071318,588.0323710347436,2626.055376177323,123.2315319126736
2025-12-10,252.59111499255417,680.4256661558022,311.6487069953492,1048.2301507181453,358.1778054858931,1343.3037207166497,225.20060026738048,585.3205831330012,590.4407589554684,2656.06207927951,123.24911196653179
2025-12-11,252.328325249404,678.2179713647084,311.1666766165575,1043.3081106101488,357.50290283696995,1335.696725212797,224.9663069593864,583.4214642919919,588.5309825964565,2630.7439235370393,123.26649889482707
2025-12-12,250.66284027096805,664.3611196270508,308.2139573199338,1012.7939861187475,353.4220062812844,1288.7804548224492,223.48142410081414,571.5014252004387,577.2792952793209,2476.4907154023604,123.28374153008915
2025-12-15,250.24507586094677,660.8992178540939,307.4618069833394,1005.1944420642048,352.37723439792757,1277.140201768331,223.10896129304706,568.5234035512194,574.381703562199,2438.982336524627,123.30083981090847
2025-12-16,250.44134630920163,662.3375995316399,307.7879219228736,1008.2596471008417,352.8159105540146,1281.777934006041,223.28394853582103,569.7607384198843,575.5200431653539,2453.5168333397487,123.31803832090588
2025-12-17,248.8391383606332,649.4177887336609,304.9565967170361,980.1031191992555,348.9114536927164,1238.7885613471196,221.855481062682,558.6467673185804,564.851637297769,2316.1423957000497,123.33519029409301
2025-12-18,250.12363136048484,659.1849020410513,307.18723006417673,1001.102631187898,351.9643221387414,1270.604572721374,223.00068601026842,567.0487026672372,573.0363931221066,2415.070744990072,123.35234465290179
2025-12-19,251.28727782533926,668.247002380958,309.2106271880457,1020.7041420521952,354.736591948381,1300.4234346587984,224.0381487982685,574.8441667703644,580.5061587824791,2509.3105469203774,123.3694034989778
2025-12-22,251.73092282174997,671.49722693979,309.9721693153339,1027.735800694787,355.775179767287,1311.1378495619417,224.4336857493614,577.6400979480298,583.2852879187506,2543.5369426463085,123.38646470418391
2025-12-23,252.16631465221755,674.8504373511388,310.71958570961255,1035.0061599089627,356.79471298012777,1322.2316030803513,224.821864492607,580.5246203447628,586.0170385929391,2579.169902580156,123.403626194612
2025-12-24,252.4473790642528,676.7817273529116,311.1957653027987,1039.175695882111,357.4409075364849,1328.58666996962,225.07245079809124,582.1859683012899,587.7314476367403,2599.5905892925607,123.42083904167846
2025-12-26,252.4648630683677,676.6298465097432,311.20774037611136,1038.7797139500608,357.4473281466683,1327.9416691173697,225.08803886904093,582.0553162872466,587.6937683170963,2597.2426931678383,123.43825019575756
2025-12-29,252.05995937338201,673.180030056833,310.4761672868574,1031.1517251812709,356.42905964325666,1316.2030865407587,224.7270421840865,579.0876907575874,584.8489796839758,2558.737196722392,123.45541888888995
2025-12-30,251.87839412047782,671.5552371451815,310.1379576024899,1027.5341345726015,355.95311071589055,1310.6248913762593,224.56516553239618,577.689999897554,583.4925241767924,2540.4236069495582,123.47278593095193
2025-12-31,251.17255086978494,665.6205379137922,308.877839250992,1014.5004632292761,354.20765743841037,1290.6389140742408,223.93586262221498,572.5848109142207,578.6695712623626,2475.621673907221,123.49000842470379
2026-01-02,251.0251588243591,664.0462170517125,308.600334915299,1011.0116308167177,353.8158440783174,1285.2765487561503,223.80445349840036,571.230537477951,577.5486115029543,2458.2472425842766,123.50733132866335
2026-01-05,251.74577869098064,669.6559969934677,309.8474605093335,1023.1524802859747,355.5217960953409,1303.7619631639923,224.4469306755273,576.056222089919,582.1360686696089,2516.9446457023346,123.52455864094989
2026-01-06,252.54273010785545,675.8821211466293,311.2302535263468,1036.681143347041,357.4158615328312,1324.4125318281745,225.15746215035546,581.4121026823957,587.2510363112794,2583.1553164195043,123.54173933849107
2026-01-07,252.65056594712033,676.6310969029805,311.4016050004537,1038.2606579788544,357.64208290174633,1326.7972868307702,225.25360447006258,582.0563919093685,587.8162261059391,2590.6685840186155,123.5588734011493
2026-01-08,252.17021880682591,672.4852048686511,310.5373679881724,1029.1109944999175,356.4411083858255,1312.7297211356017,224.82534528788895,578.489983315686,584.4721864875359,2544.6498199740577,123.57596080883988
2026-01-09,253.07196888956693,679.3648214190358,312.1053464828638,1044.089925630791,358.5909588145958,1335.6218876926362,225.62931125450828,584.4080157640396,590.293641372531,2618.3737582903386,123.59305057961048
2026-01-12,253.16821826576472,679.9802498608104,312.2564215368447,1045.3792273965214,358.7893324239822,1337.5641085511845,225.71512352583753,584.9374239747137,590.7834725279029,2624.4782882146174,123.61014271378785
2026-01-13,253.05990847578644,678.8073609583381,312.0468078976094,1042.7404362699353,358.4902457037244,1333.474978349623,225.61855864975846,583.928473180391,589.9074283461804,2610.860490691228,123.62748246991853
2026-01-14,252.13679621154844,671.3059247727533,310.40192686514405,1026.215995837425,356.21255208858565,1308.0794696913022,224.7955469772113,577.4755346437132,583.6055621357244,2527.744967876057,123.64482465843167
2026-01-15,252.47742442123453,673.7677736926462,310.9823263874983,1031.530577961502,357.0018275937475,1316.1719316672743,225.09923809196636,579.5932837485024,585.7061842058763,2553.5718252480024,123.66216927966846
2026-01-16,252.42660840623253,672.7886226603844,310.87416143849896,1029.326861075724,356.8427777974106,1312.760726580204,225.0539324719251,578.7509915163226,585.2163530505046,2542.3019238493353,123.6795654062596
2026-01-20,250.57245432714788,658.0185452715648,307.5933719402788,996.9830558442895,352.3136669458774,1263.223961358247,223.40083944206785,566.0453709905916,572.7821775679905,2382.1754081432723,123.69691490085131
2026-01-21,251.78106433600726,667.1587490202685,309.6942148374974,1016.7063078111331,355.1912342603506,1293.1765546476481,224.47839001027495,573.908021760912,580.525277754829,2476.0912531321655,123.71441408742359
2026-01-22,252.44482277401343,672.4012370945528,310.84176990995115,1028.0578214077184,356.7605547682562,1310.4659266213362,225.07017170725163,578.4177519626608,584.7453615549549,2531.0320224506672,123.73191574957522
2026-01-23,252.74707730287878,674.5590368238868,311.35454770689023,1032.7083671123964,357.4566652470073,1317.542408857159,225.33965031237204,580.273949720446,586.5916482175099,2553.571825248002,123.74946898762302
2026-01-26,253.15955354475506,677.6601784549425,312.06155910381995,1039.4281218708131,358.42058937265455,1327.7929086038534,225.70739839119622,582.9416357266525,589.1726816131228,2586.4423709941143,123.7669756089302
2026-01-27,253.98587780250944,684.0089023670741,313.4979169368814,1053.2770343555176,360.39022085544514,1348.984816096597,226.44411757020322,588.4029799516488,594.5137251726572,2655.0009378360064,123.78433736523087
2026-01-28,254.30341418973322,686.2730679945169,314.03898273836546,1058.1944195682781,361.126506536687,1356.50450033658,226.7272208971419,590.3506765352474,596.4824696240553,2679.4190575331186,123.80170155700014
2026-01-29,253.79394017150844,682.0421028872238,313.1212655241292,1048.8107506694723,359.84996077202817,1342.0315710044345,226.27299330197005,586.7110857805254,592.912354087788,2631.521976588783,123.81911731223903
2026-01-30,252.75018140491898,673.4144620745442,311.2627985681721,1029.7946099195356,357.2768863473108,1312.7948352912156,225.34241781131107,579.2893555273588,585.7909626750755,2535.7278147001125,123.83648638286198
2026-02-02,253.38064549091737,678.277060081143,312.3532555909076,1040.3554873739952,358.76885434221845,1328.9137678771995,225.90451553441605,583.47229400592,589.8132300470704,2587.3815294440037,123.85385788997958
2026-02-03,252.041352626972,667.2233902340405,309.97579367288847,1016.072089578478,355.4818294923875,1291.6537563526565,224.71045311894594,573.9636278834046,580.7513536726927,2466.2300894083314,123.8713301306462
2026-02-04,250.52344354851152,655.0123369929133,307.2901714202054,989.4457489791984,351.77593738356035,1250.999707637057,223.35714330188964,563.4593492248036,570.6061968585507,2336.626223323659,123.88880483614679
2026-02-05,249.2841828022004,645.3051333273146,305.10006732198974,968.4381187402831,348.75741912108106,1219.0913683302506,222.25226570567932,555.1089497722968,562.3921051761627,2237.075427635433,123.90628200682903
2026-02-06,251.15118889886236,659.3496474643069,308.34606416716855,998.4902216036858,353.200201823689,1264.453469835658,223.9168171040273,567.190421141429,574.2799305238389,2375.6012989940496,123.92366330472167
2026-02-09,251.84750180134864,664.6558008749187,309.54873830694714,1009.9091753330432,354.84341262693187,1281.7705760392614,224.53762311938715,571.7549179894671,578.6789910922739,2429.602909862663,123.941096216881
2026-02-10,251.46165879767744,661.479537120723,308.85253154022394,1002.9535970270823,353.87570602821353,1271.1408386375579,224.19362021952952,569.0226098987192,575.9943395676403,2395.7932056666623,123.95858076438302
2026-02-11,251.72076938460864,663.2645510840854,309.288497379434,1006.7593701510054,354.46514452243207,1276.8930869230273,224.4246333322206,570.5581272460272,577.5391916730433,2413.6372162145517,123.97606777845513
2026-02-12,249.95201051750965,649.14406758197,306.1650764284137,976.0793720627298,350.15953816736965,1230.162491188691,222.84767541503223,558.4113049718575,565.792663774032,2266.1893395819893,123.99360645629758
2026-02-13,250.16142666968486,650.1924058964963,306.51296085268626,978.2720845966373,350.6270793845377,1233.44388216553,223.03438286583437,559.3131139777494,566.9984020026395,2276.0505033058234,124.0111476153062
2026-02-17,250.0941146006483,649.6884567962601,306.37666026909045,977.1299110471864,350.43011375058614,1231.6810625729859,222.97436999343896,558.8796033153926,566.4143725481578,2270.4155526064897,124.02859283428623
2026-02-18,250.77066932528257,654.6391704787629,307.5421516941581,987.7077799062979,352.0199175014904,1247.6465104505812,223.5775603713184,563.1383412844327,570.6438761781948,2319.251792000715,124.04608972506107
2026-02-19,250.4575961569814,652.1014877276632,306.9750067981919,982.1781673646418,351.2309568470609,1239.2293764837366,223.29843628007274,560.9553578645507,568.458475638844,2292.9553554038243,124.06363830878604
2026-02-20,251.2562515660586,657.9104063995786,308.3548434493069,994.617701439015,353.11556492360137,1258.0285954335748,224.01048696933108,565.9523470046389,573.4886648113155,2350.7136000719934,124.08114014347602
2026-02-23,250.21039631604626,649.599001935633,306.5025885823959,976.6075117577386,350.5602486873775,1230.6571705621157,223.07804233404568,558.8026518219517,566.5179906771789,2265.250181132101,124.09864444717485
2026-02-24,251.17400532837456,656.9167324801695,308.1703451409087,992.2648672848443,352.8393401298342,1254.2989038760502,223.9371593619973,565.0975617916728,572.6032007996819,2337.5653817735483,124.11615122023079
2026-02-25,252.47115004832855,666.6301351237832,310.42527407292823,1013.1648450680289,355.9275194729526,1285.966524788065,225.09364410048818,573.453293772929,580.9020709512688,2435.707439786941,124.13366046299221
2026-02-26,251.4282131939835,658.504576856411,308.5745911383978,995.461487530766,353.3711292074941,1258.9661105727414,224.16380139542557,566.4634685210249,573.8937174974883,2350.2440208470493,124.15117217580756
2026-02-27,251.16954141291728,656.124178153167,308.10246669459434,990.2608303969288,352.7123904356902,1251.0379269581429,223.93317950530056,564.4157850981708,572.0568506648441,2325.356321924993,124.16863709268704
2026-03-02,251.30824860808664,657.0187337914814,308.3270126316706,992.1300332578365,353.01096422233337,1253.8365589835096,224.05684554800547,565.1853060817357,572.8104370577238,2333.808747973993,124.1860551931681
2026-03-03,250.38984060176134,649.6764604838453,306.69852335691155,976.2307044802722,350.7635246798779,1229.6889324671592,223.23802801231767,558.8692837626079,566.6781277856658,2258.676071982879,124.20372213792474
2026-03-04,251.74878885164676,659.9474997084596,309.0578106428066,998.2194761768186,353.99148276469623,1262.8912874131,224.4496144199216,567.7047098309665,575.3161118140484,2360.105184570883,124.22134230882327
2026-03-05,251.50654887658087,657.8943170346223,308.61418531608524,993.7222267186551,353.3716905616789,1256.0278540821469,224.233642501055,565.9385064972228,573.5828631104253,2338.5045402234373,124.23896497940873
2026-03-06,250.20545732281215,647.5051264459754,306.3147309887973,971.2442012066404,350.2021666031482,1221.8986528003852,223.07363891613014,557.0014434261271,564.9542989119535,2232.379635385989,124.25654084885917
2026-03-09,251.39797259079904,656.3835910008759,308.38184023946167,990.2104975481946,353.028216652546,1250.497419888945,224.13684002748587,564.6389390543566,572.4995826706609,2319.251792000715,124.27406989658607
2026-03-10,251.42260234022817,656.4906319686752,308.4062515829139,990.3809797204885,353.0517348097603,1250.720293684577,224.1587989723048,564.7310185933978,572.5090025005719,2319.721371225659,124.29170004737496
2026-03-11,251.43420354283737,656.3186060099806,308.4078300582656,989.9500250093821,353.0438860414666,1250.0317203610125,224.1691421618959,564.5830372054734,572.433643861284,2317.373475100937,124.30933269926658
2026-03-12,249.94697968049363,644.6491771049944,305.7830494698587,964.7449248913413,349.4282690741276,1211.8038105024048,222.8431901127051,554.5446784673543,562.6087612641156,2199.0395104149316,124.3269678526158
2026-03-13,249.45158396929546,640.3725827407254,304.8986018078764,955.543097204821,348.20550236186875,1197.8993735541478,222.40151419890663,550.8658361901965,559.2741414756234,2156.7773801699295,124.34465484387577
2026-03-16,250.45402096122552,647.8979317853215,306.6303756774523,971.5263820147151,350.5688950095478,1221.9098786163631,223.2952487719518,557.3393452157272,565.5477481963462,2228.623001586433,124.36234435132086
2026-03-17,250.90497723040866,651.3024489038846,307.4004018856937,978.7601364464479,351.6153607841619,1232.7927728647414,223.69730417487986,560.2680030313295,568.3077583602678,2261.4935473325454,124.38003637530892
2026-03-18,249.70403367142052,641.6120714735724,305.27972279118444,957.8969712768933,348.6945079405876,1201.2239739117992,222.62658872085703,551.9320779620504,560.3856814051206,2164.7602269939857,124.39773091619803
2026-03-19,249.450998567921,639.6743580471071,304.8191264746109,953.7056688455278,348.05324008449554,1194.8825178297484,222.4009922773777,550.2652044016643,558.6147533818536,2145.5074787712624,124.41547733852516
2026-03-20,247.86053483249222,626.9443868160021,302.0240857622239,926.5339084128442,344.2135381224636,1153.9967509609273,220.9829954965621,539.3145384364112,548.2906197994024,2022.9473010607571,124.43322629253437
2026-03-23,248.878110573032,634.5920873190646,303.7769127683198,942.6231098704856,346.6009030485372,1178.0106286586156,221.89022720023402,545.8932974996447,554.5763027420713,2092.9146055774822,124.45102715685124
2026-03-24,248.30572301608944,629.9169275408312,302.76022017646926,932.6446288011516,345.19896527115316,1163.0126105618558,221.3799082944686,541.8715984607244,550.7848116927124,2048.304579207758,124.46883056768061
2026-03-25,248.9002748780489,634.2293263232665,303.7772860979405,941.7086868263374,346.5806458136962,1176.542847402604,221.90998804888636,545.5812406679293,554.40653448613,2087.825118105844,124.48663652538681
2026-03-26,246.84410483597804,618.4859828262515,300.17369888317063,908.257053957051,341.6371418492135,1126.3571074007284,220.07678529454634,532.038390281057,541.1740420924713,1939.198684827753,124.50439563087525
2026-03-27,245.17910695411982,605.6800855329802,297.2628986772375,881.3362732367715,337.65194626329065,1086.262638901461,218.59233671269723,521.0224106611429,530.6012523752289,1823.9661653558155,124.52215726985514
2026-03-30,244.54594492657563,600.8711293210883,296.1480589644962,871.2858160214546,336.12273716338274,1071.3668051098007,218.02783360785259,516.8856163069435,526.5456773721829,1782.106188894581,124.53992144268791
2026-03-31,247.46609381301116,621.9625769634331,301.18196074314665,914.923406907738,342.9692662642536,1135.7265746595492,220.6313269338739,535.0290506998336,544.3713442460354,1960.363841465456,124.55758930852747
2026-04-01,248.55879575542764,630.1151313734492,303.0635398730277,932.0002547025912,345.53072761153965,1161.1321502896149,221.60553829262568,542.0420987646631,551.0960534952718,2033.2660476619883,124.57521025320544
2026-04-02,248.68140544150927,630.6832288799108,303.2587309553245,933.1441343453033,345.7880022813084,1162.8094200249104,221.7148524104441,542.5307916231161,551.7279686701647,2037.9694158037,124.5928336906877
2026-04-06,249.2280094766773,634.6638892420369,304.19258103788025,941.5014040026431,347.0559955243365,1175.2735113419824,222.20218371199064,545.9550634580951,555.0478812307977,2074.185350494881,124.61045962132687
2026-04-07,249.26439580689052,634.9744275126848,304.23747881120676,942.1021048488279,347.1075900730841,1176.1398957913468,222.2346243756529,546.222196887508,555.1327653587684,2076.5370345657366,124.62818694266586
2026-04-08,251.8812824493275,654.413003546465,308.78186439399894,983.2458626351354,353.3194236758296,1237.7441944647514,224.56774065619132,562.9437863649426,571.6380124641873,2257.616708021639,124.6458673302976
2026-04-09,252.50074204626682,659.0539019065262,309.84804854608103,993.147675210726,354.77341497524736,1252.6669689350163,225.12002719673828,566.9360128041934,575.5049560717426,2302.769042182072,124.66345130086742
2026-04-10,252.65128281300235,660.1035533184604,310.0932697826387,995.3474428319286,355.1003649625811,1255.961231594223,225.2542436003301,567.8389513720324,576.3349342119009,2312.6461152796674,124.68098828240957
2026-04-13,253.58901732933586,667.1651807495584,311.7187144173275,1010.4986722358607,357.32398105605506,1278.86776244855,226.0902919149194,573.9135545086107,582.2956863094005,2382.7263005911723,124.69857720754227
2026-04-14,255.22395403690706,679.9023132419898,314.57077633062164,1037.9970307664414,361.23703397154145,1320.5931520698502,227.54793910078752,584.8703807847745,592.8684760266431,2512.068924488245,124.71626758109451
2026-04-15,256.49802935715843,689.9452260412328,316.79498498285875,1059.8373066214835,364.29178590450164,1353.899268105121,228.68385604273902,593.5095663246402,601.1682574282252,2617.4243708625886,124.73396046429299
2026-04-16,256.9540743709051,693.3934844364331,317.5803683587282,1067.3399148326343,365.36521212762716,1365.3619879350751,229.090448376154,596.4758515708671,604.0637493490044,2654.1106423679407,124.75165585749377
2026-04-17,258.15441061853784,702.7467270821884,319.6804653410396,1087.8429703683205,368.2541812034142,1396.7968459808217,230.1606223745448,604.5217641692674,611.9674048200562,2755.7033942289136,124.76930425642756
2026-04-20,257.8912887058522,700.6703630588878,319.1956092473996,1083.1853223699627,367.5735291259135,1389.5807882104318,229.92603291686714,602.7356196109927,610.024501446504,2731.7162167061833,124.78695515204956
2026-04-21,257.57176730208613,697.8637691742866,318.6112365804877,1076.9211945466345,366.7555703389669,1379.898123472244,229.64115982491958,600.3213115522839,607.704335281971,2699.733313342543,124.80465806334591
2026-04-22,259.1036474394304,709.8850607369869,321.2989818303379,1103.3573350174433,370.45788088774043,1420.5074915244413,231.0069257049973,610.6623520765845,617.871567498909,2831.897958124644,124.82226443475129
2026-04-23,258.616603002037,705.8648669430122,320.4167638383877,1094.3642114252023,369.2267913594015,1406.573673480184,230.57269546827212,607.2040725130119,614.3913182521092,2785.3346135216975,124.83987328991262
2026-04-24,260.3716533875711,719.8633313295946,323.50374162281906,1125.3024000301793,373.485045310859,1454.2513835257591,232.13743142635775,619.2459306398699,626.1430541911674,2942.42710945487,124.85748462918029
2026-04-27,260.4435726540017,720.2515296966809,323.6118363769446,1126.1012768520714,373.6242621596656,1455.449238754233,232.20155190015754,619.5798693871808,626.4731591332758,2946.189803968239,124.87509845290478
2026-04-28,259.55066097783435,712.6710399550303,322.00735548732797,1109.1020001723227,371.3908167887489,1429.0430757933195,231.4054659196014,613.0589268409003,620.172870523893,2856.825809275716,124.89266520782603
2026-04-29,260.129770341738,717.3355971511859,323.0143172681189,1119.4055155316926,372.7740366157861,1444.9337767063205,231.9217777319761,617.071505251612,623.9643615732523,2909.503532462887,124.91023443394357
2026-04-30,261.0026730726297,724.2197041269699,324.5433013660974,1134.6847143635566,374.8809739518881,1468.5600755763,232.70002450038535,622.9934004854894,629.783640124134,2988.520117243644,124.92780613160501
2026-05-01,261.90346615593575,731.3070043396932,326.12386283579013,1150.4793904422058,377.06128045218395,1493.0493753642031,233.50313724282375,629.0900880440093,635.8292763496045,3071.2993965377714,124.94538030115807
2026-05-04,261.7547284753041,729.8451847290016,325.83961667864685,1147.1247304173837,376.6563006481549,1487.7831048833236,233.3705284020036,627.8325912305819,634.6314669882398,3052.9562607850958,124.96295694295046
2026-05-05,262.9674074837389,739.672050997853,327.9763995405809,1169.1198239215003,379.6096763506215,1521.9733068403561,234.45170673497557,636.2859276947256,642.8652274014001,3169.5997906995467,124.98063523427987
2026-05-06,264.9035619572977,755.7977514963296,331.40628071647666,1205.4607903594688,384.36278217858046,1578.701258970691,236.17790818774108,650.1576919280213,656.2203302021275,3366.200579023098,124.99826643103613
2026-05-07,264.8172493294594,755.0169545846429,331.2319856164048,1203.608861699144,384.1093621112026,1575.7463191619738,236.1009551421028,649.4860292815505,655.437509910842,3355.3828322971613,125.01590011505053
2026-05-08,267.01417371616265,773.384817647639,335.13753268793744,1245.3662274081705,389.5333520252684,1641.3035862896606,238.05964909949796,665.2865624679017,670.8015370735433,3587.7292184977214,125.03353628667388
2026-05-11,267.30934004717864,775.8687597924703,335.6465164796374,1251.0049946581444,390.23227731668044,1650.1750682438899,238.32280813787304,667.4233167630409,672.7444404470953,3619.712121861361,125.05117494625719
2026-05-12,266.5403755678851,768.8830859663562,334.2468108601524,1234.8382209996926,388.2684306901503,1624.538066716175,237.63722874872352,661.4140509742019,667.0383407335077,3525.6447590271264,125.06886571763354
2026-05-13,267.5502222207524,777.1390696405049,336.0356419088051,1253.7051229260028,390.7509796421282,1654.2773812179473,238.5375694927375,668.5160716927777,674.0837233550778,3632.8815526581543,125.08655899169239
2026-05-14,268.24034627289797,783.2320515583449,337.25357779083964,1267.6713099985993,392.4394518869238,1676.3449476601181,239.15285776527514,673.7574197290998,678.8749608005365,3713.309147881426,125.10420513126444
2026-05-15,266.8484443145142,770.7691821326921,334.73317008980274,1238.7785004565162,388.9089834661339,1630.4488744489654,237.91189108855497,663.0365219696916,668.6322760254023,3543.5175579656316,125.12185376020261
2026-05-18,266.47109553370944,767.1875547193439,334.0367264478782,1230.4801998566757,387.9270168955538,1617.296456911421,237.57546131369963,659.9555090825822,665.7556472441725,3495.5432029201716,125.13950487885805
2026-05-19,265.92071448886173,762.235682246151,333.0309675956331,1219.059970541303,386.51448056103106,1599.2385754211693,237.0847625744382,655.695774290412,661.6529143922539,3430.166385750379,125.15710882904838
2026-05-20,267.48659107627,775.4010466106956,335.81245456773587,1249.0661836002107,390.3774565857413,1646.4305243783756,238.48083839222517,667.0209772189698,672.612398470252,3598.546965223659,125.17466559014801
2026-05-21,267.6893796011582,777.0320821375213,336.1560774001126,1252.7449123177298,390.8459145927387,1652.2034415829787,238.66163690342188,668.4240381456187,673.8950919595874,3619.2417850471907,125.19212546909837
2026-05-22,268.1111703797732,780.2486232743396,336.89248494401977,1260.077620724399,391.862376188945,1663.761994145683,239.03768946779715,671.1909939315615,676.7528576012684,3661.101761508425,125.20973682166934
2026-05-26,269.80180601062,794.7391309889796,339.9069622340029,1293.4326888842966,396.0589614452024,1716.5642093183785,240.54499568841115,683.6561210531542,688.7686774940133,3854.410192132778,125.22735065171031
2026-05-27,269.71915111160433,793.8614110498563,339.7377096816491,1291.3140183909209,395.81116304596094,1713.1417911186581,240.47130373422704,682.9010825939238,687.9858572027279,3841.2407613359846,125.24496695956988
2026-05-28,270.5397154934954,800.7722704394625,341.1937718723098,1307.2952657763137,397.8356879219279,1738.5357159679743,241.20288762768794,688.8459909785939,693.7862726140606,3935.778460984391,125.26258574559654
2026-05-29,270.9133633130287,803.793091552776,341.8463286495057,1314.261400263283,398.7375293211902,1749.603547281752,241.53601776668734,691.4445831004559,696.3422280229569,3977.1681006314543,125.28025671751423
2026-06-01,271.50714114377416,808.7906945859746,342.89601242125576,1325.8554441175484,400.19552998160435,1768.0755950380483,242.06540742440868,695.7436565586715,700.5204134330716,4046.777949128788,125.29793018230117
2026-06-02,271.97022865100917,812.7490058893355,343.7102558840647,1335.0430881770826,401.32432169298403,1782.726908986392,242.47827857630458,699.1487031281152,703.7460102959591,4102.277693200986,125.31605363291682
2026-06-03,271.7469619650339,810.672663650408,343.2859224627073,1330.088192077095,400.71818957345505,1774.7357560166436,242.27922251804682,697.3625773093479,701.9068541899268,4071.2354634656876,125.33412997636744
2026-06-04,271.3124242661486,806.3564890367094,342.4804532912273,1319.8891099768564,399.5783268733366,1758.3540616041635,241.8918052859298,693.6496870298454,698.5114890710977,4008.21033036675,125.35225866302471
2026-06-05,266.7797914344424,766.1286695794166,334.2855246129945,1225.739961288502,388.093356444507,1607.7927891045529,237.85068280020042,659.0446274118854,664.9822585226614,3435.8104275204305,125.37038997186703
2026-06-08,268.26295639424995,778.0203709584569,336.9197505629447,1252.8435481521153,391.7520182757137,1650.408134037503,239.17301608676132,669.2741909510561,675.3664168444134,3587.2588816835487,125.38852390327366
2026-06-09,267.2078767175014,768.9896434633495,335.00574005746824,1231.9909589766974,389.0700141001187,1617.396443698284,238.23234730456494,661.505714618564,667.5948033502048,3467.3229940698993,125.40675997232549
2026-06-10,265.364806106967,752.8155132025978,331.68390549039447,1194.8966364100468,384.429220839815,1558.9112156320095,236.58913587236654,647.5922897923398,654.2585636890263,3258.023111763727,125.42494892898021
2026-06-11,268.5268503437122,778.5237280933028,337.3094193930362,1253.1152616085278,392.24218823513246,1650.0112855801901,239.4082938629713,669.707192388754,676.3567316707384,3575.0301245150986,125.44314052375545
2026-06-12,269.1051619209631,784.010024006078,338.3262879806148,1265.6529617442009,393.6498069749889,1669.7740340964851,239.92389439920677,674.4266526951949,680.336854115588,3646.0509834549457,125.46128497800974
2026-06-15,272.089224137675,809.1099579155291,343.6648062430167,1323.4597073877535,401.09219422785696,1761.2429522118582,242.5843704118271,696.0182955200199,701.7087912246616,3978.5791110739665,125.47943205672978
2026-06-16,270.304970228857,793.5855949901643,340.42398927078244,1287.1014804537492,396.54171908167956,1703.1297959975393,240.99359770667047,682.6638181506107,688.3725515634832,3759.4021556701996,125.49763155372054
2026-06-17,269.37772341963495,785.3552144774744,338.734569729442,1267.9519049331059,394.1687187381674,1672.673267045933,240.16689983157312,675.5838219648246,681.4403477792073,3646.991657083289,125.51583369036061
2026-06-18,271.76661800262923,804.3245727802471,343.0046617807494,1311.6235555465278,400.1198343028747,1741.757817759002,242.29674709117154,691.9017776441967,698.5209206408721,3897.6811790365246,125.53423769851481
2026-06-22,271.554086603527,803.4160862420154,342.5999042562487,1309.4247301458295,399.54151411374266,1738.202849304815,242.10726220507453,691.1202729232909,696.7699402806619,3884.04141142556,125.55264440519322
2026-06-23,268.4504005367016,775.7753146272931,336.9844109621707,1244.9855416503196,391.6711584285729,1635.5034261252463,239.34013413205747,667.3429327015733,673.8259609476174,3501.187244690224,125.5711534557474
2026-06-24,268.0772010187616,772.3160408407588,336.29386956567544,1236.9761150872027,390.6964851456747,1622.8290874211727,239.00740368165327,664.3671717174376,670.9650450060897,3455.622378110081,125.58966523491758
2026-06-25,268.8634131928759,778.4748014186491,337.68158933983216,1250.989602606621,392.61962100765294,1644.8429382970771,239.7083604574024,669.6651043383418,676.4036178850334,3533.409239281727,125.60817974310594
2026-06-26,267.59391805322156,767.20704218873,335.38254819851494,1225.0436228726865,389.40038453212946,1603.857002541668,238.57652702970995,659.9722727314455,667.0938386165636,3386.3213563389786,125.62664713619915
2026-06-29,269.94721464379336,787.3174788442487,339.5749712487072,1270.8401998111083,395.2301677066954,1675.7595639742262,240.67463647754056,677.2718149088745,683.6739323238994,3639.010796266264,125.64506739259471
2026-06-30,271.5807954523745,800.9946739334601,342.48901837894385,1302.2979042600555,399.2884315480321,1725.4869260922358,242.13107479560492,689.0373084865491,695.3064354260849,3818.627730244428,125.66368978651184
2026-07-01,270.1574097643276,788.8195893239663,339.9029437506953,1273.936792966021,395.65864703224435,1680.3431211996094,240.86203842680936,678.5639710188664,684.7031067055052,3651.739555367079,125.68231494053379
2026-07-02,268.5442917991656,774.2461064890016,336.9820819725425,1240.2333790941454,391.567001821606,1626.9471637298182,239.4238439991579,666.0274664519045,672.8345544332267,3457.979555721343,125.70084310720063
2026-07-06,269.91781420582055,785.6615856828047,339.4231931341905,1266.278499713751,394.9593817449891,1667.8989962871533,240.64842416884636,675.8473707718124,682.4842445066307,3602.7102610528295,125.71922436144067
2026-07-07,268.1937697002902,770.6604278733621,336.3044959580718,1231.6582146761343,390.592902513577,1613.128759835358,239.1113318703126,662.9429686108825,669.8414509564469,3405.1787772290745,125.73785774647996
2026-07-08,268.48549010490615,772.5642990173122,336.805770919326,1235.9269586990779,391.27998796043863,1619.7901070905157,239.37141865219206,664.5807301234408,671.7392862839952,3428.2791178194416,125.75644399727781
2026-07-09,270.07523170622966,786.0991091424864,339.63334246763634,1266.780758120231,395.2102653292098,1668.2660070392196,240.78877160579307,676.2237402994377,682.918574979602,3598.93877687481,125.77508289879886
2026-07-10,270.39241328797306,788.6608384735234,340.1818169677824,1272.5985367326612,395.96454655964226,1677.4110374791223,241.07155860170343,678.4274092385342,685.024133576832,3631.4678279102254,125.79352491988263
2026-07-13,268.6221298638732,773.0051711513366,336.97860858737397,1236.4291469679724,391.4787105194718,1620.1517706052446,239.49324144766396,664.9599802714139,672.0225452881069,3424.507633641422,125.81206948119521
2026-07-14,269.6983075810155,781.9444860033384,338.88570821212977,1256.7766442171953,394.1256893948244,1652.0982366898202,240.4527204376592,672.6498209729626,679.5289088970659,3536.709287937493,125.8308164780564
2026-07-15,269.4683197878843,779.9033140647384,338.4515149457858,1252.0107914354192,393.50813762376146,1644.5317036334104,240.24767209671168,670.8939495989065,677.68772537034,3509.366027646854,125.8493166040505
2026-07-16,267.94343486882616,766.4100091623634,335.69417299642555,1220.9873205875883,389.64953633681245,1595.5838205856378,238.88814288634853,659.2866433394729,666.5462045419481,3334.9348844134665,125.86776950979859
2026-07-17,266.5595615289666,754.31104842812,333.1961749503642,1193.3744391621922,386.15868405471326,1552.2355520892906,237.65433421956467,648.8787896906231,656.5282777631991,3183.604081770447,125.8862750687682
2026-07-20,266.6830518668218,754.8524696768874,333.39563981705896,1194.5227092030816,386.42470297365924,1553.9820670840518,237.76443349290233,649.344534909847,657.2175413398706,3189.2613080374767,125.90483330336662
2026-07-21,268.4398583222858,769.4529779334757,336.51206708474,1227.4537478399711,390.74782083233197,1605.3450206613024,239.33073509593282,661.9042874763054,669.4071204834759,3364.6353223153687,125.92344423606723
2026-07-22,267.9859908643539,765.4140854513713,335.67788991990744,1218.1715528445636,389.57389184325876,1590.7295929849563,238.92608418819555,658.4299227948655,665.9891285005284,3313.248850389857,125.94210788940934
2026-07-23,266.23138902903725,750.3171636779344,332.5167314330933,1183.7694060784922,385.1598299839924,1536.7740032982565,237.36174814036906,645.4431418789351,653.3463349503447,3125.617512533402,125.9608742630254
2026-07-24,265.21664667622554,741.2808111978911,330.6846013061326,1163.3260573469365,382.6015429215746,1504.8799123019166,236.4570425770848,637.6698267820835,646.0476946110676,3017.1873424153505,125.97994333982354
