date,drawdown_63,drawdown_252,below_ma200,negative_return_5
2016-07-25,0.0,0.0,0.0,0.0
2016-07-26,0.0,0.0,0.0,0.0
2016-07-27,0.0,0.0,0.0,0.0
2016-07-28,0.0,0.0,0.0,0.0
2016-07-29,0.0,0.0,0.0,0.0
2016-08-01,0.0,0.0,0.0,0.0
2016-08-02,0.0,0.0,0.0,0.0
2016-08-03,0.0,0.0,0.0,0.0
2016-08-04,0.0,0.0,0.0,0.7142857142857082
2016-08-05,0.0,0.0,0.0,0.0
2016-08-08,0.0,0.0,0.0,0.0
2016-08-09,0.0,0.0,0.0,0.0
2016-08-10,0.0,0.0,0.0,0.0
2016-08-11,0.0,0.0,0.0,0.0
2016-08-12,0.0,0.0,0.0,7.539682539682545
2016-08-15,0.0,0.0,0.0,0.0
2016-08-16,0.0,0.0,0.0,18.174603174603178
2016-08-17,0.0,0.0,0.0,2.301587301587304
2016-08-18,0.0,0.0,0.0,15.158730158730165
2016-08-19,0.0,0.0,0.0,20.714285714285708
2016-08-22,0.0,0.0,0.0,34.84126984126985
2016-08-23,0.0,0.0,0.0,3.253968253968253
2016-08-24,0.0,0.0,0.0,38.17460317460316
2016-08-25,0.0,0.0,0.0,45.95238095238096
2016-08-26,0.0,0.0,0.0,38.809523809523796
2016-08-29,0.0,0.0,0.0,33.571428571428584
2016-08-30,0.0,0.0,0.0,49.60317460317461
2016-08-31,0.0,0.0,0.0,29.76190476190476
2016-09-01,0.0,0.0,0.0,12.460317460317455
2016-09-02,0.0,0.0,0.0,7.063492063492063
2016-09-06,0.0,0.0,0.0,0.0
2016-09-07,0.0,0.0,0.0,0.0
2016-09-08,0.0,0.0,0.0,0.0
2016-09-09,31.646586345381536,21.685606060606062,0.0,75.63492063492063
2016-09-12,0.0,0.0,0.0,46.74603174603175
2016-09-13,15.55733761026464,3.3081285444234396,0.0,76.74603174603175
2016-09-14,5.368589743589737,0.0,0.0,68.4920634920635
2016-09-15,0.0,0.0,0.0,6.904761904761898
2016-09-16,0.0,0.0,0.0,0.0
2016-09-19,0.0,0.0,0.0,0.0
2016-09-20,0.0,0.0,0.0,0.0
2016-09-21,0.0,0.0,0.0,0.0
2016-09-22,0.0,0.0,0.0,0.0
2016-09-23,0.0,0.0,0.0,0.0
2016-09-26,0.0,0.0,0.0,2.9365079365079367
2016-09-27,0.0,0.0,0.0,0.0
2016-09-28,0.0,0.0,0.0,3.095238095238102
2016-09-29,0.0,0.0,0.0,56.111111111111114
2016-09-30,0.0,0.0,0.0,7.063492063492063
2016-10-03,0.0,0.0,0.0,0.0
2016-10-04,0.0,0.0,0.0,26.58730158730158
2016-10-05,0.0,0.0,0.0,17.38095238095238
2016-10-06,0.0,0.0,0.0,0.0
2016-10-07,0.0,0.0,0.0,29.76190476190476
2016-10-10,0.0,0.0,0.0,0.0
2016-10-11,0.0,0.0,0.0,49.12698412698413
2016-10-12,1.0317460317460387,0.0,0.0,58.492063492063494
2016-10-13,8.80952380952381,0.0,0.0,63.571428571428584
2016-10-14,7.063492063492063,0.0,0.0,57.38095238095238
2016-10-17,11.666666666666671,0.0,0.0,73.88888888888889
2016-10-18,0.0,0.0,0.0,5.793650793650798
2016-10-19,0.0,0.0,0.0,6.111111111111114
2016-10-20,0.0,0.0,0.0,0.0
2016-10-21,0.0,0.0,0.0,0.0
2016-10-24,0.0,0.0,0.0,0.0
2016-10-25,0.0,0.0,0.0,0.0
2016-10-26,0.0,0.0,0.0,0.0
2016-10-27,1.349206349206355,0.0,0.0,16.269841269841265
2016-10-28,16.269841269841265,3.2997250229147568,0.0,53.412698412698404
2016-10-31,18.33333333333333,5.036630036630044,0.0,77.69841269841271
2016-11-01,31.666666666666657,21.225983531564495,0.0,82.77777777777777
2016-11-02,46.74603174603175,35.92321755027422,0.0,85.31746031746033
2016-11-03,57.53968253968253,51.68949771689498,0.0,89.60317460317461
2016-11-04,61.349206349206355,56.11313868613138,0.0,87.38095238095238
2016-11-07,28.968253968253975,18.231540565177752,0.0,43.412698412698404
2016-11-08,15.793650793650798,2.8233151183970904,0.0,0.0
2016-11-09,6.746031746031747,0.0,0.0,0.0
2016-11-10,38.492063492063494,28.454545454545467,0.0,0.0
2016-11-11,36.428571428571416,25.794732061762033,0.0,0.0
2016-11-14,52.14285714285714,44.37386569872959,0.0,64.20634920634922
2016-11-15,32.30158730158729,21.940163191296463,0.0,49.60317460317461
2016-11-16,21.19047619047619,9.329710144927532,0.0,46.111111111111114
2016-11-17,5.952380952380949,0.0,0.0,0.0
2016-11-18,14.047619047619051,0.9945750452079523,0.0,0.0
2016-11-21,0.0,0.0,0.0,0.0
2016-11-22,0.0,0.0,0.0,0.0
2016-11-23,0.0,0.0,0.0,0.0
2016-11-25,0.0,0.0,0.0,0.0
2016-11-28,0.0,0.0,0.0,0.0
2016-11-29,0.0,0.0,0.0,9.603174603174608
2016-11-30,13.253968253968253,0.0,0.0,61.507936507936506
2016-12-01,45.63492063492063,34.38061041292639,0.0,82.14285714285714
2016-12-02,44.206349206349216,32.46636771300447,0.0,84.68253968253967
2016-12-05,28.492063492063494,17.114695340501797,0.0,67.06349206349208
2016-12-06,24.04761904761905,11.817367949865712,0.0,68.96825396825398
2016-12-07,0.0,0.0,0.0,0.0
2016-12-08,0.0,0.0,0.0,0.0
2016-12-09,0.0,0.0,0.0,0.0
2016-12-12,0.0,0.0,0.0,0.0
2016-12-13,0.0,0.0,0.0,0.0
2016-12-14,0.0,0.0,0.0,0.0
2016-12-15,0.0,0.0,0.0,0.0
2016-12-16,0.0,0.0,0.0,5.793650793650798
2016-12-19,0.0,0.0,0.0,0.0
2016-12-20,0.0,0.0,0.0,7.2222222222222285
2016-12-21,0.0,0.0,0.0,0.0
2016-12-22,0.0,0.0,0.0,20.714285714285708
2016-12-23,0.0,0.0,0.0,0.0
2016-12-27,0.0,0.0,0.0,0.0
2016-12-28,0.0,0.0,0.0,44.36507936507937
2016-12-29,0.0,0.0,0.0,45.793650793650784
2016-12-30,16.904761904761898,1.8518518518518476,0.0,64.20634920634922
2017-01-03,0.0,0.0,0.0,45.15873015873015
2017-01-04,0.0,0.0,0.0,44.68253968253967
2017-01-05,0.0,0.0,0.0,0.0
2017-01-06,0.0,0.0,0.0,0.0
2017-01-09,0.0,0.0,0.0,0.0
2017-01-10,0.0,0.0,0.0,0.0
2017-01-11,0.0,0.0,0.0,0.0
2017-01-12,0.0,0.0,0.0,0.0
2017-01-13,0.0,0.0,0.0,0.0
2017-01-17,0.0,0.0,0.0,5.0
2017-01-18,0.0,0.0,0.0,4.365079365079367
2017-01-19,0.0,0.0,0.0,20.079365079365076
2017-01-20,0.0,0.0,0.0,2.7777777777777715
2017-01-23,0.0,0.0,0.0,15.0
2017-01-24,0.0,0.0,0.0,0.0
2017-01-25,0.0,0.0,0.0,0.0
2017-01-26,0.0,0.0,0.0,0.0
2017-01-27,0.0,0.0,0.0,0.0
2017-01-30,0.0,0.0,0.0,0.0
2017-01-31,0.0,0.0,0.0,8.333333333333329
2017-02-01,0.0,0.0,0.0,19.444444444444443
2017-02-02,0.0,0.0,0.0,28.015873015873012
2017-02-03,0.0,0.0,0.0,25.95238095238095
2017-02-06,0.0,0.0,0.0,0.0
2017-02-07,0.0,0.0,0.0,0.0
2017-02-08,0.0,0.0,0.0,0.0
2017-02-09,0.0,0.0,0.0,0.0
2017-02-10,0.0,0.0,0.0,0.0
2017-02-13,0.0,0.0,0.0,0.0
2017-02-14,0.0,0.0,0.0,0.0
2017-02-15,0.0,0.0,0.0,0.0
2017-02-16,0.0,0.0,0.0,0.0
2017-02-17,0.0,0.0,0.0,0.0
2017-02-21,0.0,0.0,0.0,0.0
2017-02-22,0.0,0.0,0.0,0.0
2017-02-23,0.0,0.0,0.0,0.0
2017-02-24,0.0,0.0,0.0,0.0
2017-02-27,0.0,0.0,0.0,2.301587301587304
2017-02-28,0.0,0.0,0.0,35.793650793650784
2017-03-01,0.0,0.0,0.0,0.0
2017-03-02,0.0,0.0,0.0,0.0
2017-03-03,0.0,0.0,0.0,0.0
2017-03-06,0.0,0.0,0.0,10.23809523809524
2017-03-07,0.0,0.0,0.0,3.7301587301587347
2017-03-08,0.0,0.0,0.0,44.84126984126985
2017-03-09,0.0,0.0,0.0,20.079365079365076
2017-03-10,0.0,0.0,0.0,10.555555555555557
2017-03-13,0.0,0.0,0.0,0.0
2017-03-14,0.0,0.0,0.0,0.0
2017-03-15,0.0,0.0,0.0,0.0
2017-03-16,0.0,0.0,0.0,0.0
2017-03-17,0.0,0.0,0.0,2.301587301587304
2017-03-20,0.0,0.0,0.0,6.428571428571431
2017-03-21,6.587301587301582,0.0,0.0,53.888888888888886
2017-03-22,0.0,0.0,0.0,53.0952380952381
2017-03-23,0.0,0.0,0.0,57.53968253968253
2017-03-24,0.0,0.0,0.0,50.39682539682539
2017-03-27,0.0,0.0,0.0,48.33333333333334
2017-03-28,0.0,0.0,0.0,0.0
2017-03-29,0.0,0.0,0.0,0.0
2017-03-30,0.0,0.0,0.0,0.0
2017-03-31,0.0,0.0,0.0,0.0
2017-04-03,0.0,0.0,0.0,0.0
2017-04-04,0.0,0.0,0.0,0.0
2017-04-05,0.0,0.0,0.0,28.650793650793645
2017-04-06,0.0,0.0,0.0,33.730158730158735
2017-04-07,0.0,0.0,0.0,33.25396825396825
2017-04-10,0.0,0.0,0.0,27.698412698412696
2017-04-11,0.0,0.0,0.0,49.60317460317461
2017-04-12,0.0,0.0,0.0,49.60317460317461
2017-04-13,8.80952380952381,0.0,0.0,60.71428571428572
2017-04-17,0.0,0.0,0.0,34.04761904761904
2017-04-18,0.0,0.0,0.0,43.25396825396825
2017-04-19,0.0,0.0,0.0,18.174603174603178
2017-04-20,0.0,0.0,0.0,0.0
2017-04-21,0.0,0.0,0.0,0.0
2017-04-24,0.0,0.0,0.0,0.0
2017-04-25,0.0,0.0,0.0,0.0
2017-04-26,0.0,0.0,0.0,0.0
2017-04-27,0.0,0.0,0.0,0.0
2017-04-28,0.0,0.0,0.0,0.0
2017-05-01,0.0,0.0,0.0,0.0
2017-05-02,0.0,0.0,0.0,0.0
2017-05-03,0.0,0.0,0.0,0.0
2017-05-04,0.0,0.0,0.0,0.0
2017-05-05,0.0,0.0,0.0,0.0
2017-05-08,0.0,0.0,0.0,0.0
2017-05-09,0.0,0.0,0.0,0.0
2017-05-10,0.0,0.0,0.0,0.0
2017-05-11,0.0,0.0,0.0,0.0
2017-05-12,0.0,0.0,0.0,0.0
2017-05-15,0.0,0.0,0.0,0.0
2017-05-16,0.0,0.0,0.0,0.0
2017-05-17,30.873015873015873,20.76547231270358,0.0,72.14285714285714
2017-05-18,14.523809523809518,1.9528071602929202,0.0,52.93650793650792
2017-05-19,1.6666666666666714,0.0,0.0,47.38095238095238
2017-05-22,0.0,0.0,0.0,25.317460317460316
2017-05-23,0.0,0.0,0.0,36.74603174603175
2017-05-24,0.0,0.0,0.0,0.0
2017-05-25,0.0,0.0,0.0,0.0
2017-05-26,0.0,0.0,0.0,0.0
2017-05-30,0.0,0.0,0.0,0.0
2017-05-31,0.0,0.0,0.0,0.0
2017-06-01,0.0,0.0,0.0,0.0
2017-06-02,0.0,0.0,0.0,0.0
2017-06-05,0.0,0.0,0.0,0.0
2017-06-06,0.0,0.0,0.0,0.0
2017-06-07,0.0,0.0,0.0,0.0
2017-06-08,0.0,0.0,0.0,0.0
2017-06-09,31.825396825396837,20.016077170418,0.0,83.4126984126984
2017-06-12,42.61904761904762,31.164658634538142,0.0,89.12698412698413
2017-06-13,28.492063492063494,15.650080256821823,0.0,73.25396825396825
2017-06-14,37.69841269841271,25.821972734562948,0.0,85.47619047619048
2017-06-15,44.84126984126985,32.93269230769232,0.0,90.87301587301587
2017-06-16,51.98412698412699,39.39151321056846,0.0,59.76190476190476
2017-06-19,20.873015873015873,6.640000000000001,0.0,0.0
2017-06-20,38.492063492063494,26.05915267785771,0.0,41.031746031746025
2017-06-21,18.492063492063494,3.594249201277961,0.0,0.0
2017-06-22,18.96825396825396,4.150039904229843,0.0,0.0
2017-06-23,8.650793650793645,0.0,0.0,0.0
2017-06-26,19.920634920634924,5.0996015936254935,0.0,17.063492063492063
2017-06-27,55.63492063492063,42.43630573248407,0.0,56.9047619047619
2017-06-28,28.809523809523796,14.47891805887032,0.0,43.888888888888886
2017-06-29,58.968253968253975,46.661367249602534,0.0,79.92063492063491
2017-06-30,60.07936507936509,48.13343923749008,0.0,86.74603174603175
2017-07-03,68.33333333333334,59.44444444444446,0.0,90.71428571428572
2017-07-05,59.76190476190476,47.53968253968253,0.0,38.968253968253975
2017-07-06,68.33333333333334,59.28571428571428,0.0,86.5873015873016
2017-07-07,58.650793650793645,45.95238095238096,0.0,17.539682539682545
2017-07-10,47.85714285714286,35.0,0.0,0.0
2017-07-11,43.730158730158735,30.555555555555543,0.0,0.0
2017-07-12,19.285714285714292,3.8888888888888857,0.0,0.0
2017-07-13,13.253968253968253,0.0,0.0,0.0
2017-07-14,0.0,0.0,0.0,0.0
2017-07-17,0.0,0.0,0.0,0.0
2017-07-18,0.0,0.0,0.0,0.0
2017-07-19,0.0,0.0,0.0,0.0
2017-07-20,0.0,0.0,0.0,0.0
2017-07-21,0.0,0.0,0.0,0.0
2017-07-24,0.0,0.0,0.0,0.0
2017-07-25,0.0,0.0,0.0,0.0
2017-07-26,0.0,0.0,0.0,0.0
2017-07-27,0.0,0.0,0.0,25.158730158730165
2017-07-28,0.0,0.0,0.0,31.190476190476204
2017-07-31,1.8253968253968225,0.0,0.0,59.76190476190476
2017-08-01,0.0,0.0,0.0,48.17460317460316
2017-08-02,0.0,0.0,0.0,48.492063492063494
2017-08-03,0.0,0.0,0.0,41.190476190476204
2017-08-04,0.0,0.0,0.0,28.492063492063494
2017-08-07,0.0,0.0,0.0,0.0
2017-08-08,0.0,0.0,0.0,0.0
2017-08-09,0.0,0.0,0.0,16.904761904761898
2017-08-10,41.98412698412699,29.444444444444457,0.0,72.61904761904762
2017-08-11,25.95238095238095,11.349206349206355,0.0,61.98412698412699
2017-08-14,0.0,0.0,0.0,41.190476190476204
2017-08-15,0.0,0.0,0.0,34.68253968253967
2017-08-16,0.0,0.0,0.0,22.14285714285714
2017-08-17,38.492063492063494,25.793650793650798,0.0,14.047619047619051
2017-08-18,40.87301587301587,28.333333333333343,0.0,50.87301587301587
2017-08-21,42.46031746031747,29.92063492063491,0.0,78.01587301587301
2017-08-22,6.111111111111114,0.0,0.0,47.22222222222223
2017-08-23,18.015873015873012,4.682539682539684,0.0,60.71428571428572
2017-08-24,24.206349206349202,10.396825396825392,0.0,0.0
2017-08-25,29.126984126984127,15.317460317460316,0.0,0.0
2017-08-28,22.61904761904762,8.968253968253961,0.0,0.0
2017-08-29,11.984126984126988,0.0,0.0,28.809523809523796
2017-08-30,0.0,0.0,0.0,0.0
2017-08-31,0.0,0.0,0.0,0.0
2017-09-01,0.0,0.0,0.0,0.0
2017-09-05,0.0,0.0,0.0,0.0
2017-09-06,0.0,0.0,0.0,0.0
2017-09-07,0.0,0.0,0.0,0.0
2017-09-08,3.095238095238102,0.0,0.0,63.571428571428584
2017-09-11,0.0,0.0,0.0,26.269841269841265
2017-09-12,0.0,0.0,0.0,0.0
2017-09-13,0.0,0.0,0.0,0.0
2017-09-14,0.0,0.0,0.0,16.746031746031747
2017-09-15,0.0,0.0,0.0,0.0
2017-09-18,0.0,0.0,0.0,20.714285714285708
2017-09-19,0.0,0.0,0.0,23.730158730158735
2017-09-20,0.0,0.0,0.0,43.730158730158735
2017-09-21,0.0,0.0,0.0,45.793650793650784
2017-09-22,1.5079365079365061,0.0,0.0,55.95238095238096
2017-09-25,32.14285714285714,19.126984126984127,0.0,74.84126984126985
2017-09-26,26.111111111111114,12.301587301587304,0.0,73.57142857142858
2017-09-27,0.0,0.0,0.0,46.74603174603175
2017-09-28,0.7142857142857082,0.0,0.0,21.19047619047619
2017-09-29,0.0,0.0,0.0,0.0
2017-10-02,0.0,0.0,0.0,0.0
2017-10-03,0.0,0.0,0.0,0.0
2017-10-04,0.0,0.0,0.0,0.0
2017-10-05,0.0,0.0,0.0,0.0
2017-10-06,0.0,0.0,0.0,0.0
2017-10-09,0.0,0.0,0.0,0.0
2017-10-10,0.0,0.0,0.0,0.0
2017-10-11,0.0,0.0,0.0,0.0
2017-10-12,0.0,0.0,0.0,11.666666666666671
2017-10-13,0.0,0.0,0.0,1.5079365079365061
2017-10-16,0.0,0.0,0.0,0.0
2017-10-17,0.0,0.0,0.0,0.0
2017-10-18,0.0,0.0,0.0,0.0
2017-10-19,0.0,0.0,0.0,6.746031746031747
2017-10-20,0.0,0.0,0.0,10.23809523809524
2017-10-23,0.0,0.0,0.0,52.77777777777777
2017-10-24,0.0,0.0,0.0,51.031746031746025
2017-10-25,0.0,0.0,0.0,59.12698412698413
2017-10-26,12.142857142857139,0.0,0.0,56.111111111111114
2017-10-27,0.0,0.0,0.0,0.0
2017-10-30,0.0,0.0,0.0,0.0
2017-10-31,0.0,0.0,0.0,0.0
2017-11-01,0.0,0.0,0.0,0.0
2017-11-02,0.0,0.0,0.0,0.0
2017-11-03,0.0,0.0,0.0,0.0
2017-11-06,0.0,0.0,0.0,0.0
2017-11-07,0.0,0.0,0.0,0.0
2017-11-08,0.0,0.0,0.0,0.0
2017-11-09,0.0,0.0,0.0,0.0
2017-11-10,0.0,0.0,0.0,13.253968253968253
2017-11-13,0.0,0.0,0.0,20.23809523809524
2017-11-14,0.0,0.0,0.0,41.82539682539684
2017-11-15,14.047619047619051,1.6666666666666714,0.0,68.33333333333334
2017-11-16,0.0,0.0,0.0,4.682539682539684
2017-11-17,0.0,0.0,0.0,18.33333333333333
2017-11-20,0.0,0.0,0.0,28.492063492063494
2017-11-21,0.0,0.0,0.0,0.0
2017-11-22,0.0,0.0,0.0,0.0
2017-11-24,0.0,0.0,0.0,0.0
2017-11-27,0.0,0.0,0.0,0.0
2017-11-28,0.0,0.0,0.0,0.0
2017-11-29,25.0,11.349206349206355,0.0,63.0952380952381
2017-11-30,0.0,0.0,0.0,36.269841269841265
2017-12-01,13.095238095238102,1.0317460317460387,0.0,64.04761904761904
2017-12-04,41.98412698412699,29.285714285714278,0.0,82.77777777777777
2017-12-05,41.349206349206355,28.650793650793645,0.0,85.95238095238096
2017-12-06,31.825396825396837,17.85714285714286,0.0,34.52380952380952
2017-12-07,23.730158730158735,10.396825396825392,0.0,54.84126984126985
2017-12-08,8.492063492063494,0.0,0.0,16.746031746031747
2017-12-11,0.0,0.0,0.0,0.0
2017-12-12,0.0,0.0,0.0,0.0
2017-12-13,0.0,0.0,0.0,0.0
2017-12-14,0.0,0.0,0.0,0.0
2017-12-15,0.0,0.0,0.0,0.0
2017-12-18,0.0,0.0,0.0,0.0
2017-12-19,0.0,0.0,0.0,0.0
2017-12-20,0.0,0.0,0.0,0.0
2017-12-21,0.0,0.0,0.0,0.0
2017-12-22,0.0,0.0,0.0,23.57142857142857
2017-12-26,10.555555555555557,0.0,0.0,65.47619047619048
2017-12-27,9.444444444444443,0.0,0.0,52.93650793650792
2017-12-28,5.0,0.0,0.0,44.206349206349216
2017-12-29,29.603174603174608,15.634920634920633,0.0,65.47619047619048
2018-01-02,0.0,0.0,0.0,0.0
2018-01-03,0.0,0.0,0.0,0.0
2018-01-04,0.0,0.0,0.0,0.0
2018-01-05,0.0,0.0,0.0,0.0
2018-01-08,0.0,0.0,0.0,0.0
2018-01-09,0.0,0.0,0.0,0.0
2018-01-10,0.0,0.0,0.0,0.0
2018-01-11,0.0,0.0,0.0,0.0
2018-01-12,0.0,0.0,0.0,0.0
2018-01-16,0.0,0.0,0.0,0.0
2018-01-17,0.0,0.0,0.0,0.0
2018-01-18,0.0,0.0,0.0,0.0
2018-01-19,0.0,0.0,0.0,0.0
2018-01-22,0.0,0.0,0.0,0.0
2018-01-23,0.0,0.0,0.0,0.0
2018-01-24,0.0,0.0,0.0,0.0
2018-01-25,0.0,0.0,0.0,0.0
2018-01-26,0.0,0.0,0.0,0.0
2018-01-29,0.0,0.0,0.0,0.0
2018-01-30,16.746031746031747,6.269841269841265,0.0,44.04761904761904
2018-01-31,5.0,0.0,0.0,5.158730158730165
2018-02-01,28.809523809523796,17.38095238095238,0.0,32.46031746031747
2018-02-02,67.85714285714286,58.650793650793645,0.0,94.68253968253967
2018-02-05,88.17460317460316,85.15873015873015,0.0,98.0
2018-02-06,79.76190476190476,72.61904761904762,0.0,94.84126984126985
2018-02-07,84.52380952380952,78.96825396825398,0.0,97.85714285714286
2018-02-08,94.36507936507937,94.04761904761904,0.0,98.0
2018-02-09,91.34920634920636,90.55555555555554,0.0,97.22222222222223
2018-02-12,86.5873015873016,82.77777777777777,0.0,5.158730158730165
2018-02-13,85.15873015873015,81.03174603174602,0.0,73.0952380952381
2018-02-14,77.53968253968253,70.55555555555554,0.0,0.0
2018-02-15,58.01587301587301,49.60317460317461,0.0,0.0
2018-02-16,64.68253968253967,55.95238095238096,0.0,0.0
2018-02-20,62.77777777777777,54.206349206349216,0.0,0.0
2018-02-21,67.22222222222223,58.809523809523796,0.0,0.0
2018-02-22,65.95238095238096,57.53968253968253,0.0,0.0
2018-02-23,28.809523809523796,19.285714285714292,0.0,0.0
2018-02-26,0.0,0.0,0.0,0.0
2018-02-27,28.015873015873012,18.492063492063494,0.0,0.0
2018-02-28,42.46031746031747,34.36507936507937,0.0,0.0
2018-03-01,68.17460317460316,61.349206349206355,0.0,30.555555555555543
2018-03-02,53.888888888888886,47.22222222222223,0.0,65.95238095238096
2018-03-05,33.25396825396825,24.52380952380952,0.0,71.34920634920636
2018-03-06,22.460317460317455,14.047619047619051,0.0,14.682539682539684
2018-03-07,15.317460317460316,7.2222222222222285,0.0,0.0
2018-03-08,0.0,0.0,0.0,0.0
2018-03-09,0.0,0.0,0.0,0.0
2018-03-12,0.0,0.0,0.0,0.0
2018-03-13,8.333333333333329,1.1904761904761898,0.0,0.0
2018-03-14,11.984126984126988,4.841269841269835,0.0,0.0
2018-03-15,18.33333333333333,11.031746031746039,0.0,0.0
2018-03-16,21.984126984126988,14.841269841269835,0.0,63.571428571428584
2018-03-19,66.11111111111111,58.809523809523796,0.0,93.73015873015873
2018-03-20,61.507936507936506,54.36507936507937,0.0,83.4126984126984
2018-03-21,68.33333333333334,61.66666666666666,0.0,87.38095238095238
2018-03-22,84.04761904761904,78.4920634920635,0.0,96.9047619047619
2018-03-23,91.34920634920636,90.55555555555554,0.0,98.0
2018-03-26,79.76190476190476,74.04761904761904,0.0,71.82539682539684
2018-03-27,90.23809523809524,89.28571428571428,0.0,97.06349206349208
2018-03-28,92.93650793650792,92.61904761904762,0.0,97.69841269841271
2018-03-29,88.01587301587301,85.95238095238096,0.0,69.44444444444446
2018-04-02,94.84126984126985,94.68253968253967,0.0,74.36507936507937
2018-04-03,92.77777777777777,92.46031746031747,0.0,94.84126984126985
2018-04-04,88.33333333333334,86.74603174603175,0.0,4.047619047619051
2018-04-05,86.74603174603175,83.88888888888889,0.0,0.0
2018-04-06,93.57142857142858,93.4126984126984,0.0,81.98412698412699
2018-04-09,92.14285714285714,91.82539682539684,0.0,0.0
2018-04-10,85.47619047619048,81.98412698412699,0.0,0.0
2018-04-11,87.06349206349208,84.84126984126985,0.0,9.76190476190476
2018-04-12,83.0952380952381,78.65079365079364,0.0,0.0
2018-04-13,84.52380952380952,80.71428571428572,0.0,0.0
2018-04-16,82.30158730158729,76.9047619047619,0.0,0.0
2018-04-17,70.71428571428572,64.68253968253967,0.0,0.0
2018-04-18,68.33333333333334,61.82539682539684,0.0,0.0
2018-04-19,75.31746031746033,68.8095238095238,0.0,0.0
2018-04-20,82.61904761904762,77.53968253968253,0.0,0.0
2018-04-23,83.0952380952381,79.60317460317461,0.0,39.28571428571428
2018-04-24,90.39682539682539,89.60317460317461,0.0,95.15873015873015
2018-04-25,89.60317460317461,88.65079365079364,0.0,95.47619047619048
2018-04-26,82.61904761904762,78.8095238095238,0.0,74.68253968253967
2018-04-27,82.14285714285714,77.69841269841271,0.0,29.444444444444457
2018-04-30,85.15873015873015,81.82539682539684,0.0,49.28571428571428
2018-05-01,80.71428571428572,75.15873015873015,0.0,0.0
2018-05-02,82.77777777777777,79.44444444444446,0.0,0.0
2018-05-03,82.93650793650792,79.60317460317461,0.0,26.42857142857143
2018-05-04,74.36507936507937,67.69841269841271,0.0,0.0
2018-05-07,67.53968253968253,61.190476190476204,0.0,0.0
2018-05-08,68.96825396825398,62.93650793650792,0.0,0.0
2018-05-09,53.412698412698404,46.587301587301596,0.0,0.0
2018-05-10,35.47619047619048,29.285714285714278,0.0,0.0
2018-05-11,38.650793650793645,32.46031746031747,0.0,0.0
2018-05-14,34.84126984126985,28.650793650793645,0.0,0.0
2018-05-15,54.84126984126985,47.85714285714286,0.0,0.0
2018-05-16,45.15873015873015,38.809523809523796,0.0,1.8253968253968225
2018-05-17,50.39682539682539,43.730158730158735,0.0,55.0
2018-05-18,60.23809523809524,52.77777777777777,0.0,64.20634920634922
2018-05-21,49.44444444444446,42.77777777777777,0.0,53.888888888888886
2018-05-22,52.77777777777777,45.95238095238096,0.0,18.174603174603178
2018-05-23,37.53968253968253,31.349206349206355,0.0,9.603174603174608
2018-05-24,38.650793650793645,32.46031746031747,0.0,0.0
2018-05-25,34.52380952380952,28.333333333333343,0.0,0.0
2018-05-29,45.0,38.650793650793645,0.0,11.349206349206355
2018-05-30,29.76190476190476,23.888888888888886,0.0,0.0
2018-05-31,32.46031746031747,26.42857142857143,0.0,13.888888888888886
2018-06-01,0.0,0.0,0.0,0.0
2018-06-04,0.0,0.0,0.0,0.0
2018-06-05,0.0,0.0,0.0,0.0
2018-06-06,0.0,0.0,0.0,0.0
2018-06-07,0.0,0.0,0.0,0.0
2018-06-08,0.0,0.0,0.0,0.0
2018-06-11,0.0,0.0,0.0,10.396825396825392
2018-06-12,0.0,0.0,0.0,0.0
2018-06-13,0.0,0.0,0.0,26.42857142857143
2018-06-14,0.0,0.0,0.0,0.0
2018-06-15,0.0,0.0,0.0,0.0
2018-06-18,0.0,0.0,0.0,0.0
2018-06-19,0.0,0.0,0.0,13.095238095238102
2018-06-20,0.0,0.0,0.0,0.0
2018-06-21,0.0,0.0,0.0,55.0
2018-06-22,0.8730158730158735,0.0,0.0,54.206349206349216
2018-06-25,53.412698412698404,46.587301587301596,0.0,89.12698412698413
2018-06-26,46.587301587301596,40.23809523809524,0.0,81.1904761904762
2018-06-27,67.53968253968253,61.190476190476204,0.0,94.20634920634922
2018-06-28,56.111111111111114,48.968253968253975,0.0,85.79365079365078
2018-06-29,53.0952380952381,46.428571428571416,0.0,80.39682539682539
2018-07-02,38.809523809523796,32.61904761904762,0.0,0.0
2018-07-03,60.71428571428572,53.0952380952381,0.0,51.98412698412699
2018-07-05,37.53968253968253,31.349206349206355,0.0,0.0
2018-07-06,0.0,0.0,0.0,0.0
2018-07-09,0.0,0.0,0.0,0.0
2018-07-10,0.0,0.0,0.0,0.0
2018-07-11,0.0,0.0,0.0,0.0
2018-07-12,0.0,0.0,0.0,0.0
2018-07-13,0.0,0.0,0.0,0.0
2018-07-16,0.0,0.0,0.0,0.0
2018-07-17,0.0,0.0,0.0,0.0
2018-07-18,0.0,0.0,0.0,0.0
2018-07-19,0.0,0.0,0.0,31.031746031746025
2018-07-20,0.0,0.0,0.0,36.9047619047619
2018-07-23,0.0,0.0,0.0,15.0
2018-07-24,0.0,0.0,0.0,21.507936507936506
2018-07-25,0.0,0.0,0.0,0.0
2018-07-26,14.365079365079367,9.603174603174608,0.0,0.0
2018-07-27,45.31746031746033,38.968253968253975,0.0,52.30158730158729
2018-07-30,67.06349206349208,60.55555555555554,0.0,83.88888888888889
2018-07-31,60.55555555555554,52.93650793650792,0.0,83.0952380952381
2018-08-01,49.44444444444446,42.77777777777777,0.0,90.71428571428572
2018-08-02,22.77777777777777,17.698412698412696,0.0,38.809523809523796
2018-08-03,14.682539682539684,9.920634920634924,0.0,0.0
2018-08-06,0.0,0.0,0.0,0.0
2018-08-07,0.0,0.0,0.0,0.0
2018-08-08,0.0,0.0,0.0,0.0
2018-08-09,0.0,0.0,0.0,0.0
2018-08-10,9.444444444444443,4.841269841269835,0.0,15.952380952380949
2018-08-13,12.936507936507937,8.174603174603178,0.0,44.52380952380952
2018-08-14,0.0,0.0,0.0,31.507936507936506
2018-08-15,27.85714285714286,22.14285714285714,0.0,69.60317460317461
2018-08-16,21.66666666666667,16.58730158730158,0.0,64.52380952380952
2018-08-17,21.03174603174604,15.952380952380949,0.0,40.23809523809524
2018-08-20,23.095238095238102,18.015873015873012,0.0,39.76190476190476
2018-08-21,13.888888888888886,9.126984126984127,0.0,50.07936507936509
2018-08-22,0.07936507936507553,0.0,0.0,0.0
2018-08-23,6.111111111111114,1.5079365079365061,0.0,1.8253968253968225
2018-08-24,0.0,0.0,0.0,0.0
2018-08-27,0.0,0.0,0.0,0.0
2018-08-28,0.0,0.0,0.0,0.0
2018-08-29,0.0,0.0,0.0,0.0
2018-08-30,0.0,0.0,0.0,0.0
2018-08-31,0.0,0.0,0.0,0.0
2018-09-04,0.0,0.0,0.0,0.0
2018-09-05,22.460317460317455,17.38095238095238,0.0,49.44444444444446
2018-09-06,42.93650793650792,36.587301587301596,0.0,87.22222222222223
2018-09-07,47.53968253968253,41.349206349206355,0.0,87.69841269841271
2018-09-10,43.412698412698404,37.22222222222223,0.0,87.06349206349208
2018-09-11,25.95238095238095,20.555555555555557,0.0,68.96825396825398
2018-09-12,31.825396825396837,25.95238095238095,0.0,42.46031746031747
2018-09-13,6.746031746031747,2.142857142857139,0.0,0.0
2018-09-14,14.206349206349202,9.444444444444443,0.0,0.0
2018-09-17,46.428571428571416,40.07936507936509,0.0,29.76190476190476
2018-09-18,30.555555555555543,24.682539682539684,0.0,30.23809523809524
2018-09-19,31.190476190476204,25.317460317460316,0.0,20.873015873015873
2018-09-20,2.301587301587304,0.0,0.0,17.539682539682545
2018-09-21,18.174603174603178,13.253968253968253,0.0,30.714285714285722
2018-09-24,12.460317460317455,7.698412698412696,0.0,0.0
2018-09-25,5.0,0.39682539682539186,0.0,0.0
2018-09-26,5.158730158730165,0.5555555555555571,0.0,0.0
2018-09-27,0.0,0.0,0.0,0.0
2018-09-28,0.0,0.0,0.0,0.0
2018-10-01,0.0,0.0,0.0,0.0
2018-10-02,0.0,0.0,0.0,0.0
2018-10-03,0.0,0.0,0.0,0.0
2018-10-04,31.190476190476204,25.317460317460316,0.0,74.04761904761904
2018-10-05,55.31746031746033,48.33333333333334,0.0,89.44444444444446
2018-10-08,65.0,58.650793650793645,0.0,93.57142857142858
2018-10-09,62.61904761904762,55.31746031746033,0.0,91.66666666666666
2018-10-10,87.69841269841271,86.11111111111111,0.0,98.0
2018-10-11,91.34920634920636,90.87301587301587,84.84126984126985,98.0
2018-10-12,81.03174603174602,76.42857142857142,0.0,90.71428571428572
2018-10-15,86.5873015873016,84.52380952380952,0.0,93.25396825396825
2018-10-16,73.25396825396825,66.74603174603175,0.0,65.0
2018-10-17,72.93650793650792,66.26984126984127,0.0,0.0
2018-10-18,83.57142857142858,79.76190476190476,0.0,0.0
2018-10-19,84.20634920634922,80.71428571428572,0.0,50.39682539682539
2018-10-22,81.5079365079365,78.01587301587301,0.0,0.0
2018-10-23,83.25396825396825,79.44444444444446,0.0,78.4920634920635
2018-10-24,96.42857142857142,96.42857142857142,92.93650793650792,98.0
2018-10-25,88.65079365079364,87.69841269841271,83.4126984126984,65.63492063492063
2018-10-26,94.84126984126985,94.68253968253967,91.66666666666666,91.82539682539684
2018-10-29,98.0,98.0,95.15873015873015,97.69841269841271
2018-10-30,95.63492063492063,95.63492063492063,91.98412698412699,93.57142857142858
2018-10-31,90.39682539682539,89.76190476190476,86.42857142857142,0.0
2018-11-01,85.47619047619048,83.4126984126984,0.0,0.0
2018-11-02,90.55555555555554,89.92063492063491,86.42857142857142,0.0
2018-11-05,91.98412698412699,91.66666666666666,87.69841269841271,0.0
2018-11-06,89.60317460317461,88.65079365079364,84.20634920634922,0.0
2018-11-07,75.47619047619048,70.39682539682539,0.0,0.0
2018-11-08,78.4920634920635,73.73015873015873,0.0,0.0
2018-11-09,86.42857142857142,84.84126984126985,81.66666666666666,0.0
2018-11-12,94.84126984126985,94.68253968253967,91.82539682539684,68.4920634920635
2018-11-13,94.68253968253967,94.52380952380952,91.5079365079365,79.92063492063491
2018-11-14,96.5873015873016,96.5873015873016,93.25396825396825,97.69841269841271
2018-11-15,92.61904761904762,92.46031746031747,89.12698412698413,91.98412698412699
2018-11-16,93.57142857142858,93.4126984126984,90.07936507936509,81.66666666666666
2018-11-19,98.0,98.0,96.11111111111111,85.47619047619048
2018-11-20,98.0,98.0,98.0,93.88888888888889
2018-11-21,98.0,98.0,97.53968253968253,86.5873015873016
2018-11-23,98.0,98.0,98.0,96.42857142857142
2018-11-26,97.85714285714286,97.85714285714286,95.31746031746033,85.15873015873015
2018-11-27,97.53968253968253,97.53968253968253,94.68253968253967,0.0
2018-11-28,90.71428571428572,90.87301587301587,87.22222222222223,0.0
2018-11-29,91.34920634920636,91.1904761904762,88.33333333333334,0.0
2018-11-30,88.65079365079364,88.96825396825398,85.15873015873015,0.0
2018-12-03,82.14285714285714,80.87301587301587,78.17460317460316,0.0
2018-12-04,94.52380952380952,94.68253968253967,91.82539682539684,0.0
2018-12-06,92.93650793650792,93.0952380952381,90.23809523809524,57.85714285714286
2018-12-07,98.0,98.0,97.06349206349208,92.61904761904762
2018-12-10,97.38095238095238,97.53968253968253,95.15873015873015,91.98412698412699
2018-12-11,96.42857142857142,96.9047619047619,94.20634920634922,95.47619047619048
2018-12-12,94.84126984126985,95.31746031746033,92.30158730158729,38.492063492063494
2018-12-13,94.68253968253967,95.0,91.82539682539684,56.587301587301596
2018-12-14,98.0,98.0,97.06349206349208,30.555555555555543
2018-12-17,98.0,98.0,98.0,89.76190476190476
2018-12-18,98.0,98.0,98.0,88.17460317460316
2018-12-19,98.0,98.0,98.0,97.69841269841271
2018-12-20,98.0,98.0,98.0,98.0
2018-12-21,98.0,98.0,98.0,98.0
2018-12-24,98.0,98.0,98.0,98.0
2018-12-26,98.0,98.0,98.0,89.12698412698413
2018-12-27,98.0,98.0,98.0,50.39682539682539
2018-12-28,98.0,98.0,98.0,0.0
2018-12-31,98.0,98.0,98.0,0.0
2019-01-02,98.0,98.0,97.85714285714286,0.0
2019-01-03,98.0,98.0,98.0,69.60317460317461
2019-01-04,96.74603174603175,98.0,97.22222222222223,0.0
2019-01-07,94.04761904761904,97.38095238095238,96.26984126984127,0.0
2019-01-08,91.1904761904762,96.42857142857142,94.68253968253967,0.0
2019-01-09,89.28571428571428,95.79365079365078,92.93650793650792,0.0
2019-01-10,83.88888888888889,95.31746031746033,92.46031746031747,0.0
2019-01-11,85.47619047619048,95.63492063492063,92.61904761904762,0.0
2019-01-14,87.85714285714286,96.42857142857142,95.0,0.0
2019-01-15,80.87301587301587,94.52380952380952,90.55555555555554,0.0
2019-01-16,80.87301587301587,94.52380952380952,90.55555555555554,0.0
2019-01-17,77.69841269841271,92.77777777777777,88.8095238095238,0.0
2019-01-18,67.53968253968253,90.71428571428572,86.11111111111111,0.0
2019-01-22,78.17460317460316,94.68253968253967,91.5079365079365,0.0
2019-01-23,76.5873015873016,94.52380952380952,91.1904761904762,25.793650793650798
2019-01-24,73.0952380952381,93.0952380952381,89.60317460317461,1.5079365079365061
2019-01-25,66.9047619047619,90.07936507936509,85.63492063492063,0.0
2019-01-28,73.57142857142858,93.4126984126984,89.60317460317461,61.190476190476204
2019-01-29,78.33333333333334,94.84126984126985,91.98412698412699,28.492063492063494
2019-01-30,65.15873015873015,88.8095238095238,84.36507936507937,0.0
2019-01-31,54.36507936507937,85.0,79.44444444444446,0.0
2019-02-01,58.33333333333334,85.63492063492063,81.03174603174602,0.0
2019-02-04,41.98412698412699,81.66666666666666,75.15873015873015,0.0
2019-02-05,25.47619047619048,77.22222222222223,71.5079365079365,0.0
2019-02-06,32.93650793650792,78.33333333333334,73.25396825396825,0.0
2019-02-07,54.68253968253967,84.84126984126985,79.92063492063491,22.301587301587304
2019-02-08,53.25396825396825,84.20634920634922,79.12698412698413,0.8730158730158735
2019-02-11,45.15873015873015,84.36507936507937,79.76190476190476,48.650793650793645
2019-02-12,0.0,77.22222222222223,72.30158730158729,25.634920634920633
2019-02-13,0.0,77.06349206349208,72.46031746031747,10.873015873015873
2019-02-14,0.0,76.42857142857142,71.66666666666666,0.0
2019-02-15,0.0,73.0952380952381,0.0,0.0
2019-02-19,0.0,72.77777777777777,0.0,0.0
2019-02-20,0.0,72.77777777777777,0.0,0.0
2019-02-21,0.0,75.0,71.03174603174602,10.396825396825392
2019-02-22,0.0,68.96825396825398,0.0,0.0
2019-02-25,0.0,67.22222222222223,0.0,0.0
2019-02-26,0.0,66.11111111111111,0.0,0.0
2019-02-27,0.0,66.5873015873016,0.0,0.0
2019-02-28,0.0,68.4920634920635,0.0,0.0
2019-03-01,0.0,62.46031746031747,0.0,0.0
2019-03-04,0.0,62.61904761904762,0.0,2.9365079365079367
2019-03-05,0.0,61.98412698412699,0.0,4.047619047619051
2019-03-06,0.0,67.22222222222223,0.0,23.57142857142857
2019-03-07,10.555555555555557,75.95238095238096,72.61904761904762,56.111111111111114
2019-03-08,13.253968253968253,77.06349206349208,73.25396825396825,71.1904761904762
2019-03-11,0.0,60.39682539682539,0.0,13.57142857142857
2019-03-12,0.0,57.53968253968253,0.0,0.0
2019-03-13,0.0,54.206349206349216,0.0,0.0
2019-03-14,0.0,54.68253968253967,0.0,0.0
2019-03-15,0.0,48.492063492063494,0.0,0.0
2019-03-18,0.0,45.63492063492063,0.0,0.0
2019-03-19,0.0,42.61904761904762,0.0,0.0
2019-03-20,0.0,35.47619047619048,0.0,0.0
2019-03-21,0.0,8.80952380952381,0.0,0.0
2019-03-22,19.444444444444443,45.63492063492063,0.0,11.666666666666671
2019-03-25,21.984126984126988,47.22222222222223,0.0,26.42857142857143
2019-03-26,12.301587301587304,41.82539682539684,0.0,20.714285714285708
2019-03-27,24.841269841269835,48.01587301587301,0.0,56.428571428571416
2019-03-28,21.19047619047619,46.9047619047619,0.0,78.17460317460316
2019-03-29,4.206349206349202,35.31746031746033,0.0,0.0
2019-04-01,0.0,11.507936507936506,0.0,0.0
2019-04-02,0.0,6.746031746031747,0.0,0.0
2019-04-03,0.0,0.0,0.0,0.0
2019-04-04,0.0,0.0,0.0,0.0
2019-04-05,0.0,0.0,0.0,0.0
2019-04-08,0.0,0.0,0.0,0.0
2019-04-09,0.0,0.0,0.0,0.0
2019-04-10,0.0,0.0,0.0,0.0
2019-04-11,0.0,0.0,0.0,0.0
2019-04-12,0.0,0.0,0.0,0.0
2019-04-15,0.0,0.0,0.0,8.968253968253961
2019-04-16,0.0,0.0,0.0,0.0
2019-04-17,0.0,0.0,0.0,0.0
2019-04-18,0.0,0.0,0.0,0.0
2019-04-19,0.0,0.0,0.0,0.0
2019-04-22,0.0,0.0,0.0,0.0
2019-04-23,0.0,0.0,0.0,0.0
2019-04-24,0.0,0.0,0.0,0.0
2019-04-25,0.0,0.0,0.0,0.0
2019-04-26,0.0,0.0,0.0,0.0
2019-04-29,0.0,0.0,0.0,0.0
2019-04-30,0.0,0.0,0.0,38.17460317460316
2019-05-01,0.0,0.0,0.0,40.55555555555554
2019-05-02,5.634920634920633,0.0,0.0,61.66666666666666
2019-05-03,0.0,0.0,0.0,14.206349206349202
2019-05-06,0.0,0.0,0.0,45.63492063492063
2019-05-07,32.61904761904762,21.349206349206355,0.0,71.5079365079365
2019-05-08,38.01587301587301,26.269841269841265,0.0,69.76190476190476
2019-05-09,45.95238095238096,33.730158730158735,0.0,71.66666666666666
2019-05-10,44.68253968253967,32.61904761904762,0.0,88.4920634920635
2019-05-13,71.03174603174602,62.30158730158729,0.0,97.06349206349208
2019-05-14,66.42857142857142,56.111111111111114,0.0,86.9047619047619
2019-05-15,59.44444444444446,48.01587301587301,0.0,65.47619047619048
2019-05-16,46.428571428571416,34.04761904761904,0.0,24.365079365079367
2019-05-17,59.12698412698413,47.38095238095238,0.0,58.968253968253975
2019-05-20,67.85714285714286,57.85714285714286,0.0,0.0
2019-05-21,63.571428571428584,52.30158730158729,0.0,0.0
2019-05-22,65.15873015873015,54.84126984126985,0.0,58.968253968253975
2019-05-23,72.46031746031747,65.0,0.0,89.92063492063491
2019-05-24,72.77777777777777,65.0,0.0,82.77777777777777
2019-05-28,75.15873015873015,67.85714285714286,0.0,62.77777777777777
2019-05-29,78.96825396825398,73.73015873015873,0.0,87.22222222222223
2019-05-30,76.9047619047619,70.87301587301587,0.0,78.4920634920635
2019-05-31,84.68253968253967,81.1904761904762,70.71428571428572,79.92063492063491
2019-06-03,90.71428571428572,88.33333333333334,81.5079365079365,92.61904761904762
2019-06-04,81.1904761904762,77.53968253968253,0.0,65.47619047619048
2019-06-05,77.85714285714286,72.14285714285714,0.0,18.492063492063494
2019-06-06,74.20634920634922,66.9047619047619,0.0,6.428571428571431
2019-06-07,63.571428571428584,53.412698412698404,0.0,0.0
2019-06-10,57.22222222222223,46.111111111111114,0.0,0.0
2019-06-11,55.47619047619048,43.730158730158735,0.0,0.0
2019-06-12,59.44444444444446,48.650793650793645,0.0,0.0
2019-06-13,55.63492063492063,43.730158730158735,0.0,0.0
2019-06-14,58.968253968253975,48.01587301587301,0.0,0.0
2019-06-17,53.412698412698404,41.66666666666666,0.0,10.396825396825392
2019-06-18,30.714285714285722,19.126984126984127,0.0,0.0
2019-06-19,21.507936507936506,10.873015873015873,0.0,0.0
2019-06-20,0.07936507936507553,0.0,0.0,0.0
2019-06-21,3.7301587301587347,0.0,0.0,0.0
2019-06-24,6.269841269841265,0.0,0.0,0.0
2019-06-25,39.92063492063491,27.698412698412696,0.0,43.571428571428584
2019-06-26,32.61904761904762,21.19047619047619,0.0,42.46031746031747
2019-06-27,24.206349206349202,13.095238095238102,0.0,56.269841269841265
2019-06-28,19.76190476190476,9.285714285714292,0.0,48.33333333333334
2019-07-01,0.0,0.0,0.0,0.0
2019-07-02,0.0,0.0,0.0,0.0
2019-07-03,0.0,0.0,0.0,0.0
2019-07-05,0.0,0.0,0.0,0.0
2019-07-08,0.0,0.0,0.0,0.0
2019-07-09,0.0,0.0,0.0,0.0
2019-07-10,0.0,0.0,0.0,0.0
2019-07-11,0.0,0.0,0.0,3.5714285714285694
2019-07-12,0.0,0.0,0.0,0.0
2019-07-15,0.0,0.0,0.0,0.0
2019-07-16,0.0,0.0,0.0,0.0
2019-07-17,0.0,0.0,0.0,29.126984126984127
2019-07-18,0.0,0.0,0.0,17.539682539682545
2019-07-19,7.2222222222222285,0.0,0.0,61.98412698412699
2019-07-22,0.0,0.0,0.0,49.60317460317461
2019-07-23,0.0,0.0,0.0,9.285714285714292
2019-07-24,0.0,0.0,0.0,0.0
2019-07-25,0.0,0.0,0.0,10.23809523809524
2019-07-26,0.0,0.0,0.0,0.0
2019-07-29,0.0,0.0,0.0,0.0
2019-07-30,0.0,0.0,0.0,22.61904761904762
2019-07-31,17.22222222222223,6.746031746031747,0.0,72.61904761904762
2019-08-01,31.031746031746025,19.444444444444443,0.0,67.06349206349208
2019-08-02,52.93650793650792,41.190476190476204,0.0,91.66666666666666
2019-08-05,75.0,68.4920634920635,0.0,98.0
2019-08-06,66.9047619047619,56.269841269841265,0.0,95.79365079365078
2019-08-07,65.15873015873015,54.84126984126985,0.0,90.07936507936509
2019-08-08,47.53968253968253,34.206349206349216,0.0,54.52380952380952
2019-08-09,58.33333333333334,47.22222222222223,0.0,44.206349206349216
2019-08-12,64.52380952380952,54.206349206349216,0.0,0.0
2019-08-13,46.269841269841265,33.25396825396825,0.0,0.0
2019-08-14,68.96825396825398,59.76190476190476,0.0,49.60317460317461
2019-08-15,69.12698412698413,60.07936507936509,0.0,85.63492063492063
2019-08-16,61.349206349206355,50.07936507936509,0.0,41.349206349206355
2019-08-19,47.06349206349208,34.04761904761904,0.0,0.0
2019-08-20,55.793650793650784,44.68253968253967,0.0,49.44444444444446
2019-08-21,44.52380952380952,31.825396825396837,0.0,0.0
2019-08-22,49.28571428571428,37.22222222222223,0.0,0.0
2019-08-23,70.87301587301587,63.412698412698404,0.0,69.92063492063491
2019-08-26,62.77777777777777,52.61904761904762,0.0,70.55555555555554
2019-08-27,63.25396825396825,52.93650793650792,0.0,60.55555555555554
2019-08-28,61.66666666666666,51.507936507936506,0.0,70.55555555555554
2019-08-29,49.28571428571428,37.22222222222223,0.0,22.460317460317455
2019-08-30,51.190476190476204,39.44444444444446,0.0,0.0
2019-09-03,60.39682539682539,48.968253968253975,0.0,3.4126984126984183
2019-09-04,45.793650793650784,32.77777777777777,0.0,0.0
2019-09-05,10.555555555555557,0.5555555555555571,0.0,0.0
2019-09-06,13.412698412698418,2.7777777777777715,0.0,0.0
2019-09-09,18.80952380952381,8.015873015873012,0.0,0.0
2019-09-10,24.365079365079367,12.936507936507937,0.0,0.0
2019-09-11,2.9365079365079367,0.0,0.0,0.0
2019-09-12,0.0,0.0,0.0,0.0
2019-09-13,1.349206349206355,0.0,0.0,1.6666666666666714
2019-09-16,13.095238095238102,2.460317460317455,0.0,11.507936507936506
2019-09-17,2.460317460317455,0.0,0.0,0.0
2019-09-18,2.460317460317455,0.0,0.0,21.03174603174604
2019-09-19,0.0,0.0,0.0,28.809523809523796
2019-09-20,21.03174603174604,9.920634920634924,0.0,50.23809523809524
2019-09-23,22.460317460317455,11.19047619047619,0.0,36.9047619047619
2019-09-24,47.53968253968253,35.31746031746033,0.0,76.42857142857142
2019-09-25,26.58730158730158,15.0,0.0,55.95238095238096
2019-09-26,33.25396825396825,21.66666666666667,0.0,66.74603174603175
2019-09-27,52.30158730158729,40.39682539682539,0.0,68.96825396825398
2019-09-30,38.33333333333334,26.111111111111114,0.0,50.23809523809524
2019-10-01,51.82539682539684,39.92063492063491,0.0,32.61904761904762
2019-10-02,64.84126984126985,54.52380952380952,0.0,86.9047619047619
2019-10-03,57.22222222222223,46.269841269841265,0.0,67.06349206349208
2019-10-04,36.428571428571416,24.365079365079367,0.0,0.0
2019-10-07,44.04761904761904,30.714285714285722,0.0,32.30158730158729
2019-10-08,60.39682539682539,49.12698412698413,0.0,54.84126984126985
2019-10-09,50.39682539682539,38.650793650793645,0.0,0.0
2019-10-10,40.55555555555554,27.85714285714286,0.0,0.0
2019-10-11,13.888888888888886,3.253968253968253,0.0,0.0
2019-10-14,14.523809523809518,3.8888888888888857,0.0,0.0
2019-10-15,0.0,0.0,0.0,0.0
2019-10-16,0.0,0.0,0.0,0.0
2019-10-17,0.0,0.0,0.0,0.0
2019-10-18,7.698412698412696,0.0,0.0,10.873015873015873
2019-10-21,0.0,0.0,0.0,0.0
2019-10-22,6.111111111111114,0.0,0.0,50.23809523809524
2019-10-23,1.5079365079365061,0.0,0.0,35.793650793650784
2019-10-24,0.0,0.0,0.0,10.714285714285708
2019-10-25,0.0,0.0,0.0,0.0
2019-10-28,0.0,0.0,0.0,0.0
2019-10-29,0.0,0.0,0.0,0.0
2019-10-30,0.0,0.0,0.0,0.0
2019-10-31,0.0,0.0,0.0,0.0
2019-11-01,0.0,0.0,0.0,0.0
2019-11-04,0.0,0.0,0.0,0.0
2019-11-05,0.0,0.0,0.0,0.0
2019-11-06,0.0,0.0,0.0,0.0
2019-11-07,0.0,0.0,0.0,0.0
2019-11-08,0.0,0.0,0.0,0.0
2019-11-11,0.0,0.0,0.0,7.698412698412696
2019-11-12,0.0,0.0,0.0,0.0
2019-11-13,0.0,0.0,0.0,0.0
2019-11-14,0.0,0.0,0.0,3.8888888888888857
2019-11-15,0.0,0.0,0.0,0.0
2019-11-18,0.0,0.0,0.0,0.0
2019-11-19,0.0,0.0,0.0,0.0
2019-11-20,0.0,0.0,0.0,11.507936507936506
2019-11-21,0.0,0.0,0.0,16.904761904761898
2019-11-22,0.0,0.0,0.0,40.71428571428572
2019-11-25,0.0,0.0,0.0,1.5079365079365061
2019-11-26,0.0,0.0,0.0,0.0
2019-11-27,0.0,0.0,0.0,0.0
2019-11-29,0.0,0.0,0.0,0.0
2019-12-02,2.142857142857139,0.0,0.0,4.365079365079367
2019-12-03,17.22222222222223,6.587301587301582,0.0,62.46031746031747
2019-12-04,5.952380952380949,0.0,0.0,56.269841269841265
2019-12-05,2.301587301587304,0.0,0.0,66.42857142857142
2019-12-06,0.0,0.0,0.0,23.41269841269842
2019-12-09,0.0,0.0,0.0,0.0
2019-12-10,0.0,0.0,0.0,0.0
2019-12-11,0.0,0.0,0.0,0.0
2019-12-12,0.0,0.0,0.0,0.0
2019-12-13,0.0,0.0,0.0,0.0
2019-12-16,0.0,0.0,0.0,0.0
2019-12-17,0.0,0.0,0.0,0.0
2019-12-18,0.0,0.0,0.0,0.0
2019-12-19,0.0,0.0,0.0,0.0
2019-12-20,0.0,0.0,0.0,0.0
2019-12-23,0.0,0.0,0.0,0.0
2019-12-24,0.0,0.0,0.0,0.0
2019-12-26,0.0,0.0,0.0,0.0
2019-12-27,0.0,0.0,0.0,0.0
2019-12-30,0.0,0.0,0.0,8.80952380952381
2019-12-31,0.0,0.0,0.0,6.587301587301582
2020-01-02,0.0,0.0,0.0,0.0
2020-01-03,0.0,0.0,0.0,16.111111111111114
2020-01-06,0.0,0.0,0.0,0.0
2020-01-07,0.0,0.0,0.0,0.0
2020-01-08,0.0,0.0,0.0,0.0
2020-01-09,0.0,0.0,0.0,0.0
2020-01-10,0.0,0.0,0.0,0.0
2020-01-13,0.0,0.0,0.0,0.0
2020-01-14,0.0,0.0,0.0,0.0
2020-01-15,0.0,0.0,0.0,0.0
2020-01-16,0.0,0.0,0.0,0.0
2020-01-17,0.0,0.0,0.0,0.0
2020-01-21,0.0,0.0,0.0,0.0
2020-01-22,0.0,0.0,0.0,0.0
2020-01-23,0.0,0.0,0.0,0.0
2020-01-24,0.0,0.0,0.0,17.22222222222223
2020-01-27,33.412698412698404,21.66666666666667,0.0,79.76190476190476
2020-01-28,0.0,0.0,0.0,50.55555555555554
2020-01-29,0.0,0.0,0.0,54.52380952380952
2020-01-30,0.0,0.0,0.0,51.98412698412699
2020-01-31,24.52380952380952,13.412698412698418,0.0,68.8095238095238
2020-02-03,0.0,0.0,0.0,0.0
2020-02-04,0.0,0.0,0.0,0.0
2020-02-05,0.0,0.0,0.0,0.0
2020-02-06,0.0,0.0,0.0,0.0
2020-02-07,0.0,0.0,0.0,0.0
2020-02-10,0.0,0.0,0.0,0.0
2020-02-11,0.0,0.0,0.0,0.0
2020-02-12,0.0,0.0,0.0,0.0
2020-02-13,0.0,0.0,0.0,0.0
2020-02-14,0.0,0.0,0.0,0.0
2020-02-18,0.0,0.0,0.0,0.0
2020-02-19,0.0,0.0,0.0,0.0
2020-02-20,0.0,0.0,0.0,18.174603174603178
2020-02-21,32.77777777777777,21.349206349206355,0.0,66.9047619047619
2020-02-24,69.44444444444446,60.39682539682539,0.0,95.95238095238096
2020-02-25,83.88888888888889,80.55555555555554,0.0,98.0
2020-02-26,81.82539682539684,78.33333333333334,0.0,98.0
2020-02-27,95.63492063492063,94.36507936507937,0.0,98.0
2020-02-28,95.31746031746033,93.73015873015873,0.0,98.0
2020-03-02,80.39682539682539,76.74603174603175,0.0,76.9047619047619
2020-03-03,92.14285714285714,89.76190476190476,0.0,83.0952380952381
2020-03-04,76.5873015873016,71.03174603174602,0.0,0.0
2020-03-05,89.28571428571428,86.74603174603175,0.0,0.0
2020-03-06,93.4126984126984,91.34920634920636,0.0,0.0
2020-03-09,98.0,98.0,82.46031746031747,98.0
2020-03-10,96.11111111111111,95.47619047619048,0.0,81.34920634920636
2020-03-11,98.0,98.0,79.92063492063491,98.0
2020-03-12,98.0,98.0,98.0,98.0
2020-03-13,98.0,98.0,80.55555555555554,96.11111111111111
2020-03-16,98.0,98.0,98.0,98.0
2020-03-17,98.0,98.0,96.9047619047619,98.0
2020-03-18,98.0,98.0,98.0,98.0
2020-03-19,98.0,98.0,98.0,10.714285714285708
2020-03-20,98.0,98.0,98.0,98.0
2020-03-23,98.0,98.0,98.0,29.603174603174608
2020-03-24,98.0,98.0,95.47619047619048,0.0
2020-03-25,98.0,98.0,96.26984126984127,0.0
2020-03-26,98.0,98.0,83.88888888888889,0.0
2020-03-27,98.0,98.0,94.04761904761904,0.0
2020-03-30,97.85714285714286,97.85714285714286,84.20634920634922,0.0
2020-03-31,98.0,97.85714285714286,87.22222222222223,0.0
2020-04-01,98.0,98.0,95.79365079365078,15.634920634920633
2020-04-02,98.0,98.0,92.93650793650792,86.74603174603175
2020-04-03,98.0,98.0,95.31746031746033,49.12698412698413
2020-04-06,95.47619047619048,95.31746031746033,73.25396825396825,0.0
2020-04-07,95.63492063492063,95.47619047619048,74.84126984126985,0.0
2020-04-08,94.20634920634922,94.04761904761904,0.0,0.0
2020-04-09,94.04761904761904,93.57142857142858,0.0,0.0
2020-04-13,93.0952380952381,92.46031746031747,0.0,0.0
2020-04-14,84.68253968253967,81.98412698412699,0.0,0.0
2020-04-15,88.17460317460316,85.79365079365078,0.0,0.0
2020-04-16,81.98412698412699,79.60317460317461,0.0,0.0
2020-04-17,78.96825396825398,75.47619047619048,0.0,0.0
2020-04-20,82.93650793650792,80.23809523809524,0.0,0.0
2020-04-21,91.98412698412699,90.87301587301587,0.0,86.74603174603175
2020-04-22,85.0,82.46031746031747,0.0,0.0
2020-04-23,85.95238095238096,83.57142857142858,0.0,61.98412698412699
2020-04-24,80.39682539682539,77.22222222222223,0.0,40.87301587301587
2020-04-27,77.22222222222223,73.73015873015873,0.0,0.0
2020-04-28,84.36507936507937,81.66666666666666,0.0,0.0
2020-04-29,68.65079365079364,62.61904761904762,0.0,0.0
2020-04-30,67.38095238095238,60.39682539682539,0.0,0.0
2020-05-01,82.61904761904762,80.07936507936509,0.0,49.28571428571428
2020-05-04,77.38095238095238,74.04761904761904,0.0,24.682539682539684
2020-05-05,71.98412698412699,66.74603174603175,0.0,0.0
2020-05-06,67.85714285714286,61.82539682539684,0.0,22.301587301587304
2020-05-07,60.23809523809524,49.92063492063491,0.0,0.0
2020-05-08,53.412698412698404,41.98412698412699,0.0,0.0
2020-05-11,46.587301587301596,34.68253968253967,0.0,0.0
2020-05-12,58.968253968253975,48.492063492063494,0.0,0.0
2020-05-13,66.74603174603175,59.76190476190476,0.0,18.015873015873012
2020-05-14,60.39682539682539,50.39682539682539,0.0,26.42857142857143
2020-05-15,56.74603174603175,46.587301587301596,0.0,48.17460317460316
2020-05-18,42.14285714285714,30.396825396825392,0.0,10.714285714285708
2020-05-19,35.0,34.04761904761904,0.0,0.0
2020-05-20,0.0,6.587301587301582,0.0,0.0
2020-05-21,0.0,23.888888888888886,0.0,0.0
2020-05-22,0.0,17.22222222222223,0.0,0.0
2020-05-26,0.0,21.349206349206355,0.0,0.0
2020-05-27,0.0,14.206349206349202,0.0,0.0
2020-05-28,0.0,16.58730158730158,0.0,47.69841269841271
2020-05-29,0.0,0.0,0.0,0.0
2020-06-01,0.0,0.0,0.0,0.0
2020-06-02,0.0,0.0,0.0,0.0
2020-06-03,0.0,0.0,0.0,0.0
2020-06-04,0.0,0.0,0.0,0.0
2020-06-05,0.0,0.0,0.0,0.0
2020-06-08,0.0,0.0,0.0,0.0
2020-06-09,0.0,0.0,0.0,0.0
2020-06-10,0.0,0.0,0.0,0.0
2020-06-11,51.66666666666666,40.39682539682539,0.0,39.28571428571428
2020-06-12,45.15873015873015,33.25396825396825,0.0,67.53968253968253
2020-06-15,29.285714285714278,16.904761904761898,0.0,61.66666666666666
2020-06-16,0.0,0.0,0.0,30.396825396825392
2020-06-17,0.0,0.0,0.0,58.650793650793645
2020-06-18,0.0,0.0,0.0,0.0
2020-06-19,0.0,0.0,0.0,0.0
2020-06-22,0.0,0.0,0.0,0.0
2020-06-23,0.0,0.0,0.0,0.0
2020-06-24,10.23809523809524,0.0,0.0,17.38095238095238
2020-06-25,0.0,0.0,0.0,0.0
2020-06-26,36.428571428571416,23.57142857142857,0.0,66.42857142857142
2020-06-29,18.174603174603178,6.269841269841265,0.0,68.33333333333334
2020-06-30,0.0,0.0,0.0,42.30158730158729
2020-07-01,0.0,0.0,0.0,0.0
2020-07-02,0.0,0.0,0.0,0.0
2020-07-06,0.0,0.0,0.0,0.0
2020-07-07,0.0,0.0,0.0,0.0
2020-07-08,0.0,0.0,0.0,0.0
2020-07-09,0.0,0.0,0.0,0.0
2020-07-10,0.0,0.0,0.0,0.0
2020-07-13,14.206349206349202,2.6190476190476204,0.0,25.634920634920633
2020-07-14,0.0,0.0,0.0,0.0
2020-07-15,0.0,0.0,0.0,14.047619047619051
2020-07-16,8.968253968253961,0.0,0.0,60.87301587301587
2020-07-17,5.793650793650798,0.0,0.0,69.92063492063491
2020-07-20,0.0,0.0,0.0,0.0
2020-07-21,0.0,0.0,0.0,0.0
2020-07-22,0.0,0.0,0.0,0.0
2020-07-23,34.206349206349216,21.507936507936506,0.0,39.76190476190476
2020-07-24,45.95238095238096,33.888888888888886,0.0,65.79365079365078
2020-07-27,21.825396825396822,9.603174603174608,0.0,80.23809523809524
2020-07-28,40.71428571428572,28.333333333333343,0.0,83.0952380952381
2020-07-29,22.61904761904762,10.555555555555557,0.0,72.93650793650792
2020-07-30,13.730158730158735,2.142857142857139,0.0,0.0
2020-07-31,0.0,0.0,0.0,0.0
2020-08-03,0.0,0.0,0.0,0.0
2020-08-04,0.0,0.0,0.0,0.0
2020-08-05,0.0,0.0,0.0,0.0
2020-08-06,0.0,0.0,0.0,0.0
2020-08-07,0.0,0.0,0.0,0.0
2020-08-10,3.5714285714285694,0.0,0.0,16.269841269841265
2020-08-11,35.95238095238096,22.936507936507937,0.0,73.73015873015873
2020-08-12,0.0,0.0,0.0,15.952380952380949
2020-08-13,0.0,0.0,0.0,51.031746031746025
2020-08-14,0.0,0.0,0.0,18.174603174603178
2020-08-17,0.0,0.0,0.0,0.0
2020-08-18,0.0,0.0,0.0,0.0
2020-08-19,0.0,0.0,0.0,0.0
2020-08-20,0.0,0.0,0.0,0.0
2020-08-21,0.0,0.0,0.0,0.0
2020-08-24,0.0,0.0,0.0,0.0
2020-08-25,0.0,0.0,0.0,0.0
2020-08-26,0.0,0.0,0.0,0.0
2020-08-27,0.0,0.0,0.0,0.0
2020-08-28,0.0,0.0,0.0,0.0
2020-08-31,0.0,0.0,0.0,0.0
2020-09-01,0.0,0.0,0.0,0.0
2020-09-02,0.0,0.0,0.0,0.0
2020-09-03,55.0,44.52380952380952,0.0,64.20634920634922
2020-09-04,62.14285714285714,52.14285714285714,0.0,85.95238095238096
2020-09-08,85.47619047619048,82.93650793650792,0.0,98.0
2020-09-09,74.04761904761904,69.12698412698413,0.0,96.9047619047619
2020-09-10,82.46031746031747,79.76190476190476,0.0,98.0
2020-09-11,84.68253968253967,82.14285714285714,0.0,94.36507936507937
2020-09-14,78.96825396825398,75.79365079365078,0.0,84.20634920634922
2020-09-15,71.1904761904762,65.63492063492063,0.0,0.0
2020-09-16,80.07936507936509,76.9047619047619,0.0,63.412698412698404
2020-09-17,84.84126984126985,82.30158730158729,0.0,46.9047619047619
2020-09-18,88.96825396825398,86.9047619047619,0.0,63.730158730158735
2020-09-21,88.17460317460316,85.79365079365078,0.0,80.87301587301587
2020-09-22,80.87301587301587,78.4920634920635,0.0,75.63492063492063
2020-09-23,91.1904761904762,89.44444444444446,0.0,88.33333333333334
2020-09-24,89.60317460317461,87.53968253968253,0.0,68.65079365079364
2020-09-25,81.82539682539684,79.12698412698413,0.0,0.0
2020-09-28,73.88888888888889,70.07936507936509,0.0,0.0
2020-09-29,76.11111111111111,72.61904761904762,0.0,0.0
2020-09-30,71.98412698412699,66.9047619047619,0.0,0.0
2020-10-01,63.730158730158735,55.793650793650784,0.0,0.0
2020-10-02,79.12698412698413,75.95238095238096,0.0,0.0
2020-10-05,67.69841269841271,60.55555555555554,0.0,0.0
2020-10-06,77.06349206349208,73.73015873015873,0.0,35.63492063492063
2020-10-07,68.01587301587301,61.031746031746025,0.0,0.0
2020-10-08,65.79365079365078,57.85714285714286,0.0,35.47619047619048
2020-10-09,57.06349206349208,46.9047619047619,0.0,0.0
2020-10-12,26.111111111111114,13.730158730158735,0.0,0.0
2020-10-13,27.38095238095238,15.0,0.0,0.0
2020-10-14,38.650793650793645,25.793650793650798,0.0,0.0
2020-10-15,47.06349206349208,34.84126984126985,0.0,0.0
2020-10-16,50.55555555555554,39.28571428571428,0.0,0.0
2020-10-19,61.66666666666666,51.349206349206355,0.0,89.12698412698413
2020-10-20,59.60317460317461,49.60317460317461,0.0,87.38095238095238
2020-10-21,59.76190476190476,49.76190476190476,0.0,81.03174603174602
2020-10-22,59.92063492063491,49.76190476190476,0.0,73.73015873015873
2020-10-23,58.650793650793645,48.492063492063494,0.0,63.571428571428584
2020-10-26,67.85714285714286,60.87301587301587,0.0,59.44444444444446
2020-10-27,62.93650793650792,53.888888888888886,0.0,46.587301587301596
2020-10-28,82.77777777777777,80.23809523809524,0.0,91.5079365079365
2020-10-29,74.04761904761904,70.23809523809524,0.0,80.87301587301587
2020-10-30,85.63492063492063,83.0952380952381,0.0,93.88888888888889
2020-11-02,84.04761904761904,81.5079365079365,0.0,88.01587301587301
2020-11-03,77.69841269841271,74.52380952380952,0.0,82.46031746031747
2020-11-04,53.571428571428584,42.93650793650792,0.0,0.0
2020-11-05,26.111111111111114,14.047619047619051,0.0,0.0
2020-11-06,23.730158730158735,11.666666666666671,0.0,0.0
2020-11-09,49.60317460317461,39.12698412698413,0.0,0.0
2020-11-10,60.87301587301587,50.87301587301587,0.0,0.0
2020-11-11,45.0,33.571428571428584,0.0,0.0
2020-11-12,49.76190476190476,39.12698412698413,0.0,74.36507936507937
2020-11-13,40.87301587301587,28.968253968253975,0.0,61.82539682539684
2020-11-16,31.825396825396837,19.603174603174608,0.0,0.0
2020-11-17,36.74603174603175,24.206349206349202,0.0,0.0
2020-11-18,44.68253968253967,33.25396825396825,0.0,24.365079365079367
2020-11-19,35.793650793650784,23.253968253968253,0.0,0.0
2020-11-20,43.25396825396825,31.666666666666657,0.0,34.04761904761904
2020-11-23,43.412698412698404,31.825396825396837,0.0,53.412698412698404
2020-11-24,24.682539682539684,12.61904761904762,0.0,0.0
2020-11-25,13.730158730158735,2.301587301587304,0.0,0.0
2020-11-27,0.0,0.0,0.0,0.0
2020-11-30,0.0,0.0,0.0,0.0
2020-12-01,0.0,0.0,0.0,0.0
2020-12-02,0.0,0.0,0.0,0.0
2020-12-03,0.0,0.0,0.0,0.0
2020-12-04,0.0,0.0,0.0,0.0
2020-12-07,0.0,0.0,0.0,0.0
2020-12-08,0.0,0.0,0.0,0.0
2020-12-09,13.253968253968253,1.8253968253968225,0.0,48.968253968253975
2020-12-10,7.857142857142861,0.0,0.0,42.61904761904762
2020-12-11,12.301587301587304,0.7142857142857082,0.0,61.031746031746025
2020-12-14,0.0,0.0,0.0,58.01587301587301
2020-12-15,0.0,0.0,0.0,35.95238095238096
2020-12-16,0.0,0.0,0.0,0.0
2020-12-17,0.0,0.0,0.0,0.0
2020-12-18,0.0,0.0,0.0,0.0
2020-12-21,0.0,0.0,0.0,0.0
2020-12-22,0.0,0.0,0.0,0.0
2020-12-23,0.0,0.0,0.0,29.126984126984127
2020-12-24,0.0,0.0,0.0,36.428571428571416
2020-12-28,0.0,0.0,0.0,0.0
2020-12-29,0.0,0.0,0.0,0.0
2020-12-30,0.0,0.0,0.0,0.0
2020-12-31,0.0,0.0,0.0,0.0
2021-01-04,1.8253968253968225,0.0,0.0,30.07936507936509
2021-01-05,0.0,0.0,0.0,35.47619047619048
2021-01-06,13.730158730158735,2.142857142857139,0.0,69.60317460317461
2021-01-07,0.0,0.0,0.0,0.0
2021-01-08,0.0,0.0,0.0,0.0
2021-01-11,3.7301587301587347,0.0,0.0,0.0
2021-01-12,5.793650793650798,0.0,0.0,0.39682539682539186
2021-01-13,0.0,0.0,0.0,0.0
2021-01-14,4.682539682539684,0.0,0.0,37.69841269841271
2021-01-15,19.603174603174608,8.015873015873012,0.0,78.65079365079364
2021-01-19,0.0,0.0,0.0,0.0
2021-01-20,0.0,0.0,0.0,0.0
2021-01-21,0.0,0.0,0.0,0.0
2021-01-22,0.0,0.0,0.0,0.0
2021-01-25,0.0,0.0,0.0,0.0
2021-01-26,0.0,0.0,0.0,0.0
2021-01-27,28.968253968253975,16.904761904761898,0.0,66.26984126984127
2021-01-28,16.746031746031747,5.476190476190482,0.0,67.53968253968253
2021-01-29,47.22222222222223,35.47619047619048,0.0,87.69841269841271
2021-02-01,10.396825396825392,0.0,0.0,71.03174603174602
2021-02-02,0.0,0.0,0.0,35.15873015873015
2021-02-03,0.0,0.0,0.0,0.0
2021-02-04,0.0,0.0,0.0,0.0
2021-02-05,0.0,0.0,0.0,0.0
2021-02-08,0.0,0.0,0.0,0.0
2021-02-09,0.0,0.0,0.0,0.0
2021-02-10,0.0,0.0,0.0,0.0
2021-02-11,0.0,0.0,0.0,0.0
2021-02-12,0.0,0.0,0.0,0.0
2021-02-16,0.0,0.0,0.0,6.269841269841265
2021-02-17,0.0,0.0,0.0,23.730158730158735
2021-02-18,0.0,0.0,0.0,32.14285714285714
2021-02-19,9.126984126984127,0.0,0.0,61.507936507936506
2021-02-22,49.92063492063491,38.492063492063494,0.0,92.14285714285714
2021-02-23,53.25396825396825,42.61904761904762,0.0,91.98412698412699
2021-02-24,43.412698412698404,30.555555555555543,0.0,85.47619047619048
2021-02-25,71.03174603174602,63.0952380952381,0.0,95.31746031746033
2021-02-26,66.74603174603175,57.06349206349208,0.0,93.4126984126984
2021-03-01,45.15873015873015,33.0952380952381,0.0,10.23809523809524
2021-03-02,60.07936507936509,49.92063492063491,0.0,57.38095238095238
2021-03-03,77.53968253968253,72.46031746031747,0.0,93.0952380952381
2021-03-04,84.52380952380952,81.34920634920636,0.0,84.52380952380952
2021-03-05,77.85714285714286,73.0952380952381,0.0,73.25396825396825
2021-03-08,88.8095238095238,86.26984126984127,0.0,97.06349206349208
2021-03-09,72.61904761904762,65.47619047619048,0.0,75.31746031746033
2021-03-10,74.84126984126985,68.8095238095238,0.0,6.111111111111114
2021-03-11,60.55555555555554,50.55555555555554,0.0,0.0
2021-03-12,66.11111111111111,55.793650793650784,0.0,0.0
2021-03-15,59.44444444444446,48.968253968253975,0.0,0.0
2021-03-16,55.0,44.52380952380952,0.0,0.0
2021-03-17,52.61904761904762,41.98412698412699,0.0,0.0
2021-03-18,73.25396825396825,66.74603174603175,0.0,75.0
2021-03-19,69.76190476190476,62.30158730158729,0.0,44.04761904761904
2021-03-22,59.44444444444446,49.12698412698413,0.0,23.888888888888886
2021-03-23,62.61904761904762,52.77777777777777,0.0,56.587301587301596
2021-03-24,72.46031746031747,65.79365079365078,0.0,85.63492063492063
2021-03-25,73.73015873015873,67.38095238095238,0.0,27.698412698412696
2021-03-26,64.20634920634922,54.68253968253967,0.0,0.0
2021-03-29,64.52380952380952,54.84126984126985,0.0,54.84126984126985
2021-03-30,67.69841269841271,59.44444444444446,0.0,55.0
2021-03-31,58.968253968253975,48.492063492063494,0.0,0.0
2021-04-01,40.07936507936509,27.38095238095238,0.0,0.0
2021-04-05,5.952380952380949,0.0,0.0,0.0
2021-04-06,9.285714285714292,0.0,0.0,0.0
2021-04-07,2.142857142857139,0.0,0.0,0.0
2021-04-08,0.0,0.0,0.0,0.0
2021-04-09,0.0,0.0,0.0,0.0
2021-04-12,0.0,0.0,0.0,0.0
2021-04-13,0.0,0.0,0.0,0.0
2021-04-14,0.8730158730158735,0.0,0.0,0.0
2021-04-15,0.0,0.0,0.0,0.0
2021-04-16,0.0,0.0,0.0,0.0
2021-04-19,0.0,0.0,0.0,2.460317460317455
2021-04-20,9.126984126984127,0.5555555555555571,0.0,62.61904761904762
2021-04-21,0.0,0.0,0.0,0.0
2021-04-22,15.634920634920633,6.746031746031747,0.0,72.93650793650792
2021-04-23,0.0,0.0,0.0,48.492063492063494
2021-04-26,0.0,0.0,0.0,0.0
2021-04-27,0.0,0.0,0.0,0.0
2021-04-28,0.0,0.0,0.0,34.68253968253967
2021-04-29,0.0,0.0,0.0,0.0
2021-04-30,1.1904761904761898,0.0,0.0,45.63492063492063
2021-05-03,11.19047619047619,2.9365079365079367,0.0,68.4920634920635
2021-05-04,42.14285714285714,32.14285714285714,0.0,85.31746031746033
2021-05-05,46.111111111111114,36.111111111111114,0.0,84.36507936507937
2021-05-06,34.52380952380952,25.317460317460316,0.0,80.71428571428572
2021-05-07,23.57142857142857,14.682539682539684,0.0,57.06349206349208
2021-05-10,56.269841269841265,47.69841269841271,0.0,87.06349206349208
2021-05-11,56.74603174603175,48.33333333333334,0.0,65.63492063492063
2021-05-12,73.57142857142858,68.33333333333334,0.0,89.44444444444446
2021-05-13,67.85714285714286,61.507936507936506,0.0,89.28571428571428
2021-05-14,54.68253968253967,46.428571428571416,0.0,78.65079365079364
2021-05-17,59.12698412698413,51.190476190476204,0.0,36.9047619047619
2021-05-18,62.93650793650792,55.47619047619048,0.0,56.269841269841265
2021-05-19,61.82539682539684,54.52380952380952,0.0,0.0
2021-05-20,47.22222222222223,37.38095238095238,0.0,0.0
2021-05-21,54.04761904761904,46.111111111111114,0.0,21.03174603174604
2021-05-24,32.77777777777777,23.57142857142857,0.0,0.0
2021-05-25,30.873015873015873,21.66666666666667,0.0,0.0
2021-05-26,25.47619047619048,16.58730158730158,0.0,0.0
2021-05-27,30.714285714285722,21.825396825396822,0.0,0.0
2021-05-28,27.698412698412696,18.96825396825396,0.0,0.0
2021-06-01,31.190476190476204,22.77777777777777,0.0,21.984126984126988
2021-06-02,28.015873015873012,19.76190476190476,0.0,21.03174603174604
2021-06-03,43.888888888888886,35.0,0.0,62.46031746031747
2021-06-04,15.0,7.38095238095238,0.0,0.0
2021-06-07,9.920634920634924,2.7777777777777715,0.0,0.0
2021-06-08,8.650793650793645,1.5079365079365061,0.0,0.0
2021-06-09,8.174603174603178,1.1904761904761898,0.0,0.0
2021-06-10,0.0,0.0,0.0,0.0
2021-06-11,0.0,0.0,0.0,0.0
2021-06-14,0.0,0.0,0.0,0.0
2021-06-15,0.0,0.0,0.0,0.0
2021-06-16,0.0,0.0,0.0,0.0
2021-06-17,0.0,0.0,0.0,0.0
2021-06-18,0.0,0.0,0.0,14.047619047619051
2021-06-21,0.0,0.0,0.0,24.682539682539684
2021-06-22,0.0,0.0,0.0,0.0
2021-06-23,0.0,0.0,0.0,0.0
2021-06-24,0.0,0.0,0.0,0.0
2021-06-25,0.0,0.0,0.0,0.0
2021-06-28,0.0,0.0,0.0,0.0
2021-06-29,0.0,0.0,0.0,0.0
2021-06-30,0.0,0.0,0.0,0.0
2021-07-01,0.0,0.0,0.0,0.0
2021-07-02,0.0,0.0,0.0,0.0
2021-07-06,0.0,0.0,0.0,0.0
2021-07-07,0.0,0.0,0.0,0.0
2021-07-08,0.0,0.0,0.0,0.0
2021-07-09,0.0,0.0,0.0,0.0
2021-07-12,0.0,0.0,0.0,0.0
2021-07-13,0.0,0.0,0.0,5.952380952380949
2021-07-14,0.0,0.0,0.0,5.476190476190482
2021-07-15,0.0,0.0,0.0,10.555555555555557
2021-07-16,6.746031746031747,0.5555555555555571,0.0,57.06349206349208
2021-07-19,26.269841269841265,20.079365079365076,0.0,76.9047619047619
2021-07-20,0.0,0.0,0.0,57.22222222222223
2021-07-21,0.0,0.0,0.0,40.23809523809524
2021-07-22,0.0,0.0,0.0,0.0
2021-07-23,0.0,0.0,0.0,0.0
2021-07-26,0.0,0.0,0.0,0.0
2021-07-27,0.0,0.0,0.0,0.0
2021-07-28,0.0,0.0,0.0,0.0
2021-07-29,0.0,0.0,0.0,0.39682539682539186
2021-07-30,0.0,0.0,0.0,57.53968253968253
2021-08-02,0.0,0.0,0.0,59.44444444444446
2021-08-03,0.0,0.0,0.0,1.1904761904761898
2021-08-04,0.0,0.0,0.0,11.666666666666671
2021-08-05,0.0,0.0,0.0,0.0
2021-08-06,0.0,0.0,0.0,0.0
2021-08-09,0.0,0.0,0.0,0.0
2021-08-10,0.0,0.0,0.0,29.126984126984127
2021-08-11,0.0,0.0,0.0,39.12698412698413
2021-08-12,0.0,0.0,0.0,46.74603174603175
2021-08-13,0.0,0.0,0.0,20.555555555555557
2021-08-16,0.0,0.0,0.0,24.841269841269835
2021-08-17,0.0,0.0,0.0,37.85714285714286
2021-08-18,21.19047619047619,15.476190476190482,0.0,61.031746031746025
2021-08-19,11.031746031746039,5.476190476190482,0.0,57.85714285714286
2021-08-20,0.0,0.0,0.0,36.111111111111114
2021-08-23,0.0,0.0,0.0,0.0
2021-08-24,0.0,0.0,0.0,0.0
2021-08-25,0.0,0.0,0.0,0.0
2021-08-26,0.0,0.0,0.0,0.0
2021-08-27,0.0,0.0,0.0,0.0
2021-08-30,0.0,0.0,0.0,0.0
2021-08-31,0.0,0.0,0.0,0.0
2021-09-01,0.0,0.0,0.0,0.0
2021-09-02,0.0,0.0,0.0,0.0
2021-09-03,0.0,0.0,0.0,0.0
2021-09-07,0.0,0.0,0.0,11.349206349206355
2021-09-08,0.0,0.0,0.0,19.444444444444443
2021-09-09,0.0,0.0,0.0,38.01587301587301
2021-09-10,7.2222222222222285,1.5079365079365061,0.0,58.492063492063494
2021-09-13,8.174603174603178,2.460317460317455,0.0,66.11111111111111
2021-09-14,17.22222222222223,11.666666666666671,0.0,73.88888888888889
2021-09-15,0.0,0.0,0.0,50.23809523809524
2021-09-16,0.0,0.0,0.0,36.587301587301596
2021-09-17,23.253968253968253,17.698412698412696,0.0,48.33333333333334
2021-09-20,51.82539682539684,46.111111111111114,0.0,82.93650793650792
2021-09-21,49.92063492063491,44.36507936507937,0.0,78.33333333333334
2021-09-22,37.53968253968253,31.825396825396837,0.0,75.79365079365078
2021-09-23,24.682539682539684,18.96825396825396,0.0,63.730158730158735
2021-09-24,22.61904761904762,17.063492063492063,0.0,27.063492063492063
2021-09-27,36.111111111111114,30.07936507936509,0.0,0.0
2021-09-28,62.46031746031747,57.69841269841271,0.0,70.23809523809524
2021-09-29,63.412698412698404,58.492063492063494,0.0,83.73015873015873
2021-09-30,65.0,60.23809523809524,0.0,91.34920634920636
2021-10-01,61.190476190476204,56.587301587301596,0.0,88.33333333333334
2021-10-04,75.31746031746033,71.5079365079365,0.0,93.0952380952381
2021-10-05,65.63492063492063,60.87301587301587,0.0,46.111111111111114
2021-10-06,61.82539682539684,57.06349206349208,0.0,21.825396825396822
2021-10-07,56.111111111111114,51.349206349206355,0.0,0.0
2021-10-08,59.60317460317461,55.15873015873015,0.0,19.126984126984127
2021-10-11,64.04761904761904,59.28571428571428,0.0,0.0
2021-10-12,66.26984126984127,61.507936507936506,0.0,29.126984126984127
2021-10-13,61.031746031746025,56.428571428571416,0.0,23.888888888888886
2021-10-14,46.269841269841265,40.71428571428572,0.0,0.0
2021-10-15,37.85714285714286,32.14285714285714,0.0,0.0
2021-10-18,23.730158730158735,17.85714285714286,0.0,0.0
2021-10-19,9.603174603174608,4.206349206349202,0.0,0.0
2021-10-20,13.412698412698418,7.857142857142861,0.0,0.0
2021-10-21,0.0,0.0,0.0,0.0
2021-10-22,16.269841269841265,10.396825396825392,0.0,0.0
2021-10-25,0.0,0.0,0.0,0.0
2021-10-26,0.0,0.0,0.0,0.0
2021-10-27,0.0,0.0,0.0,0.0
2021-10-28,0.0,0.0,0.0,0.0
2021-10-29,0.0,0.0,0.0,0.0
2021-11-01,0.0,0.0,0.0,0.0
2021-11-02,0.0,0.0,0.0,0.0
2021-11-03,0.0,0.0,0.0,0.0
2021-11-04,0.0,0.0,0.0,0.0
2021-11-05,0.0,0.0,0.0,0.0
2021-11-08,0.0,0.0,0.0,0.0
2021-11-09,0.0,0.0,0.0,0.0
2021-11-10,22.61904761904762,16.904761904761898,0.0,56.74603174603175
2021-11-11,16.58730158730158,10.714285714285708,0.0,74.68253968253967
2021-11-12,0.0,0.0,0.0,55.793650793650784
2021-11-15,0.0,0.0,0.0,54.68253968253967
2021-11-16,0.0,0.0,0.0,8.174603174603178
2021-11-17,0.0,0.0,0.0,0.0
2021-11-18,0.0,0.0,0.0,0.0
2021-11-19,0.0,0.0,0.0,0.0
2021-11-22,0.0,0.0,0.0,0.0
2021-11-23,9.126984126984127,3.5714285714285694,0.0,28.015873015873012
2021-11-24,0.0,0.0,0.0,14.682539682539684
2021-11-26,37.53968253968253,31.825396825396837,0.0,83.25396825396825
2021-11-29,0.0,0.0,0.0,58.492063492063494
2021-11-30,29.126984126984127,23.095238095238102,0.0,66.5873015873016
2021-12-01,49.60317460317461,43.888888888888886,0.0,80.55555555555554
2021-12-02,41.190476190476204,35.31746031746033,0.0,77.85714285714286
2021-12-03,57.85714285714286,53.0952380952381,0.0,74.52380952380952
2021-12-06,52.14285714285714,46.9047619047619,0.0,87.85714285714286
2021-12-07,5.634920634920633,0.0,0.0,0.0
2021-12-08,0.0,0.0,0.0,0.0
2021-12-09,28.333333333333343,22.301587301587304,0.0,0.0
2021-12-10,4.523809523809518,0.0,0.0,0.0
2021-12-13,33.888888888888886,27.85714285714286,0.0,0.0
2021-12-14,46.111111111111114,40.55555555555554,0.0,79.60317460317461
2021-12-15,11.031746031746039,5.634920634920633,0.0,46.9047619047619
2021-12-16,50.87301587301587,45.15873015873015,0.0,70.87301587301587
2021-12-17,53.571428571428584,48.809523809523796,0.0,86.5873015873016
2021-12-20,60.55555555555554,55.95238095238096,0.0,83.25396825396825
2021-12-21,40.71428571428572,34.84126984126985,0.0,11.031746031746039
2021-12-22,23.57142857142857,17.539682539682545,0.0,47.06349206349208
2021-12-23,7.063492063492063,1.5079365079365061,0.0,0.0
2021-12-27,0.0,0.0,0.0,0.0
2021-12-28,0.0,0.0,0.0,0.0
2021-12-29,0.0,0.0,0.0,0.0
2021-12-30,0.0,0.0,0.0,0.0
2021-12-31,5.158730158730165,0.0,0.0,23.888888888888886
2022-01-03,0.0,0.0,0.0,39.92063492063491
2022-01-04,11.825396825396822,6.428571428571431,0.0,62.93650793650792
2022-01-05,54.36507936507937,49.60317460317461,0.0,91.82539682539684
2022-01-06,54.52380952380952,49.76190476190476,0.0,90.55555555555554
2022-01-07,62.61904761904762,57.69841269841271,0.0,92.30158730158729
2022-01-10,61.190476190476204,56.428571428571416,0.0,94.20634920634922
2022-01-11,51.349206349206355,46.111111111111114,0.0,80.07936507936509
2022-01-12,45.63492063492063,39.92063492063491,0.0,0.0
2022-01-13,66.42857142857142,61.82539682539684,0.0,68.4920634920635
2022-01-14,61.349206349206355,56.587301587301596,0.0,20.714285714285708
2022-01-18,78.01587301587301,74.52380952380952,0.0,79.12698412698413
2022-01-19,82.77777777777777,79.92063492063491,0.0,93.25396825396825
2022-01-20,86.5873015873016,84.36507936507937,85.79365079365078,95.95238095238096
2022-01-21,92.46031746031747,90.71428571428572,90.87301587301587,96.11111111111111
2022-01-24,91.66666666666666,89.44444444444446,89.44444444444446,96.42857142857142
2022-01-25,94.04761904761904,93.73015873015873,93.88888888888889,95.95238095238096
2022-01-26,93.88888888888889,93.4126984126984,93.25396825396825,94.36507936507937
2022-01-27,94.84126984126985,94.68253968253967,94.68253968253967,93.88888888888889
2022-01-28,91.66666666666666,89.92063492063491,90.23809523809524,19.76190476190476
2022-01-31,83.57142857142858,81.34920634920636,84.04761904761904,0.0
2022-02-01,81.82539682539684,78.96825396825398,82.61904761904762,0.0
2022-02-02,77.69841269841271,75.0,0.0,0.0
2022-02-03,91.03174603174602,89.12698412698413,89.60317460317461,0.0
2022-02-04,88.65079365079364,86.26984126984127,86.9047619047619,0.0
2022-02-07,89.92063492063491,87.85714285714286,88.33333333333334,76.26984126984127
2022-02-08,87.53968253968253,85.15873015873015,86.42857142857142,68.96825396825398
2022-02-09,80.23809523809524,77.38095238095238,0.0,41.190476190476204
2022-02-10,88.33333333333334,85.79365079365078,87.06349206349208,0.0
2022-02-11,93.0952380952381,92.61904761904762,92.77777777777777,82.93650793650792
2022-02-14,92.93650793650792,92.46031746031747,92.14285714285714,72.46031746031747
2022-02-15,89.28571428571428,87.22222222222223,87.69841269841271,49.28571428571428
2022-02-16,89.28571428571428,87.22222222222223,87.85714285714286,82.93650793650792
2022-02-17,93.73015873015873,93.25396825396825,93.88888888888889,86.9047619047619
2022-02-18,94.68253968253967,94.52380952380952,95.47619047619048,66.42857142857142
2022-02-22,95.0,95.0,96.26984126984127,80.71428571428572
2022-02-23,96.9047619047619,96.74603174603175,97.85714285714286,97.06349206349208
2022-02-24,94.52380952380952,94.36507936507937,95.15873015873015,89.92063492063491
2022-02-25,92.77777777777777,92.14285714285714,93.0952380952381,18.174603174603178
2022-02-28,92.14285714285714,91.66666666666666,92.46031746031747,0.0
2022-03-01,94.04761904761904,94.04761904761904,95.0,0.0
2022-03-02,91.82539682539684,91.34920634920636,92.30158730158729,0.0
2022-03-03,93.73015873015873,93.57142857142858,94.84126984126985,8.968253968253961
2022-03-04,94.84126984126985,94.84126984126985,96.42857142857142,76.11111111111111
2022-03-07,97.53968253968253,97.38095238095238,98.0,95.15873015873015
2022-03-08,97.53968253968253,97.53968253968253,98.0,92.61904761904762
2022-03-09,95.0,94.84126984126985,96.9047619047619,85.63492063492063
2022-03-10,95.95238095238096,95.95238095238096,97.06349206349208,83.25396825396825
2022-03-11,97.38095238095238,97.22222222222223,98.0,88.33333333333334
2022-03-14,97.69841269841271,97.69841269841271,98.0,70.39682539682539
2022-03-15,96.42857142857142,96.42857142857142,97.53968253968253,0.0
2022-03-16,93.4126984126984,93.0952380952381,94.04761904761904,0.0
2022-03-17,91.5079365079365,91.5079365079365,91.98412698412699,0.0
2022-03-18,88.65079365079364,87.22222222222223,87.85714285714286,0.0
2022-03-21,88.8095238095238,87.69841269841271,88.33333333333334,0.0
2022-03-22,84.84126984126985,82.61904761904762,84.04761904761904,0.0
2022-03-23,87.85714285714286,86.26984126984127,87.38095238095238,0.0
2022-03-24,82.30158730158729,80.07936507936509,82.61904761904762,0.0
2022-03-25,82.61904761904762,80.23809523809524,82.93650793650792,0.0
2022-03-28,75.31746031746033,74.20634920634922,79.12698412698413,0.0
2022-03-29,67.22222222222223,65.95238095238096,0.0,0.0
2022-03-30,72.30158730158729,70.71428571428572,77.69841269841271,0.0
2022-03-31,78.4920634920635,77.85714285714286,81.5079365079365,7.698412698412696
2022-04-01,78.01587301587301,77.22222222222223,80.87301587301587,0.07936507936507553
2022-04-04,61.349206349206355,68.17460317460316,0.0,0.0
2022-04-05,60.71428571428572,78.17460317460316,81.66666666666666,78.65079365079364
2022-04-06,72.93650793650792,85.15873015873015,86.9047619047619,87.53968253968253
2022-04-07,71.03174603174602,84.20634920634922,86.5873015873016,70.23809523809524
2022-04-08,77.69841269841271,88.17460317460316,89.76190476190476,85.79365079365078
2022-04-11,85.79365079365078,92.77777777777777,94.20634920634922,97.06349206349208
2022-04-12,86.74603174603175,93.25396825396825,94.84126984126985,94.04761904761904
2022-04-13,72.46031746031747,89.60317460317461,91.5079365079365,68.33333333333334
2022-04-14,82.30158730158729,93.4126984126984,95.15873015873015,89.76190476190476
2022-04-18,71.34920634920636,93.0952380952381,94.84126984126985,79.92063492063491
2022-04-19,58.809523809523796,89.28571428571428,91.03174603174602,0.0
2022-04-20,68.33333333333334,92.14285714285714,93.25396825396825,10.555555555555557
2022-04-21,77.69841269841271,94.52380952380952,96.26984126984127,84.20634920634922
2022-04-22,86.42857142857142,96.5873015873016,98.0,87.53968253968253
2022-04-25,83.25396825396825,95.63492063492063,96.9047619047619,76.74603174603175
2022-04-26,91.34920634920636,97.85714285714286,98.0,97.69841269841271
2022-04-27,91.34920634920636,97.85714285714286,98.0,95.95238095238096
2022-04-28,84.52380952380952,95.95238095238096,97.06349206349208,67.06349206349208
2022-04-29,92.93650793650792,98.0,98.0,86.26984126984127
2022-05-02,89.92063492063491,97.06349206349208,98.0,83.4126984126984
2022-05-03,89.60317460317461,96.74603174603175,98.0,2.460317460317455
2022-05-04,82.14285714285714,94.52380952380952,95.47619047619048,0.0
2022-05-05,93.25396825396825,98.0,98.0,90.07936507936509
2022-05-06,93.73015873015873,98.0,98.0,54.36507936507937
2022-05-09,97.38095238095238,98.0,98.0,95.0
2022-05-10,96.42857142857142,98.0,98.0,92.77777777777777
2022-05-11,97.85714285714286,98.0,98.0,98.0
2022-05-12,97.85714285714286,98.0,98.0,95.31746031746033
2022-05-13,95.47619047619048,98.0,98.0,71.34920634920636
2022-05-16,96.5873015873016,98.0,98.0,6.111111111111114
2022-05-17,93.73015873015873,98.0,98.0,0.0
2022-05-18,97.85714285714286,98.0,98.0,30.873015873015873
2022-05-19,98.0,98.0,98.0,37.85714285714286
2022-05-20,98.0,98.0,98.0,88.96825396825398
2022-05-23,96.74603174603175,98.0,98.0,60.71428571428572
2022-05-24,98.0,98.0,98.0,94.04761904761904
2022-05-25,97.22222222222223,98.0,98.0,15.793650793650798
2022-05-26,95.0,97.69841269841271,98.0,0.0
2022-05-27,91.66666666666666,96.74603174603175,96.9047619047619,0.0
2022-05-31,91.98412698412699,96.74603174603175,97.22222222222223,0.0
2022-06-01,92.77777777777777,96.9047619047619,97.38095238095238,0.0
2022-06-02,89.28571428571428,94.84126984126985,95.15873015873015,0.0
2022-06-03,92.77777777777777,96.9047619047619,97.22222222222223,0.0
2022-06-06,92.14285714285714,96.42857142857142,96.9047619047619,38.492063492063494
2022-06-07,90.55555555555554,95.79365079365078,95.31746031746033,2.6190476190476204
2022-06-08,91.98412698412699,96.26984126984127,95.95238095238096,3.5714285714285694
2022-06-09,95.0,97.69841269841271,97.85714285714286,89.92063492063491
2022-06-10,98.0,98.0,98.0,92.30158730158729
2022-06-13,98.0,98.0,98.0,98.0
2022-06-14,98.0,98.0,98.0,98.0
2022-06-15,98.0,98.0,98.0,96.74603174603175
2022-06-16,98.0,98.0,98.0,97.85714285714286
2022-06-17,98.0,98.0,98.0,88.8095238095238
2022-06-21,98.0,98.0,98.0,0.0
2022-06-22,98.0,98.0,98.0,0.0
2022-06-23,97.85714285714286,98.0,97.69841269841271,0.0
2022-06-24,94.68253968253967,96.74603174603175,96.26984126984127,0.0
2022-06-27,95.0,96.9047619047619,96.42857142857142,0.0
2022-06-28,97.85714285714286,98.0,97.85714285714286,0.0
2022-06-29,97.22222222222223,98.0,97.22222222222223,0.0
2022-06-30,98.0,98.0,98.0,59.76190476190476
2022-07-01,97.53968253968253,98.0,97.69841269841271,86.42857142857142
2022-07-05,95.79365079365078,97.85714285714286,96.42857142857142,64.68253968253967
2022-07-06,93.57142857142858,97.38095238095238,95.95238095238096,0.0
2022-07-07,87.53968253968253,95.47619047619048,94.68253968253967,0.0
2022-07-08,87.22222222222223,95.31746031746033,94.36507936507937,0.0
2022-07-11,88.96825396825398,97.22222222222223,95.79365079365078,0.0
2022-07-12,89.28571428571428,98.0,96.11111111111111,29.76190476190476
2022-07-13,89.28571428571428,98.0,96.11111111111111,48.650793650793645
2022-07-14,88.8095238095238,97.69841269841271,95.63492063492063,75.95238095238096
2022-07-15,85.79365079365078,95.31746031746033,94.20634920634922,51.507936507936506
2022-07-18,86.26984126984127,96.42857142857142,94.68253968253967,15.317460317460316
2022-07-19,80.71428571428572,93.73015873015873,91.34920634920636,0.0
2022-07-20,73.88888888888889,92.61904761904762,90.07936507936509,0.0
2022-07-21,57.69841269841271,91.66666666666666,88.8095238095238,0.0
2022-07-22,59.60317460317461,92.77777777777777,90.23809523809524,0.0
2022-07-25,62.30158730158729,93.25396825396825,90.39682539682539,0.0
2022-07-26,70.55555555555554,94.68253968253967,92.93650793650792,54.84126984126985
2022-07-27,49.60317460317461,91.34920634920636,87.85714285714286,0.0
2022-07-28,42.14285714285714,90.23809523809524,86.42857142857142,0.0
2022-07-29,29.126984126984127,88.4920634920635,84.52380952380952,0.0
2022-08-01,29.92063492063491,88.4920634920635,84.36507936507937,0.0
2022-08-02,31.825396825396837,88.65079365079364,85.15873015873015,0.0
2022-08-03,0.0,86.9047619047619,79.76190476190476,0.0
2022-08-04,0.0,86.26984126984127,78.33333333333334,0.0
2022-08-05,0.0,86.9047619047619,79.76190476190476,0.0
2022-08-08,0.0,86.9047619047619,80.07936507936509,0.0
2022-08-09,1.1904761904761898,87.85714285714286,82.14285714285714,0.0
2022-08-10,0.0,85.15873015873015,75.0,0.0
2022-08-11,0.0,86.11111111111111,76.5873015873016,25.793650793650798
2022-08-12,0.0,83.25396825396825,71.1904761904762,0.0
2022-08-15,0.0,82.30158730158729,69.12698412698413,0.0
2022-08-16,0.0,82.46031746031747,69.28571428571428,0.0
2022-08-17,0.0,84.20634920634922,72.61904761904762,1.1904761904761898
2022-08-18,0.0,84.04761904761904,71.66666666666666,0.0
2022-08-19,12.936507936507937,86.42857142857142,76.11111111111111,70.23809523809524
2022-08-22,38.650793650793645,88.8095238095238,82.93650793650792,91.34920634920636
2022-08-23,39.12698412698413,88.8095238095238,82.77777777777777,90.87301587301587
2022-08-24,37.22222222222223,88.17460317460316,81.34920634920636,85.47619047619048
2022-08-25,21.66666666666667,86.26984126984127,76.9047619047619,72.93650793650792
2022-08-26,56.111111111111114,91.1904761904762,85.63492063492063,88.4920634920635
2022-08-29,60.55555555555554,91.98412698412699,86.26984126984127,78.17460317460316
2022-08-30,66.42857142857142,92.93650793650792,87.69841269841271,85.31746031746033
2022-08-31,68.65079365079364,93.25396825396825,88.33333333333334,89.12698412698413
2022-09-01,68.17460317460316,93.0952380952381,88.01587301587301,93.57142857142858
2022-09-02,74.84126984126985,94.52380952380952,89.28571428571428,84.04761904761904
2022-09-06,76.74603174603175,94.84126984126985,89.92063492063491,82.77777777777777
2022-09-07,68.96825396825398,93.0952380952381,86.9047619047619,37.85714285714286
2022-09-08,65.95238095238096,92.30158730158729,85.79365079365078,8.650793650793645
2022-09-09,54.84126984126985,90.23809523809524,82.46031746031747,0.0
2022-09-12,46.74603174603175,88.33333333333334,79.12698412698413,0.0
2022-09-13,76.26984126984127,94.68253968253967,88.65079365079364,14.841269841269835
2022-09-14,73.73015873015873,93.57142857142858,87.38095238095238,46.111111111111114
2022-09-15,78.4920634920635,96.11111111111111,89.44444444444446,77.85714285714286
2022-09-16,79.76190476190476,96.5873015873016,89.92063492063491,91.66666666666666
2022-09-19,78.01587301587301,95.15873015873015,88.4920634920635,92.77777777777777
2022-09-20,80.07936507936509,96.9047619047619,89.44444444444446,55.0
2022-09-21,83.73015873015873,98.0,91.34920634920636,84.20634920634922
2022-09-22,85.95238095238096,98.0,93.0952380952381,79.92063492063491
2022-09-23,88.8095238095238,98.0,94.20634920634922,87.22222222222223
2022-09-26,89.60317460317461,98.0,94.36507936507937,91.82539682539684
2022-09-27,89.12698412698413,98.0,93.73015873015873,88.01587301587301
2022-09-28,85.47619047619048,98.0,91.34920634920636,49.60317460317461
2022-09-29,90.87301587301587,98.0,94.68253968253967,74.04761904761904
2022-09-30,93.0952380952381,98.0,96.26984126984127,74.84126984126985
2022-10-03,90.07936507936509,98.0,93.0952380952381,26.269841269841265
2022-10-04,82.77777777777777,97.53968253968253,88.96825396825398,0.0
2022-10-05,82.93650793650792,97.53968253968253,88.4920634920635,0.0
2022-10-06,85.0,98.0,89.12698412698413,0.0
2022-10-07,91.82539682539684,98.0,94.52380952380952,1.1904761904761898
2022-10-10,93.57142857142858,98.0,95.15873015873015,70.23809523809524
2022-10-11,94.04761904761904,98.0,96.42857142857142,94.20634920634922
2022-10-12,94.04761904761904,98.0,96.26984126984127,93.88888888888889
2022-10-13,91.34920634920636,98.0,92.61904761904762,82.61904761904762
2022-10-14,95.15873015873015,98.0,96.42857142857142,75.47619047619048
2022-10-17,90.87301587301587,98.0,91.66666666666666,0.0
2022-10-18,89.76190476190476,98.0,90.71428571428572,0.0
2022-10-19,90.23809523809524,98.0,90.71428571428572,0.0
2022-10-20,90.87301587301587,98.0,91.1904761904762,15.634920634920633
2022-10-21,86.42857142857142,97.06349206349208,86.5873015873016,0.0
2022-10-24,83.4126984126984,96.5873015873016,84.20634920634922,0.0
2022-10-25,78.96825396825398,94.36507936507937,80.07936507936509,0.0
2022-10-26,83.73015873015873,96.5873015873016,84.04761904761904,0.0
2022-10-27,88.8095238095238,97.85714285714286,87.22222222222223,0.0
2022-10-28,81.34920634920636,95.31746031746033,80.87301587301587,0.0
2022-10-31,83.57142857142858,96.42857142857142,83.0952380952381,25.95238095238095
2022-11-01,86.5873015873016,96.9047619047619,84.52380952380952,76.5873015873016
2022-11-02,93.0952380952381,98.0,90.87301587301587,85.15873015873015
2022-11-03,95.15873015873015,98.0,93.4126984126984,85.95238095238096
2022-11-04,92.93650793650792,98.0,90.87301587301587,91.82539682539684
2022-11-07,91.66666666666666,98.0,87.69841269841271,80.39682539682539
2022-11-08,90.07936507936509,98.0,86.42857142857142,61.349206349206355
2022-11-09,93.25396825396825,98.0,91.03174603174602,42.14285714285714
2022-11-10,78.33333333333334,93.0952380952381,77.22222222222223,0.0
2022-11-11,74.20634920634922,91.34920634920636,72.46031746031747,0.0
2022-11-14,74.20634920634922,92.14285714285714,74.84126984126985,0.0
2022-11-15,69.76190476190476,90.07936507936509,70.23809523809524,0.0
2022-11-16,68.4920634920635,92.14285714285714,74.20634920634922,0.0
2022-11-17,66.11111111111111,92.30158730158729,74.36507936507937,1.6666666666666714
2022-11-18,65.95238095238096,92.14285714285714,73.73015873015873,46.9047619047619
2022-11-21,69.60317460317461,93.73015873015873,76.11111111111111,48.492063492063494
2022-11-22,63.0952380952381,91.1904761904762,71.34920634920636,47.38095238095238
2022-11-23,40.87301587301587,89.92063492063491,68.4920634920635,0.0
2022-11-25,46.111111111111114,90.87301587301587,69.60317460317461,0.0
2022-11-28,53.25396825396825,93.0952380952381,74.20634920634922,36.9047619047619
2022-11-29,57.38095238095238,94.20634920634922,75.63492063492063,30.23809523809524
2022-11-30,27.063492063492063,85.95238095238096,61.66666666666666,0.0
2022-12-01,26.42857142857143,85.79365079365078,61.190476190476204,0.0
2022-12-02,30.23809523809524,86.5873015873016,61.82539682539684,0.0
2022-12-05,43.25396825396825,89.92063492063491,67.06349206349208,0.0
2022-12-06,55.793650793650784,93.57142857142858,72.14285714285714,7.857142857142861
2022-12-07,57.53968253968253,94.52380952380952,74.04761904761904,85.15873015873015
2022-12-08,50.23809523809524,91.82539682539684,69.44444444444446,76.74603174603175
2022-12-09,19.76190476190476,93.0952380952381,71.03174603174602,78.4920634920635
2022-12-12,5.952380952380949,90.39682539682539,66.74603174603175,35.15873015873015
2022-12-13,0.0,88.4920634920635,62.46031746031747,0.0
2022-12-14,0.0,89.76190476190476,65.0,0.0
2022-12-15,28.333333333333343,95.31746031746033,76.42857142857142,66.11111111111111
2022-12-16,35.47619047619048,96.5873015873016,77.53968253968253,69.92063492063491
2022-12-19,46.428571428571416,97.53968253968253,79.44444444444446,89.12698412698413
2022-12-20,47.22222222222223,97.53968253968253,79.44444444444446,92.93650793650792
2022-12-21,36.111111111111114,96.26984126984127,76.9047619047619,83.57142857142858
2022-12-22,52.46031746031747,98.0,81.66666666666666,76.5873015873016
2022-12-23,51.66666666666666,98.0,80.39682539682539,62.77777777777777
2022-12-27,59.28571428571428,98.0,83.4126984126984,63.730158730158735
2022-12-28,66.5873015873016,98.0,86.11111111111111,77.38095238095238
2022-12-29,52.61904761904762,97.69841269841271,80.07936507936509,65.31746031746033
2022-12-30,54.206349206349216,97.85714285714286,79.76190476190476,21.507936507936506
2023-01-03,57.38095238095238,98.0,81.5079365079365,44.206349206349216
2023-01-04,55.15873015873015,95.95238095238096,79.12698412698413,0.0
2023-01-05,62.93650793650792,95.15873015873015,83.25396825396825,1.349206349206355
2023-01-06,47.06349206349208,91.82539682539684,76.11111111111111,0.0
2023-01-09,43.730158730158735,90.39682539682539,75.0,0.0
2023-01-10,36.587301587301596,88.65079365079364,71.98412698412699,0.0
2023-01-11,21.825396825396822,84.20634920634922,65.15873015873015,0.0
2023-01-12,17.698412698412696,83.57142857142858,62.61904761904762,0.0
2023-01-13,10.555555555555557,79.60317460317461,59.12698412698413,0.0
2023-01-17,8.492063492063494,79.28571428571428,58.33333333333334,0.0
2023-01-18,21.349206349206355,77.38095238095238,62.46031746031747,0.0
2023-01-19,29.285714285714278,78.4920634920635,65.47619047619048,39.12698412698413
2023-01-20,1.9841269841269877,75.15873015873015,55.31746031746033,0.0
2023-01-23,0.0,72.14285714285714,48.17460317460316,0.0
2023-01-24,0.0,72.61904761904762,48.17460317460316,0.0
2023-01-25,0.0,73.25396825396825,48.17460317460316,0.0
2023-01-26,0.0,69.76190476190476,0.0,0.0
2023-01-27,0.0,69.12698412698413,0.0,0.0
2023-01-30,0.0,71.03174603174602,46.111111111111114,8.333333333333329
2023-01-31,0.0,69.12698412698413,0.0,0.0
2023-02-01,0.0,66.9047619047619,0.0,0.0
2023-02-02,0.0,61.66666666666666,0.0,0.0
2023-02-03,0.0,63.571428571428584,0.0,0.0
2023-02-06,0.0,64.84126984126985,0.0,0.0
2023-02-07,0.0,61.98412698412699,0.0,0.0
2023-02-08,0.0,64.52380952380952,0.0,0.0
2023-02-09,0.0,66.26984126984127,0.0,75.63492063492063
2023-02-10,7.698412698412696,66.9047619047619,0.0,61.349206349206355
2023-02-13,0.0,63.888888888888886,0.0,10.23809523809524
2023-02-14,0.0,62.61904761904762,0.0,44.206349206349216
2023-02-15,0.0,61.349206349206355,0.0,0.0
2023-02-16,0.0,65.15873015873015,0.0,4.365079365079367
2023-02-17,2.7777777777777715,66.74603174603175,0.0,6.428571428571431
2023-02-21,27.063492063492063,69.44444444444446,0.0,78.17460317460316
2023-02-22,25.95238095238095,69.28571428571428,0.0,83.25396825396825
2023-02-23,18.650793650793645,68.17460317460316,0.0,81.98412698412699
2023-02-24,32.77777777777777,70.39682539682539,0.0,80.87301587301587
2023-02-27,27.38095238095238,69.28571428571428,0.0,64.52380952380952
2023-02-28,28.333333333333343,69.44444444444446,0.0,21.349206349206355
2023-03-01,35.31746031746033,70.87301587301587,0.0,42.46031746031747
2023-03-02,28.015873015873012,69.12698412698413,0.0,43.888888888888886
2023-03-03,7.857142857142861,65.79365079365078,0.0,0.0
2023-03-06,7.063492063492063,65.47619047619048,0.0,0.0
2023-03-07,19.444444444444443,67.69841269841271,0.0,0.0
2023-03-08,15.317460317460316,66.74603174603175,0.0,0.0
2023-03-09,30.714285714285722,69.92063492063491,0.0,28.174603174603163
2023-03-10,41.98412698412699,72.77777777777777,45.95238095238096,79.76190476190476
2023-03-13,36.428571428571416,70.71428571428572,0.0,72.46031746031747
2023-03-14,15.793650793650798,66.26984126984127,0.0,6.111111111111114
2023-03-15,11.825396825396822,65.15873015873015,0.0,9.126984126984127
2023-03-16,0.0,59.60317460317461,0.0,0.0
2023-03-17,0.0,60.39682539682539,0.0,0.0
2023-03-20,0.0,59.76190476190476,0.0,0.0
2023-03-21,0.0,57.38095238095238,0.0,0.0
2023-03-22,0.0,59.44444444444446,0.0,0.0
2023-03-23,0.0,57.22222222222223,0.0,0.0
2023-03-24,0.0,56.74603174603175,0.0,0.0
2023-03-27,0.0,57.69841269841271,0.0,0.0
2023-03-28,0.0,58.650793650793645,0.0,42.30158730158729
2023-03-29,0.0,55.15873015873015,0.0,0.0
2023-03-30,0.0,52.30158730158729,0.0,0.0
2023-03-31,0.0,48.17460317460316,0.0,0.0
2023-04-03,0.0,48.809523809523796,0.0,0.0
2023-04-04,0.0,49.60317460317461,0.0,0.0
2023-04-05,0.0,45.63492063492063,0.0,0.0
2023-04-06,0.0,36.269841269841265,0.0,0.0
2023-04-10,0.0,36.269841269841265,0.0,41.66666666666666
2023-04-11,0.0,33.888888888888886,0.0,51.507936507936506
2023-04-12,0.0,34.206349206349216,0.0,59.28571428571428
2023-04-13,0.0,24.682539682539684,0.0,0.0
2023-04-14,0.0,25.634920634920633,0.0,15.0
2023-04-17,0.0,25.0,0.0,10.714285714285708
2023-04-18,0.0,24.682539682539684,0.0,0.0
2023-04-19,0.0,24.682539682539684,0.0,0.0
2023-04-20,0.0,20.23809523809524,0.0,40.07936507936509
2023-04-21,0.0,6.269841269841265,0.0,32.46031746031747
2023-04-24,0.0,4.841269841269835,0.0,39.44444444444446
2023-04-25,4.047619047619051,18.492063492063494,0.0,70.87301587301587
2023-04-26,0.0,13.253968253968253,0.0,61.82539682539684
2023-04-27,0.0,0.0,0.0,0.0
2023-04-28,0.0,0.0,0.0,0.0
2023-05-01,0.0,0.0,0.0,0.0
2023-05-02,0.0,0.0,0.0,0.0
2023-05-03,0.0,2.7777777777777715,0.0,0.0
2023-05-04,0.0,5.0,0.0,50.55555555555554
2023-05-05,0.0,0.0,0.0,15.793650793650798
2023-05-08,0.0,0.0,0.0,5.158730158730165
2023-05-09,0.0,0.0,0.0,0.0
2023-05-10,0.0,0.0,0.0,0.0
2023-05-11,0.0,0.0,0.0,0.0
2023-05-12,0.0,0.0,0.0,0.7142857142857082
2023-05-15,0.0,0.0,0.0,0.0
2023-05-16,0.0,0.0,0.0,0.0
2023-05-17,0.0,0.0,0.0,0.0
2023-05-18,0.0,0.0,0.0,0.0
2023-05-19,0.0,0.0,0.0,0.0
2023-05-22,0.0,0.0,0.0,0.0
2023-05-23,0.0,0.0,0.0,0.0
2023-05-24,0.0,0.0,0.0,16.269841269841265
2023-05-25,0.0,0.0,0.0,0.0
2023-05-26,0.0,0.0,0.0,0.0
2023-05-30,0.0,0.0,0.0,0.0
2023-05-31,0.0,0.0,0.0,0.0
2023-06-01,0.0,0.0,0.0,0.0
2023-06-02,0.0,0.0,0.0,0.0
2023-06-05,0.0,0.0,0.0,0.0
2023-06-06,0.0,0.0,0.0,0.0
2023-06-07,0.0,0.0,0.0,9.444444444444443
2023-06-08,0.0,0.0,0.0,10.714285714285708
2023-06-09,0.0,0.0,0.0,21.825396825396822
2023-06-12,0.0,0.0,0.0,0.0
2023-06-13,0.0,0.0,0.0,0.0
2023-06-14,0.0,0.0,0.0,0.0
2023-06-15,0.0,0.0,0.0,0.0
2023-06-16,0.0,0.0,0.0,0.0
2023-06-20,0.0,0.0,0.0,0.0
2023-06-21,0.0,0.0,0.0,25.0
2023-06-22,0.0,0.0,0.0,12.301587301587304
2023-06-23,0.0,0.0,0.0,59.44444444444446
2023-06-26,2.9365079365079367,0.0,0.0,67.22222222222223
2023-06-27,0.0,0.0,0.0,37.85714285714286
2023-06-28,0.0,0.0,0.0,0.39682539682539186
2023-06-29,0.0,0.0,0.0,35.0
2023-06-30,0.0,0.0,0.0,0.0
2023-07-03,0.0,0.0,0.0,0.0
2023-07-05,0.0,0.0,0.0,0.0
2023-07-06,0.0,0.0,0.0,0.0
2023-07-07,0.0,0.0,0.0,1.1904761904761898
2023-07-10,0.0,0.0,0.0,39.44444444444446
2023-07-11,0.0,0.0,0.0,33.25396825396825
2023-07-12,0.0,0.0,0.0,0.0
2023-07-13,0.0,0.0,0.0,0.0
2023-07-14,0.0,0.0,0.0,0.0
2023-07-17,0.0,0.0,0.0,0.0
2023-07-18,0.0,0.0,0.0,0.0
2023-07-19,0.0,0.0,0.0,0.0
2023-07-20,0.0,0.0,0.0,35.15873015873015
2023-07-21,0.0,0.0,0.0,39.76190476190476
2023-07-24,0.0,0.0,0.0,55.47619047619048
2023-07-25,0.0,0.0,0.0,56.9047619047619
2023-07-26,0.0,0.0,0.0,61.507936507936506
2023-07-27,0.0,0.0,0.0,18.96825396825396
2023-07-28,0.0,0.0,0.0,0.0
2023-07-31,0.0,0.0,0.0,0.0
2023-08-01,0.0,0.0,0.0,0.0
2023-08-02,2.460317460317455,0.0,0.0,38.17460317460316
2023-08-03,3.253968253968253,0.0,0.0,35.95238095238096
2023-08-04,8.650793650793645,0.0,0.0,73.73015873015873
2023-08-07,0.0,0.0,0.0,63.25396825396825
2023-08-08,8.650793650793645,0.0,0.0,71.66666666666666
2023-08-09,19.76190476190476,2.9365079365079367,0.0,56.428571428571416
2023-08-10,18.650793650793645,1.6666666666666714,0.0,51.66666666666666
2023-08-11,23.41269841269842,5.952380952380949,0.0,53.730158730158735
2023-08-14,11.984126984126988,0.0,0.0,49.28571428571428
2023-08-15,22.77777777777777,5.317460317460316,0.0,52.77777777777777
2023-08-16,32.77777777777777,13.095238095238102,0.0,51.349206349206355
2023-08-17,40.87301587301587,19.920634920634924,0.0,69.44444444444446
2023-08-18,41.190476190476204,20.714285714285708,0.0,62.93650793650792
2023-08-21,27.539682539682545,9.444444444444443,0.0,56.428571428571416
2023-08-22,30.714285714285722,11.349206349206355,0.0,36.74603174603175
2023-08-23,16.111111111111114,0.0,0.0,0.0
2023-08-24,35.0,15.158730158730165,0.0,0.0
2023-08-25,26.58730158730158,8.650793650793645,0.0,0.0
2023-08-28,20.873015873015873,3.253968253968253,0.0,0.0
2023-08-29,0.0,0.0,0.0,0.0
2023-08-30,0.0,0.0,0.0,0.0
2023-08-31,0.0,0.0,0.0,0.0
2023-09-01,0.0,0.0,0.0,0.0
2023-09-05,0.0,0.0,0.0,0.0
2023-09-06,0.0,0.0,0.0,19.285714285714292
2023-09-07,7.2222222222222285,0.0,0.0,48.650793650793645
2023-09-08,5.634920634920633,0.0,0.0,50.71428571428572
2023-09-11,0.0,0.0,0.0,23.095238095238102
2023-09-12,4.047619047619051,0.0,0.0,50.87301587301587
2023-09-13,0.39682539682539186,0.0,0.0,21.984126984126988
2023-09-14,0.0,0.0,0.0,0.0
2023-09-15,10.873015873015873,0.0,0.0,29.444444444444457
2023-09-18,8.650793650793645,0.0,0.0,52.46031746031747
2023-09-19,11.507936507936506,0.0,0.0,31.984126984126988
2023-09-20,25.47619047619048,7.698412698412696,0.0,66.26984126984127
2023-09-21,41.190476190476204,20.714285714285708,0.0,88.96825396825398
2023-09-22,40.55555555555554,19.920634920634924,0.0,76.26984126984127
2023-09-25,37.38095238095238,17.38095238095238,0.0,72.93650793650792
2023-09-26,48.17460317460316,27.22222222222223,0.0,84.84126984126985
2023-09-27,46.428571428571416,25.47619047619048,0.0,66.9047619047619
2023-09-28,40.07936507936509,19.444444444444443,0.0,16.111111111111114
2023-09-29,39.92063492063491,18.96825396825396,0.0,14.841269841269835
2023-10-02,32.77777777777777,12.936507936507937,0.0,3.8888888888888857
2023-10-03,47.22222222222223,26.269841269841265,0.0,13.253968253968253
2023-10-04,35.95238095238096,16.269841269841265,0.0,0.0
2023-10-05,38.809523809523796,17.85714285714286,0.0,12.936507936507937
2023-10-06,23.253968253968253,5.793650793650798,0.0,0.0
2023-10-09,19.285714285714292,1.8253968253968225,0.0,0.0
2023-10-10,14.523809523809518,0.0,0.0,0.0
2023-10-11,5.0,0.0,0.0,0.0
2023-10-12,10.079365079365076,0.0,0.0,0.0
2023-10-13,22.301587301587304,4.841269841269835,0.0,13.57142857142857
2023-10-16,9.444444444444443,0.0,0.0,0.0
2023-10-17,8.174603174603178,0.0,0.0,20.23809523809524
2023-10-18,22.77777777777777,9.920634920634924,0.0,62.93650793650792
2023-10-19,31.666666666666657,16.42857142857143,0.0,68.4920634920635
2023-10-20,43.730158730158735,26.58730158730158,0.0,72.61904761904762
2023-10-23,41.349206349206355,24.206349206349202,0.0,81.03174603174602
2023-10-24,33.571428571428584,17.698412698412696,0.0,66.26984126984127
2023-10-25,51.349206349206355,32.77777777777777,0.0,79.12698412698413
2023-10-26,61.190476190476204,40.39682539682539,0.0,87.69841269841271
2023-10-27,57.38095238095238,37.85714285714286,0.0,67.38095238095238
2023-10-30,43.412698412698404,33.571428571428584,0.0,57.38095238095238
2023-10-31,39.60317460317461,30.396825396825392,0.0,63.412698412698404
2023-11-01,23.095238095238102,22.14285714285714,0.0,0.0
2023-11-02,5.158730158730165,9.285714285714292,0.0,0.0
2023-11-03,0.0,0.0,0.0,0.0
2023-11-06,0.0,0.0,0.0,0.0
2023-11-07,0.0,0.0,0.0,0.0
2023-11-08,0.0,0.0,0.0,0.0
2023-11-09,0.0,0.0,0.0,0.0
2023-11-10,0.0,0.0,0.0,0.0
2023-11-13,0.0,0.0,0.0,0.0
2023-11-14,0.0,0.0,0.0,0.0
2023-11-15,0.0,0.0,0.0,0.0
2023-11-16,0.0,0.0,0.0,0.0
2023-11-17,0.0,0.0,0.0,0.0
2023-11-20,0.0,0.0,0.0,0.0
2023-11-21,0.0,0.0,0.0,0.0
2023-11-22,0.0,0.0,0.0,0.0
2023-11-24,0.0,0.0,0.0,0.0
2023-11-27,0.0,0.0,0.0,0.0
2023-11-28,0.0,0.0,0.0,22.460317460317455
2023-11-29,0.0,0.0,0.0,9.76190476190476
2023-11-30,0.0,0.0,0.0,28.174603174603163
2023-12-01,0.0,0.0,0.0,16.746031746031747
2023-12-04,0.0,0.0,0.0,36.587301587301596
2023-12-05,0.0,0.0,0.0,37.85714285714286
2023-12-06,0.0,0.0,0.0,47.85714285714286
2023-12-07,0.0,0.0,0.0,4.682539682539684
2023-12-08,0.0,0.0,0.0,2.9365079365079367
2023-12-11,0.0,0.0,0.0,0.0
2023-12-12,0.0,0.0,0.0,0.0
2023-12-13,0.0,0.0,0.0,0.0
2023-12-14,0.0,0.0,0.0,0.0
2023-12-15,0.0,0.0,0.0,0.0
2023-12-18,0.0,0.0,0.0,0.0
2023-12-19,0.0,0.0,0.0,0.0
2023-12-20,0.0,0.0,0.0,21.984126984126988
2023-12-21,0.0,0.0,0.0,0.0
2023-12-22,0.0,0.0,0.0,0.0
2023-12-26,0.0,0.0,0.0,0.0
2023-12-27,0.0,0.0,0.0,3.8888888888888857
2023-12-28,0.0,0.0,0.0,0.0
2023-12-29,0.0,0.0,0.0,9.126984126984127
2024-01-02,0.0,0.0,0.0,52.93650793650792
2024-01-03,4.523809523809518,0.0,0.0,76.42857142857142
2024-01-04,11.19047619047619,0.0,0.0,82.61904761904762
2024-01-05,9.76190476190476,0.0,0.0,80.55555555555554
2024-01-08,0.0,0.0,0.0,44.84126984126985
2024-01-09,0.0,0.0,0.0,0.0
2024-01-10,0.0,0.0,0.0,0.0
2024-01-11,0.0,0.0,0.0,0.0
2024-01-12,0.0,0.0,0.0,0.0
2024-01-16,0.0,0.0,0.0,0.0
2024-01-17,0.0,0.0,0.0,10.079365079365076
2024-01-18,0.0,0.0,0.0,0.0
2024-01-19,0.0,0.0,0.0,0.0
2024-01-22,0.0,0.0,0.0,0.0
2024-01-23,0.0,0.0,0.0,0.0
2024-01-24,0.0,0.0,0.0,0.0
2024-01-25,0.0,0.0,0.0,0.0
2024-01-26,0.0,0.0,0.0,1.9841269841269877
2024-01-29,0.0,0.0,0.0,0.0
2024-01-30,0.0,0.0,0.0,8.650793650793645
2024-01-31,1.0317460317460387,0.0,0.0,63.888888888888886
2024-02-01,0.0,0.0,0.0,42.46031746031747
2024-02-02,0.0,0.0,0.0,0.0
2024-02-05,0.0,0.0,0.0,18.174603174603178
2024-02-06,0.0,0.0,0.0,3.5714285714285694
2024-02-07,0.0,0.0,0.0,0.0
2024-02-08,0.0,0.0,0.0,0.0
2024-02-09,0.0,0.0,0.0,0.0
2024-02-12,0.0,0.0,0.0,0.0
2024-02-13,0.0,0.0,0.0,15.793650793650798
2024-02-14,0.0,0.0,0.0,12.301587301587304
2024-02-15,0.0,0.0,0.0,10.079365079365076
2024-02-16,0.0,0.0,0.0,54.84126984126985
2024-02-20,0.0,0.0,0.0,60.87301587301587
2024-02-21,3.7301587301587347,0.0,0.0,35.63492063492063
2024-02-22,0.0,0.0,0.0,0.0
2024-02-23,0.0,0.0,0.0,4.206349206349202
2024-02-26,0.0,0.0,0.0,0.0
2024-02-27,0.0,0.0,0.0,0.0
2024-02-28,0.0,0.0,0.0,0.0
2024-02-29,0.0,0.0,0.0,13.888888888888886
2024-03-01,0.0,0.0,0.0,0.0
2024-03-04,0.0,0.0,0.0,0.0
2024-03-05,0.0,0.0,0.0,30.23809523809524
2024-03-06,0.0,0.0,0.0,0.0
2024-03-07,0.0,0.0,0.0,0.0
2024-03-08,0.0,0.0,0.0,55.15873015873015
2024-03-11,0.0,0.0,0.0,53.730158730158735
2024-03-12,0.0,0.0,0.0,0.0
2024-03-13,0.0,0.0,0.0,12.460317460317455
2024-03-14,0.0,0.0,0.0,54.84126984126985
2024-03-15,3.8888888888888857,0.0,0.0,47.06349206349208
2024-03-18,0.0,0.0,0.0,14.206349206349202
2024-03-19,0.0,0.0,0.0,43.412698412698404
2024-03-20,0.0,0.0,0.0,0.0
2024-03-21,0.0,0.0,0.0,0.0
2024-03-22,0.0,0.0,0.0,0.0
2024-03-25,0.0,0.0,0.0,0.0
2024-03-26,0.0,0.0,0.0,0.0
2024-03-27,0.0,0.0,0.0,13.57142857142857
2024-03-28,0.0,0.0,0.0,28.968253968253975
2024-04-01,0.0,0.0,0.0,25.95238095238095
2024-04-02,0.0,0.0,0.0,38.650793650793645
2024-04-03,0.0,0.0,0.0,26.111111111111114
2024-04-04,0.7142857142857082,0.0,0.0,65.0
2024-04-05,0.0,0.0,0.0,37.38095238095238
2024-04-08,0.0,0.0,0.0,44.68253968253967
2024-04-09,0.0,0.0,0.0,11.666666666666671
2024-04-10,0.0,0.0,0.0,37.38095238095238
2024-04-11,0.0,0.0,0.0,0.0
2024-04-12,0.0,0.0,0.0,31.984126984126988
2024-04-15,10.396825396825392,0.0,0.0,64.68253968253967
2024-04-16,10.079365079365076,0.0,0.0,68.65079365079364
2024-04-17,25.47619047619048,12.936507936507937,0.0,74.36507936507937
2024-04-18,30.396825396825392,17.539682539682545,0.0,90.23809523809524
2024-04-19,48.492063492063494,31.349206349206355,0.0,91.03174603174602
2024-04-22,40.55555555555554,25.47619047619048,0.0,73.0952380952381
2024-04-23,26.42857142857143,13.730158730158735,0.0,50.55555555555554
2024-04-24,23.730158730158735,11.19047619047619,0.0,11.825396825396822
2024-04-25,28.015873015873012,15.0,0.0,11.349206349206355
2024-04-26,8.650793650793645,0.0,0.0,0.0
2024-04-29,5.476190476190482,0.0,0.0,0.0
2024-04-30,27.698412698412696,14.682539682539684,0.0,22.14285714285714
2024-05-01,33.730158730158735,20.079365079365076,0.0,46.428571428571416
2024-05-02,21.66666666666667,9.285714285714292,0.0,0.0
2024-05-03,0.0,0.0,0.0,0.0
2024-05-06,0.0,0.0,0.0,0.0
2024-05-07,0.0,0.0,0.0,0.0
2024-05-08,0.0,0.0,0.0,0.0
2024-05-09,0.0,0.0,0.0,0.0
2024-05-10,0.0,0.0,0.0,0.0
2024-05-13,0.0,0.0,0.0,0.7142857142857082
2024-05-14,0.0,0.0,0.0,0.0
2024-05-15,0.0,0.0,0.0,0.0
2024-05-16,0.0,0.0,0.0,0.0
2024-05-17,0.0,0.0,0.0,0.0
2024-05-20,0.0,0.0,0.0,0.0
2024-05-21,0.0,0.0,0.0,0.0
2024-05-22,0.0,0.0,0.0,1.349206349206355
2024-05-23,0.0,0.0,0.0,8.492063492063494
2024-05-24,0.0,0.0,0.0,0.0
2024-05-28,0.0,0.0,0.0,0.0
2024-05-29,0.0,0.0,0.0,17.063492063492063
2024-05-30,0.0,0.0,0.0,40.39682539682539
2024-05-31,0.0,0.0,0.0,31.031746031746025
2024-06-03,0.0,0.0,0.0,46.9047619047619
2024-06-04,0.0,0.0,0.0,48.01587301587301
2024-06-05,0.0,0.0,0.0,0.0
2024-06-06,0.0,0.0,0.0,0.0
2024-06-07,0.0,0.0,0.0,0.0
2024-06-10,0.0,0.0,0.0,0.0
2024-06-11,0.0,0.0,0.0,0.0
2024-06-12,0.0,0.0,0.0,0.0
2024-06-13,0.0,0.0,0.0,0.0
2024-06-14,0.0,0.0,0.0,0.0
2024-06-17,0.0,0.0,0.0,0.0
2024-06-18,0.0,0.0,0.0,0.0
2024-06-20,0.0,0.0,0.0,0.0
2024-06-21,0.0,0.0,0.0,0.7142857142857082
2024-06-24,0.0,0.0,0.0,41.98412698412699
2024-06-25,0.0,0.0,0.0,43.730158730158735
2024-06-26,0.0,0.0,0.0,37.53968253968253
2024-06-27,0.0,0.0,0.0,14.047619047619051
2024-06-28,0.0,0.0,0.0,22.936507936507937
2024-07-01,0.0,0.0,0.0,0.0
2024-07-02,0.0,0.0,0.0,0.0
2024-07-03,0.0,0.0,0.0,0.0
2024-07-05,0.0,0.0,0.0,0.0
2024-07-08,0.0,0.0,0.0,0.0
2024-07-09,0.0,0.0,0.0,0.0
2024-07-10,0.0,0.0,0.0,0.0
2024-07-11,0.0,0.0,0.0,17.38095238095238
2024-07-12,0.0,0.0,0.0,27.85714285714286
2024-07-15,0.0,0.0,0.0,26.42857142857143
2024-07-16,0.0,0.0,0.0,26.58730158730158
2024-07-17,23.730158730158735,11.349206349206355,0.0,86.5873015873016
2024-07-18,28.015873015873012,15.634920634920633,0.0,68.8095238095238
2024-07-19,35.95238095238096,22.14285714285714,0.0,84.68253968253967
2024-07-22,21.03174603174604,8.650793650793645,0.0,72.77777777777777
2024-07-23,25.95238095238095,13.412698412698418,0.0,77.53968253968253
2024-07-24,55.0,37.38095238095238,0.0,84.20634920634922
2024-07-25,59.76190476190476,40.39682539682539,0.0,87.85714285714286
2024-07-26,55.15873015873015,37.38095238095238,0.0,68.96825396825398
2024-07-29,54.04761904761904,36.111111111111114,0.0,83.73015873015873
2024-07-30,60.55555555555554,40.87301587301587,0.0,89.76190476190476
2024-07-31,43.0952380952381,27.698412698412696,0.0,0.0
2024-08-01,57.38095238095238,39.44444444444446,0.0,9.126984126984127
2024-08-02,68.4920634920635,47.06349206349208,0.0,75.95238095238096
2024-08-05,77.06349206349208,52.77777777777777,0.0,93.73015873015873
2024-08-06,74.84126984126985,51.031746031746025,0.0,83.4126984126984
2024-08-07,77.22222222222223,53.0952380952381,0.0,96.9047619047619
2024-08-08,68.65079365079364,47.38095238095238,0.0,67.85714285714286
2024-08-09,66.26984126984127,44.84126984126985,0.0,7.063492063492063
2024-08-12,65.79365079365078,44.36507936507937,0.0,0.0
2024-08-13,54.36507936507937,36.587301587301596,0.0,0.0
2024-08-14,53.571428571428584,35.793650793650784,0.0,0.0
2024-08-15,35.47619047619048,21.507936507936506,0.0,0.0
2024-08-16,34.52380952380952,20.714285714285708,0.0,0.0
2024-08-19,23.41269841269842,10.873015873015873,0.0,0.0
2024-08-20,25.47619047619048,12.936507936507937,0.0,0.0
2024-08-21,18.80952380952381,6.428571428571431,0.0,0.0
2024-08-22,35.47619047619048,21.507936507936506,0.0,20.396825396825392
2024-08-23,25.0,12.460317460317455,0.0,0.0
2024-08-26,34.04761904761904,20.23809523809524,0.0,49.12698412698413
2024-08-27,31.349206349206355,18.492063492063494,0.0,35.31746031746033
2024-08-28,42.30158730158729,26.904761904761898,0.0,66.26984126984127
2024-08-29,43.730158730158735,28.015873015873012,0.0,38.492063492063494
2024-08-30,31.666666666666657,18.650793650793645,0.0,36.269841269841265
2024-09-03,55.47619047619048,37.69841269841271,0.0,73.73015873015873
2024-09-04,55.793650793650784,37.69841269841271,0.0,79.12698412698413
2024-09-05,55.63492063492063,37.53968253968253,0.0,63.0952380952381
2024-09-06,68.33333333333334,46.74603174603175,0.0,88.96825396825398
2024-09-09,62.30158730158729,42.46031746031747,0.0,88.8095238095238
2024-09-10,58.17460317460316,38.809523809523796,0.0,34.04761904761904
2024-09-11,45.63492063492063,28.809523809523796,0.0,0.0
2024-09-12,38.17460317460316,23.095238095238102,0.0,0.0
2024-09-13,32.77777777777777,18.96825396825396,0.0,0.0
2024-09-16,38.17460317460316,23.095238095238102,0.0,0.0
2024-09-17,37.69841269841271,22.77777777777777,0.0,0.0
2024-09-18,41.66666666666666,26.111111111111114,0.0,2.142857142857139
2024-09-19,16.269841269841265,3.7301587301587347,0.0,0.0
2024-09-20,19.603174603174608,7.2222222222222285,0.0,0.0
2024-09-23,15.0,2.9365079365079367,0.0,0.0
2024-09-24,10.555555555555557,0.0,0.0,0.0
2024-09-25,8.015873015873012,0.0,0.0,0.0
2024-09-26,2.301587301587304,0.0,0.0,0.0
2024-09-27,6.587301587301582,0.0,0.0,0.0
2024-09-30,5.0,0.0,0.0,0.0
2024-10-01,20.555555555555557,8.174603174603178,0.0,39.12698412698413
2024-10-02,18.33333333333333,5.952380952380949,0.0,38.492063492063494
2024-10-03,19.285714285714292,6.904761904761898,0.0,55.0
2024-10-04,5.793650793650798,0.0,0.0,16.42857142857143
2024-10-07,18.650793650793645,6.269841269841265,0.0,50.07936507936509
2024-10-08,0.0,0.0,0.0,0.0
2024-10-09,0.0,0.0,0.0,0.0
2024-10-10,0.0,0.0,0.0,0.0
2024-10-11,0.0,0.0,0.0,0.0
2024-10-14,0.0,0.0,0.0,0.0
2024-10-15,0.0,0.0,0.0,12.61904761904762
2024-10-16,0.0,0.0,0.0,30.873015873015873
2024-10-17,0.0,0.0,0.0,25.95238095238095
2024-10-18,0.0,0.0,0.0,12.301587301587304
2024-10-21,0.0,0.0,0.0,29.285714285714278
2024-10-22,0.0,0.0,0.0,0.0
2024-10-23,0.0,0.0,0.0,31.666666666666657
2024-10-24,0.0,0.0,0.0,13.095238095238102
2024-10-25,0.0,0.0,0.0,15.952380952380949
2024-10-28,0.0,0.0,0.0,21.66666666666667
2024-10-29,0.0,0.0,0.0,0.0
2024-10-30,0.0,0.0,0.0,0.0
2024-10-31,7.38095238095238,1.6666666666666714,0.0,56.74603174603175
2024-11-01,0.2380952380952408,0.0,0.0,54.84126984126985
2024-11-04,4.682539682539684,0.0,0.0,59.60317460317461
2024-11-05,0.0,0.0,0.0,54.68253968253967
2024-11-06,0.0,0.0,0.0,0.0
2024-11-07,0.0,0.0,0.0,0.0
2024-11-08,0.0,0.0,0.0,0.0
2024-11-11,0.0,0.0,0.0,0.0
2024-11-12,0.0,0.0,0.0,0.0
2024-11-13,0.0,0.0,0.0,0.0
2024-11-14,0.0,0.0,0.0,40.87301587301587
2024-11-15,9.126984126984127,0.0,0.0,79.12698412698413
2024-11-18,3.095238095238102,0.0,0.0,70.07936507936509
2024-11-19,0.0,0.0,0.0,58.17460317460316
2024-11-20,0.0,0.0,0.0,57.22222222222223
2024-11-21,0.0,0.0,0.0,35.0
2024-11-22,0.0,0.0,0.0,0.0
2024-11-25,0.0,0.0,0.0,0.0
2024-11-26,0.0,0.0,0.0,0.0
2024-11-27,0.0,0.0,0.0,6.746031746031747
2024-11-29,0.0,0.0,0.0,0.0
2024-12-02,0.0,0.0,0.0,0.0
2024-12-03,0.0,0.0,0.0,0.0
2024-12-04,0.0,0.0,0.0,0.0
2024-12-05,0.0,0.0,0.0,0.0
2024-12-06,0.0,0.0,0.0,0.0
2024-12-09,0.0,0.0,0.0,0.0
2024-12-10,0.0,0.0,0.0,0.0
2024-12-11,0.0,0.0,0.0,0.0
2024-12-12,0.0,0.0,0.0,0.0
2024-12-13,0.0,0.0,0.0,0.0
2024-12-16,0.0,0.0,0.0,0.0
2024-12-17,0.0,0.0,0.0,0.0
2024-12-18,15.634920634920633,3.4126984126984183,0.0,67.69841269841271
2024-12-19,22.460317460317455,9.920634920634924,0.0,64.68253968253967
2024-12-20,12.142857142857139,0.39682539682539186,0.0,63.730158730158735
2024-12-23,1.349206349206355,0.0,0.0,69.92063492063491
2024-12-24,0.0,0.0,0.0,39.12698412698413
2024-12-26,0.0,0.0,0.0,0.0
2024-12-27,3.5714285714285694,0.0,0.0,0.0
2024-12-30,16.269841269841265,3.8888888888888857,0.0,28.650793650793645
2024-12-31,26.42857142857143,13.412698412698418,0.0,63.730158730158735
2025-01-02,27.38095238095238,14.523809523809518,0.0,82.61904761904762
2025-01-03,9.126984126984127,0.0,0.0,59.92063492063491
2025-01-06,0.0,0.0,0.0,5.317460317460316
2025-01-07,17.38095238095238,4.841269841269835,0.0,20.555555555555557
2025-01-08,16.904761904761898,4.523809523809518,0.0,0.0
2025-01-10,32.77777777777777,18.96825396825396,0.0,30.714285714285722
2025-01-13,36.9047619047619,22.14285714285714,0.0,67.22222222222223
2025-01-14,38.01587301587301,22.936507936507937,0.0,81.66666666666666
2025-01-15,12.460317460317455,0.7142857142857082,0.0,7.539682539682545
2025-01-16,22.14285714285714,9.76190476190476,0.0,27.22222222222223
2025-01-17,2.9365079365079367,0.0,0.0,0.0
2025-01-21,0.0,0.0,0.0,0.0
2025-01-22,0.0,0.0,0.0,0.0
2025-01-23,0.0,0.0,0.0,0.0
2025-01-24,0.0,0.0,0.0,0.0
2025-01-27,20.23809523809524,7.857142857142861,0.0,50.55555555555554
2025-01-28,1.9841269841269877,0.0,0.0,28.015873015873012
2025-01-29,3.8888888888888857,0.0,0.0,59.28571428571428
2025-01-30,0.0,0.0,0.0,56.428571428571416
2025-01-31,1.0317460317460387,0.0,0.0,48.809523809523796
2025-02-03,10.079365079365076,0.0,0.0,0.0
2025-02-04,0.0,0.0,0.0,2.301587301587304
2025-02-05,0.0,0.0,0.0,0.0
2025-02-06,0.0,0.0,0.0,0.0
2025-02-07,0.0,0.0,0.0,16.269841269841265
2025-02-10,0.0,0.0,0.0,0.0
2025-02-11,0.0,0.0,0.0,0.0
2025-02-12,0.0,0.0,0.0,8.333333333333329
2025-02-13,0.0,0.0,0.0,0.0
2025-02-14,0.0,0.0,0.0,0.0
2025-02-18,0.0,0.0,0.0,0.0
2025-02-19,0.0,0.0,0.0,0.0
2025-02-20,0.0,0.0,0.0,0.0
2025-02-21,0.0,0.0,0.0,57.53968253968253
2025-02-24,10.873015873015873,0.0,0.0,78.96825396825398
2025-02-25,25.634920634920633,12.61904761904762,0.0,89.76190476190476
2025-02-26,23.57142857142857,11.19047619047619,0.0,88.8095238095238
2025-02-27,47.85714285714286,30.714285714285722,0.0,95.47619047619048
2025-02-28,35.47619047619048,20.873015873015873,0.0,78.17460317460316
2025-03-03,51.66666666666666,33.888888888888886,0.0,86.5873015873016
2025-03-04,54.52380952380952,36.74603174603175,0.0,78.96825396825398
2025-03-05,45.793650793650784,28.968253968253975,0.0,64.36507936507937
2025-03-06,61.82539682539684,42.14285714285714,57.38095238095238,64.84126984126985
2025-03-07,58.17460317460316,38.968253968253975,56.428571428571416,76.74603174603175
2025-03-10,74.36507936507937,50.39682539682539,62.77777777777777,90.39682539682539
2025-03-11,75.0,51.190476190476204,63.412698412698404,89.44444444444446
2025-03-12,71.82539682539684,49.12698412698413,60.71428571428572,91.03174603174602
2025-03-13,76.5873015873016,52.61904761904762,64.68253968253967,85.0
2025-03-14,69.92063492063491,48.33333333333334,59.60317460317461,64.68253968253967
2025-03-17,66.74603174603175,45.793650793650784,58.492063492063494,0.0
2025-03-18,74.04761904761904,50.23809523809524,62.14285714285714,0.39682539682539186
2025-03-19,69.28571428571428,48.01587301587301,59.28571428571428,0.0
2025-03-20,71.1904761904762,48.809523809523796,60.07936507936509,0.0
2025-03-21,68.8095238095238,47.38095238095238,59.28571428571428,9.126984126984127
2025-03-24,58.809523809523796,39.28571428571428,56.269841269841265,0.0
2025-03-25,56.111111111111114,38.01587301587301,55.793650793650784,0.0
2025-03-26,65.0,43.888888888888886,58.33333333333334,0.0
2025-03-27,67.69841269841271,46.587301587301596,59.76190476190476,0.0
2025-03-28,77.69841269841271,53.888888888888886,65.79365079365078,65.0
2025-03-31,77.85714285714286,54.04761904761904,65.95238095238096,88.8095238095238
2025-04-01,75.47619047619048,51.82539682539684,64.20634920634922,86.26984126984127
2025-04-02,73.57142857142858,50.71428571428572,62.30158730158729,53.571428571428584
2025-04-03,86.11111111111111,61.031746031746025,77.22222222222223,96.11111111111111
2025-04-04,96.11111111111111,72.14285714285714,88.4920634920635,98.0
2025-04-07,95.79365079365078,71.34920634920636,88.01587301587301,98.0
2025-04-08,98.0,75.0,91.66666666666666,98.0
2025-04-09,79.76190476190476,55.793650793650784,66.9047619047619,61.98412698412699
2025-04-10,88.8095238095238,62.46031746031747,77.85714285714286,37.69841269841271
2025-04-11,85.0,59.60317460317461,73.25396825396825,0.0
2025-04-14,82.93650793650792,58.17460317460316,71.66666666666666,0.0
2025-04-15,82.77777777777777,58.01587301587301,70.55555555555554,0.0
2025-04-16,90.23809523809524,63.412698412698404,78.01587301587301,88.8095238095238
2025-04-17,90.07936507936509,63.25396825396825,77.85714285714286,26.746031746031747
2025-04-21,93.4126984126984,67.53968253968253,82.77777777777777,89.60317460317461
2025-04-22,89.28571428571428,62.93650793650792,77.38095238095238,70.07936507936509
2025-04-23,84.20634920634922,58.650793650793645,71.5079365079365,31.825396825396837
2025-04-24,78.33333333333334,54.206349206349216,63.571428571428584,0.0
2025-04-25,75.31746031746033,51.349206349206355,61.190476190476204,0.0
2025-04-28,75.47619047619048,51.507936507936506,61.031746031746025,0.0
2025-04-29,72.93650793650792,49.92063492063491,59.44444444444446,0.0
2025-04-30,72.61904761904762,49.60317460317461,58.968253968253975,0.0
2025-05-01,67.22222222222223,46.111111111111114,55.95238095238096,0.0
2025-05-02,61.190476190476204,41.190476190476204,53.888888888888886,0.0
2025-05-05,63.888888888888886,43.0952380952381,55.15873015873015,0.0
2025-05-06,66.9047619047619,45.793650793650784,55.793650793650784,0.0
2025-05-07,65.63492063492063,44.36507936507937,55.15873015873015,0.0
2025-05-08,61.507936507936506,41.66666666666666,53.730158730158735,0.0
2025-05-09,61.507936507936506,41.66666666666666,53.888888888888886,20.555555555555557
2025-05-12,36.587301587301596,21.984126984126988,0.0,0.0
2025-05-13,20.714285714285708,8.174603174603178,0.0,0.0
2025-05-14,11.666666666666671,0.0,0.0,0.0
2025-05-15,10.714285714285708,0.0,0.0,0.0
2025-05-16,5.158730158730165,0.0,0.0,0.0
2025-05-19,4.841269841269835,0.0,0.0,0.0
2025-05-20,3.8888888888888857,0.0,0.0,0.0
2025-05-21,0.0,13.888888888888886,0.0,42.77777777777777
2025-05-22,0.0,12.61904761904762,0.0,40.55555555555554
2025-05-23,0.0,19.603174603174608,0.0,63.571428571428584
2025-05-27,0.0,0.0,0.0,19.285714285714292
2025-05-28,0.0,0.5555555555555571,0.0,20.714285714285708
2025-05-29,0.0,0.0,0.0,0.0
2025-05-30,0.0,0.0,0.0,0.0
2025-06-02,0.0,0.0,0.0,0.0
2025-06-03,0.0,0.0,0.0,0.0
2025-06-04,0.0,0.0,0.0,0.0
2025-06-05,0.0,0.0,0.0,0.0
2025-06-06,0.0,0.0,0.0,0.0
2025-06-09,0.0,0.0,0.0,0.0
2025-06-10,0.0,0.0,0.0,0.0
2025-06-11,0.0,0.0,0.0,0.0
2025-06-12,0.0,0.0,0.0,0.0
2025-06-13,0.0,0.0,0.0,28.650793650793645
2025-06-16,0.0,0.0,0.0,0.0
2025-06-17,0.0,0.0,0.0,38.809523809523796
2025-06-18,0.0,0.0,0.0,29.603174603174608
2025-06-20,0.0,0.0,0.0,46.428571428571416
2025-06-23,0.0,0.0,0.0,0.0
2025-06-24,0.0,0.0,0.0,0.0
2025-06-25,0.0,0.0,0.0,0.0
2025-06-26,0.0,0.0,0.0,0.0
2025-06-27,0.0,0.0,0.0,0.0
2025-06-30,0.0,0.0,0.0,0.0
2025-07-01,0.0,0.0,0.0,0.0
2025-07-02,0.0,0.0,0.0,0.0
2025-07-03,0.0,0.0,0.0,0.0
2025-07-07,0.0,0.0,0.0,0.0
2025-07-08,0.0,0.0,0.0,14.047619047619051
2025-07-09,0.0,0.0,0.0,0.0
2025-07-10,0.0,0.0,0.0,0.0
2025-07-11,0.0,0.0,0.0,25.317460317460316
2025-07-14,0.0,0.0,0.0,0.0
2025-07-15,0.0,0.0,0.0,0.0
2025-07-16,0.0,0.0,0.0,10.23809523809524
2025-07-17,0.0,0.0,0.0,0.0
2025-07-18,0.0,0.0,0.0,0.0
2025-07-21,0.0,0.0,0.0,0.0
2025-07-22,0.0,0.0,0.0,0.0
2025-07-23,0.0,0.0,0.0,0.0
2025-07-24,0.0,0.0,0.0,0.0
2025-07-25,0.0,0.0,0.0,0.0
2025-07-28,0.0,0.0,0.0,0.0
2025-07-29,0.0,0.0,0.0,0.0
2025-07-30,0.0,0.0,0.0,0.0
2025-07-31,0.0,0.0,0.0,17.22222222222223
2025-08-01,0.0,0.0,0.0,60.71428571428572
2025-08-04,0.0,0.0,0.0,32.77777777777777
2025-08-05,0.0,0.0,0.0,45.31746031746033
2025-08-06,0.0,0.0,0.0,19.920634920634924
2025-08-07,0.0,0.0,0.0,0.0
2025-08-08,0.0,0.0,0.0,0.0
2025-08-11,0.0,0.0,0.0,0.0
2025-08-12,0.0,0.0,0.0,0.0
2025-08-13,0.0,0.0,0.0,0.0
2025-08-14,0.0,0.0,0.0,0.0
2025-08-15,0.0,0.0,0.0,4.206349206349202
2025-08-18,0.0,0.0,0.0,0.0
2025-08-19,0.0,0.0,0.0,56.9047619047619
2025-08-20,0.0,0.0,0.0,65.95238095238096
2025-08-21,3.4126984126984183,0.0,0.0,72.46031746031747
2025-08-22,0.0,0.0,0.0,36.74603174603175
2025-08-25,0.0,0.0,0.0,44.36507936507937
2025-08-26,0.0,0.0,0.0,0.0
2025-08-27,0.0,0.0,0.0,0.0
2025-08-28,0.0,0.0,0.0,0.0
2025-08-29,0.0,0.0,0.0,25.0
2025-09-02,0.0,0.0,0.0,34.52380952380952
2025-09-03,0.0,0.0,0.0,27.063492063492063
2025-09-04,0.0,0.0,0.0,7.2222222222222285
2025-09-05,0.0,0.0,0.0,20.23809523809524
2025-09-08,0.0,0.0,0.0,0.0
2025-09-09,0.0,0.0,0.0,0.0
2025-09-10,0.0,0.0,0.0,0.0
2025-09-11,0.0,0.0,0.0,0.0
2025-09-12,0.0,0.0,0.0,0.0
2025-09-15,0.0,0.0,0.0,0.0
2025-09-16,0.0,0.0,0.0,0.0
2025-09-17,0.0,0.0,0.0,0.0
2025-09-18,0.0,0.0,0.0,0.0
2025-09-19,0.0,0.0,0.0,0.0
2025-09-22,0.0,0.0,0.0,0.0
2025-09-23,0.0,0.0,0.0,0.0
2025-09-24,0.0,0.0,0.0,0.0
2025-09-25,0.0,0.0,0.0,22.460317460317455
2025-09-26,0.0,0.0,0.0,28.968253968253975
2025-09-29,0.0,0.0,0.0,30.873015873015873
2025-09-30,0.0,0.0,0.0,5.317460317460316
2025-10-01,0.0,0.0,0.0,0.0
2025-10-02,0.0,0.0,0.0,0.0
2025-10-03,0.0,0.0,0.0,0.0
2025-10-06,0.0,0.0,0.0,0.0
2025-10-07,0.0,0.0,0.0,0.0
2025-10-08,0.0,0.0,0.0,0.0
2025-10-09,0.0,0.0,0.0,0.0
2025-10-10,14.523809523809518,1.8253968253968225,0.0,62.93650793650792
2025-10-13,0.0,0.0,0.0,38.492063492063494
2025-10-14,0.0,0.0,0.0,43.25396825396825
2025-10-15,0.0,0.0,0.0,52.77777777777777
2025-10-16,0.0,0.0,0.0,55.47619047619048
2025-10-17,0.0,0.0,0.0,0.0
2025-10-20,0.0,0.0,0.0,0.0
2025-10-21,0.0,0.0,0.0,0.0
2025-10-22,0.0,0.0,0.0,1.6666666666666714
2025-10-23,0.0,0.0,0.0,0.0
2025-10-24,0.0,0.0,0.0,0.0
2025-10-27,0.0,0.0,0.0,0.0
2025-10-28,0.0,0.0,0.0,0.0
2025-10-29,0.0,0.0,0.0,0.0
2025-10-30,0.0,0.0,0.0,0.0
2025-10-31,0.0,0.0,0.0,0.0
2025-11-03,0.0,0.0,0.0,0.7142857142857082
2025-11-04,4.523809523809518,0.0,0.0,62.93650793650792
2025-11-05,0.0,0.0,0.0,58.650793650793645
2025-11-06,18.33333333333333,6.269841269841265,0.0,65.0
2025-11-07,21.984126984126988,9.285714285714292,0.0,76.5873015873016
2025-11-10,0.0,0.0,0.0,50.39682539682539
2025-11-11,0.0,0.0,0.0,6.904761904761898
2025-11-12,0.07936507936507553,0.0,0.0,27.85714285714286
2025-11-13,26.269841269841265,13.412698412698418,0.0,30.23809523809524
2025-11-14,25.634920634920633,12.936507936507937,0.0,22.14285714285714
2025-11-17,34.04761904761904,21.03174603174604,0.0,77.22222222222223
2025-11-18,45.31746031746033,30.07936507936509,0.0,85.0
2025-11-19,38.968253968253975,25.0,0.0,79.44444444444446
2025-11-20,55.47619047619048,37.85714285714286,0.0,82.46031746031747
2025-11-21,51.82539682539684,34.68253968253967,0.0,75.63492063492063
2025-11-24,31.190476190476204,18.015873015873012,0.0,7.857142857142861
2025-11-25,24.04761904761905,11.19047619047619,0.0,0.0
2025-11-26,13.253968253968253,0.5555555555555571,0.0,0.0
2025-11-28,5.317460317460316,0.0,0.0,0.0
2025-12-01,10.396825396825392,0.0,0.0,0.0
2025-12-02,0.0,0.0,0.0,0.0
2025-12-03,0.0,0.0,0.0,0.0
2025-12-04,0.0,0.0,0.0,0.0
2025-12-05,0.0,0.0,0.0,0.0
2025-12-08,0.0,0.0,0.0,0.0
2025-12-09,0.0,0.0,0.0,4.047619047619051
2025-12-10,0.0,0.0,0.0,0.0
2025-12-11,0.0,0.0,0.0,5.0
2025-12-12,15.793650793650798,3.095238095238102,0.0,58.650793650793645
2025-12-15,21.19047619047619,8.492063492063494,0.0,61.82539682539684
2025-12-16,17.85714285714286,5.793650793650798,0.0,60.55555555555554
2025-12-17,38.01587301587301,24.04761904761905,0.0,87.69841269841271
2025-12-18,23.730158730158735,10.873015873015873,0.0,68.4920634920635
2025-12-19,8.650793650793645,0.0,0.0,0.0
2025-12-22,2.9365079365079367,0.0,0.0,0.0
2025-12-23,0.0,0.0,0.0,0.0
2025-12-24,0.0,0.0,0.0,0.0
2025-12-26,0.0,0.0,0.0,0.0
2025-12-29,0.0,0.0,0.0,0.0
2025-12-30,2.6190476190476204,0.0,0.0,17.539682539682545
2025-12-31,12.301587301587304,0.0,0.0,48.01587301587301
2026-01-02,14.365079365079367,1.9841269841269877,0.0,54.52380952380952
2026-01-05,6.428571428571431,0.0,0.0,38.650793650793645
2026-01-06,0.0,0.0,0.0,3.4126984126984183
2026-01-07,0.0,0.0,0.0,0.0
2026-01-08,0.0,0.0,0.0,0.0
2026-01-09,0.0,0.0,0.0,0.0
2026-01-12,0.0,0.0,0.0,0.0
2026-01-13,0.0,0.0,0.0,5.952380952380949
2026-01-14,1.6666666666666714,0.0,0.0,33.730158730158735
2026-01-15,0.0,0.0,0.0,12.301587301587304
2026-01-16,0.0,0.0,0.0,37.69841269841271
2026-01-20,25.634920634920633,12.936507936507937,0.0,75.79365079365078
2026-01-21,9.444444444444443,0.0,0.0,52.30158730158729
2026-01-22,0.0,0.0,0.0,10.555555555555557
2026-01-23,0.0,0.0,0.0,9.920634920634924
2026-01-26,0.0,0.0,0.0,0.0
2026-01-27,0.0,0.0,0.0,0.0
2026-01-28,0.0,0.0,0.0,0.0
2026-01-29,0.0,0.0,0.0,0.0
2026-01-30,0.0,0.0,0.0,21.66666666666667
2026-02-02,0.0,0.0,0.0,15.0
2026-02-03,4.047619047619051,0.0,0.0,63.571428571428584
2026-02-04,25.793650793650798,17.38095238095238,0.0,87.38095238095238
2026-02-05,38.650793650793645,28.492063492063494,0.0,92.77777777777777
2026-02-06,15.952380952380949,7.38095238095238,0.0,55.63492063492063
2026-02-09,7.2222222222222285,0.0,0.0,55.15873015873015
2026-02-10,12.777777777777771,5.634920634920633,0.0,35.15873015873015
2026-02-11,9.920634920634924,1.5079365079365061,0.0,0.0
2026-02-12,33.571428571428584,22.936507936507937,0.0,0.0
2026-02-13,32.30158730158729,21.825396825396822,0.0,48.33333333333334
2026-02-17,33.25396825396825,22.301587301587304,0.0,62.14285714285714
2026-02-18,24.682539682539684,16.111111111111114,0.0,36.74603174603175
2026-02-19,29.76190476190476,19.603174603174608,0.0,51.66666666666666
2026-02-20,17.698412698412696,10.714285714285708,0.0,0.0
2026-02-23,32.61904761904762,21.984126984126988,0.0,18.492063492063494
2026-02-24,19.285714285714292,11.984126984126988,0.0,0.0
2026-02-25,2.6190476190476204,0.0,0.0,0.0
2026-02-26,16.58730158730158,8.650793650793645,0.0,0.0
2026-02-27,20.714285714285708,13.412698412698418,0.0,21.19047619047619
2026-03-02,18.33333333333333,11.19047619047619,0.0,0.0
2026-03-03,32.30158730158729,21.825396825396822,0.0,41.82539682539684
2026-03-04,14.047619047619051,5.317460317460316,0.0,37.85714285714286
2026-03-05,17.22222222222223,9.126984126984127,0.0,18.33333333333333
2026-03-06,35.31746031746033,24.682539682539684,0.0,47.06349206349208
2026-03-09,20.555555555555557,13.253968253968253,0.0,19.126984126984127
2026-03-10,21.19047619047619,13.730158730158735,0.0,0.0
2026-03-11,20.873015873015873,13.412698412698418,0.0,28.333333333333343
2026-03-12,40.23809523809524,29.76190476190476,0.0,58.968253968253975
2026-03-13,46.587301587301596,32.93650793650792,0.0,43.730158730158735
2026-03-16,35.63492063492063,24.206349206349202,0.0,46.587301587301596
2026-03-17,30.873015873015873,20.555555555555557,0.0,32.61904761904762
2026-03-18,45.63492063492063,32.46031746031747,0.0,61.507936507936506
2026-03-19,47.53968253968253,33.571428571428584,0.0,32.93650793650792
2026-03-20,57.69841269841271,40.87301587301587,55.63492063492063,59.28571428571428
2026-03-23,51.190476190476204,36.428571428571416,54.04761904761904,57.22222222222223
2026-03-24,55.15873015873015,39.76190476190476,55.0,76.5873015873016
2026-03-25,52.14285714285714,36.74603174603175,54.206349206349216,43.25396825396825
2026-03-26,63.412698412698404,44.52380952380952,59.76190476190476,76.9047619047619
2026-03-27,70.23809523809524,49.44444444444446,64.68253968253967,77.69841269841271
2026-03-30,73.25396825396825,50.71428571428572,67.38095238095238,92.93650793650792
2026-03-31,59.92063492063491,42.14285714285714,57.69841269841271,43.25396825396825
2026-04-01,54.04761904761904,38.33333333333334,54.52380952380952,28.333333333333343
2026-04-02,53.412698412698404,37.38095238095238,54.36507936507937,0.0
2026-04-06,50.23809523809524,35.15873015873015,53.571428571428584,0.0
2026-04-07,50.07936507936509,35.0,53.571428571428584,0.0
2026-04-08,24.682539682539684,15.793650793650798,0.0,0.0
2026-04-09,14.365079365079367,5.317460317460316,0.0,0.0
2026-04-10,11.984126984126988,4.047619047619051,0.0,0.0
2026-04-13,0.0,0.0,0.0,0.0
2026-04-14,0.0,0.0,0.0,0.0
2026-04-15,0.0,0.0,0.0,0.0
2026-04-16,0.0,0.0,0.0,0.0
2026-04-17,0.0,0.0,0.0,0.0
2026-04-20,0.0,0.0,0.0,0.0
2026-04-21,0.0,0.0,0.0,0.0
2026-04-22,0.0,0.0,0.0,0.0
2026-04-23,0.0,0.0,0.0,0.0
2026-04-24,0.0,0.0,0.0,0.0
2026-04-27,0.0,0.0,0.0,0.0
2026-04-28,0.0,0.0,0.0,0.0
2026-04-29,0.0,0.0,0.0,0.0
2026-04-30,0.0,0.0,0.0,0.0
2026-05-01,0.0,0.0,0.0,0.0
2026-05-04,0.0,0.0,0.0,0.0
2026-05-05,0.0,0.0,0.0,0.0
2026-05-06,0.0,0.0,0.0,0.0
2026-05-07,0.0,0.0,0.0,0.0
2026-05-08,0.0,0.0,0.0,0.0
2026-05-11,0.0,0.0,0.0,0.0
2026-05-12,0.0,0.0,0.0,0.0
2026-05-13,0.0,0.0,0.0,0.0
2026-05-14,0.0,0.0,0.0,0.0
2026-05-15,0.0,0.0,0.0,26.111111111111114
2026-05-18,0.0,0.0,0.0,44.84126984126985
2026-05-19,1.349206349206355,0.0,0.0,36.269841269841265
2026-05-20,0.0,0.0,0.0,23.41269841269842
2026-05-21,0.0,0.0,0.0,34.84126984126985
2026-05-22,0.0,0.0,0.0,0.0
2026-05-26,0.0,0.0,0.0,0.0
2026-05-27,0.0,0.0,0.0,0.0
2026-05-28,0.0,0.0,0.0,0.0
2026-05-29,0.0,0.0,0.0,0.0
2026-06-01,0.0,0.0,0.0,0.0
2026-06-02,0.0,0.0,0.0,0.0
2026-06-03,0.0,0.0,0.0,0.0
2026-06-04,0.0,0.0,0.0,0.0
2026-06-05,37.69841269841271,23.57142857142857,0.0,89.44444444444446
2026-06-08,22.14285714285714,8.333333333333329,0.0,81.66666666666666
2026-06-09,35.0,21.19047619047619,0.0,92.93650793650792
2026-06-10,50.23809523809524,33.25396825396825,0.0,96.5873015873016
2026-06-11,19.126984126984127,5.793650793650798,0.0,76.5873015873016
2026-06-12,11.19047619047619,0.0,0.0,0.0
2026-06-15,0.0,0.0,0.0,0.0
2026-06-16,0.0,0.0,0.0,0.0
2026-06-17,10.23809523809524,0.0,0.0,0.0
2026-06-18,0.0,0.0,0.0,0.0
2026-06-22,0.0,0.0,0.0,0.0
2026-06-23,25.47619047619048,11.825396825396822,0.0,84.04761904761904
2026-06-24,30.23809523809524,17.22222222222223,0.0,66.9047619047619
2026-06-25,19.126984126984127,5.952380952380949,0.0,34.36507936507937
2026-06-26,33.412698412698404,19.76190476190476,0.0,86.11111111111111
2026-06-29,5.634920634920633,0.0,0.0,56.428571428571416
2026-06-30,0.0,0.0,0.0,0.0
2026-07-01,4.523809523809518,0.0,0.0,0.0
2026-07-02,26.111111111111114,12.142857142857139,0.0,25.0
2026-07-06,8.333333333333329,0.0,0.0,0.0
2026-07-07,31.507936507936506,18.015873015873012,0.0,58.968253968253975
2026-07-08,28.650793650793645,15.158730158730165,0.0,78.4920634920635
2026-07-09,7.063492063492063,0.0,0.0,22.460317460317455
2026-07-10,2.9365079365079367,0.0,0.0,0.0
2026-07-13,28.333333333333343,15.0,0.0,49.44444444444446
2026-07-14,12.301587301587304,0.0,0.0,0.0
2026-07-15,15.317460317460316,2.460317460317455,0.0,0.0
2026-07-16,36.111111111111114,21.984126984126988,0.0,64.20634920634922
2026-07-17,48.17460317460316,32.14285714285714,0.0,85.47619047619048
2026-07-20,47.85714285714286,31.825396825396837,0.0,62.46031746031747
2026-07-21,31.825396825396837,18.174603174603178,0.0,48.809523809523796
2026-07-22,36.111111111111114,22.14285714285714,0.0,52.61904761904762
2026-07-23,51.82539682539684,34.04761904761904,0.0,57.85714285714286
2026-07-24,57.53968253968253,39.60317460317461,0.0,51.507936507936506
