date,return_20,return_63,above_ma20,low_vxn,term_contango,above_ma200,return_252,breadth_concentration_20,breadth_concentration_63,rsi,up_day_share
2016-07-25,98.04625199362042,50.990916597853015,91.19521912350598,67.26190476190476,97.97619047619048,43.2093023255814,13.356164383561644,,,83.92857142857143,43.53174603174603
2016-07-26,99.0,55.48679867986799,86.02707006369427,63.92857142857143,96.30952380952381,45.49256505576208,15.20039100684262,,,85.27777777777777,43.53174603174603
2016-07-27,98.60668789808918,66.9002473206925,88.74303898170247,73.37301587301587,96.54761904761905,50.74280408542247,14.892578125,,,90.75396825396825,65.51587301587301
2016-07-28,97.09626093874304,77.38879736408566,88.8314785373609,77.38095238095238,96.94444444444444,52.829313543599255,14.487804878048781,,,93.92857142857143,65.51587301587301
2016-07-29,94.47535771065183,81.85185185185185,86.53693407466243,89.4047619047619,98.92857142857143,54.44856348470806,14.181286549707602,,,94.64285714285714,83.88888888888889
2016-08-01,94.71803018268467,79.81085526315789,89.4047619047619,81.82539682539682,97.57936507936508,57.638888888888886,16.309639727361247,,,97.34126984126983,83.84920634920636
2016-08-02,94.24603174603175,80.40262941659819,72.97619047619048,68.92857142857143,92.5,51.85013876040703,14.445525291828794,,,83.45238095238095,83.80952380952381
2016-08-03,92.42063492063492,86.08374384236453,73.05555555555556,72.06349206349206,95.91269841269842,54.20517560073937,16.472303206997086,,,86.78571428571429,83.76984126984127
2016-08-04,91.78571428571429,87.57178014766201,71.62698412698413,82.81746031746032,97.89682539682539,55.26315789473684,14.902912621359222,,,88.61111111111111,94.96031746031746
2016-08-05,88.53174603174604,89.95901639344262,82.57936507936508,91.78571428571429,99.0,62.03874538745387,20.32007759456838,,,95.9920634920635,94.92063492063492
2016-08-08,83.61111111111111,88.001638001638,76.78571428571429,88.4920634920635,99.0,60.96774193548387,20.49418604651163,,,93.92857142857143,94.88095238095238
2016-08-09,81.54761904761905,81.46481178396073,76.62698412698413,86.78571428571429,98.61111111111111,62.10865561694291,18.15101645692159,,,95.27777777777777,94.84126984126983
2016-08-10,81.54761904761905,85.32297628781684,69.08730158730158,81.23015873015873,98.13492063492063,60.30358785648574,21.131528046421664,,,89.8015873015873,83.41269841269842
2016-08-11,79.88095238095238,89.66503267973856,71.78571428571429,84.92063492063492,98.76984126984127,62.91360294117647,21.40096618357488,,,93.84920634920636,83.37301587301587
2016-08-12,81.15079365079364,92.04081632653062,69.72222222222223,89.24603174603175,99.0,63.95775941230487,21.766409266409266,,,94.16666666666667,83.33333333333333
2016-08-15,79.64285714285714,87.72430668841761,72.26190476190476,89.04761904761905,98.61111111111111,67.4770642201835,22.034715525554486,,,97.10317460317461,83.2936507936508
2016-08-16,77.26190476190476,91.23879380603097,57.34126984126984,75.35714285714286,97.42063492063492,61.27406049495875,18.545279383429673,,,82.26190476190476,83.25396825396825
2016-08-17,66.46825396825396,90.26872964169381,57.73809523809524,77.73809523809524,97.73809523809524,62.5,20.356111645813282,,,84.72222222222223,83.21428571428571
2016-08-18,69.32539682539682,93.28722538649308,55.198412698412696,87.10317460317461,99.0,63.357731015553526,22.259615384615383,,,85.67460317460318,83.17460317460318
2016-08-19,64.48412698412699,87.35772357723577,50.51587301587302,94.76190476190476,99.0,62.38574040219378,28.67435158501441,,,83.69047619047619,64.32539682539682
2016-08-22,65.11904761904762,88.50528025995126,48.69047619047619,89.04761904761905,96.7063492063492,62.96803652968037,41.506717850287906,,,84.64285714285714,83.13492063492063
2016-08-23,66.07142857142857,77.96266233766234,50.11904761904762,85.95238095238095,94.0079365079365,65.28284671532846,57.4784276126558,,,87.73809523809524,83.0952380952381
2016-08-24,52.26190476190476,68.41038118410381,35.198412698412696,69.72222222222223,80.43650793650794,59.02461257976299,56.752873563218394,,,62.65873015873016,83.05555555555556
2016-08-25,45.43650793650794,64.87034035656401,31.30952380952381,68.33333333333333,77.73809523809524,57.513661202185794,36.698564593301434,,,55.992063492063494,64.04761904761905
2016-08-26,45.27777777777778,62.22672064777328,33.37301587301587,71.26984126984127,80.51587301587301,58.9171974522293,30.449330783938816,,,60.75396825396825,64.04761904761905
2016-08-29,40.75396825396825,61.69093851132686,35.43650793650794,73.69047619047619,92.18253968253968,59.68181818181818,30.515759312320917,,,65.43650793650794,64.0079365079365
2016-08-30,45.992063492063494,59.62004850444624,29.72222222222222,72.22222222222223,89.96031746031746,56.630336058128975,32.967557251908396,,,51.23015873015873,63.96825396825397
2016-08-31,41.07142857142857,57.47172859450727,27.738095238095237,68.25396825396825,84.8015873015873,55.58076225045372,43.612964728312676,,,46.388888888888886,42.22222222222222
2016-09-01,41.70634920634921,62.75221953188055,30.595238095238095,67.57936507936508,86.78571428571429,58.25022665457842,34.523809523809526,,,56.54761904761905,42.26190476190476
2016-09-02,35.198412698412696,62.78225806451613,35.992063492063494,84.28571428571429,98.45238095238095,60.280797101449274,37.53568030447193,,,66.7063492063492,64.04761904761905
2016-09-06,42.34126984126984,69.50040290088639,45.833333333333336,84.24603174603175,98.05555555555556,66.01809954751131,44.91444866920152,,,80.43650793650794,64.08730158730158
2016-09-07,40.51587301587302,68.80032206119162,46.15079365079365,90.03968253968254,98.13492063492063,66.59132007233273,34.42545109211776,,,81.15079365079364,64.12698412698413
2016-09-08,37.976190476190474,65.60740144810941,36.07142857142857,81.54761904761905,96.62698412698413,60.74977416440831,36.29032258064516,,,57.26190476190476,64.12698412698413
2016-09-09,15.119047619047619,54.38102893890675,10.198412698412698,38.45238095238095,24.166666666666668,38.58303249097473,27.156398104265403,,,5.833333333333333,64.12698412698413
2016-09-12,25.1984126984127,73.855421686747,26.150793650793652,68.69047619047619,55.833333333333336,53.96753832281335,29.30871212121212,,,31.865079365079364,64.08730158730158
2016-09-13,17.023809523809526,67.85714285714286,17.5,38.53174603174603,20.674603174603174,47.7027027027027,28.429517502365183,,,17.896825396825395,42.22222222222222
2016-09-14,24.484126984126984,73.25581395348837,23.69047619047619,35.833333333333336,20.27777777777778,50.72007200720072,26.70132325141777,,,25.674603174603174,64.04761904761905
2016-09-15,36.94444444444444,81.04967948717949,47.34126984126984,57.301587301587304,43.84920634920635,62.72482014388489,29.131255901794145,,,51.94444444444444,83.13492063492063
2016-09-16,35.75396825396825,87.30984787830265,46.46825396825397,71.5079365079365,67.73809523809524,62.21922731356694,29.00943396226415,,,51.07142857142857,63.92857142857143
2016-09-19,31.38888888888889,81.32,38.69047619047619,59.44444444444444,58.37301587301587,58.93177737881508,31.24410933081998,,,41.07142857142857,42.1031746031746
2016-09-20,33.13492063492063,80.61550759392486,41.54761904761905,54.801587301587304,50.833333333333336,60.044843049327355,31.120527306967986,,,44.166666666666664,42.142857142857146
2016-09-21,40.833333333333336,87.57987220447285,61.46825396825397,73.76984126984127,94.8015873015873,69.84767025089606,38.89934148635936,,,63.69047619047619,42.182539682539684
2016-09-22,57.26190476190476,83.83878691141261,73.69047619047619,92.77777777777777,99.0,75.15666965085049,42.05827067669173,,,73.2936507936508,64.08730158730158
2016-09-23,53.214285714285715,96.5311004784689,59.72222222222222,89.0079365079365,98.2936507936508,70.25939177101968,40.328638497652584,,,58.05555555555556,64.08730158730158
2016-09-26,40.67460317460318,97.41035856573706,41.30952380952381,55.992063492063494,80.1984126984127,61.08132260947274,40.290806754221386,,,39.642857142857146,42.22222222222222
2016-09-27,51.54761904761905,96.45700636942675,60.595238095238095,71.98412698412699,94.88095238095238,71.29464285714286,55.90440487347704,,,56.785714285714285,64.16666666666667
2016-09-28,55.992063492063494,93.75497215592681,62.182539682539684,72.65873015873017,97.73809523809524,72.47992863514719,59.31647940074907,,,59.32539682539682,64.2063492063492
2016-09-29,49.32539682539682,83.66454689984101,44.24603174603175,57.976190476190474,84.16666666666667,64.66131907308377,46.72591206735267,,,42.182539682539684,42.26190476190476
2016-09-30,54.642857142857146,85.34551231135822,58.92857142857143,65.75396825396825,91.54761904761905,71.9946571682992,48.271028037383175,,,55.992063492063494,64.28571428571429
2016-10-03,49.32539682539682,88.05555555555556,53.611111111111114,61.82539682539682,85.51587301587301,69.97330960854093,40.289449112978524,,,51.23015873015873,64.24603174603175
2016-10-04,39.56349206349206,82.57936507936508,49.56349206349206,57.65873015873016,85.43650793650794,68.57777777777778,34.281716417910445,,,47.023809523809526,42.182539682539684
2016-10-05,42.976190476190474,82.81746031746032,56.94444444444444,61.785714285714285,93.84920634920636,71.80284191829485,37.69804287045666,,,55.11904761904762,42.142857142857146
2016-10-06,49.72222222222222,72.26190476190476,53.45238095238095,63.29365079365079,94.32539682539682,70.58562555456966,35.14897579143389,,,52.57936507936508,20.515873015873016
2016-10-07,74.56349206349206,67.18253968253968,44.96031746031746,63.73015873015873,88.61111111111111,68.39539007092199,33.53488372093023,,,46.54761904761905,20.555555555555557
2016-10-10,61.785714285714285,67.81746031746032,55.27777777777778,65.11904761904762,79.56349206349206,73.02922940655448,33.78252788104089,,,60.75396825396825,42.22222222222222
2016-10-11,55.992063492063494,58.214285714285715,26.706349206349206,47.53968253968254,34.642857142857146,58.6283185840708,29.015784586815226,,,25.91269841269841,20.595238095238095
2016-10-12,50.833333333333336,52.57936507936508,24.96031746031746,44.76190476190476,20.238095238095237,58.39964633068082,30.380333951762523,,,25.03968253968254,6.150793650793651
2016-10-13,29.404761904761905,50.91269841269841,20.91269841269841,39.48412698412698,14.642857142857142,55.079505300353354,29.888785912882298,,,19.72222222222222,6.190476190476191
2016-10-14,31.23015873015873,46.46825396825397,23.055555555555557,42.38095238095238,24.8015873015873,55.56045895851721,26.15740740740741,,,21.30952380952381,6.23015873015873
2016-10-17,34.24603174603175,47.57936507936508,19.642857142857142,40.07936507936508,23.452380952380953,53.65961199294533,24.190564292321923,,,17.738095238095237,6.26984126984127
2016-10-18,40.595238095238095,44.96031746031746,31.071428571428573,48.095238095238095,36.388888888888886,60.83700440528634,25.277264325323475,,,36.86507936507937,20.952380952380953
2016-10-19,29.404761904761905,46.15079365079365,30.357142857142858,55.67460317460318,56.23015873015873,60.34330985915493,27.008310249307478,,,34.96031746031746,6.309523809523809
2016-10-20,23.134920634920636,43.13492063492063,30.03968253968254,63.888888888888886,74.56349206349206,59.05892700087951,28.09040590405904,,,33.37301587301587,6.349206349206349
2016-10-21,32.26190476190476,45.595238095238095,36.86507936507937,66.98412698412699,83.2936507936508,61.81898066783831,23.36405529953917,,,41.86507936507937,21.150793650793652
2016-10-24,54.96031746031746,54.32539682539682,59.08730158730159,74.24603174603175,81.94444444444444,73.1782265144864,20.76427255985267,,,69.0079365079365,21.19047619047619
2016-10-25,38.84920634920635,45.51587301587302,49.72222222222222,60.87301587301587,71.30952380952381,69.4298245614035,18.813247470101196,,,57.65873015873016,21.23015873015873
2016-10-26,30.03968253968254,38.69047619047619,37.8968253968254,53.76984126984127,55.595238095238095,61.56879929886065,17.141544117647058,,,39.96031746031746,21.26984126984127
2016-10-27,33.76984126984127,33.37301587301587,30.03968253968254,42.698412698412696,33.611111111111114,56.69877408056042,14.738292011019285,,,29.246031746031747,21.30952380952381
2016-10-28,21.785714285714285,25.357142857142858,22.658730158730158,33.73015873015873,20.91269841269841,50.43744531933508,13.440366972477063,,,17.57936507936508,6.388888888888889
2016-10-31,22.42063492063492,29.325396825396826,22.42063492063492,25.436507936507937,12.261904761904763,49.60664335664335,14.61961503208066,,,16.150793650793652,6.428571428571429
2016-11-01,18.76984126984127,23.76984126984127,15.198412698412698,17.936507936507937,5.595238095238095,43.624454148471614,10.393772893772894,,,8.61111111111111,1.3095238095238095
2016-11-02,12.341269841269842,20.357142857142858,10.833333333333334,15.555555555555555,3.8492063492063493,35.20942408376963,8.462946020128088,,,4.484126984126984,1.3492063492063493
2016-11-03,10.03968253968254,15.753968253968255,6.785714285714286,11.944444444444445,1.0,26.983435047951176,6.078610603290676,,,1.7857142857142858,1.3888888888888888
2016-11-04,9.563492063492063,15.03968253968254,6.23015873015873,10.357142857142858,1.0,24.085365853658537,5.616438356164384,,,1.0,1.0
2016-11-07,15.674603174603174,20.1984126984127,25.03968253968254,22.817460317460316,1.9444444444444444,42.08006962576153,10.812043795620438,,,22.023809523809526,1.0
2016-11-08,30.11904761904762,23.134920634920636,35.198412698412696,19.8015873015873,1.7063492063492063,47.869565217391305,14.904284412032817,,,33.05555555555556,1.5873015873015872
2016-11-09,36.07142857142857,23.293650793650794,41.94444444444444,45.714285714285715,49.88095238095238,50.347523892267596,16.712204007285976,,,39.24603174603175,6.944444444444445
2016-11-10,24.08730158730159,18.293650793650794,19.08730158730159,27.103174603174605,52.34126984126984,35.807291666666664,12.875341219290265,,,16.46825396825397,6.984126984126984
2016-11-11,23.928571428571427,17.817460317460316,20.674603174603174,27.976190476190474,66.46825396825396,36.383347788378146,16.045454545454547,,,18.055555555555557,22.103174603174605
2016-11-14,18.61111111111111,16.626984126984127,12.182539682539682,22.5,62.34126984126984,27.599653379549395,17.393278837420528,,,9.563492063492063,22.142857142857142
2016-11-15,21.547619047619047,19.404761904761905,26.785714285714285,39.08730158730159,73.2936507936508,37.18614718614719,17.37749546279492,,,24.325396825396826,43.69047619047619
2016-11-16,25.753968253968253,20.99206349206349,36.54761904761905,43.05555555555556,69.48412698412699,41.13321799307958,18.812330009066184,,,33.37301587301587,65.03968253968254
2016-11-17,33.45238095238095,23.452380952380953,49.56349206349206,59.08730158730159,69.72222222222223,48.098530682800344,16.621376811594203,3.9682539682539684,,43.214285714285715,83.69047619047619
2016-11-18,25.833333333333332,21.865079365079364,42.57936507936508,64.76190476190476,84.96031746031746,44.689119170984455,15.158371040723981,3.90625,,37.34126984126984,83.65079365079364
2016-11-21,25.11904761904762,25.357142857142858,66.78571428571429,77.22222222222223,91.78571428571429,51.89818809318378,16.59132007233273,3.8461538461538463,,52.34126984126984,83.61111111111111
2016-11-22,29.96031746031746,31.944444444444443,72.34126984126983,84.44444444444444,92.10317460317461,53.4051724137931,17.389340560072267,1.0,,57.26190476190476,83.57142857142857
2016-11-23,33.29365079365079,29.96031746031746,64.64285714285714,84.88095238095238,92.65873015873017,49.31093884582257,17.012635379061372,1.0,,47.976190476190474,64.72222222222223
2016-11-25,41.54761904761905,31.30952380952381,70.75396825396825,82.38095238095238,94.96031746031746,50.81755593803786,17.44815148782687,1.0,,53.53174603174603,83.53174603174604
2016-11-28,46.15079365079365,28.373015873015873,63.92857142857143,70.95238095238095,87.73809523809524,48.28030954428203,16.8018018018018,6.521739130434782,,47.34126984126984,64.60317460317461
2016-11-29,51.62698412698413,32.8968253968254,69.48412698412699,73.69047619047619,91.23015873015873,50.38659793814433,18.046804680468046,10.714285714285714,,53.45238095238095,83.4920634920635
2016-11-30,43.69047619047619,25.11904761904762,41.15079365079365,70.67460317460318,84.56349206349206,37.81115879828326,12.005395683453237,6.338028169014085,,29.166666666666668,64.48412698412699
2016-12-01,36.30952380952381,19.00793650793651,17.57936507936508,44.166666666666664,75.83333333333333,25.428816466552316,9.838274932614555,2.0833333333333335,,10.674603174603174,43.01587301587302
2016-12-02,48.611111111111114,18.53174603174603,18.055555555555557,46.54761904761905,77.26190476190476,25.664095972579265,13.868940754039498,7.534246575342466,,11.706349206349206,42.976190476190474
2016-12-05,62.182539682539684,19.00793650793651,27.103174603174605,60.43650793650794,98.05555555555556,31.20719178082192,10.538116591928251,6.081081081081081,,22.023809523809526,64.44444444444444
2016-12-06,37.65873015873016,19.484126984126984,30.1984126984127,68.01587301587301,98.53174603174604,32.634730538922156,12.231182795698924,2.0,,25.99206349206349,64.4047619047619
2016-12-07,44.56349206349206,26.46825396825397,53.611111111111114,69.0079365079365,96.46825396825396,43.717948717948715,15.711727842435094,1.0,,45.75396825396825,64.36507936507937
2016-12-08,41.23015873015873,45.43650793650794,56.23015873015873,75.67460317460318,92.65873015873017,45.13236549957301,20.25939177101968,1.0,,48.13492063492063,83.45238095238095
2016-12-09,67.97619047619048,38.76984126984127,69.0079365079365,84.56349206349206,97.65873015873017,49.87201365187713,20.866845397676496,17.307692307692307,,61.70634920634921,83.41269841269842
2016-12-12,62.26190476190476,41.785714285714285,56.86507936507937,90.51587301587301,92.65873015873017,46.41943734015345,24.955357142857142,29.746835443037973,,50.75396825396825,83.37301587301587
2016-12-13,84.48412698412699,47.023809523809526,75.91269841269842,83.37301587301587,91.23015873015873,55.49403747870528,26.538804638715433,80.625,,69.88095238095238,83.33333333333333
2016-12-14,69.48412698412699,33.84920634920635,68.69047619047619,79.84126984126983,82.34126984126983,52.97872340425532,24.28698752228164,88.27160493827161,,64.48412698412699,83.2936507936508
2016-12-15,65.35714285714286,36.15079365079365,70.5952380952381,85.5952380952381,90.35714285714286,54.29421768707483,21.682991985752448,77.4390243902439,,67.65873015873017,94.92063492063492
2016-12-16,54.88095238095238,36.94444444444444,60.51587301587302,96.42857142857143,96.94444444444444,50.424808836023786,24.33274021352313,50.0,,57.8968253968254,83.17460317460318
2016-12-19,62.1031746031746,38.13492063492063,66.7063492063492,96.7063492063492,98.2936507936508,53.607809847198645,30.08888888888889,56.54761904761905,,65.5952380952381,83.13492063492063
2016-12-20,55.75396825396825,33.13492063492063,72.10317460317461,96.74603174603175,99.0,56.191687871077185,28.374777975133213,65.29411764705883,,70.51587301587301,83.0952380952381
2016-12-21,51.388888888888886,26.944444444444443,68.84920634920636,95.95238095238095,99.0,54.70338983050848,26.39751552795031,70.34883720930233,,68.84920634920636,63.611111111111114
2016-12-22,53.13492063492063,29.484126984126984,60.51587301587302,94.4047619047619,99.0,50.931414055884844,23.8031914893617,92.52873563218391,,60.51587301587302,42.023809523809526
2016-12-23,50.03968253968254,37.34126984126984,61.388888888888886,96.11111111111111,99.0,51.81895093062606,24.13640389725421,90.3409090909091,,63.13492063492063,41.98412698412698
2016-12-27,58.45238095238095,32.976190476190474,70.35714285714286,84.64285714285714,96.7063492063492,55.832628909551985,25.265486725663717,72.47191011235955,,71.7063492063492,63.57142857142857
2016-12-28,45.43650793650794,26.38888888888889,51.07142857142857,64.56349206349206,89.48412698412699,48.26858108108108,19.672855879752433,78.33333333333333,,47.73809523809524,41.86507936507937
2016-12-29,58.53174603174603,30.1984126984127,45.595238095238095,62.22222222222222,83.61111111111111,46.962025316455694,21.42226148409894,89.56043956043956,,43.29365079365079,41.86507936507937
2016-12-30,63.611111111111114,21.150793650793652,24.96031746031746,49.44444444444444,71.46825396825396,35.53962900505902,22.197705207413946,86.41304347826087,,20.99206349206349,20.753968253968253
2017-01-03,72.81746031746032,25.674603174603174,37.1031746031746,56.54761904761905,84.48412698412699,44.776748104465035,30.4673721340388,82.25806451612904,,39.404761904761905,41.94444444444444
2017-01-04,69.88095238095238,30.03968253968254,43.214285714285715,68.21428571428571,93.45238095238095,48.52693602693603,32.55506607929515,67.55319148936171,,48.84920634920635,41.98412698412698
2017-01-05,73.21428571428571,31.547619047619047,51.54761904761905,77.77777777777777,94.72222222222223,53.36417157275021,36.311619718309856,93.15789473684211,,60.67460317460318,42.023809523809526
2017-01-06,68.37301587301587,38.84920634920635,67.57936507936508,90.1984126984127,96.94444444444444,60.04201680672269,51.31926121372032,97.39583333333333,,73.2936507936508,63.73015873015873
2017-01-09,70.1984126984127,42.976190476190474,71.38888888888889,84.8015873015873,95.5952380952381,62.6784214945424,55.22847100175747,99.0,,77.57936507936508,83.13492063492063
2017-01-10,64.32539682539682,40.11904761904762,72.5,86.42857142857143,96.30952380952381,63.88422818791946,54.91659350307287,95.40816326530613,,80.1984126984127,83.17460317460318
2017-01-11,72.5,53.37301587301587,74.16666666666667,88.76984126984127,96.78571428571429,67.0997485331098,51.62280701754386,76.26262626262626,,83.76984126984127,83.17460317460318
2017-01-12,57.023809523809526,52.34126984126984,69.4047619047619,90.03968253968254,95.03968253968254,64.0284757118928,65.863277826468,51.5,,79.08730158730158,83.17460317460318
2017-01-13,63.92857142857143,58.214285714285715,73.45238095238095,95.27777777777777,97.18253968253968,67.82426778242677,58.274956217162874,38.118811881188115,,84.0079365079365,94.92063492063492
2017-01-17,58.214285714285715,54.404761904761905,65.51587301587301,89.44444444444444,93.05555555555556,63.168896321070235,69.68503937007874,29.901960784313726,,76.38888888888889,94.92063492063492
2017-01-18,64.8015873015873,58.69047619047619,67.18253968253968,93.61111111111111,78.76984126984127,65.62238930659983,69.71153846153847,43.20388349514563,,79.08730158730158,94.88095238095238
2017-01-19,59.404761904761905,50.357142857142854,62.1031746031746,86.86507936507937,68.92857142857143,63.313856427378965,70.08733624454149,50.48076923076923,,76.78571428571429,83.13492063492063
2017-01-20,57.65873015873016,52.817460317460316,65.43650793650794,96.86507936507937,93.21428571428571,65.76313594662219,70.28795811518324,42.38095238095238,,80.51587301587301,83.17460317460318
2017-01-23,59.642857142857146,53.76984126984127,63.53174603174603,93.61111111111111,89.88095238095238,65.70833333333333,59.50305143853531,54.24528301886792,38.888888888888886,81.30952380952381,83.21428571428571
2017-01-24,70.35714285714286,56.30952380952381,74.64285714285714,98.21428571428571,92.89682539682539,72.31473771856786,68.77177700348432,23.83177570093458,3.90625,91.30952380952381,83.21428571428571
2017-01-25,80.1984126984127,54.48412698412698,86.62698412698413,98.01587301587301,94.0079365079365,78.41098169717138,69.32114882506528,28.24074074074074,3.8461538461538463,97.89682539682539,83.21428571428571
2017-01-26,75.27777777777777,58.76984126984127,85.51587301587301,98.17460317460318,96.54761904761905,78.8445552784705,77.17391304347827,38.99082568807339,3.787878787878788,98.2936507936508,83.21428571428571
2017-01-27,84.96031746031746,64.0079365079365,85.11904761904762,99.0,97.02380952380952,80.44019933554817,73.37098175499565,35.90909090909091,23.134328358208954,98.53174603174604,94.96031746031746
2017-01-30,80.51587301587301,62.5,69.24603174603175,91.11111111111111,84.0079365079365,74.23236514522821,63.064236111111114,35.585585585585584,2.2058823529411766,82.42063492063492,83.13492063492063
2017-01-31,86.78571428571429,65.91269841269842,57.73809523809524,82.14285714285714,81.7063492063492,71.76616915422886,61.18820468343452,30.803571428571427,6.521739130434782,75.11904761904762,83.0952380952381
2017-02-01,85.1984126984127,70.83333333333333,68.61111111111111,96.23015873015873,82.89682539682539,76.51201325600663,71.88041594454073,57.9646017699115,37.857142857142854,86.07142857142857,83.0952380952381
2017-02-02,80.1984126984127,75.43650793650794,61.23015873015873,92.10317460317461,86.54761904761905,75.20695364238411,73.29004329004329,75.0,20.422535211267604,82.89682539682539,83.0952380952381
2017-02-03,76.86507936507937,82.18253968253968,63.13492063492063,97.34126984126983,96.23015873015873,77.04714640198512,74.00519031141869,60.43478260869565,11.805555555555555,87.10317460317461,83.0952380952381
2017-02-06,68.84920634920636,88.92857142857143,62.1031746031746,96.46825396825396,92.34126984126983,77.14876033057851,86.99222126188418,60.775862068965516,29.45205479452055,89.24603174603175,83.0952380952381
2017-02-07,68.76984126984127,92.97619047619048,67.18253968253968,96.38888888888889,95.5952380952381,78.98431048720066,93.39378238341969,47.43589743589744,49.32432432432432,93.21428571428571,83.13492063492063
2017-02-08,68.84920634920636,80.11904761904762,68.45238095238095,96.86507936507937,95.5952380952381,80.65181518151815,94.5211389128559,48.728813559322035,38.0,95.1984126984127,83.13492063492063
2017-02-09,68.92857142857143,78.2936507936508,71.7063492063492,97.81746031746032,97.73809523809524,82.06924979389942,94.18103448275862,41.596638655462186,30.92105263157895,97.5,83.17460317460318
2017-02-10,74.0079365079365,76.94444444444444,73.45238095238095,99.0,96.30952380952381,83.64909390444811,95.21963824289406,37.916666666666664,26.623376623376622,98.45238095238095,83.21428571428571
2017-02-13,76.54761904761905,90.35714285714286,79.8015873015873,99.0,89.16666666666667,88.10699588477367,92.55593803786574,42.56198347107438,68.58974358974359,99.0,95.11904761904762
2017-02-14,82.65873015873017,91.23015873015873,80.83333333333333,99.0,87.34126984126983,89.10361842105263,86.62940670679278,67.62295081967213,82.9113924050633,99.0,98.69047619047619
2017-02-15,85.51587301587301,96.07142857142857,86.15079365079364,99.0,41.54761904761905,91.08463434675431,81.05670103092784,76.82926829268293,94.375,99.0,98.65079365079364
2017-02-16,86.07142857142857,92.57936507936508,82.73809523809524,97.02380952380952,61.30952380952381,90.51724137931035,85.02145922746782,79.43548387096774,96.91358024691358,99.0,98.61111111111111
2017-02-17,87.5,92.10317460317461,85.11904761904762,99.0,76.46825396825396,91.59146841673503,85.63464837049743,78.0,92.07317073170732,99.0,98.57142857142857
2017-02-21,90.5952380952381,90.51587301587301,88.05555555555556,95.87301587301587,83.37301587301587,92.58196721311475,81.27677806341046,64.68253968253968,89.75903614457832,99.0,98.53174603174604
2017-02-22,86.07142857142857,92.97619047619048,85.11904761904762,97.89682539682539,86.86507936507937,92.42424242424242,86.94349315068493,94.09448818897638,92.26190476190476,99.0,98.4920634920635
2017-02-23,72.42063492063492,84.72222222222223,76.38888888888889,94.0079365079365,93.37301587301587,90.95744680851064,82.42087254063301,96.484375,97.05882352941177,99.0,94.72222222222223
2017-02-24,73.61111111111111,84.32539682539682,76.86507936507937,96.78571428571429,96.7063492063492,91.29190515126737,80.38461538461539,84.88372093023256,94.76744186046511,99.0,94.68253968253968
2017-02-27,71.7063492063492,87.26190476190476,75.27777777777777,94.88095238095238,88.69047619047619,91.13562091503267,80.57216054654141,71.15384615384616,97.1264367816092,99.0,94.64285714285714
2017-02-28,77.10317460317461,83.45238095238095,63.76984126984127,91.03174603174604,71.30952380952381,89.42857142857143,82.12457337883959,89.69465648854961,99.0,96.38888888888889,82.81746031746032
2017-03-01,89.8015873015873,91.7063492063492,81.78571428571429,96.23015873015873,72.89682539682539,93.10766721044045,74.46717817561807,98.10606060606061,98.31460674157303,99.0,82.81746031746032
2017-03-02,79.16666666666667,86.78571428571429,67.97619047619048,96.9047619047619,91.54761904761905,90.99429502852486,72.70017035775128,92.10526315789474,97.22222222222223,93.45238095238095,63.53174603174603
2017-03-03,82.18253968253968,94.4047619047619,67.57936507936508,99.0,97.57936507936508,91.32736156351791,74.25531914893617,97.38805970149254,99.0,95.27777777777777,82.81746031746032
2017-03-06,75.9920634920635,96.94444444444444,57.26190476190476,99.0,95.51587301587301,89.70707892595607,72.83163265306122,98.14814814814815,99.0,88.21428571428571,63.53174603174603
2017-03-07,72.73809523809524,96.7063492063492,48.84920634920635,99.0,92.97619047619048,88.2520325203252,74.46898895497026,98.8970588235294,99.0,81.78571428571429,42.06349206349206
2017-03-08,70.51587301587301,95.51587301587301,48.611111111111114,98.76984126984127,86.62698412698413,88.50528025995126,78.90492359932088,96.71532846715328,99.0,85.35714285714286,42.1031746031746
2017-03-09,69.08730158730158,95.03968253968254,47.1031746031746,97.89682539682539,79.0079365079365,88.35227272727273,76.7175572519084,99.0,99.0,86.62698412698413,63.57142857142857
2017-03-10,70.43650793650794,91.94444444444444,52.817460317460316,99.0,88.37301587301587,90.06488240064883,78.77118644067797,98.92086330935251,99.0,92.81746031746032,63.57142857142857
2017-03-13,68.92857142857143,92.02380952380952,53.13492063492063,99.0,94.48412698412699,90.23500810372771,71.93056731583404,98.92857142857143,99.0,94.64285714285714,63.57142857142857
2017-03-14,59.96031746031746,85.83333333333333,45.198412698412696,99.0,74.32539682539682,88.70445344129554,71.27749576988155,98.22695035460993,96.42857142857143,86.38888888888889,63.57142857142857
2017-03-15,63.611111111111114,92.89682539682539,56.70634920634921,99.0,85.11904761904762,91.30258899676376,73.24598478444632,93.30985915492958,92.42424242424242,95.5952380952381,63.53174603174603
2017-03-16,56.46825396825397,84.56349206349206,51.94444444444444,99.0,87.34126984126983,90.50121261115602,70.05912162162163,92.65734265734265,90.5,93.21428571428571,63.492063492063494
2017-03-17,56.07142857142857,85.83333333333333,48.13492063492063,99.0,88.76984126984127,89.53957996768982,70.16877637130801,82.29166666666667,83.66336633663366,90.9920634920635,42.023809523809526
2017-03-20,52.817460317460316,84.96031746031746,48.214285714285715,99.0,86.54761904761905,89.46731234866829,69.43507588532884,87.24137931034483,86.76470588235294,92.34126984126983,63.53174603174603
2017-03-21,29.00793650793651,78.37301587301587,23.928571428571427,97.18253968253968,66.30952380952381,76.89516129032258,63.39511373209773,92.12328767123287,91.74757281553399,31.23015873015873,63.53174603174603
2017-03-22,36.54761904761905,79.64285714285714,33.37301587301587,95.47619047619048,54.88095238095238,81.58742949234488,65.27777777777777,89.45578231292517,90.86538461538461,48.84920634920635,63.57142857142857
2017-03-23,37.817460317460316,75.35714285714286,29.404761904761905,88.41269841269842,50.357142857142854,79.02576489533011,67.24137931034483,71.95945945945945,88.0952380952381,40.595238095238095,42.06349206349206
2017-03-24,37.65873015873016,77.26190476190476,31.46825396825397,95.9920634920635,42.26190476190476,80.00804505229284,67.60504201680672,76.84563758389261,86.32075471698113,45.11904761904762,42.1031746031746
2017-03-27,38.45238095238095,80.83333333333333,34.48412698412698,95.35714285714286,51.62698412698413,80.7475884244373,68.38790931989925,84.33333333333333,82.71028037383178,51.94444444444444,42.142857142857146
2017-03-28,50.198412698412696,83.92857142857143,43.05555555555556,98.76984126984127,73.61111111111111,85.42168674698796,65.39429530201342,66.55629139072848,80.0925925925926,69.4047619047619,63.73015873015873
2017-03-29,40.992063492063494,83.2936507936508,52.1031746031746,99.0,68.37301587301587,87.52006420545746,65.00419111483654,31.25,74.77064220183486,77.97619047619048,63.73015873015873
2017-03-30,50.03968253968254,89.72222222222223,55.27777777777778,99.0,61.46825396825397,87.93103448275862,66.12227805695143,38.888888888888886,73.18181818181819,81.23015873015873,82.97619047619048
2017-03-31,46.62698412698413,90.43650793650794,51.86507936507937,99.0,30.515873015873016,86.89903846153847,61.29707112970711,23.7012987012987,70.72072072072072,78.45238095238095,82.93650793650794
2017-04-03,48.76984126984127,95.67460317460318,48.37301587301587,97.26190476190476,33.214285714285715,85.5484387510008,62.9180602006689,26.774193548387096,78.125,75.83333333333333,63.57142857142857
2017-04-04,53.69047619047619,91.62698412698413,50.43650793650794,98.37301587301587,49.166666666666664,85.72,67.46031746031746,30.44871794871795,85.39823008849558,79.4047619047619,82.89682539682539
2017-04-05,45.75396825396825,85.67460317460318,40.833333333333336,92.97619047619048,28.61111111111111,80.77537969624301,57.97161936560935,26.43312101910828,92.54385964912281,62.1031746031746,63.45238095238095
2017-04-06,45.198412698412696,82.10317460317461,40.67460317460318,95.1984126984127,32.182539682539684,80.39137380191693,65.76313594662219,15.50632911392405,83.91304347826087,63.76984126984127,82.85714285714286
2017-04-07,39.48412698412698,76.07142857142857,39.72222222222222,89.84126984126983,27.5,79.28970470869912,65.375,16.037735849056602,78.01724137931035,60.91269841269841,63.333333333333336
2017-04-10,38.53174603174603,74.64285714285714,40.27777777777778,79.92063492063492,10.515873015873016,78.90749601275917,66.98584512905911,15.9375,66.23931623931624,63.69047619047619,63.29365079365079
2017-04-11,36.70634920634921,70.1984126984127,32.57936507936508,64.36507936507937,5.515873015873016,74.38247011952191,61.43926788685524,12.732919254658386,64.83050847457628,39.56349206349206,41.54761904761905
2017-04-12,26.23015873015873,65.51587301587301,27.023809523809526,56.785714285714285,1.9444444444444444,70.66082802547771,54.07315045719036,20.061728395061728,68.4873949579832,23.928571428571427,20.357142857142858
2017-04-13,23.293650793650794,63.05555555555556,22.103174603174605,52.93650793650794,3.7698412698412698,65.51312649164677,52.03488372093023,21.165644171779142,72.08333333333333,12.817460317460318,6.26984126984127
2017-04-17,31.38888888888889,67.42063492063492,34.32539682539682,62.06349206349206,6.626984126984127,71.74085850556439,56.55601659751037,27.74390243902439,74.79338842975207,39.56349206349206,20.357142857142858
2017-04-18,28.373015873015873,68.45238095238095,32.42063492063492,57.93650793650794,7.738095238095238,70.33359809372517,54.18739635157546,22.12121212121212,77.45901639344262,35.03968253968254,20.357142857142858
2017-04-19,48.37301587301587,67.97619047619048,33.76984126984127,57.8968253968254,6.23015873015873,70.9920634920635,57.12510356255178,16.566265060240966,69.51219512195122,39.56349206349206,20.357142857142858
2017-04-20,50.51587301587302,74.08730158730158,47.182539682539684,75.39682539682539,8.452380952380953,75.67460317460318,60.96854304635762,14.67065868263473,65.7258064516129,67.18253968253968,41.507936507936506
2017-04-21,53.37301587301587,72.10317460317461,44.56349206349206,68.61111111111111,5.912698412698413,74.72222222222223,60.504549214226635,18.154761904761905,66.0,65.9920634920635,20.317460317460316
2017-04-24,64.32539682539682,80.27777777777777,71.07142857142857,98.61111111111111,75.75396825396825,85.11904761904762,71.28099173553719,23.964497041420117,69.44444444444444,90.27777777777777,41.46825396825397
2017-04-25,70.75396825396825,80.67460317460318,80.75396825396825,98.76984126984127,77.34126984126983,89.64285714285714,73.78199834847234,23.235294117647058,87.00787401574803,97.57936507936508,41.42857142857143
2017-04-26,62.5,72.65873015873017,76.78571428571429,98.84920634920636,78.13492063492063,87.97619047619048,75.12376237623762,24.269005847953217,78.515625,94.8015873015873,41.388888888888886
2017-04-27,63.37301587301587,75.9920634920635,84.32539682539682,99.0,89.56349206349206,90.9920634920635,80.99752679307502,45.05813953488372,74.8062015503876,98.21428571428571,63.25396825396825
2017-04-28,63.611111111111114,76.07142857142857,85.1984126984127,99.0,77.5,91.54761904761905,86.12026359143327,57.51445086705202,82.6923076923077,98.45238095238095,82.81746031746032
2017-05-01,74.32539682539682,86.86507936507937,92.5,97.6984126984127,91.7063492063492,94.0079365079365,89.83539094650206,83.62068965517241,90.45801526717557,99.0,82.77777777777777
2017-05-02,78.45238095238095,90.11904761904762,93.2936507936508,93.41269841269842,83.21428571428571,94.64285714285714,87.87006578947368,70.57142857142857,92.8030303030303,99.0,94.64285714285714
2017-05-03,72.34126984126983,82.97619047619048,87.5,98.57142857142857,86.62698412698413,93.05555555555556,89.44124897288414,71.30681818181819,91.35338345864662,98.05555555555556,82.65873015873017
2017-05-04,77.10317460317461,84.08730158730158,85.27777777777777,97.77777777777777,87.18253968253968,92.89682539682539,92.07717569786536,72.59887005649718,94.40298507462687,98.13492063492063,82.61904761904762
2017-05-05,81.38888888888889,84.96031746031746,87.10317460317461,96.82539682539682,83.92857142857143,93.84920634920636,93.64232977850698,72.19101123595506,87.03703703703704,98.53174603174604,94.60317460317461
2017-05-08,84.24603174603175,85.51587301587301,87.34126984126983,98.76984126984127,97.10317460317461,94.24603174603175,92.5,84.07821229050279,91.54411764705883,98.69047619047619,94.56349206349206
2017-05-09,85.83333333333333,85.43650793650794,88.69047619047619,94.56349206349206,96.07142857142857,94.96031746031746,92.91564291564292,88.05555555555556,85.76642335766424,99.0,94.52380952380952
2017-05-10,89.72222222222223,84.24603174603175,85.9920634920635,96.46825396825396,94.8015873015873,94.88095238095238,88.2569558101473,87.56906077348066,84.42028985507247,99.0,98.45238095238095
2017-05-11,91.62698412698413,81.23015873015873,79.32539682539682,94.0079365079365,87.18253968253968,93.92857142857143,90.31071136549468,87.63736263736264,91.00719424460432,98.37301587301587,94.4047619047619
2017-05-12,94.16666666666667,80.91269841269842,78.21428571428571,96.86507936507937,90.91269841269842,94.32539682539682,93.42320261437908,94.80874316939891,96.07142857142857,98.69047619047619,94.36507936507937
2017-05-15,92.02380952380952,79.08730158730158,78.61111111111111,98.21428571428571,86.62698412698413,95.03968253968254,95.22448979591837,91.03260869565217,94.68085106382979,99.0,94.32539682539682
2017-05-16,93.92857142857143,79.48412698412699,79.32539682539682,99.0,73.2936507936508,95.83333333333333,92.21044045676999,95.94594594594595,95.4225352112676,99.0,94.28571428571429
2017-05-17,71.15079365079364,56.46825396825397,25.357142857142858,45.317460317460316,5.198412698412699,80.75396825396825,87.97881010594946,94.35483870967742,89.86013986013987,30.27777777777778,94.24603174603175
2017-05-18,71.23015873015873,62.34126984126984,35.75396825396825,54.166666666666664,7.5,87.10317460317461,89.3729641693811,97.05882352941177,90.625,47.26190476190476,94.2063492063492
2017-05-19,76.86507936507937,62.26190476190476,40.03968253968254,84.2063492063492,42.023809523809526,89.56349206349206,93.36859235150528,95.47872340425532,84.48275862068965,57.1031746031746,94.16666666666667
2017-05-22,72.42063492063492,65.5952380952381,55.43650793650794,93.05555555555556,72.5,92.81746031746032,91.91056910569105,90.21164021164022,88.6986301369863,72.34126984126983,94.12698412698413
2017-05-23,64.32539682539682,65.75396825396825,53.611111111111114,93.80952380952381,79.32539682539682,92.73809523809524,93.37936636880585,95.52631578947368,91.49659863945578,73.45238095238095,94.08730158730158
2017-05-24,71.7063492063492,71.38888888888889,60.67460317460318,96.03174603174604,92.81746031746032,94.4047619047619,87.2159090909091,96.59685863874346,80.06756756756756,80.75396825396825,94.04761904761905
2017-05-25,75.35714285714286,76.15079365079364,75.51587301587301,95.11904761904762,91.94444444444444,97.18253968253968,87.63179237631792,96.09375,90.93959731543625,90.75396825396825,98.41269841269842
2017-05-26,74.8015873015873,76.78571428571429,75.27777777777777,96.86507936507937,95.43650793650794,97.57936507936508,87.23662884927066,87.30569948186529,93.0,92.34126984126983,98.37301587301587
2017-05-30,65.67460317460318,79.88095238095238,74.48412698412699,92.61904761904762,86.86507936507937,97.57936507936508,85.54655870445345,80.15463917525773,86.42384105960265,93.61111111111111,98.33333333333333
2017-05-31,61.46825396825397,70.35714285714286,70.11904761904762,92.18253968253968,82.65873015873017,96.46825396825396,84.66828478964402,75.12820512820512,75.32894736842105,90.75396825396825,93.76984126984127
2017-06-01,71.23015873015873,78.53174603174604,75.9920634920635,93.92857142857143,92.57936507936508,98.05555555555556,86.29749393694422,51.275510204081634,63.071895424836605,95.51587301587301,98.2936507936508
2017-06-02,84.32539682539682,85.11904761904762,89.88095238095238,92.38095238095238,96.15079365079364,99.0,89.53957996768982,60.15228426395939,69.8051948051948,98.05555555555556,98.25396825396825
2017-06-05,80.35714285714286,86.46825396825396,86.15079365079364,90.67460317460318,95.91269841269842,99.0,91.0815173527038,82.57575757575758,69.35483870967742,97.81746031746032,93.57142857142857
2017-06-06,72.42063492063492,84.88095238095238,77.73809523809524,81.62698412698413,91.54761904761905,99.0,88.26612903225806,75.62814070351759,65.06410256410257,93.76984126984127,80.91269841269842
2017-06-07,72.81746031746032,86.46825396825396,80.67460317460318,80.35714285714286,93.53174603174604,99.0,90.77356970185335,81.75,67.19745222929936,96.54761904761905,80.87301587301587
2017-06-08,73.53174603174604,86.78571428571429,79.64285714285714,85.83333333333333,92.34126984126983,99.0,90.29790660225443,88.30845771144278,55.379746835443036,96.86507936507937,80.83333333333333
2017-06-09,44.48412698412698,65.1984126984127,27.42063492063492,24.92063492063492,81.46825396825396,89.8015873015873,81.93885760257442,53.71287128712871,46.22641509433962,31.30952380952381,60.992063492063494
2017-06-12,34.96031746031746,59.24603174603175,19.00793650793651,37.34126984126984,60.198412698412696,85.27777777777777,84.20418006430869,24.876847290640395,45.9375,20.1984126984127,39.24603174603175
2017-06-13,39.72222222222222,67.02380952380952,29.166666666666668,62.301587301587304,84.08730158730158,89.72222222222223,89.67871485943775,21.813725490196077,42.546583850931675,34.72222222222222,39.24603174603175
2017-06-14,31.38888888888889,58.53174603174603,22.57936507936508,48.53174603174603,77.02380952380952,86.07142857142857,87.92134831460675,19.26829268292683,47.839506172839506,26.785714285714285,39.24603174603175
2017-06-15,55.992063492063494,55.75396825396825,15.515873015873016,46.62698412698413,70.5952380952381,81.62698412698413,87.6102646351243,31.310679611650485,46.93251533742331,18.53174603174603,18.452380952380953
2017-06-16,41.388888888888886,52.976190476190474,12.103174603174603,45.87301587301587,85.03968253968254,77.42063492063492,85.05608974358974,18.59903381642512,49.08536585365854,14.007936507936508,5.158730158730159
2017-06-19,55.75396825396825,65.35714285714286,30.99206349206349,70.63492063492063,75.75396825396825,89.48412698412699,95.71657325860689,33.89423076923077,50.0,40.595238095238095,18.571428571428573
2017-06-20,35.27777777777778,69.88095238095238,19.08730158730159,58.17460317460318,63.13492063492063,82.97619047619048,89.96,44.73684210526316,52.71084337349398,27.57936507936508,18.61111111111111
2017-06-21,47.34126984126984,72.65873015873017,32.5,67.77777777777777,71.54761904761905,89.4047619047619,93.64508393285372,48.333333333333336,58.98203592814371,41.70634920634921,18.650793650793652
2017-06-22,39.88095238095238,74.24603174603175,30.99206349206349,67.06349206349206,78.2936507936508,88.53174603174604,93.96964856230032,41.943127962085306,63.392857142857146,41.15079365079365,5.198412698412699
2017-06-23,34.96031746031746,75.75396825396825,37.57936507936508,72.77777777777777,87.97619047619048,90.5952380952381,89.02633679169992,28.537735849056602,61.83431952662722,49.08730158730159,18.76984126984127
2017-06-26,27.976190476190474,70.75396825396825,30.27777777777778,55.43650793650794,88.92857142857143,87.10317460317461,98.92344497607655,19.483568075117372,49.705882352941174,38.53174603174603,18.80952380952381
2017-06-27,13.928571428571429,51.23015873015873,9.801587301587302,32.8968253968254,64.16666666666667,69.8015873015873,99.0,13.785046728971963,48.24561403508772,11.785714285714286,5.238095238095238
2017-06-28,23.452380952380953,59.24603174603175,26.071428571428573,47.61904761904762,88.45238095238095,81.46825396825396,98.36783439490446,19.767441860465116,63.08139534883721,31.626984126984127,18.928571428571427
2017-06-29,10.912698412698413,43.214285714285715,9.325396825396826,21.984126984126984,55.357142857142854,65.35714285714286,87.62927605409706,22.916666666666668,50.578034682080926,11.547619047619047,18.96825396825397
2017-06-30,8.373015873015873,42.976190476190474,9.880952380952381,28.174603174603174,65.75396825396825,63.611111111111114,82.94912559618442,13.133640552995391,52.58620689655172,10.992063492063492,19.00793650793651
2017-07-03,5.912698412698413,38.37301587301587,6.944444444444445,19.8015873015873,71.30952380952381,53.92857142857143,78.03812549642574,8.944954128440367,39.714285714285715,6.626984126984127,5.277777777777778
2017-07-05,8.928571428571429,42.73809523809524,12.976190476190476,32.77777777777778,77.5,62.57936507936508,83.61111111111111,11.643835616438356,43.46590909090909,14.325396825396826,19.126984126984127
2017-07-06,6.23015873015873,39.801587301587304,9.007936507936508,24.88095238095238,42.976190476190474,52.817460317460316,77.57936507936508,14.772727272727273,49.43502824858757,8.293650793650794,5.317460317460317
2017-07-07,8.69047619047619,46.86507936507937,19.72222222222222,39.007936507936506,79.64285714285714,62.34126984126984,79.64285714285714,16.063348416289593,59.26966292134831,18.293650793650794,19.246031746031747
2017-07-10,22.658730158730158,52.817460317460316,29.642857142857142,40.317460317460316,77.18253968253968,68.13492063492063,76.62698412698413,37.612612612612615,65.64245810055866,27.103174603174605,19.285714285714285
2017-07-11,31.785714285714285,54.88095238095238,34.72222222222222,43.80952380952381,79.72222222222223,69.08730158730158,75.51587301587301,50.0,76.94444444444444,30.674603174603174,40.55555555555556
2017-07-12,35.91269841269841,68.05555555555556,59.32539682539682,61.94444444444444,89.08730158730158,78.69047619047619,78.05555555555556,62.723214285714285,81.49171270718232,46.54761904761905,62.22222222222222
2017-07-13,44.72222222222222,72.65873015873017,63.84920634920635,70.11904761904762,95.11904761904762,80.51587301587301,79.8015873015873,49.55555555555556,71.15384615384616,50.51587301587302,62.22222222222222
2017-07-14,59.96031746031746,81.94444444444444,77.97619047619048,84.04761904761905,96.86507936507937,86.38888888888889,80.35714285714286,49.7787610619469,69.67213114754098,62.182539682539684,81.42857142857143
2017-07-17,63.92857142857143,75.51587301587301,75.5952380952381,71.74603174603175,90.75396825396825,85.5952380952381,80.83333333333333,50.881057268722465,56.79347826086956,62.73809523809524,93.57142857142857
2017-07-18,54.007936507936506,81.94444444444444,85.75396825396825,82.18253968253968,88.45238095238095,90.1984126984127,81.07142857142857,56.35964912280702,75.4054054054054,70.67460317460318,98.21428571428571
2017-07-19,70.27777777777777,85.67460317460318,91.30952380952381,81.54761904761905,84.8015873015873,92.18253968253968,84.64285714285714,31.222707423580786,77.15053763440861,77.18253968253968,98.17460317460318
2017-07-20,59.56349206349206,79.96031746031746,90.91269841269842,74.28571428571429,92.42063492063492,92.10317460317461,80.51587301587301,24.565217391304348,81.01604278074866,78.21428571428571,99.0
2017-07-21,60.43650793650794,80.27777777777777,89.64285714285714,74.24603174603175,97.02380952380952,91.38888888888889,81.46825396825396,23.16017316017316,76.32978723404256,78.21428571428571,99.0
2017-07-24,59.166666666666664,73.37301587301587,91.86507936507937,70.31746031746032,95.91269841269842,92.73809523809524,80.91269841269842,30.81896551724138,71.6931216931217,82.18253968253968,99.0
2017-07-25,62.1031746031746,66.23015873015873,88.37301587301587,83.80952380952381,95.91269841269842,91.15079365079364,80.1984126984127,35.407725321888414,58.1578947368421,77.5,97.89682539682539
2017-07-26,87.5,69.08730158730158,89.4047619047619,82.22222222222223,93.2936507936508,92.42063492063492,81.07142857142857,60.8974358974359,77.22513089005236,81.94444444444444,97.85714285714286
2017-07-27,64.8015873015873,60.11904761904762,78.37301587301587,48.69047619047619,85.43650793650794,89.08730158730158,75.91269841269842,54.255319148936174,69.01041666666667,66.86507936507937,92.97619047619048
2017-07-28,84.48412698412699,57.65873015873016,71.86507936507937,48.333333333333336,83.05555555555556,87.18253968253968,73.84920634920636,65.88983050847457,53.626943005181346,64.0079365079365,80.67460317460318
2017-07-31,80.83333333333333,46.30952380952381,55.27777777777778,49.20634920634921,81.07142857142857,82.5,70.51587301587301,71.94092827004219,42.01030927835052,48.214285714285715,61.30952380952381
2017-08-01,90.43650793650794,46.15079365079365,55.198412698412696,65.63492063492063,85.5952380952381,83.69047619047619,69.16666666666667,87.18487394957984,48.46153846153846,54.24603174603175,61.26984126984127
2017-08-02,85.35714285714286,52.182539682539684,57.65873015873016,69.60317460317461,82.65873015873017,85.5952380952381,74.4047619047619,86.40167364016736,55.357142857142854,61.785714285714285,61.23015873015873
2017-08-03,89.4047619047619,48.45238095238095,42.1031746031746,68.21428571428571,82.18253968253968,81.07142857142857,70.75396825396825,81.875,57.10659898477157,48.214285714285715,39.642857142857146
2017-08-04,82.57936507936508,46.30952380952381,40.91269841269841,79.4047619047619,95.11904761904762,81.62698412698413,70.51587301587301,82.78008298755186,77.52525252525253,52.34126984126984,39.6031746031746
2017-08-07,81.46825396825396,49.642857142857146,49.96031746031746,77.22222222222223,95.27777777777777,86.15079365079364,68.76984126984127,82.43801652892562,68.09045226130654,65.9920634920635,39.56349206349206
2017-08-08,75.67460317460318,45.357142857142854,42.182539682539684,57.976190476190474,76.62698412698413,83.76984126984127,68.53174603174604,81.27572016460906,70.75,61.23015873015873,39.523809523809526
2017-08-09,59.404761904761905,44.007936507936506,38.214285714285715,54.24603174603175,80.5952380952381,81.78571428571429,67.5,85.04098360655738,84.82587064676616,56.30952380952381,18.80952380952381
2017-08-10,29.8015873015873,28.452380952380953,10.119047619047619,16.626984126984127,6.5476190476190474,60.43650793650794,60.91269841269841,90.81632653061224,77.97029702970298,9.484126984126984,18.849206349206348
2017-08-11,29.72222222222222,32.817460317460316,16.30952380952381,25.1984126984127,15.03968253968254,66.7063492063492,62.182539682539684,93.29268292682927,67.73399014778325,20.1984126984127,39.682539682539684
2017-08-14,44.32539682539682,39.48412698412698,34.642857142857146,61.46825396825397,44.56349206349206,76.38888888888889,66.07142857142857,97.36842105263158,76.22549019607843,42.57936507936508,61.30952380952381
2017-08-15,35.51587301587302,37.182539682539684,33.76984126984127,73.88888888888889,57.1031746031746,75.51587301587301,64.72222222222223,95.36290322580645,75.85365853658537,42.34126984126984,39.72222222222222
2017-08-16,31.626984126984127,58.76984126984127,36.54761904761905,76.86507936507937,57.65873015873016,76.15079365079364,67.65873015873017,96.98795180722891,82.76699029126213,46.30952380952381,39.76190476190476
2017-08-17,14.642857142857142,36.388888888888886,11.30952380952381,19.484126984126984,11.468253968253968,55.75396825396825,59.48412698412698,93.8,72.70531400966183,12.579365079365079,39.801587301587304
2017-08-18,14.325396825396826,32.26190476190476,11.706349206349206,24.72222222222222,29.484126984126984,54.08730158730159,58.69047619047619,98.20717131474103,82.9326923076923,11.547619047619047,18.88888888888889
2017-08-21,12.261904761904763,24.96031746031746,12.261904761904763,29.563492063492063,48.45238095238095,52.73809523809524,58.611111111111114,96.62698412698413,82.53588516746412,10.912698412698413,5.317460317460317
2017-08-22,21.785714285714285,36.23015873015873,30.833333333333332,58.29365079365079,75.75396825396825,66.62698412698413,64.48412698412699,99.0,78.80952380952381,34.642857142857146,19.00793650793651
2017-08-23,17.182539682539684,29.563492063492063,26.626984126984127,49.84126984126984,62.42063492063492,62.26190476190476,62.5,95.07874015748031,73.22274881516587,28.373015873015873,19.047619047619047
2017-08-24,19.00793650793651,21.46825396825397,23.214285714285715,47.22222222222222,65.83333333333333,57.817460317460316,64.16666666666667,90.7843137254902,59.198113207547166,22.896825396825395,19.08730158730159
2017-08-25,18.849206349206348,19.8015873015873,21.865079365079364,52.65873015873016,88.76984126984127,54.404761904761905,64.16666666666667,87.3046875,51.40845070422535,19.642857142857142,5.357142857142857
2017-08-28,24.166666666666668,20.357142857142858,25.91269841269841,58.73015873015873,88.05555555555556,56.30952380952381,64.4047619047619,92.02334630350195,53.504672897196265,25.27777777777778,5.396825396825397
2017-08-29,25.1984126984127,23.76984126984127,33.13492063492063,46.98412698412698,78.13492063492063,60.357142857142854,65.1984126984127,94.76744186046511,77.44186046511628,33.214285714285715,19.285714285714285
2017-08-30,34.88095238095238,28.76984126984127,58.05555555555556,60.43650793650794,93.53174603174604,69.96031746031746,71.23015873015873,80.5019305019305,86.3425925925926,55.833333333333336,19.325396825396826
2017-08-31,52.26190476190476,27.738095238095237,76.86507936507937,74.52380952380952,98.45238095238095,76.54761904761905,75.75396825396825,79.42307692307692,81.79723502304148,71.38888888888889,40.55555555555556
2017-09-01,49.88095238095238,28.134920634920636,74.88095238095238,79.28571428571429,99.0,75.35714285714286,74.64285714285714,65.7088122605364,54.357798165137616,71.07142857142857,40.595238095238095
2017-09-05,31.785714285714285,24.00793650793651,53.69047619047619,44.72222222222222,72.65873015873017,67.26190476190476,68.69047619047619,59.35114503816794,46.34703196347032,46.15079365079365,40.63492063492063
2017-09-06,36.07142857142857,23.69047619047619,60.833333333333336,51.74603174603175,88.2936507936508,68.76984126984127,67.81746031746032,57.22433460076046,43.40909090909091,52.976190476190474,40.67460317460318
2017-09-07,39.96031746031746,24.325396825396826,65.11904761904762,54.48412698412698,88.61111111111111,69.4047619047619,68.69047619047619,52.083333333333336,45.47511312217195,57.023809523809526,62.5
2017-09-08,57.42063492063492,37.34126984126984,41.94444444444444,45.198412698412696,80.1984126984127,61.23015873015873,67.26190476190476,34.905660377358494,60.13513513513514,35.833333333333336,62.5
2017-09-11,62.34126984126984,50.11904761904762,66.38888888888889,79.64285714285714,97.34126984126983,70.11904761904762,83.2936507936508,32.5187969924812,76.45739910313901,56.62698412698413,81.42857142857143
2017-09-12,50.03968253968254,45.67460317460318,70.67460317460318,88.88888888888889,96.54761904761905,71.23015873015873,77.02380952380952,26.029962546816478,81.91964285714286,62.5,81.38888888888889
2017-09-13,52.182539682539684,50.992063492063494,72.10317460317461,92.97619047619048,93.13492063492063,71.38888888888889,81.23015873015873,20.708955223880597,77.55555555555556,65.27777777777777,81.34920634920636
2017-09-14,41.23015873015873,49.642857142857146,56.388888888888886,88.33333333333333,93.2936507936508,66.38888888888889,76.78571428571429,22.86245353159851,75.4424778761062,47.42063492063492,62.301587301587304
2017-09-15,71.07142857142857,56.23015873015873,60.198412698412696,95.23809523809524,95.35714285714286,67.81746031746032,71.54761904761905,21.666666666666668,79.51541850220265,54.166666666666664,62.26190476190476
2017-09-18,70.91269841269842,41.15079365079365,53.29365079365079,86.26984126984127,90.11904761904762,66.30952380952381,71.23015873015873,20.47970479704797,67.76315789473684,50.833333333333336,62.22222222222222
2017-09-19,74.24603174603175,49.007936507936506,53.13492063492063,89.32539682539682,90.1984126984127,66.7063492063492,73.84920634920636,34.74264705882353,75.32751091703057,54.72222222222222,81.30952380952381
2017-09-20,53.53174603174603,39.32539682539682,44.404761904761905,87.85714285714286,97.5,63.05555555555556,71.78571428571429,21.794871794871796,45.869565217391305,44.72222222222222,62.1031746031746
2017-09-21,49.166666666666664,34.72222222222222,31.626984126984127,84.56349206349206,98.61111111111111,54.48412698412698,65.11904761904762,22.81021897810219,48.268398268398265,29.246031746031747,40.357142857142854
2017-09-22,53.45238095238095,31.38888888888889,29.246031746031747,83.33333333333333,99.0,53.611111111111114,62.023809523809526,16.90909090909091,43.75,28.76984126984127,40.3968253968254
2017-09-25,40.03968253968254,25.753968253968253,14.246031746031745,50.476190476190474,96.07142857142857,43.29365079365079,60.43650793650794,12.86231884057971,39.27038626609442,9.801587301587302,19.246031746031747
2017-09-26,39.801587301587304,42.023809523809526,16.38888888888889,55.95238095238095,96.07142857142857,44.56349206349206,64.72222222222223,8.844765342960288,42.94871794871795,14.166666666666666,19.285714285714285
2017-09-27,47.182539682539684,39.007936507936506,28.928571428571427,55.3968253968254,98.45238095238095,52.023809523809526,64.56349206349206,7.374100719424461,37.659574468085104,33.37301587301587,19.325396825396826
2017-09-28,32.42063492063492,52.976190476190474,27.817460317460316,62.22222222222222,99.0,50.357142857142854,63.92857142857143,7.706093189964157,49.36440677966102,31.626984126984127,19.365079365079364
2017-09-29,29.72222222222222,60.357142857142854,40.992063492063494,82.6984126984127,98.69047619047619,57.1031746031746,69.32539682539682,7.678571428571429,58.016877637130804,48.13492063492063,19.404761904761905
2017-10-02,30.595238095238095,68.21428571428571,41.62698412698413,81.86507936507937,98.21428571428571,56.30952380952381,66.54761904761905,10.854092526690392,77.10084033613445,49.007936507936506,40.75396825396825
2017-10-03,44.007936507936506,61.94444444444444,45.43650793650794,85.9920634920635,96.94444444444444,58.13492063492063,68.37301587301587,13.652482269503546,52.09205020920502,54.801587301587304,40.714285714285715
2017-10-04,40.67460317460318,70.1984126984127,45.992063492063494,87.46031746031746,96.23015873015873,57.57936507936508,69.4047619047619,11.130742049469964,37.291666666666664,56.23015873015873,62.34126984126984
2017-10-05,51.62698412698413,69.96031746031746,67.89682539682539,92.46031746031746,99.0,66.38888888888889,71.86507936507937,16.02112676056338,45.850622406639005,76.62698412698413,81.30952380952381
2017-10-06,62.73809523809524,65.35714285714286,67.65873015873017,89.0079365079365,96.54761904761905,66.7063492063492,72.89682539682539,26.842105263157894,46.48760330578512,77.73809523809524,93.17460317460318
2017-10-09,47.26190476190476,61.785714285714285,63.214285714285715,78.80952380952381,84.88095238095238,64.48412698412699,73.45238095238095,35.13986013986014,59.876543209876544,75.03968253968254,93.13492063492063
2017-10-10,45.11904761904762,52.5,64.0079365079365,73.84920634920636,86.46825396825396,64.08730158730158,70.67460317460318,39.198606271777,57.17213114754098,76.62698412698413,93.0952380952381
2017-10-11,46.94444444444444,53.214285714285715,69.96031746031746,78.0952380952381,87.65873015873017,66.07142857142857,78.92857142857143,46.354166666666664,76.93877551020408,81.86507936507937,93.05555555555556
2017-10-12,53.84920634920635,43.69047619047619,62.65873015873016,72.89682539682539,86.46825396825396,63.214285714285715,78.45238095238095,35.46712802768166,60.36585365853659,75.03968253968254,93.01587301587301
2017-10-13,54.404761904761905,47.023809523809526,70.03968253968254,79.84126984126983,88.05555555555556,65.75396825396825,80.5952380952381,41.89655172413793,72.2672064777328,82.26190476190476,92.97619047619048
2017-10-16,58.76984126984127,44.007936507936506,75.1984126984127,69.64285714285714,75.11904761904762,68.21428571428571,81.86507936507937,45.53264604810997,58.266129032258064,88.37301587301587,92.93650793650794
2017-10-17,58.214285714285715,40.75396825396825,75.51587301587301,71.07142857142857,60.91269841269841,68.45238095238095,83.37301587301587,34.417808219178085,79.31726907630522,89.56349206349206,92.89682539682539
2017-10-18,59.96031746031746,39.404761904761905,70.51587301587301,73.17460317460318,66.94444444444444,66.23015873015873,79.4047619047619,45.22184300341297,72.2,85.43650793650794,80.63492063492063
2017-10-19,63.611111111111114,36.46825396825397,57.8968253968254,66.86507936507937,70.03968253968254,61.07142857142857,78.2936507936508,41.666666666666664,73.10756972111554,70.11904761904762,61.507936507936506
2017-10-20,67.18253968253968,36.07142857142857,60.51587301587302,73.13492063492063,69.16666666666667,62.8968253968254,79.48412698412699,45.25423728813559,56.15079365079365,76.38888888888889,61.46825396825397
2017-10-23,72.73809523809524,31.944444444444443,40.357142857142854,47.93650793650794,45.595238095238095,54.404761904761905,74.8015873015873,61.317567567567565,63.83399209486166,46.54761904761905,61.42857142857143
2017-10-24,72.10317460317461,30.99206349206349,40.992063492063494,50.67460317460318,46.23015873015873,55.357142857142854,69.64285714285714,69.1919191919192,54.13385826771653,53.45238095238095,61.388888888888886
2017-10-25,55.595238095238095,32.26190476190476,32.5,41.111111111111114,54.88095238095238,50.67460317460318,69.4047619047619,77.01342281879195,67.25490196078431,36.62698412698413,39.56349206349206
2017-10-26,54.166666666666664,31.071428571428573,26.30952380952381,47.142857142857146,50.51587301587302,47.34126984126984,71.54761904761905,71.07023411371237,59.9609375,27.896825396825395,39.523809523809526
2017-10-27,79.16666666666667,58.76984126984127,82.42063492063492,73.4920634920635,88.53174603174604,73.92857142857143,85.83333333333333,95.83333333333333,96.3035019455253,88.53174603174604,39.48412698412698
2017-10-30,81.38888888888889,58.611111111111114,82.89682539682539,59.682539682539684,72.5,75.03968253968254,88.76984126984127,98.17275747508306,95.54263565891473,90.5952380952381,39.48412698412698
2017-10-31,82.89682539682539,58.611111111111114,84.64285714285714,59.523809523809526,79.24603174603175,77.18253968253968,90.67460317460318,96.8543046357616,83.20463320463321,93.61111111111111,39.48412698412698
2017-11-01,82.42063492063492,61.62698412698413,81.15079365079364,61.30952380952381,84.48412698412699,76.30952380952381,94.0079365079365,99.0,84.42307692307692,93.61111111111111,61.34920634920635
2017-11-02,66.54761904761905,59.08730158730159,74.8015873015873,65.83333333333333,94.96031746031746,72.97619047619048,95.75396825396825,97.53289473684211,85.24904214559388,88.45238095238095,61.30952380952381
2017-11-03,76.94444444444444,61.86507936507937,87.65873015873017,80.87301587301587,99.0,81.78571428571429,98.76984126984127,99.0,87.59541984732824,96.62698412698413,61.26984126984127
2017-11-06,82.5,65.83333333333333,88.92857142857143,80.83333333333333,99.0,83.13492063492063,99.0,86.11111111111111,75.09505703422053,97.34126984126983,80.5952380952381
2017-11-07,83.21428571428571,67.73809523809524,87.02380952380952,77.18253968253968,96.38888888888889,83.21428571428571,96.94444444444444,88.11074918566776,70.64393939393939,97.65873015873017,80.55555555555556
2017-11-08,83.92857142857143,87.65873015873017,89.8015873015873,78.25396825396825,98.69047619047619,86.15079365079364,95.91269841269842,84.90259740259741,73.39622641509433,97.97619047619048,92.85714285714286
2017-11-09,79.56349206349206,78.13492063492063,78.37301587301587,59.24603174603175,89.08730158730158,79.72222222222223,92.57936507936508,87.54045307443366,53.19548872180451,89.88095238095238,92.81746031746032
2017-11-10,73.76984126984127,67.57936507936508,73.61111111111111,59.36507936507937,74.56349206349206,78.37301587301587,97.18253968253968,83.06451612903226,42.50936329588015,88.21428571428571,80.35714285714286
2017-11-13,70.1984126984127,68.92857142857143,72.81746031746032,62.77777777777778,71.23015873015873,78.53174603174604,97.18253968253968,76.36655948553054,32.276119402985074,89.88095238095238,80.31746031746032
2017-11-14,64.0079365079365,63.45238095238095,60.198412698412696,59.76190476190476,73.2936507936508,73.2936507936508,98.2936507936508,65.22435897435898,29.182156133828997,77.42063492063492,60.833333333333336
2017-11-15,58.53174603174603,76.30952380952381,43.611111111111114,41.86507936507937,37.976190476190474,67.89682539682539,94.0079365079365,66.93290734824281,31.666666666666668,56.785714285714285,38.96825396825397
2017-11-16,80.03968253968254,86.46825396825396,71.07142857142857,72.97619047619048,67.42063492063492,79.16666666666667,96.30952380952381,70.54140127388536,28.96678966789668,81.78571428571429,60.79365079365079
2017-11-17,70.91269841269842,84.0079365079365,56.46825396825397,83.25396825396825,75.27777777777777,73.37301587301587,92.18253968253968,54.76190476190476,24.448529411764707,69.56349206349206,38.84920634920635
2017-11-20,79.4047619047619,71.62698412698413,49.08730158730159,82.73809523809524,87.5,71.30952380952381,93.45238095238095,57.436708860759495,23.626373626373628,66.62698412698413,18.174603174603174
2017-11-21,88.2936507936508,83.45238095238095,71.46825396825396,93.01587301587301,96.23015873015873,82.18253968253968,93.69047619047619,68.29652996845427,26.45985401459854,85.03968253968254,18.134920634920636
2017-11-22,91.78571428571429,86.23015873015873,67.42063492063492,93.4920634920635,91.07142857142857,82.34126984126983,92.97619047619048,56.132075471698116,28.181818181818183,86.23015873015873,18.134920634920636
2017-11-24,94.4047619047619,90.1984126984127,69.56349206349206,95.83333333333333,95.51587301587301,84.56349206349206,95.43650793650794,69.43573667711598,36.77536231884058,90.51587301587301,38.84920634920635
2017-11-27,67.02380952380952,88.21428571428571,63.84920634920635,90.87301587301587,93.69047619047619,83.37301587301587,94.0079365079365,32.96875,33.03249097472924,88.92857142857143,38.84920634920635
2017-11-28,67.42063492063492,86.94444444444444,66.62698412698413,87.57936507936508,80.43650793650794,84.64285714285714,95.9920634920635,19.781931464174455,25.719424460431654,92.34126984126983,38.84920634920635
2017-11-29,40.75396825396825,62.976190476190474,26.785714285714285,38.84920634920635,71.23015873015873,66.62698412698413,86.86507936507937,8.229813664596273,20.25089605734767,36.23015873015873,38.888888888888886
2017-11-30,52.8968253968254,61.86507936507937,40.198412698412696,43.57142857142857,54.36507936507937,72.97619047619048,96.46825396825396,8.204334365325078,21.25,55.51587301587302,60.87301587301587
2017-12-01,49.88095238095238,58.76984126984127,31.865079365079364,36.07142857142857,55.91269841269841,68.61111111111111,98.2936507936508,7.253086419753086,24.73309608540925,41.46825396825397,38.92857142857143
2017-12-04,23.134920634920636,56.62698412698413,15.436507936507937,20.91269841269841,55.27777777777778,55.75396825396825,95.51587301587301,4.153846153846154,20.390070921985817,18.69047619047619,38.96825396825397
2017-12-05,21.38888888888889,54.08730158730159,15.912698412698413,30.317460317460316,70.1984126984127,55.198412698412696,92.73809523809524,8.128834355828221,24.91166077738516,19.00793650793651,60.95238095238095
2017-12-06,23.61111111111111,56.30952380952381,21.785714285714285,34.84126984126984,79.32539682539682,58.84920634920635,93.53174603174604,10.244648318042813,26.232394366197184,28.055555555555557,60.91269841269841
2017-12-07,23.53174603174603,66.94444444444444,27.658730158730158,44.84126984126984,93.53174603174604,62.023809523809526,88.84920634920636,7.164634146341464,27.894736842105264,35.11904761904762,60.87301587301587
2017-12-08,34.56349206349206,60.43650793650794,35.03968253968254,69.56349206349206,97.26190476190476,65.67460317460318,90.27777777777777,7.750759878419453,25.6993006993007,44.08730158730159,60.833333333333336
2017-12-11,45.43650793650794,65.67460317460318,49.88095238095238,94.76190476190476,98.45238095238095,71.38888888888889,90.27777777777777,14.393939393939394,30.48780487804878,62.5,80.35714285714286
2017-12-12,41.46825396825397,61.86507936507937,45.03968253968254,92.22222222222223,90.27777777777777,69.32539682539682,92.02380952380952,19.486404833836858,33.854166666666664,57.182539682539684,60.714285714285715
2017-12-13,49.96031746031746,69.56349206349206,47.023809523809526,93.2936507936508,82.02380952380952,69.88095238095238,86.30952380952381,32.68072289156626,37.54325259515571,61.07142857142857,80.31746031746032
2017-12-14,55.51587301587302,65.9920634920635,43.13492063492063,95.75396825396825,78.69047619047619,68.69047619047619,87.34126984126983,41.891891891891895,50.51724137931034,58.45238095238095,60.595238095238095
2017-12-15,54.48412698412698,76.30952380952381,70.75396825396825,98.61111111111111,95.1984126984127,79.8015873015873,92.34126984126983,35.47904191616767,42.78350515463917,79.4047619047619,80.27777777777777
2017-12-18,68.13492063492063,80.67460317460318,81.62698412698413,94.88095238095238,92.5,86.46825396825396,96.62698412698413,57.76119402985075,29.965753424657535,88.05555555555556,92.77777777777777
2017-12-19,62.817460317460316,79.48412698412699,68.92857142857143,92.18253968253968,86.94444444444444,80.11904761904762,93.21428571428571,54.61309523809524,31.911262798634812,74.56349206349206,80.15873015873017
2017-12-20,47.8968253968254,83.2936507936508,63.53174603174603,92.42063492063492,93.21428571428571,77.97619047619048,90.11904761904762,30.712166172106826,31.802721088435373,70.83333333333333,60.317460317460316
2017-12-21,45.833333333333336,83.53174603174604,61.62698412698413,93.96825396825396,95.27777777777777,76.7063492063492,90.5952380952381,34.76331360946745,39.83050847457627,70.91269841269842,60.27777777777778
2017-12-22,38.69047619047619,90.83333333333333,57.73809523809524,94.76190476190476,91.07142857142857,74.16666666666667,92.02380952380952,19.02654867256637,49.1554054054054,66.7063492063492,38.214285714285715
2017-12-26,33.37301587301587,85.27777777777777,44.56349206349206,84.2063492063492,82.34126984126983,68.2936507936508,88.53174603174604,12.205882352941176,40.235690235690235,48.37301587301587,17.817460317460316
2017-12-27,31.071428571428573,77.89682539682539,45.03968253968254,71.9047619047619,74.08730158730158,67.81746031746032,85.75396825396825,16.86217008797654,43.12080536912752,49.32539682539682,38.17460317460318
2017-12-28,55.03968253968254,79.8015873015873,44.88095238095238,65.11904761904762,88.69047619047619,67.81746031746032,90.43650793650794,39.32748538011696,37.625418060200666,52.5,38.13492063492063
2017-12-29,34.08730158730159,67.73809523809524,31.071428571428573,45.63492063492063,64.72222222222223,59.801587301587304,87.18253968253968,35.42274052478134,39.5,29.08730158730159,38.095238095238095
2018-01-02,63.214285714285715,81.62698412698413,68.84920634920636,59.44444444444444,96.15079365079364,77.26190476190476,98.2936507936508,33.866279069767444,37.04318936877076,69.8015873015873,38.05555555555556
2018-01-03,88.76984126984127,87.97619047619048,83.76984126984127,74.88095238095238,99.0,86.62698412698413,98.2936507936508,65.07246376811594,41.88741721854305,84.56349206349206,38.01587301587302
2018-01-04,89.32539682539682,88.61111111111111,81.38888888888889,78.21428571428571,99.0,86.86507936507937,97.57936507936508,52.456647398843934,51.320132013201324,85.83333333333333,60.23809523809524
2018-01-05,92.81746031746032,88.92857142857143,91.94444444444444,85.83333333333333,97.73809523809524,92.34126984126983,98.37301587301587,51.72910662824207,50.82236842105263,95.67460317460318,80.11904761904762
2018-01-08,92.73809523809524,90.1984126984127,92.57936507936508,81.07142857142857,93.69047619047619,93.45238095238095,97.42063492063492,50.7183908045977,36.22950819672131,96.7063492063492,80.07936507936508
2018-01-09,90.27777777777777,91.15079365079364,90.11904761904762,64.48412698412699,81.78571428571429,92.97619047619048,96.46825396825396,66.3323782234957,35.78431372549019,96.78571428571429,92.73809523809524
2018-01-10,81.86507936507937,88.84920634920636,84.32539682539682,51.30952380952381,89.56349206349206,90.91269841269842,95.83333333333333,61.0,44.78827361563518,92.89682539682539,92.6984126984127
2018-01-11,89.0079365079365,91.46825396825396,90.11904761904762,61.70634920634921,81.46825396825396,94.0079365079365,96.38888888888889,35.47008547008547,28.40909090909091,96.78571428571429,92.65873015873017
2018-01-12,92.65873015873017,96.54761904761905,94.8015873015873,65.7936507936508,70.27777777777777,96.86507936507937,98.45238095238095,29.6875,33.81877022653722,98.13492063492063,92.61904761904762
2018-01-16,91.30952380952381,92.5,88.53174603174604,37.53968253968254,43.05555555555556,94.72222222222223,97.02380952380952,39.23512747875354,53.064516129032256,95.83333333333333,92.57936507936508
2018-01-17,90.67460317460318,96.7063492063492,95.91269841269842,38.73015873015873,34.404761904761905,98.53174603174604,99.0,56.07344632768361,53.536977491961416,98.21428571428571,92.53968253968254
2018-01-18,84.96031746031746,95.75396825396825,94.8015873015873,30.595238095238095,33.69047619047619,98.13492063492063,98.69047619047619,69.71830985915493,57.21153846153846,98.21428571428571,92.5
2018-01-19,91.38888888888889,97.26190476190476,95.1984126984127,39.08730158730159,53.13492063492063,98.84920634920636,99.0,60.252808988764045,42.33226837060703,98.53174603174604,92.46031746031746
2018-01-22,96.15079365079364,99.0,98.45238095238095,38.29365079365079,61.07142857142857,99.0,99.0,70.16806722689076,54.617834394904456,99.0,92.42063492063492
2018-01-23,97.26190476190476,99.0,99.0,32.93650793650794,67.10317460317461,99.0,99.0,66.62011173184358,61.74603174603175,99.0,92.38095238095238
2018-01-24,96.54761904761905,99.0,95.9920634920635,20.833333333333332,61.94444444444444,99.0,99.0,68.1058495821727,59.335443037974684,97.26190476190476,79.28571428571429
2018-01-25,97.18253968253968,99.0,93.45238095238095,18.214285714285715,62.65873015873016,99.0,98.05555555555556,83.19444444444444,64.1955835962145,97.02380952380952,79.24603174603175
2018-01-26,98.76984126984127,99.0,98.84920634920636,23.61111111111111,76.15079365079364,99.0,99.0,90.16620498614958,67.13836477987421,99.0,79.2063492063492
2018-01-29,98.05555555555556,99.0,94.72222222222223,13.80952380952381,21.547619047619047,99.0,99.0,92.95580110497238,77.27272727272727,96.86507936507937,59.24603174603175
2018-01-30,97.97619047619048,96.46825396825396,78.69047619047619,10.277777777777779,17.817460317460316,99.0,98.92857142857143,94.35261707988981,35.15625,82.57936507936508,59.285714285714285
2018-01-31,95.67460317460318,96.46825396825396,77.81746031746032,12.46031746031746,27.976190476190474,99.0,99.0,97.11538461538461,33.177570093457945,85.51587301587301,59.32539682539682
2018-02-01,87.34126984126983,91.07142857142857,56.30952380952381,14.404761904761905,24.642857142857142,97.57936507936508,97.26190476190476,97.12328767123287,43.32298136645963,67.73809523809524,37.26190476190476
2018-02-02,61.46825396825397,74.72222222222223,15.912698412698413,9.603174603174603,3.0555555555555554,87.18253968253968,91.46825396825396,89.75409836065573,29.876160990712073,25.595238095238095,17.023809523809526
2018-02-05,11.15079365079365,40.75396825396825,1.7063492063492063,1.0,1.0,45.11904761904762,72.02380952380952,61.444141689373296,20.833333333333332,2.261904761904762,4.642857142857143
2018-02-06,26.785714285714285,55.833333333333336,6.865079365079365,2.8174603174603177,1.0,70.43650793650794,81.94444444444444,91.9836956521739,26.307692307692307,15.833333333333334,4.682539682539683
2018-02-07,16.547619047619047,41.70634920634921,3.0555555555555554,4.484126984126984,1.0,57.182539682539684,75.27777777777777,74.66124661246613,26.226993865030675,8.293650793650794,4.722222222222222
2018-02-08,3.611111111111111,13.293650793650794,1.0,1.0,1.0,20.674603174603174,56.15079365079365,55.0,21.559633027522935,1.7857142857142858,4.761904761904762
2018-02-09,5.992063492063492,17.896825396825395,1.0714285714285714,1.2301587301587302,1.0,32.1031746031746,61.388888888888886,73.18059299191374,23.01829268292683,4.801587301587301,4.801587301587301
2018-02-12,7.738095238095238,35.27777777777778,3.0555555555555554,4.484126984126984,1.0,45.03968253968254,68.21428571428571,82.66129032258064,29.027355623100306,11.626984126984127,17.46031746031746
2018-02-13,9.880952380952381,38.37301587301587,4.325396825396825,5.634920634920635,1.0,48.13492063492063,67.73809523809524,68.76675603217159,31.666666666666668,14.722222222222221,37.698412698412696
2018-02-14,13.452380952380953,54.32539682539682,14.642857142857142,9.404761904761905,6.23015873015873,67.18253968253968,74.16666666666667,52.27272727272727,28.851963746223564,28.214285714285715,37.698412698412696
2018-02-15,25.833333333333332,73.13492063492063,41.94444444444444,9.563492063492063,5.277777777777778,85.27777777777777,79.72222222222223,59.06666666666667,48.3433734939759,40.27777777777778,59.523809523809526
2018-02-16,20.03968253968254,74.64285714285714,36.30952380952381,10.753968253968255,3.8492063492063493,80.67460317460318,78.2936507936508,69.54787234042553,46.0960960960961,37.42063492063492,59.48412698412698
2018-02-20,14.722222222222221,65.91269841269842,40.11904761904762,8.134920634920634,2.738095238095238,81.30952380952381,76.62698412698413,65.11936339522546,47.455089820359284,38.29365079365079,79.24603174603175
2018-02-21,8.928571428571429,66.46825396825396,37.57936507936508,7.261904761904762,5.992063492063492,76.78571428571429,73.37301587301587,73.14814814814815,87.31343283582089,35.75396825396825,59.36507936507937
2018-02-22,12.103174603174603,67.57936507936508,40.11904761904762,9.523809523809524,8.531746031746032,76.38888888888889,73.53174603174604,80.34300791556728,88.83928571428571,36.07142857142857,79.2063492063492
2018-02-23,25.595238095238095,74.16666666666667,84.16666666666667,20.11904761904762,16.150793650793652,91.46825396825396,82.81746031746032,77.5,77.89317507418397,56.54761904761905,92.34126984126983
2018-02-26,23.69047619047619,84.0079365079365,97.34126984126983,20.476190476190474,19.00793650793651,96.78571428571429,88.92857142857143,84.90813648293964,95.41420118343196,66.94444444444444,92.3015873015873
2018-02-27,18.293650793650794,70.91269841269842,86.23015873015873,10.992063492063492,8.84920634920635,90.5952380952381,81.86507936507937,84.16230366492147,91.88790560471976,50.11904761904762,79.0079365079365
2018-02-28,19.246031746031747,65.83333333333333,75.9920634920635,7.738095238095238,6.23015873015873,85.9920634920635,80.67460317460318,83.9425587467363,92.5,40.357142857142854,59.007936507936506
2018-03-01,9.325396825396826,49.32539682539682,43.37301587301587,4.722222222222222,1.8650793650793651,67.81746031746032,69.16666666666667,63.671875,83.43108504398828,26.23015873015873,37.06349206349206
2018-03-02,18.055555555555557,72.65873015873017,67.26190476190476,8.84920634920635,8.055555555555555,77.26190476190476,75.11904761904762,46.36363636363637,95.76023391812865,32.8968253968254,37.06349206349206
2018-03-05,52.5,73.84920634920636,84.64285714285714,11.031746031746032,9.563492063492063,86.7063492063492,78.92857142857143,51.6839378238342,91.69096209912536,42.8968253968254,59.007936507936506
2018-03-06,94.64285714285714,81.62698412698413,87.5,11.071428571428571,13.61111111111111,88.69047619047619,81.46825396825396,69.89664082687338,85.02906976744185,47.817460317460316,59.007936507936506
2018-03-07,77.5,91.86507936507937,87.73809523809524,11.666666666666666,16.071428571428573,89.32539682539682,83.13492063492063,35.43814432989691,97.2463768115942,50.91269841269841,78.96825396825396
2018-03-08,92.73809523809524,94.88095238095238,90.5952380952381,15.515873015873016,28.293650793650794,92.02380952380952,84.88095238095238,63.11053984575835,92.6300578034682,57.42063492063492,78.96825396825396
2018-03-09,99.0,98.37301587301587,98.84920634920636,28.53174603174603,54.404761904761905,98.76984126984127,94.8015873015873,82.94871794871794,92.36311239193084,73.53174603174604,78.96825396825396
2018-03-12,99.0,98.37301587301587,98.37301587301587,25.317460317460316,40.595238095238095,99.0,94.8015873015873,78.13299232736573,96.98275862068965,76.86507936507937,79.0079365079365
2018-03-13,97.34126984126983,94.16666666666667,85.43650793650794,15.595238095238095,31.071428571428573,95.67460317460318,87.65873015873017,53.69897959183673,91.83381088825215,59.88095238095238,79.0079365079365
2018-03-14,96.38888888888889,88.84920634920636,78.2936507936508,14.563492063492063,25.11904761904762,94.4047619047619,88.84920634920636,57.8880407124682,87.28571428571429,58.37301587301587,78.96825396825396
2018-03-15,89.56349206349206,88.84920634920636,71.30952380952381,19.444444444444443,28.055555555555557,93.45238095238095,84.24603174603175,75.50761421319797,86.75213675213675,55.992063492063494,78.96825396825396
2018-03-16,68.61111111111111,86.78571428571429,63.37301587301587,24.92063492063492,38.69047619047619,92.26190476190476,83.84920634920636,45.44303797468354,64.91477272727273,52.5,58.92857142857143
2018-03-19,45.75396825396825,67.89682539682539,19.72222222222222,7.817460317460317,8.76984126984127,72.26190476190476,73.76984126984127,30.42929292929293,36.96883852691218,22.42063492063492,37.06349206349206
2018-03-20,48.76984126984127,60.27777777777778,22.5,7.658730158730159,11.944444444444445,75.43650793650794,75.03968253968254,34.38287153652393,45.90395480225989,25.833333333333332,37.023809523809526
2018-03-21,45.75396825396825,49.801587301587304,15.753968253968255,7.936507936507937,13.76984126984127,68.45238095238095,79.56349206349206,18.21608040201005,40.985915492957744,20.27777777777778,17.103174603174605
2018-03-22,18.76984126984127,33.29365079365079,3.2142857142857144,3.0555555555555554,1.1507936507936507,41.07142857142857,65.03968253968254,9.147869674185463,29.073033707865168,5.198412698412699,4.801587301587301
2018-03-23,3.4523809523809526,15.515873015873016,1.0,2.0238095238095237,1.1507936507936507,21.150793650793652,54.32539682539682,5.125,23.669467787114847,1.8650793650793651,1.0
2018-03-26,8.214285714285714,42.182539682539684,8.373015873015873,4.325396825396825,4.007936507936508,51.62698412698413,70.27777777777777,5.361596009975062,42.31843575418994,16.547619047619047,1.0
2018-03-27,3.611111111111111,17.57936507936508,1.7857142857142858,1.4682539682539681,3.134920634920635,21.785714285714285,54.166666666666664,2.611940298507463,24.37325905292479,5.0396825396825395,1.0
2018-03-28,3.373015873015873,14.801587301587302,1.0,1.0714285714285714,3.2936507936507935,17.103174603174605,47.023809523809526,1.1166253101736974,26.805555555555557,3.7698412698412698,1.0317460317460319
2018-03-29,11.15079365079365,27.341269841269842,2.9761904761904763,3.2936507936507935,10.753968253968255,25.357142857142858,53.29365079365079,3.8366336633663365,25.069252077562325,9.007936507936508,5.119047619047619
2018-04-02,2.9761904761904763,11.706349206349206,1.0,1.1904761904761905,2.1825396825396823,13.055555555555555,39.88095238095238,4.814814814814815,28.03867403314917,3.8492063492063493,5.158730158730159
2018-04-03,3.0555555555555554,17.57936507936508,1.9444444444444444,2.5,5.912698412698413,15.992063492063492,44.166666666666664,5.541871921182266,29.889807162534435,5.992063492063492,17.5
2018-04-04,4.563492063492063,16.23015873015873,4.166666666666667,4.087301587301587,9.246031746031745,23.055555555555557,51.785714285714285,6.019656019656019,27.060439560439562,12.5,17.53968253968254
2018-04-05,5.198412698412699,14.484126984126984,6.309523809523809,5.0396825396825395,12.420634920634921,25.11904761904762,53.29365079365079,7.720588235294118,28.356164383561644,15.595238095238095,37.34126984126984
2018-04-06,1.626984126984127,8.531746031746032,2.3412698412698414,2.8174603174603177,4.880952380952381,13.76984126984127,43.611111111111114,5.256723716381418,22.26775956284153,6.865079365079365,37.34126984126984
2018-04-09,1.0,7.658730158730159,3.7698412698412698,3.2142857142857144,3.2936507936507935,15.674603174603174,46.388888888888886,5.975609756097561,24.659400544959126,8.76984126984127,58.96825396825397
2018-04-10,2.1031746031746033,11.38888888888889,16.865079365079364,5.0,6.150793650793651,26.071428571428573,56.15079365079365,8.394160583941606,38.45108695652174,21.38888888888889,58.96825396825397
2018-04-11,2.8968253968253967,10.357142857142858,14.880952380952381,5.992063492063492,7.738095238095238,23.214285714285715,53.84920634920635,9.344660194174757,23.170731707317074,18.293650793650794,58.96825396825397
2018-04-12,4.166666666666667,14.007936507936508,34.642857142857146,7.579365079365079,13.76984126984127,31.38888888888889,60.27777777777778,13.922518159806295,31.216216216216218,26.785714285714285,78.92857142857143
2018-04-13,3.9285714285714284,10.753968253968255,32.8968253968254,9.166666666666666,18.76984126984127,25.99206349206349,60.11904761904762,9.782608695652174,37.870619946091644,24.00793650793651,58.84920634920635
2018-04-16,5.436507936507937,10.753968253968255,51.86507936507937,13.095238095238095,22.023809523809526,32.42063492063492,65.67460317460318,12.168674698795181,31.048387096774192,28.76984126984127,78.88888888888889
2018-04-17,23.849206349206348,19.325396825396826,92.10317460317461,16.626984126984127,30.99206349206349,50.51587301587302,71.46825396825396,25.841346153846153,27.211796246648795,44.166666666666664,78.84920634920636
2018-04-18,23.452380952380953,15.119047619047619,94.64285714285714,16.785714285714285,22.341269841269842,52.57936507936508,72.81746031746032,17.86570743405276,20.454545454545453,45.91269841269841,78.80952380952381
2018-04-19,20.436507936507937,12.896825396825397,84.72222222222223,14.206349206349206,21.071428571428573,41.94444444444444,68.61111111111111,30.502392344497608,20.666666666666668,37.1031746031746,58.57142857142857
2018-04-20,27.896825396825395,8.373015873015873,52.34126984126984,10.03968253968254,15.119047619047619,28.134920634920636,56.86507936507937,40.692124105011935,21.409574468085108,24.642857142857142,58.53174603174603
2018-04-23,55.67460317460318,6.309523809523809,43.45238095238095,8.928571428571429,17.738095238095237,24.325396825396826,55.91269841269841,46.785714285714285,17.90450928381963,22.261904761904763,36.82539682539682
2018-04-24,8.452380952380953,3.373015873015873,14.484126984126984,7.023809523809524,8.452380952380953,14.325396825396826,41.23015873015873,12.470308788598574,13.359788359788359,9.722222222222221,17.38095238095238
2018-04-25,27.738095238095237,3.8492063492063493,15.436507936507937,7.5,9.880952380952381,14.404761904761905,38.29365079365079,26.421800947867297,14.379947229551451,10.198412698412698,36.82539682539682
2018-04-26,64.16666666666667,6.388888888888889,44.88095238095238,13.84920634920635,18.452380952380953,23.134920634920636,47.73809523809524,52.836879432624116,15.921052631578947,26.071428571428573,36.82539682539682
2018-04-27,43.214285714285715,4.801587301587301,45.67460317460318,13.134920634920634,33.92857142857143,23.373015873015873,45.833333333333336,39.97641509433962,10.62992125984252,27.103174603174605,58.492063492063494
2018-04-30,69.24603174603175,4.404761904761905,28.76984126984127,11.547619047619047,26.30952380952381,19.404761904761905,41.46825396825397,47.88235294117647,11.387434554973822,19.72222222222222,36.82539682539682
2018-05-01,70.5952380952381,6.944444444444445,47.1031746031746,16.150793650793652,27.103174603174605,24.88095238095238,42.34126984126984,52.69953051643193,13.18537859007833,30.99206349206349,36.86507936507937
2018-05-02,44.96031746031746,5.753968253968254,34.88095238095238,16.071428571428573,24.00793650793651,20.99206349206349,39.166666666666664,67.56440281030444,14.192708333333334,25.833333333333332,17.38095238095238
2018-05-03,38.29365079365079,6.785714285714286,34.32539682539682,16.547619047619047,20.99206349206349,20.753968253968253,40.595238095238095,66.00467289719626,13.896103896103897,25.753968253968253,17.42063492063492
2018-05-04,88.53174603174604,15.674603174603174,70.35714285714286,22.3015873015873,41.30952380952381,34.96031746031746,48.69047619047619,79.37062937062937,18.78238341968912,42.42063492063492,37.06349206349206
2018-05-07,90.11904761904762,48.611111111111114,79.56349206349206,20.99206349206349,42.182539682539684,40.357142857142854,51.07142857142857,74.06976744186046,36.304909560723516,51.23015873015873,58.80952380952381
2018-05-08,64.88095238095238,28.69047619047619,75.11904761904762,21.904761904761905,39.166666666666664,39.24603174603175,49.08730158730159,69.7215777262181,22.036082474226806,49.404761904761905,58.80952380952381
2018-05-09,84.56349206349206,46.23015873015873,89.96031746031746,27.817460317460316,60.198412698412696,50.198412698412696,52.976190476190474,83.91203703703704,33.54755784061697,62.42063492063492,58.84920634920635
2018-05-10,83.92857142857143,90.51587301587301,96.62698412698413,42.61904761904762,51.62698412698413,60.51587301587302,57.182539682539684,71.70900692840647,49.87179487179487,70.11904761904762,58.84920634920635
2018-05-11,86.07142857142857,75.9920634920635,94.0079365079365,44.36507936507937,58.69047619047619,57.8968253968254,57.023809523809526,84.44700460829493,53.58056265984655,67.89682539682539,37.1031746031746
2018-05-14,81.78571428571429,63.13492063492063,93.76984126984127,45.23809523809524,39.96031746031746,59.007936507936506,56.62698412698413,89.08045977011494,40.94387755102041,69.32539682539682,58.96825396825397
2018-05-15,42.023809523809526,49.72222222222222,77.02380952380952,28.928571428571427,23.69047619047619,45.67460317460318,50.357142857142854,71.21559633027523,31.424936386768447,51.46825396825397,37.142857142857146
2018-05-16,47.42063492063492,38.84920634920635,85.75396825396825,39.007936507936506,41.86507936507937,51.70634920634921,51.46825396825397,73.79862700228833,33.121827411167516,59.08730158730159,59.08730158730159
2018-05-17,53.45238095238095,23.373015873015873,77.5,33.333333333333336,38.84920634920635,45.75396825396825,60.67460317460318,53.538812785388124,20.632911392405063,51.46825396825397,59.12698412698413
2018-05-18,64.88095238095238,22.182539682539684,63.53174603174603,37.1031746031746,43.611111111111114,40.27777777777778,54.88095238095238,58.65603644646925,20.328282828282827,41.07142857142857,37.182539682539684
2018-05-21,75.83333333333333,25.595238095238095,72.26190476190476,36.46825396825397,39.96031746031746,45.27777777777778,55.67460317460318,73.52272727272727,22.79596977329975,49.96031746031746,37.22222222222222
2018-05-22,93.37301587301587,26.46825396825397,61.70634920634921,36.507936507936506,41.15079365079365,42.976190476190474,50.67460317460318,93.08390022675736,22.738693467336685,46.30952380952381,37.26190476190476
2018-05-23,95.75396825396825,33.214285714285715,74.08730158730158,44.24603174603175,51.94444444444444,51.54761904761905,54.404761904761905,96.49321266968326,23.182957393483708,59.88095238095238,37.301587301587304
2018-05-24,83.69047619047619,17.976190476190474,68.61111111111111,49.801587301587304,52.1031746031746,50.03968253968254,51.86507936507937,81.60270880361173,17.875,58.611111111111114,17.46031746031746
2018-05-25,84.08730158730158,13.928571428571429,66.78571428571429,46.111111111111114,39.642857142857146,50.992063492063494,48.45238095238095,88.17567567567568,10.598503740648379,61.388888888888886,37.38095238095238
2018-05-29,86.30952380952381,16.23015873015873,49.404761904761905,22.38095238095238,7.658730158730159,44.08730158730159,45.357142857142854,77.41573033707866,8.582089552238806,48.69047619047619,17.5
2018-05-30,82.65873015873017,25.11904761904762,60.67460317460318,34.92063492063492,21.071428571428573,51.62698412698413,47.8968253968254,71.63677130044843,7.07196029776675,61.70634920634921,37.38095238095238
2018-05-31,86.30952380952381,36.388888888888886,52.5,38.611111111111114,17.103174603174605,49.007936507936506,47.73809523809524,76.84563758389261,18.68811881188119,58.29365079365079,17.46031746031746
2018-06-01,95.27777777777777,41.15079365079365,82.10317460317461,60.357142857142854,45.27777777777778,65.27777777777777,54.166666666666664,77.79017857142857,24.814814814814813,79.0079365079365,37.34126984126984
2018-06-04,91.46825396825396,39.642857142857146,90.27777777777777,53.45238095238095,58.29365079365079,73.45238095238095,52.65873015873016,75.83518930957683,28.940886699507388,86.78571428571429,59.36507936507937
2018-06-05,87.81746031746032,39.007936507936506,90.9920634920635,55.79365079365079,65.83333333333333,76.15079365079364,54.404761904761905,61.666666666666664,32.06388206388206,89.32539682539682,59.32539682539682
2018-06-06,92.42063492063492,41.70634920634921,94.56349206349206,52.976190476190474,77.65873015873017,81.94444444444444,58.84920634920635,61.751662971175165,33.21078431372549,93.53174603174604,79.24603174603175
2018-06-07,74.08730158730158,32.42063492063492,81.46825396825396,42.023809523809526,67.02380952380952,71.07142857142857,53.69047619047619,48.34070796460177,26.283618581907092,77.57936507936508,59.20634920634921
2018-06-08,61.30952380952381,17.976190476190474,78.21428571428571,41.34920634920635,70.1984126984127,69.96031746031746,52.65873015873016,31.456953642384107,18.414634146341463,77.5,59.166666666666664
2018-06-11,65.83333333333333,17.261904761904763,79.72222222222223,42.142857142857146,61.62698412698413,71.23015873015873,65.9920634920635,19.273127753303964,17.63990267639903,80.43650793650794,59.12698412698413
2018-06-12,71.86507936507937,29.96031746031746,86.38888888888889,50.714285714285715,63.05555555555556,77.02380952380952,71.62698412698413,15.934065934065934,18.567961165048544,86.38888888888889,79.2063492063492
2018-06-13,83.92857142857143,30.357142857142858,82.34126984126983,43.76984126984127,52.182539682539684,75.11904761904762,67.73809523809524,27.30263157894737,20.702179176755447,84.88095238095238,59.007936507936506
2018-06-14,87.57936507936508,38.69047619047619,92.81746031746032,47.698412698412696,65.9920634920635,85.03968253968254,74.56349206349206,35.55798687089715,17.270531400966185,94.08730158730158,79.16666666666667
2018-06-15,88.2936507936508,37.8968253968254,84.8015873015873,54.48412698412698,72.10317460317461,80.67460317460318,75.27777777777777,36.572052401746724,18.91566265060241,86.86507936507937,58.888888888888886
2018-06-18,91.54761904761905,54.96031746031746,78.84920634920636,37.53968253968254,60.357142857142854,79.0079365079365,76.54761904761905,37.145969498910674,23.91826923076923,85.75396825396825,36.58730158730159
2018-06-19,84.32539682539682,50.198412698412696,68.21428571428571,31.825396825396826,45.357142857142854,73.53174603174604,67.34126984126983,32.06521739130435,23.381294964028775,76.54761904761905,17.063492063492063
2018-06-20,91.54761904761905,59.56349206349206,76.94444444444444,36.86507936507937,52.976190476190474,80.9920634920635,74.64285714285714,22.45119305856833,26.196172248803826,86.15079365079364,17.103174603174605
2018-06-21,74.0079365079365,73.76984126984127,52.976190476190474,19.761904761904763,24.325396825396826,68.92857142857143,65.27777777777777,18.29004329004329,32.81622911694511,63.29365079365079,17.103174603174605
2018-06-22,71.86507936507937,91.46825396825396,42.57936507936508,22.6984126984127,40.198412698412696,64.8015873015873,64.0079365079365,21.490280777537798,40.11904761904762,55.43650793650794,17.063492063492063
2018-06-25,41.785714285714285,43.84920634920635,11.706349206349206,9.642857142857142,8.373015873015873,40.595238095238095,50.67460317460318,15.40948275862069,18.64608076009501,14.642857142857142,5.079365079365079
2018-06-26,53.611111111111114,75.51587301587301,13.69047619047619,13.373015873015873,16.865079365079364,43.92857142857143,55.11904761904762,20.322580645161292,38.27014218009479,19.96031746031746,5.119047619047619
2018-06-27,28.928571428571427,72.57936507936508,5.912698412698413,7.896825396825397,7.658730158730159,31.706349206349206,57.1031746031746,22.854077253218883,51.182033096926716,7.182539682539683,5.158730158730159
2018-06-28,39.08730158730159,64.56349206349206,9.722222222222221,10.119047619047619,13.293650793650794,37.73809523809524,54.801587301587304,18.950749464668093,59.551886792452834,16.30952380952381,5.198412698412699
2018-06-29,23.214285714285715,89.24603174603175,11.15079365079365,12.023809523809524,18.373015873015873,38.13492063492063,64.08730158730158,15.064102564102564,55.1764705882353,17.817460317460316,17.3015873015873
2018-07-02,23.055555555555557,87.34126984126983,19.325396825396826,12.380952380952381,25.436507936507937,45.03968253968254,68.53174603174604,17.803837953091683,66.54929577464789,30.515873015873016,36.86507936507937
2018-07-03,13.373015873015873,65.43650793650794,9.404761904761905,10.03968253968254,21.626984126984127,33.45238095238095,67.65873015873017,12.872340425531915,53.98126463700234,14.880952380952381,36.904761904761905
2018-07-05,17.261904761904763,70.83333333333333,21.706349206349206,14.682539682539682,31.46825396825397,43.76984126984127,68.61111111111111,12.632696390658174,49.88317757009346,31.706349206349206,36.94444444444444
2018-07-06,37.42063492063492,97.02380952380952,45.833333333333336,21.38888888888889,59.24603174603175,59.404761904761905,80.27777777777777,16.63135593220339,61.655011655011656,50.51587301587302,59.12698412698413
2018-07-09,51.07142857142857,97.73809523809524,67.02380952380952,26.428571428571427,58.45238095238095,67.26190476190476,80.03968253968254,27.58985200845666,52.2093023255814,63.214285714285715,79.32539682539682
2018-07-10,48.84920634920635,88.21428571428571,67.5,26.58730158730159,55.357142857142854,67.02380952380952,77.5,38.08016877637131,47.911832946635734,64.0079365079365,92.53968253968254
2018-07-11,34.32539682539682,87.89682539682539,53.37301587301587,23.69047619047619,41.07142857142857,60.992063492063494,72.73809523809524,52.94736842105263,63.0787037037037,52.73809523809524,79.36507936507937
2018-07-12,55.992063492063494,91.86507936507937,86.78571428571429,34.96031746031746,58.92857142857143,79.0079365079365,75.83333333333333,62.71008403361345,62.93302540415704,72.57936507936508,92.65873015873017
2018-07-13,44.404761904761905,95.11904761904762,87.89682539682539,37.817460317460316,68.37301587301587,79.16666666666667,74.96031746031746,61.530398322851156,66.70506912442396,73.69047619047619,92.6984126984127
2018-07-16,45.75396825396825,89.48412698412699,82.65873015873017,27.817460317460316,52.976190476190474,75.03968253968254,69.96031746031746,81.90376569037657,86.32183908045977,68.76984126984127,79.4047619047619
2018-07-17,54.642857142857146,77.42063492063492,90.35714285714286,40.0,68.37301587301587,81.07142857142857,72.10317460317461,85.90814196242171,77.1788990825688,76.15079365079364,79.44444444444444
2018-07-18,56.388888888888886,74.08730158730158,85.67460317460318,41.86507936507937,66.23015873015873,77.5,67.73809523809524,84.27083333333333,86.38443935926773,72.5,79.48412698412699
2018-07-19,40.11904761904762,77.10317460317461,75.75396825396825,31.706349206349206,54.642857142857146,69.72222222222223,61.70634920634921,73.28482328482329,55.593607305936075,61.94444444444444,59.166666666666664
2018-07-20,52.26190476190476,89.64285714285714,73.45238095238095,35.27777777777778,58.611111111111114,67.81746031746032,60.992063492063494,85.16597510373444,79.6127562642369,61.46825396825397,36.98412698412698
2018-07-23,58.45238095238095,92.65873015873017,76.7063492063492,42.61904761904762,60.75396825396825,70.51587301587301,62.73809523809524,93.89233954451346,91.70454545454545,64.64285714285714,37.023809523809526
2018-07-24,89.08730158730158,99.0,81.23015873015873,35.0,64.08730158730158,75.03968253968254,63.45238095238095,99.0,99.0,71.23015873015873,37.06349206349206
2018-07-25,94.24603174603175,99.0,95.67460317460318,40.595238095238095,63.69047619047619,87.81746031746032,71.46825396825396,99.0,99.0,87.42063492063492,59.36507936507937
2018-07-26,93.92857142857143,95.11904761904762,67.18253968253968,38.25396825396825,64.8015873015873,70.91269841269842,61.86507936507937,93.93004115226337,94.92099322799098,55.595238095238095,37.1031746031746
2018-07-27,74.16666666666667,84.4047619047619,32.42063492063492,21.428571428571427,50.357142857142854,55.27777777777778,57.57936507936508,84.70225872689939,97.18468468468468,30.753968253968253,17.341269841269842
2018-07-30,55.51587301587302,79.32539682539682,12.817460317460318,14.246031746031745,28.849206349206348,39.166666666666664,51.23015873015873,81.65983606557377,89.32584269662921,14.246031746031745,17.38095238095238
2018-07-31,52.73809523809524,74.32539682539682,17.182539682539684,19.206349206349206,52.817460317460316,43.69047619047619,55.91269841269841,59.40695296523517,75.22421524663677,20.27777777777778,17.42063492063492
2018-08-01,73.69047619047619,83.21428571428571,22.261904761904763,22.46031746031746,52.5,49.24603174603175,57.73809523809524,94.38775510204081,88.9261744966443,27.738095238095237,37.34126984126984
2018-08-02,75.03968253968254,92.97619047619048,40.11904761904762,45.67460317460318,74.96031746031746,62.1031746031746,63.29365079365079,96.43584521384929,90.29017857142857,44.166666666666664,59.56349206349206
2018-08-03,60.198412698412696,81.30952380952381,44.72222222222222,51.62698412698413,85.75396825396825,64.4047619047619,67.34126984126983,90.7520325203252,80.73496659242761,48.53174603174603,79.72222222222223
2018-08-06,56.70634920634921,79.96031746031746,56.15079365079365,55.317460317460316,90.9920634920635,69.96031746031746,69.88095238095238,90.36511156186613,79.0,58.13492063492063,79.72222222222223
2018-08-07,59.32539682539682,83.37301587301587,60.51587301587302,67.89682539682539,93.05555555555556,72.65873015873017,67.97619047619048,92.00404858299595,82.37250554323725,62.8968253968254,79.72222222222223
2018-08-08,66.15079365079364,74.8015873015873,58.69047619047619,67.02380952380952,95.35714285714286,72.57936507936508,69.72222222222223,94.64646464646465,81.30530973451327,63.76984126984127,79.68253968253968
2018-08-09,45.27777777777778,66.46825396825396,56.70634920634921,65.95238095238095,88.05555555555556,70.83333333333333,70.11904761904762,80.74596774193549,75.16556291390728,63.13492063492063,79.64285714285714
2018-08-10,33.92857142857143,61.23015873015873,38.05555555555556,46.54761904761905,51.785714285714285,61.62698412698413,77.73809523809524,81.18712273641852,63.1057268722467,42.65873015873016,79.60317460317461
2018-08-13,35.357142857142854,58.53174603174603,36.23015873015873,42.77777777777778,28.293650793650794,59.801587301587304,72.73809523809524,78.81526104417671,71.53846153846153,40.51587301587302,79.56349206349206
2018-08-14,35.27777777777778,72.57936507936508,48.84920634920635,60.833333333333336,50.833333333333336,64.48412698412699,69.48412698412699,64.62925851703407,69.62719298245614,52.73809523809524,79.52380952380952
2018-08-15,24.246031746031747,57.5,26.30952380952381,34.404761904761905,32.023809523809526,51.15079365079365,61.86507936507937,61.7,73.63238512035011,28.373015873015873,59.285714285714285
2018-08-16,32.26190476190476,63.53174603174603,30.03968253968254,44.166666666666664,50.75396825396825,53.214285714285715,62.57936507936508,79.54091816367266,86.1353711790393,32.8968253968254,59.24603174603175
2018-08-17,33.29365079365079,67.65873015873017,30.27777777777778,51.111111111111114,70.03968253968254,53.13492063492063,74.72222222222223,60.45816733067729,79.62962962962963,33.214285714285715,59.20634920634921
2018-08-20,29.96031746031746,62.73809523809524,28.76984126984127,46.19047619047619,70.51587301587301,51.15079365079365,74.8015873015873,32.50497017892644,55.54347826086956,32.182539682539684,37.06349206349206
2018-08-21,28.53174603174603,66.54761904761905,34.72222222222222,46.904761904761905,61.785714285714285,54.24603174603175,77.26190476190476,12.40079365079365,48.48156182212581,37.73809523809524,37.023809523809526
2018-08-22,19.8015873015873,62.73809523809524,43.05555555555556,53.76984126984127,81.30952380952381,56.86507936507937,70.83333333333333,17.722772277227723,51.40692640692641,44.404761904761905,36.98412698412698
2018-08-23,31.626984126984127,61.94444444444444,39.08730158730159,52.38095238095238,75.67460317460318,54.801587301587304,71.30952380952381,53.458498023715414,71.59827213822894,39.72222222222222,36.94444444444444
2018-08-24,60.198412698412696,68.21428571428571,58.37301587301587,61.19047619047619,83.37301587301587,63.214285714285715,78.53174603174604,62.6232741617357,77.69396551724138,62.57936507936508,59.166666666666664
2018-08-27,88.45238095238095,80.5952380952381,75.27777777777777,54.20634920634921,76.23015873015873,73.61111111111111,84.24603174603175,78.44488188976378,91.0752688172043,76.30952380952381,79.48412698412699
2018-08-28,84.88095238095238,76.07142857142857,73.61111111111111,56.82539682539682,73.37301587301587,74.56349206349206,83.37301587301587,84.77406679764243,88.73390557939913,78.84920634920636,79.44444444444444
2018-08-29,90.35714285714286,86.86507936507937,89.96031746031746,58.92857142857143,77.42063492063492,85.9920634920635,87.89682539682539,68.72549019607843,84.47537473233405,91.46825396825396,92.97619047619048
2018-08-30,73.53174603174604,70.75396825396825,83.21428571428571,48.73015873015873,48.29365079365079,83.37301587301587,80.03968253968254,73.09197651663405,88.14102564102564,86.38888888888889,79.32539682539682
2018-08-31,71.46825396825396,65.43650793650794,82.97619047619048,48.41269841269841,59.96031746031746,83.53174603174604,76.54761904761905,74.90234375,81.76972281449893,87.97619047619048,79.28571428571429
2018-09-04,58.76984126984127,58.13492063492063,72.26190476190476,35.476190476190474,57.57936507936508,77.73809523809524,74.24603174603175,64.81481481481481,83.51063829787235,75.91269841269842,79.24603174603175
2018-09-05,37.976190476190474,43.611111111111114,40.357142857142854,21.904761904761905,46.15079365079365,61.54761904761905,71.30952380952381,37.840466926070036,57.43099787685775,39.166666666666664,58.73015873015873
2018-09-06,26.626984126984127,42.34126984126984,25.436507936507937,19.246031746031747,35.51587301587302,51.15079365079365,64.56349206349206,24.368932038834952,54.13135593220339,24.00793650793651,36.62698412698413
2018-09-07,23.76984126984127,39.48412698412698,21.706349206349206,16.666666666666668,35.27777777777778,46.388888888888886,61.15079365079365,34.39922480620155,76.42706131078224,18.53174603174603,36.666666666666664
2018-09-10,34.96031746031746,39.56349206349206,24.642857142857142,20.03968253968254,45.51587301587302,48.214285714285715,67.89682539682539,23.88781431334623,67.40506329113924,23.53174603174603,36.70634920634921
2018-09-11,46.785714285714285,41.62698412698413,36.15079365079365,27.6984126984127,58.13492063492063,56.785714285714285,65.67460317460318,28.28185328185328,90.0,36.785714285714285,36.74603174603175
2018-09-12,35.03968253968254,39.88095238095238,31.23015873015873,30.873015873015873,54.642857142857146,53.13492063492063,62.5,30.92485549132948,72.58403361344538,32.34126984126984,16.984126984126984
2018-09-13,62.5,39.32539682539682,47.976190476190474,43.84920634920635,67.42063492063492,62.023809523809526,67.57936507936508,47.59615384615385,83.9622641509434,49.96031746031746,17.023809523809526
2018-09-14,56.86507936507937,40.67460317460318,39.801587301587304,47.57936507936508,66.07142857142857,59.404761904761905,70.11904761904762,40.01919385796545,86.92468619246861,43.69047619047619,17.063492063492063
2018-09-17,37.8968253968254,31.38888888888889,17.57936507936508,22.738095238095237,35.51587301587302,42.023809523809526,58.29365079365079,38.40996168582375,78.60125260960334,17.57936507936508,5.119047619047619
2018-09-18,50.357142857142854,38.76984126984127,26.626984126984127,32.22222222222222,58.214285714285715,50.198412698412696,64.48412698412699,58.604206500956025,81.97916666666667,30.674603174603174,17.182539682539684
2018-09-19,43.92857142857143,33.37301587301587,25.1984126984127,38.45238095238095,85.5952380952381,48.37301587301587,63.13492063492063,67.84351145038168,92.82744282744282,29.88095238095238,17.22222222222222
2018-09-20,52.8968253968254,47.8968253968254,40.91269841269841,47.34126984126984,80.91269841269842,59.48412698412698,70.83333333333333,69.61904761904762,97.61410788381743,46.86507936507937,37.26190476190476
2018-09-21,49.08730158730159,46.23015873015873,30.833333333333332,39.642857142857146,86.23015873015873,53.214285714285715,71.78571428571429,26.520912547528518,79.19254658385093,36.54761904761905,37.301587301587304
2018-09-24,38.84920634920635,66.46825396825396,34.166666666666664,33.92857142857143,73.76984126984127,55.03968253968254,73.76984126984127,71.82163187855788,98.86363636363636,39.642857142857146,37.301587301587304
2018-09-25,30.595238095238095,64.96031746031746,37.42063492063492,36.54761904761905,69.88095238095238,55.75396825396825,80.1984126984127,69.41287878787878,98.8659793814433,43.53174603174603,37.26190476190476
2018-09-26,28.849206349206348,76.54761904761905,37.5,31.547619047619047,57.42063492063492,55.198412698412696,79.4047619047619,75.51984877126654,98.86831275720165,43.53174603174603,37.22222222222222
2018-09-27,24.8015873015873,76.46825396825396,57.57936507936508,40.833333333333336,69.0079365079365,62.817460317460316,78.76984126984127,81.98113207547169,99.0,63.45238095238095,37.22222222222222
2018-09-28,27.42063492063492,74.96031746031746,57.42063492063492,42.65873015873016,76.54761904761905,62.023809523809526,79.0079365079365,61.67608286252354,98.46311475409836,62.817460317460316,37.182539682539684
2018-10-01,28.69047619047619,69.88095238095238,63.29365079365079,36.42857142857143,80.27777777777777,63.05555555555556,76.54761904761905,81.10902255639098,99.0,65.9920634920635,59.6031746031746
2018-10-02,31.150793650793652,78.21428571428571,57.57936507936508,30.07936507936508,81.46825396825396,60.43650793650794,74.8015873015873,88.27392120075046,99.0,59.56349206349206,37.06349206349206
2018-10-03,48.69047619047619,68.61111111111111,58.29365079365079,30.555555555555557,91.30952380952381,60.91269841269841,74.4047619047619,98.22097378277154,99.0,62.65873015873016,59.56349206349206
2018-10-04,34.96031746031746,40.198412698412696,21.38888888888889,15.674603174603174,33.611111111111114,38.13492063492063,61.30952380952381,98.22429906542057,99.0,15.436507936507937,36.94444444444444
2018-10-05,24.72222222222222,24.563492063492063,9.801587301587302,11.19047619047619,26.30952380952381,28.76984126984127,49.007936507936506,93.3768656716418,98.4787018255578,5.277777777777778,36.904761904761905
2018-10-08,18.373015873015873,19.325396825396826,7.341269841269841,9.087301587301587,14.801587301587302,22.57936507936508,44.72222222222222,95.25139664804469,96.65991902834008,3.2936507936507935,16.865079365079364
2018-10-09,15.515873015873016,25.1984126984127,8.76984126984127,10.674603174603174,12.976190476190476,23.76984126984127,46.86507936507937,97.4907063197026,99.0,4.642857142857143,16.865079365079364
2018-10-10,3.611111111111111,5.833333333333333,1.0,2.738095238095238,1.0,9.880952380952381,29.72222222222222,92.67161410018552,95.86693548387096,1.0,16.865079365079364
2018-10-11,1.3888888888888888,4.246031746031746,1.0,2.5793650793650795,1.0,7.579365079365079,27.658730158730158,87.12962962962963,95.87525150905432,1.0,5.119047619047619
2018-10-12,5.0396825396825395,8.531746031746032,3.134920634920635,6.190476190476191,1.5476190476190477,12.817460317460318,32.976190476190474,99.0,96.285140562249,3.9285714285714284,16.944444444444443
2018-10-15,5.595238095238095,5.595238095238095,2.261904761904762,3.5317460317460316,2.261904761904762,10.357142857142858,29.642857142857142,96.77121771217712,91.68336673346694,2.1031746031746033,5.158730158730159
2018-10-16,10.119047619047619,11.30952380952381,9.325396825396826,8.968253968253968,9.642857142857142,17.341269841269842,36.15079365079365,98.06629834254143,94.7,15.277777777777779,17.063492063492063
2018-10-17,10.753968253968255,12.658730158730158,10.357142857142858,8.055555555555555,13.055555555555555,17.261904761904763,35.992063492063494,99.0,96.9061876247505,15.357142857142858,17.103174603174605
2018-10-18,3.5317460317460316,7.976190476190476,3.7698412698412698,4.563492063492063,5.277777777777778,11.15079365079365,30.03968253968254,90.0,95.71713147410358,5.833333333333333,17.142857142857142
2018-10-19,4.404761904761905,7.420634920634921,4.166666666666667,4.722222222222222,6.23015873015873,11.071428571428571,30.436507936507937,99.0,95.92445328031809,5.753968253968254,17.182539682539684
2018-10-22,4.642857142857143,7.5,6.071428571428571,5.317460317460317,7.976190476190476,11.944444444444445,31.150793650793652,97.16636197440585,93.75,7.738095238095238,37.301587301587304
2018-10-23,4.007936507936508,5.119047619047619,6.071428571428571,5.277777777777778,3.9285714285714284,11.23015873015873,31.865079365079364,96.44160583941606,94.95049504950495,6.626984126984127,17.22222222222222
2018-10-24,1.0,2.3412698412698414,1.0,1.0,1.0,3.5317460317460316,24.00793650793651,78.59744990892531,95.94861660079052,1.0,17.261904761904763
2018-10-25,1.3888888888888888,7.103174603174603,4.880952380952381,1.5476190476190477,1.4682539682539681,8.293650793650794,29.563492063492063,87.54545454545455,99.0,8.214285714285714,37.5
2018-10-26,1.0,5.595238095238095,2.1825396825396823,1.3888888888888888,1.7063492063492063,4.166666666666667,26.071428571428573,85.57168784029038,99.0,4.007936507936508,17.3015873015873
2018-10-29,1.0,2.8174603174603177,1.0,1.0,1.9444444444444444,2.4206349206349205,19.642857142857142,35.05434782608695,95.57956777996071,2.1825396825396823,17.341269841269842
2018-10-30,1.0,3.611111111111111,2.8968253968253967,1.0,2.5,4.007936507936508,21.626984126984127,14.014466546112116,72.84313725490196,4.801587301587301,17.38095238095238
2018-10-31,1.1507936507936507,4.722222222222222,10.833333333333334,2.0238095238095237,6.5476190476190474,6.785714285714286,24.08730158730159,28.971119133574007,88.35616438356165,12.738095238095237,17.42063492063492
2018-11-01,5.0396825396825395,6.388888888888889,29.88095238095238,5.0396825396825395,13.61111111111111,10.277777777777779,25.595238095238095,17.56756756756757,75.87890625,20.99206349206349,37.857142857142854
2018-11-02,4.563492063492063,3.611111111111111,15.277777777777779,4.404761904761905,14.007936507936508,6.785714285714286,24.325396825396826,13.93884892086331,51.55945419103314,13.928571428571429,37.8968253968254
2018-11-05,4.9603174603174605,3.0555555555555554,14.404761904761905,3.611111111111111,9.404761904761905,6.150793650793651,22.976190476190474,11.400359066427288,34.33852140077821,11.944444444444445,17.46031746031746
2018-11-06,5.992063492063492,3.6904761904761907,26.38888888888889,5.198412698412699,4.722222222222222,7.896825396825397,23.69047619047619,4.92831541218638,26.310679611650485,16.944444444444443,38.01587301587302
2018-11-07,58.611111111111114,8.452380952380953,84.16666666666667,10.595238095238095,22.57936507936508,14.404761904761905,27.261904761904763,28.354203935599283,58.042635658914726,37.023809523809526,60.476190476190474
2018-11-08,64.56349206349206,8.76984126984127,70.91269841269842,9.325396825396826,17.023809523809526,13.293650793650794,25.515873015873016,23.660714285714285,50.77369439071567,33.37301587301587,38.01587301587302
2018-11-09,17.817460317460316,6.071428571428571,35.11904761904762,7.738095238095238,18.452380952380953,9.166666666666666,24.325396825396826,8.288770053475936,38.32046332046332,21.150793650793652,38.01587301587302
2018-11-12,10.198412698412698,2.261904761904762,6.944444444444445,2.8968253968253967,5.833333333333333,4.087301587301587,20.11904761904762,10.587188612099645,31.88824662813102,8.61111111111111,38.01587301587302
2018-11-13,4.007936507936508,3.0555555555555554,8.61111111111111,3.2142857142857144,9.642857142857142,4.246031746031746,20.03968253968254,5.772646536412078,29.134615384615383,8.76984126984127,38.01587301587302
2018-11-14,2.9761904761904763,2.5793650793650795,6.5476190476190474,2.738095238095238,7.103174603174603,3.373015873015873,18.928571428571427,3.4574468085106385,26.19961612284069,6.468253968253968,17.5
2018-11-15,10.753968253968255,3.6904761904761907,19.404761904761905,5.674603174603175,10.436507936507937,5.436507936507937,23.134920634920636,7.345132743362832,43.96551724137931,14.722222222222221,17.53968253968254
2018-11-16,10.436507936507937,3.4523809523809526,17.817460317460316,8.015873015873016,19.682539682539684,4.9603174603174605,20.357142857142858,3.9752650176678443,55.927342256214146,13.055555555555555,17.57936507936508
2018-11-19,3.0555555555555554,1.0714285714285714,3.5317460317460316,3.6904761904761907,12.023809523809524,1.9444444444444444,15.595238095238095,1.0,34.82824427480916,4.722222222222222,17.61904761904762
2018-11-20,1.5476190476190477,1.0,1.9444444444444444,2.4206349206349205,6.071428571428571,1.0,12.738095238095237,1.0,23.904761904761905,2.5793650793650795,5.198412698412699
2018-11-21,11.071428571428571,1.0,3.0555555555555554,4.325396825396825,11.706349206349206,1.2301587301587302,11.865079365079366,1.0,16.44486692015209,4.325396825396825,5.238095238095238
2018-11-23,3.2142857142857144,1.0,2.8174603174603177,3.2936507936507935,9.484126984126984,1.0,10.277777777777779,1.0,9.392789373814042,3.2142857142857144,5.277777777777778
2018-11-26,13.84920634920635,1.0,8.76984126984127,6.071428571428571,19.246031746031747,2.3412698412698414,14.246031746031745,1.0,10.511363636363637,10.198412698412698,17.896825396825395
2018-11-27,30.11904761904762,1.0,10.119047619047619,7.936507936507937,16.38888888888889,2.6587301587301586,14.96031746031746,3.5839160839160837,15.406427221172022,12.182539682539682,38.611111111111114
2018-11-28,50.67460317460318,1.7857142857142858,50.992063492063494,8.76984126984127,15.158730158730158,6.388888888888889,19.563492063492063,16.49214659685864,21.9811320754717,32.817460317460316,38.65079365079365
2018-11-29,22.658730158730158,1.626984126984127,44.72222222222222,8.61111111111111,15.03968253968254,5.833333333333333,22.42063492063492,7.926829268292683,18.549905838041433,30.595238095238095,38.69047619047619
2018-11-30,18.134920634920636,2.261904761904762,66.15079365079364,9.047619047619047,15.833333333333334,7.420634920634921,22.341269841269842,21.652173913043477,23.778195488721803,36.54761904761905,38.73015873015873
2018-12-03,48.69047619047619,3.5317460317460316,92.5,13.253968253968255,27.5,10.912698412698413,25.357142857142858,37.93402777777778,30.48780487804878,47.8968253968254,61.111111111111114
2018-12-04,16.38888888888889,2.0238095238095237,23.76984126984127,6.626984126984127,7.579365079365079,4.087301587301587,21.30952380952381,36.13518197573657,33.61423220973783,20.11904761904762,61.111111111111114
2018-12-06,15.674603174603174,3.2936507936507935,35.11904761904762,6.150793650793651,6.468253968253968,4.880952380952381,22.42063492063492,48.529411764705884,46.63551401869159,24.642857142857142,80.51587301587301
2018-12-07,1.7857142857142858,1.1507936507936507,7.182539682539683,3.2936507936507935,3.2142857142857144,1.4682539682539681,15.833333333333334,15.284974093264248,30.87686567164179,9.325396825396826,61.15079365079365
2018-12-10,3.8492063492063493,1.5476190476190477,14.96031746031746,4.246031746031746,3.8492063492063493,2.4206349206349205,17.261904761904763,31.46551724137931,62.10428305400372,14.325396825396826,80.55555555555556
2018-12-11,7.976190476190476,1.3095238095238095,21.626984126984127,4.920634920634921,7.341269841269841,2.8968253968253967,16.785714285714285,43.975903614457835,51.951672862453535,16.38888888888889,80.55555555555556
2018-12-12,23.61111111111111,2.3412698412698414,34.801587301587304,5.912698412698413,8.76984126984127,3.8492063492063493,17.103174603174605,63.144329896907216,61.87384044526902,21.865079365079364,80.51587301587301
2018-12-13,23.849206349206348,1.5476190476190477,36.785714285714285,6.626984126984127,14.087301587301587,4.087301587301587,17.817460317460316,88.59348198970841,78.61111111111111,22.341269841269842,80.47619047619048
2018-12-14,13.84920634920635,1.0,9.722222222222221,3.6904761904761907,10.912698412698413,1.4682539682539681,12.182539682539682,72.51712328767124,58.50277264325324,9.484126984126984,80.43650793650794
2018-12-17,4.166666666666667,1.0,3.7698412698412698,1.3888888888888888,2.8174603174603177,1.0,8.373015873015873,73.07692307692308,82.56457564575646,5.0396825396825395,60.91269841269841
2018-12-18,5.992063492063492,1.0,5.833333333333333,2.0238095238095237,2.0238095238095237,1.0,7.658730158730159,77.55972696245733,80.0184162062615,6.785714285714286,60.87301587301587
2018-12-19,8.61111111111111,1.0,2.261904761904762,1.9444444444444444,2.4206349206349205,1.0,2.8174603174603177,94.97444633730835,74.90808823529412,3.2142857142857144,60.833333333333336
2018-12-20,9.325396825396826,1.0,1.0,1.0,1.0,1.0,1.9444444444444444,96.34353741496598,60.825688073394495,2.1825396825396823,38.333333333333336
2018-12-21,1.8650793650793651,1.0,1.0,1.0,1.0,1.0,1.0,73.5993208828523,45.146520146520146,1.0,38.29365079365079
2018-12-24,1.0,1.0,1.0,1.0,1.0,1.0,1.0,99.0,31.718464351005483,1.0,17.61904761904762
2018-12-26,4.484126984126984,1.0,2.8174603174603177,1.0,1.0,1.0,2.5793650793650795,99.0,46.98905109489051,9.007936507936508,17.61904761904762
2018-12-27,4.722222222222222,1.0,3.6904761904761907,1.0,1.0,1.0,3.373015873015873,98.73310810810811,35.974499089253186,10.357142857142858,17.658730158730158
2018-12-28,1.1507936507936507,1.0,4.404761904761905,1.0,1.3095238095238095,1.0,3.373015873015873,89.79763912310287,30.09090909090909,10.119047619047619,5.277777777777778
2018-12-31,2.0238095238095237,1.0,7.420634920634921,1.1507936507936507,2.4206349206349205,1.0,4.087301587301587,89.3097643097643,40.562613430127044,13.373015873015873,17.77777777777778
2019-01-02,1.5476190476190477,1.0,11.944444444444445,1.9444444444444444,5.436507936507937,1.0714285714285714,6.5476190476190474,84.11764705882354,25.996376811594203,16.30952380952381,38.53174603174603
2019-01-03,1.0,1.0,3.4523809523809526,1.0,3.2142857142857144,1.0,1.0,54.446308724832214,14.014466546112116,6.388888888888889,17.817460317460316
2019-01-04,6.626984126984127,1.0,34.007936507936506,3.611111111111111,12.817460317460318,1.3888888888888888,3.5317460317460316,69.93299832495812,13.989169675090253,25.91269841269841,38.65079365079365
2019-01-07,7.738095238095238,1.3888888888888888,59.642857142857146,3.6904761904761907,10.833333333333334,1.8650793650793651,4.801587301587301,49.247491638795985,11.26126126126126,31.626984126984127,60.992063492063494
2019-01-08,24.96031746031746,2.1825396825396823,80.5952380952381,4.722222222222222,14.642857142857142,2.6587301587301586,4.801587301587301,50.0,10.52158273381295,37.817460317460316,80.39682539682539
2019-01-09,22.976190476190474,3.0555555555555554,92.42063492063492,6.984126984126984,15.515873015873016,3.5317460317460316,5.515873015873016,19.25,8.348294434470377,41.54761904761905,93.21428571428571
2019-01-10,22.976190476190474,3.2142857142857144,96.07142857142857,7.976190476190476,18.61111111111111,3.7698412698412698,6.150793650793651,10.232945091514143,1.3440860215053763,43.13492063492063,93.17460317460318
2019-01-11,16.23015873015873,7.182539682539683,94.56349206349206,9.801587301587302,27.023809523809526,3.6904761904761907,5.912698412698413,10.215946843853821,4.740608228980322,41.07142857142857,80.1984126984127
2019-01-14,12.261904761904763,7.341269841269841,84.4047619047619,8.253968253968255,17.341269841269842,2.5,3.4523809523809526,3.8971807628524044,3.3035714285714284,34.48412698412698,80.15873015873017
2019-01-15,47.57936507936508,6.309523809523809,98.92857142857143,11.706349206349206,15.277777777777779,4.722222222222222,5.277777777777778,17.466887417218544,2.228163992869875,47.5,80.11904761904762
2019-01-16,73.21428571428571,7.896825396825397,98.53174603174604,11.071428571428571,13.69047619047619,4.722222222222222,5.912698412698413,11.818181818181818,8.98576512455516,47.42063492063492,60.476190476190474
2019-01-17,74.32539682539682,5.357142857142857,99.0,12.182539682539682,20.753968253968253,5.595238095238095,5.277777777777778,8.498349834983498,4.351687388987567,53.45238095238095,80.07936507936508
2019-01-18,96.23015873015873,6.5476190476190474,99.0,15.238095238095237,20.11904761904762,6.944444444444445,7.658730158730159,5.189456342668863,1.0,61.94444444444444,80.03968253968254
2019-01-22,94.88095238095238,6.865079365079365,91.94444444444444,9.523809523809524,7.658730158730159,4.246031746031746,3.0555555555555554,5.6743421052631575,1.1504424778761062,40.43650793650794,60.357142857142854
2019-01-23,99.0,7.5,88.45238095238095,10.595238095238095,14.246031746031745,4.404761904761905,2.261904761904762,41.13300492610838,2.0318021201413425,42.023809523809526,60.3968253968254
2019-01-24,99.0,7.738095238095238,88.76984126984127,12.341269841269842,16.785714285714285,5.198412698412699,2.0238095238095237,8.278688524590164,1.0,46.785714285714285,60.43650793650794
2019-01-25,97.81746031746032,10.119047619047619,96.38888888888889,15.793650793650794,26.626984126984127,7.182539682539683,4.484126984126984,2.0458265139116203,1.0,58.53174603174603,60.43650793650794
2019-01-28,94.72222222222223,17.023809523809526,75.5952380952381,12.420634920634921,16.071428571428573,5.198412698412699,2.6587301587301586,1.2254901960784315,1.0,43.13492063492063,60.43650793650794
2019-01-29,91.30952380952381,9.007936507936508,49.32539682539682,11.626984126984127,13.214285714285714,4.007936507936508,1.0714285714285714,1.0,1.0,34.24603174603175,60.3968253968254
2019-01-30,96.78571428571429,19.00793650793651,91.38888888888889,17.817460317460316,20.03968253968254,7.817460317460317,3.6904761904761907,1.5472312703583062,1.0,56.388888888888886,60.357142857142854
2019-01-31,97.89682539682539,39.48412698412698,97.73809523809524,21.30952380952381,26.23015873015873,10.277777777777779,8.531746031746032,2.3577235772357725,1.1363636363636365,68.13492063492063,80.07936507936508
2019-02-01,99.0,25.357142857142858,91.46825396825396,22.738095238095237,28.61111111111111,9.484126984126984,6.388888888888889,4.3019480519480515,3.5776614310645725,61.94444444444444,60.23809523809524
2019-02-04,97.57936507936508,21.150793650793652,97.18253968253968,23.293650793650794,29.325396825396826,12.420634920634921,10.753968253968255,4.781199351701783,1.132404181184669,70.51587301587301,60.198412698412696
2019-02-05,97.42063492063492,19.08730158730159,98.69047619047619,24.206349206349206,30.11904761904762,14.246031746031745,16.46825396825397,7.84789644012945,5.130434782608695,76.15079365079364,80.03968253968254
2019-02-06,95.27777777777777,23.214285714285715,96.38888888888889,22.896825396825395,30.99206349206349,13.373015873015873,22.976190476190474,9.450726978998384,8.246527777777779,71.62698412698413,60.07936507936508
2019-02-07,84.24603174603175,19.88095238095238,76.86507936507937,17.896825396825395,22.976190476190474,10.03968253968254,15.912698412698413,9.596774193548388,7.538994800693241,55.51587301587302,37.65873015873016
2019-02-08,82.81746031746032,17.896825396825395,75.1984126984127,22.182539682539684,30.674603174603174,10.436507936507937,18.53174603174603,12.962962962962964,7.352941176470588,56.785714285714285,37.61904761904762
2019-02-11,84.64285714285714,11.38888888888889,70.43650793650794,22.063492063492063,25.515873015873016,10.119047619047619,26.626984126984127,9.887459807073954,1.0,55.75396825396825,37.57936507936508
2019-02-12,96.07142857142857,15.753968253968255,89.56349206349206,28.134920634920636,28.373015873015873,13.84920634920635,26.46825396825397,12.279293739967898,1.293103448275862,69.72222222222223,60.03968253968254
2019-02-13,88.53174603174604,20.833333333333332,86.07142857142857,26.706349206349206,26.944444444444443,13.76984126984127,22.658730158730158,5.048076923076923,1.2908777969018932,69.72222222222223,60.03968253968254
2019-02-14,89.4047619047619,39.72222222222222,82.89682539682539,26.58730158730159,22.261904761904763,14.166666666666666,22.341269841269842,5.52,3.006872852233677,70.43650793650794,60.07936507936508
2019-02-15,87.18253968253968,42.976190476190474,87.26190476190476,34.72222222222222,33.69047619047619,15.753968253968255,19.8015873015873,6.789137380191693,5.4030874785591765,74.48412698412699,80.07936507936508
2019-02-19,80.1984126984127,51.30952380952381,86.54761904761905,31.666666666666668,33.76984126984127,16.071428571428573,16.865079365079364,9.01116427432217,5.565068493150685,75.91269841269842,80.11904761904762
2019-02-20,93.45238095238095,37.976190476190474,80.43650793650794,32.34126984126984,40.67460317460318,15.992063492063492,17.42063492063492,7.404458598726115,1.794871794871795,74.88095238095238,60.11904761904762
2019-02-21,91.15079365079364,37.42063492063492,68.2936507936508,30.91269841269841,37.8968253968254,14.484126984126984,16.46825396825397,4.6899841017488075,2.474402730375427,68.61111111111111,60.15873015873016
2019-02-22,91.94444444444444,68.61111111111111,77.73809523809524,44.32539682539682,46.07142857142857,16.865079365079364,18.452380952380953,12.46031746031746,9.965928449744464,76.30952380952381,80.31746031746032
2019-02-25,85.11904761904762,83.92857142857143,79.8015873015873,34.20634920634921,25.11904761904762,17.57936507936508,19.484126984126984,19.88906497622821,12.84013605442177,79.48412698412699,80.35714285714286
2019-02-26,93.53174603174604,79.8015873015873,76.38888888888889,31.706349206349206,24.08730158730159,17.738095238095237,15.198412698412698,43.43354430379747,21.137521222410864,80.51587301587301,93.45238095238095
2019-02-27,96.07142857142857,84.08730158730158,68.05555555555556,36.03174603174603,27.976190476190474,17.57936507936508,12.341269841269842,55.37124802527646,27.033898305084747,78.2936507936508,80.35714285714286
2019-02-28,80.9920634920635,64.48412698412699,56.785714285714285,41.666666666666664,28.134920634920636,16.944444444444443,13.928571428571429,30.36277602523659,23.096446700507613,72.57936507936508,60.15873015873016
2019-03-01,73.2936507936508,68.45238095238095,70.83333333333333,54.44444444444444,42.5,19.166666666666668,17.817460317460316,21.968503937007874,17.14527027027027,81.7063492063492,60.15873015873016
2019-03-04,78.45238095238095,44.404761904761905,65.75396825396825,38.73015873015873,29.72222222222222,19.00793650793651,21.46825396825397,31.99685534591195,11.720067453625632,81.46825396825396,37.53968253968254
2019-03-05,64.8015873015873,46.388888888888886,64.4047619047619,36.98412698412698,29.642857142857142,19.484126984126984,19.325396825396826,33.202511773940344,12.710437710437711,82.42063492063492,37.5
2019-03-06,47.8968253968254,36.94444444444444,49.404761904761905,30.714285714285715,20.753968253968253,17.341269841269842,15.595238095238095,47.5705329153605,14.201680672268907,67.73809523809524,37.46031746031746
2019-03-07,37.976190476190474,20.11904761904762,27.817460317460316,23.96825396825397,16.626984126984127,13.69047619047619,12.103174603174603,47.02660406885759,11.661073825503356,37.73809523809524,37.46031746031746
2019-03-08,52.57936507936508,43.13492063492063,24.325396825396826,26.26984126984127,21.46825396825397,13.373015873015873,11.547619047619047,65.234375,17.67169179229481,35.03968253968254,17.103174603174605
2019-03-11,74.64285714285714,54.48412698412698,58.92857142857143,52.53968253968254,37.8968253968254,20.1984126984127,14.087301587301587,75.27301092043682,17.809364548494983,69.4047619047619,17.103174603174605
2019-03-12,81.07142857142857,83.13492063492063,66.30952380952381,59.166666666666664,43.84920634920635,20.91269841269841,11.944444444444445,86.6822429906542,21.619365609348915,75.11904761904762,17.103174603174605
2019-03-13,71.94444444444444,81.30952380952381,78.13492063492063,63.69047619047619,45.67460317460318,22.341269841269842,12.5,87.0139968895801,15.583333333333334,83.37301587301587,37.42063492063492
2019-03-14,69.16666666666667,77.26190476190476,71.94444444444444,60.15873015873016,42.34126984126984,21.626984126984127,14.166666666666666,93.24534161490683,15.391014975041598,78.69047619047619,37.42063492063492
2019-03-15,79.16666666666667,77.10317460317461,83.2936507936508,67.81746031746032,52.976190476190474,25.515873015873016,17.42063492063492,82.09302325581395,10.382059800664452,87.42063492063492,37.38095238095238
2019-03-18,76.7063492063492,79.16666666666667,84.16666666666667,54.44444444444444,53.214285714285715,26.46825396825397,18.214285714285715,95.27863777089783,8.374792703150913,89.48412698412699,60.11904761904762
2019-03-19,78.69047619047619,96.62698412698413,86.7063492063492,47.817460317460316,47.26190476190476,27.57936507936508,19.166666666666668,98.84080370942813,20.281456953642383,91.46825396825396,60.07936507936508
2019-03-20,83.2936507936508,99.0,89.64285714285714,48.65079365079365,42.73809523809524,28.928571428571427,24.404761904761905,99.0,24.049586776859503,94.16666666666667,80.31746031746032
2019-03-21,94.4047619047619,99.0,97.65873015873017,49.24603174603175,43.84920634920635,40.51587301587302,27.103174603174605,99.0,20.379537953795378,97.65873015873017,93.41269841269842
2019-03-22,69.8015873015873,99.0,68.13492063492063,22.61904761904762,18.849206349206348,26.23015873015873,23.849206349206348,99.0,21.663920922570018,65.51587301587301,93.37301587301587
2019-03-25,64.48412698412699,99.0,61.46825396825397,24.642857142857142,22.182539682539684,25.753968253968253,28.849206349206348,98.84792626728111,20.476973684210527,62.65873015873016,80.11904761904762
2019-03-26,68.05555555555556,99.0,69.48412698412699,28.73015873015873,38.05555555555556,27.738095238095237,32.8968253968254,96.54907975460122,41.46141215106732,68.13492063492063,80.07936507936508
2019-03-27,62.8968253968254,99.0,52.57936507936508,28.214285714285715,34.08730158730159,25.03968253968254,26.30952380952381,93.7978560490046,21.065573770491802,55.992063492063494,59.642857142857146
2019-03-28,67.5,99.0,52.8968253968254,33.05555555555556,40.67460317460318,25.99206349206349,32.34126984126984,85.85626911314985,8.265139116202946,58.13492063492063,80.03968253968254
2019-03-29,67.65873015873017,99.0,67.18253968253968,48.76984126984127,49.166666666666664,29.00793650793651,35.595238095238095,88.01526717557252,11.84640522875817,69.16666666666667,80.0
2019-04-01,83.69047619047619,99.0,87.81746031746032,53.095238095238095,49.801587301587304,39.08730158730159,34.404761904761905,81.32621951219512,7.422512234910277,83.2936507936508,79.96031746031746
2019-04-02,85.1984126984127,99.0,88.21428571428571,52.817460317460316,52.976190476190474,40.91269841269841,40.51587301587302,79.07153729071537,8.713355048859935,85.5952380952381,79.92063492063492
2019-04-03,92.89682539682539,99.0,91.94444444444444,48.57142857142857,43.53174603174603,45.51587301587302,39.48412698412698,61.474164133738604,5.609756097560975,90.03968253968254,79.88095238095238
2019-04-04,96.30952380952381,99.0,86.78571428571429,47.023809523809526,44.32539682539682,44.801587301587304,36.785714285714285,60.925644916540215,13.230519480519481,88.84920634920636,59.24603174603175
2019-04-05,97.02380952380952,99.0,88.69047619047619,54.6031746031746,57.1031746031746,48.611111111111114,36.785714285714285,46.43939393939394,9.805510534846029,92.26190476190476,79.84126984126983
2019-04-08,92.73809523809524,99.0,88.05555555555556,46.54761904761905,51.15079365079365,51.388888888888886,42.976190476190474,38.04841149773071,14.805825242718447,93.84920634920636,93.33333333333333
2019-04-09,87.5,98.76984126984127,76.78571428571429,35.51587301587302,37.023809523809526,47.023809523809526,40.11904761904762,51.283987915407856,23.66720516962843,86.07142857142857,79.72222222222223
2019-04-10,85.51587301587301,98.53174603174604,81.94444444444444,47.26190476190476,50.27777777777778,52.34126984126984,37.023809523809526,38.83861236802413,25.56451612903226,90.9920634920635,93.2936507936508
2019-04-11,84.96031746031746,98.2936507936508,74.32539682539682,48.214285714285715,55.595238095238095,49.166666666666664,37.42063492063492,27.033132530120483,27.77777777777778,86.30952380952381,79.60317460317461
2019-04-12,81.46825396825396,98.76984126984127,78.21428571428571,60.27777777777778,70.67460317460318,53.53174603174603,36.46825396825397,36.46616541353384,25.643086816720256,90.5952380952381,79.56349206349206
2019-04-15,79.16666666666667,99.0,74.88095238095238,56.94444444444444,59.801587301587304,52.8968253968254,37.182539682539684,28.753753753753752,31.540930979133226,90.67460317460318,79.52380952380952
2019-04-16,79.24603174603175,98.13492063492063,77.42063492063492,57.38095238095238,63.84920634920635,55.992063492063494,36.62698412698413,22.563718140929534,23.958333333333332,93.13492063492063,79.48412698412699
2019-04-17,78.13492063492063,98.21428571428571,80.03968253968254,57.817460317460316,57.8968253968254,59.88095238095238,32.8968253968254,21.482035928143713,31.76,95.1984126984127,79.44444444444444
2019-04-18,60.75396825396825,97.73809523809524,79.56349206349206,67.02380952380952,71.07142857142857,60.992063492063494,32.73809523809524,25.037369207772795,35.543130990415335,95.5952380952381,93.25396825396825
2019-04-19,86.38888888888889,96.94444444444444,75.11904761904762,66.98412698412699,71.03174603174604,60.27777777777778,34.404761904761905,25.037369207772795,35.543130990415335,95.51587301587301,79.32539682539682
2019-04-22,89.64285714285714,98.92857142857143,75.67460317460318,58.84920634920635,62.182539682539684,63.69047619047619,38.53174603174603,40.07462686567164,61.802232854864435,96.78571428571429,79.32539682539682
2019-04-23,93.2936507936508,99.0,91.30952380952381,54.08730158730159,61.54761904761905,75.43650793650794,41.86507936507937,44.48584202682564,44.347133757961785,99.0,93.25396825396825
2019-04-24,94.24603174603175,98.84920634920636,81.07142857142857,47.38095238095238,44.72222222222222,71.78571428571429,48.45238095238095,44.56845238095238,54.610492845786965,96.7063492063492,79.32539682539682
2019-04-25,95.11904761904762,97.89682539682539,82.42063492063492,49.88095238095238,46.30952380952381,75.43650793650794,49.801587301587304,78.38038632986627,90.23809523809524,97.73809523809524,93.21428571428571
2019-04-26,92.34126984126983,99.0,79.96031746031746,58.45238095238095,54.56349206349206,76.07142857142857,42.5,70.6973293768546,94.37400950871633,97.97619047619048,93.17460317460318
2019-04-29,84.32539682539682,99.0,77.97619047619048,50.43650793650794,50.91269841269841,77.42063492063492,42.8968253968254,82.29629629629629,96.59810126582279,98.13492063492063,93.17460317460318
2019-04-30,73.69047619047619,97.18253968253968,57.976190476190474,48.05555555555556,50.75396825396825,70.03968253968254,42.976190476190474,63.9792899408284,86.49289099526067,85.03968253968254,79.28571428571429
2019-05-01,61.70634920634921,95.51587301587301,47.023809523809526,32.38095238095238,27.896825396825395,65.83333333333333,39.08730158730159,81.0192023633678,88.24921135646687,73.53174603174604,58.53174603174603
2019-05-02,58.45238095238095,95.51587301587301,37.5,34.92063492063492,33.611111111111114,61.54761904761905,39.404761904761905,73.37758112094396,87.32283464566929,63.45238095238095,36.388888888888886
2019-05-03,71.30952380952381,95.83333333333333,68.2936507936508,55.95238095238095,54.88095238095238,77.26190476190476,44.007936507936506,84.60972017673049,84.82704402515724,86.23015873015873,58.65079365079365
2019-05-06,59.48412698412698,92.02380952380952,49.56349206349206,27.817460317460316,20.03968253968254,70.35714285714286,37.73809523809524,86.25,85.63579277864991,68.69047619047619,36.42857142857143
2019-05-07,41.46825396825397,82.18253968253968,18.373015873015873,13.333333333333334,4.563492063492063,47.42063492063492,32.34126984126984,71.1453744493392,84.87460815047022,25.674603174603174,16.865079365079364
2019-05-08,32.8968253968254,89.64285714285714,15.03968253968254,14.166666666666666,4.166666666666667,44.801587301587304,32.023809523809526,79.25219941348973,92.56651017214398,20.753968253968253,16.904761904761905
2019-05-09,29.642857142857142,85.67460317460318,12.182539682539682,15.436507936507937,3.8492063492063493,40.67460317460318,29.8015873015873,77.67203513909224,89.921875,15.357142857142858,5.079365079365079
2019-05-10,25.11904761904762,86.62698412698413,12.5,26.23015873015873,18.53174603174603,40.833333333333336,27.738095238095237,86.33040935672514,94.77379095163806,16.23015873015873,5.119047619047619
2019-05-13,10.119047619047619,49.32539682539682,2.9761904761904763,8.928571428571429,3.7698412698412698,21.626984126984127,20.833333333333332,76.13138686131387,93.84735202492212,1.3095238095238095,1.0317460317460319
2019-05-14,11.547619047619047,56.94444444444444,5.119047619047619,14.96031746031746,10.992063492063492,26.547619047619047,22.896825396825395,70.48104956268222,94.32348367029549,5.119047619047619,5.238095238095238
2019-05-15,15.595238095238095,66.38888888888889,9.166666666666666,22.42063492063492,20.99206349206349,32.182539682539684,27.896825396825395,67.03056768558952,95.88509316770187,14.722222222222221,17.22222222222222
2019-05-16,19.642857142857142,70.1984126984127,16.38888888888889,29.92063492063492,28.53174603174603,40.03968253968254,29.00793650793651,81.32267441860465,96.97674418604652,26.30952380952381,36.785714285714285
2019-05-17,15.119047619047619,60.833333333333336,10.198412698412698,24.8015873015873,22.341269841269842,31.865079365079364,27.341269841269842,81.32267441860465,97.13622291021672,16.547619047619047,17.142857142857142
2019-05-20,9.642857142857142,49.08730158730159,5.515873015873016,16.58730158730159,19.96031746031746,24.72222222222222,24.563492063492063,64.22351233671988,98.37712519319938,6.5476190476190474,17.142857142857142
2019-05-21,9.087301587301587,58.92857142857143,9.087301587301587,24.246031746031747,29.96031746031746,28.53174603174603,25.833333333333332,55.14492753623188,96.52777777777777,13.531746031746032,36.74603174603175
2019-05-22,8.928571428571429,50.198412698412696,8.452380952380953,22.658730158730158,34.72222222222222,27.341269841269842,25.357142857142858,75.6150506512301,97.14946070878274,11.071428571428571,36.74603174603175
2019-05-23,4.563492063492063,36.30952380952381,5.277777777777778,17.738095238095237,17.182539682539684,21.30952380952381,20.357142857142858,51.372832369942195,96.38461538461539,5.595238095238095,36.785714285714285
2019-05-24,4.166666666666667,35.198412698412696,5.912698412698413,19.642857142857142,25.357142857142858,21.23015873015873,20.03968253968254,61.25541125541125,95.46850998463901,5.357142857142857,17.142857142857142
2019-05-28,3.4523809523809526,32.976190476190474,6.071428571428571,16.071428571428573,12.420634920634921,20.674603174603174,19.00793650793651,61.023054755043226,97.00920245398773,4.246031746031746,17.182539682539684
2019-05-29,3.2936507936507935,28.69047619047619,4.9603174603174605,15.0,12.103174603174603,18.293650793650794,18.134920634920636,74.74820143884892,96.55436447166922,2.738095238095238,5.238095238095238
2019-05-30,4.722222222222222,26.23015873015873,6.865079365079365,16.626984126984127,15.833333333333334,20.11904761904762,17.5,68.17528735632185,98.70030581039755,4.007936507936508,5.277777777777778
2019-05-31,2.8968253968253967,19.484126984126984,4.007936507936508,12.738095238095237,9.484126984126984,14.642857142857142,13.452380952380953,68.50789096126256,95.0381679389313,1.7063492063492063,1.0714285714285714
2019-06-03,1.0,14.642857142857142,1.4682539682539681,11.15079365079365,7.579365079365079,9.246031746031745,5.515873015873016,23.280802292263612,72.33231707317073,1.0,1.1111111111111112
2019-06-04,2.3412698412698414,22.896825396825395,7.976190476190476,17.936507936507937,15.436507936507937,16.785714285714285,10.03968253968254,19.527896995708154,53.65296803652968,7.182539682539683,5.476190476190476
2019-06-05,7.182539682539683,36.62698412698413,12.817460317460318,19.047619047619047,21.785714285714285,18.849206349206348,10.833333333333334,23.642857142857142,61.77811550151976,11.23015873015873,5.515873015873016
2019-06-06,10.277777777777779,42.817460317460316,22.103174603174605,21.785714285714285,21.150793650793652,21.46825396825397,11.15079365079365,27.74607703281027,63.96054628224583,18.293650793650794,17.6984126984127
2019-06-07,17.103174603174605,41.70634920634921,54.801587301587304,23.293650793650794,18.76984126984127,28.61111111111111,17.5,54.914529914529915,74.01515151515152,35.67460317460318,37.53968253968254
2019-06-10,23.055555555555557,46.30952380952381,80.75396825396825,23.214285714285715,20.436507936507937,33.611111111111114,20.27777777777778,61.095305832147936,79.50075642965204,44.96031746031746,59.6031746031746
2019-06-11,60.91269841269841,41.785714285714285,81.30952380952381,22.22222222222222,21.46825396825397,34.642857142857146,20.1984126984127,65.1278409090909,80.13595166163142,46.62698412698413,79.84126984126983
2019-06-12,43.214285714285715,39.007936507936506,69.72222222222223,20.595238095238095,24.484126984126984,31.547619047619047,17.341269841269842,66.87943262411348,72.92609351432881,40.27777777777778,79.84126984126983
2019-06-13,34.72222222222222,36.388888888888886,79.0079365079365,23.293650793650794,22.57936507936508,34.56349206349206,19.08730158730159,44.405099150141645,80.34638554216868,45.198412698412696,79.8015873015873
2019-06-14,21.38888888888889,31.38888888888889,71.94444444444444,23.849206349206348,28.134920634920636,31.785714285714285,14.484126984126984,39.67468175388967,69.24812030075188,40.11904761904762,79.76190476190476
2019-06-17,36.23015873015873,34.48412698412698,83.69047619047619,23.253968253968253,27.42063492063492,37.42063492063492,17.896825396825395,49.929378531073446,69.29429429429429,47.1031746031746,93.2936507936508
2019-06-18,72.34126984126983,41.15079365079365,96.78571428571429,25.91269841269841,28.69047619047619,48.611111111111114,22.182539682539684,53.66713681241185,50.899550224887555,65.1984126984127,93.2936507936508
2019-06-19,65.1984126984127,33.45238095238095,97.57936507936508,29.484126984126984,38.76984126984127,52.817460317460316,24.166666666666668,54.71830985915493,51.721556886227546,68.21428571428571,93.2936507936508
2019-06-20,81.23015873015873,57.023809523809526,99.0,30.158730158730158,30.11904761904762,63.53174603174603,24.404761904761905,50.0,50.0,75.51587301587301,93.25396825396825
2019-06-21,91.46825396825396,57.023809523809526,98.53174603174604,27.57936507936508,27.5,61.94444444444444,25.833333333333332,26.75561797752809,37.23880597014925,74.0079365079365,79.68253968253968
2019-06-24,91.54761904761905,53.214285714285715,96.94444444444444,26.26984126984127,26.944444444444443,60.75396825396825,26.150793650793652,65.14726507713885,80.10432190760059,72.57936507936508,59.56349206349206
2019-06-25,81.30952380952381,43.611111111111114,74.96031746031746,19.603174603174605,18.76984126984127,43.37301587301587,27.658730158730158,36.06442577030813,69.7172619047619,42.34126984126984,37.57936507936508
2019-06-26,90.9920634920635,46.62698412698413,78.45238095238095,21.11111111111111,18.849206349206348,47.1031746031746,27.817460317460316,39.09090909090909,82.24368499257058,48.53174603174603,59.642857142857146
2019-06-27,90.83333333333333,42.8968253968254,81.23015873015873,23.293650793650794,20.753968253968253,51.07142857142857,32.023809523809526,21.019553072625698,66.83976261127596,54.48412698412698,59.682539682539684
2019-06-28,96.62698412698413,35.67460317460318,77.10317460317461,24.8015873015873,22.5,52.817460317460316,30.595238095238095,16.527196652719667,50.0,56.94444444444444,79.8015873015873
2019-07-01,99.0,42.182539682539684,90.03968253968254,37.8968253968254,31.46825396825397,66.54761904761905,33.214285714285715,63.3008356545961,53.032544378698226,71.86507936507937,79.8015873015873
2019-07-02,97.97619047619048,40.75396825396825,89.88095238095238,55.357142857142854,44.166666666666664,70.43650793650794,32.26190476190476,84.4923504867872,80.42836041358936,75.83333333333333,79.8015873015873
2019-07-03,97.89682539682539,47.34126984126984,93.45238095238095,56.82539682539682,50.27777777777778,77.34126984126983,35.51587301587302,75.625,77.65486725663717,82.65873015873017,79.8015873015873
2019-07-05,96.54761904761905,41.30952380952381,85.43650793650794,52.61904761904762,40.43650793650794,74.72222222222223,33.45238095238095,69.14008321775312,84.60972017673049,78.76984126984127,59.72222222222222
2019-07-08,86.07142857142857,34.56349206349206,67.5,36.904761904761905,35.51587301587302,68.05555555555556,28.055555555555557,50.90027700831025,84.19117647058823,66.15079365079364,59.76190476190476
2019-07-09,80.83333333333333,41.15079365079365,73.37301587301587,40.27777777777778,34.48412698412698,72.81746031746032,26.865079365079364,51.6597510373444,80.83700440528635,71.38888888888889,79.88095238095238
2019-07-10,87.5,43.84920634920635,87.18253968253968,53.65079365079365,54.32539682539682,83.2936507936508,29.484126984126984,66.09116022099448,93.32844574780059,81.46825396825396,93.25396825396825
2019-07-11,90.35714285714286,45.198412698412696,80.91269841269842,50.43650793650794,51.15079365079365,81.7063492063492,30.833333333333332,70.6896551724138,94.36310395314787,79.64285714285714,79.8015873015873
2019-07-12,90.9920634920635,46.46825396825397,86.07142857142857,56.26984126984127,67.18253968253968,87.81746031746032,27.658730158730158,67.97520661157024,93.78654970760233,84.96031746031746,79.8015873015873
2019-07-15,94.0079365079365,49.72222222222222,85.51587301587301,56.54761904761905,63.05555555555556,90.5952380952381,28.214285714285715,64.99312242090784,92.77372262773723,87.65873015873017,79.8015873015873
2019-07-16,88.21428571428571,42.34126984126984,70.83333333333333,50.23809523809524,61.70634920634921,85.11904761904762,27.42063492063492,47.45879120879121,90.1603498542274,77.02380952380952,59.682539682539684
2019-07-17,68.84920634920636,36.30952380952381,56.86507936507937,34.84126984126984,41.62698412698413,79.24603174603175,24.96031746031746,53.01783264746228,85.37117903930131,67.5,37.61904761904762
2019-07-18,65.67460317460318,36.86507936507937,57.57936507936508,45.833333333333336,47.46031746031746,81.15079365079364,25.753968253968253,59.52054794520548,86.70058139534883,69.48412698412699,37.61904761904762
2019-07-19,46.70634920634921,30.357142857142858,39.24603174603175,37.57936507936508,33.05555555555556,71.54761904761905,25.03968253968254,48.08481532147743,86.70058139534883,47.57936507936508,37.61904761904762
2019-07-22,58.05555555555556,35.03968253968254,54.56349206349206,45.317460317460316,45.11904761904762,80.91269841269842,26.944444444444443,80.25956284153006,75.8345428156749,63.84920634920635,59.682539682539684
2019-07-23,65.43650793650794,30.03968253968254,64.56349206349206,58.57142857142857,62.1031746031746,87.57936507936508,28.373015873015873,30.354706684856755,67.7536231884058,71.62698412698413,59.682539682539684
2019-07-24,89.24603174603175,38.29365079365079,74.0079365079365,66.7063492063492,71.38888888888889,93.21428571428571,29.325396825396826,41.89373297002725,67.65557163531115,80.03968253968254,59.682539682539684
2019-07-25,77.18253968253968,27.023809523809526,49.007936507936506,59.48412698412698,60.595238095238095,83.61111111111111,22.658730158730158,47.414965986394556,48.91618497109827,57.817460317460316,59.682539682539684
2019-07-26,83.13492063492063,34.801587301587304,67.57936507936508,66.62698412698413,72.18253968253968,93.13492063492063,29.72222222222222,70.58423913043478,65.15151515151516,72.5,59.642857142857146
2019-07-29,78.45238095238095,30.674603174603174,54.96031746031746,55.27777777777778,54.72222222222222,90.03968253968254,32.73809523809524,92.33378561736771,62.752161383285305,66.46825396825396,37.53968253968254
2019-07-30,58.92857142857143,32.65873015873016,43.05555555555556,39.48412698412698,39.24603174603175,84.4047619047619,34.96031746031746,69.8509485094851,59.20863309352518,55.198412698412696,37.53968253968254
2019-07-31,39.72222222222222,25.753968253968253,23.849206349206348,30.238095238095237,18.452380952380953,70.35714285714286,30.436507936507937,44.18132611637348,40.87643678160919,30.753968253968253,37.53968253968254
2019-08-01,25.833333333333332,24.325396825396826,17.182539682539684,18.650793650793652,9.722222222222221,64.0079365079365,26.46825396825397,72.36486486486487,75.68149210903874,22.57936507936508,17.738095238095237
2019-08-02,18.69047619047619,15.595238095238095,9.087301587301587,18.214285714285715,11.626984126984127,47.8968253968254,19.563492063492063,74.02159244264507,73.42406876790831,9.484126984126984,17.738095238095237
2019-08-05,9.404761904761905,10.119047619047619,1.3888888888888888,4.9603174603174605,1.2301587301587302,24.563492063492063,10.03968253968254,64.75741239892183,59.871244635193136,1.3095238095238095,5.555555555555555
2019-08-06,11.547619047619047,16.38888888888889,4.246031746031746,11.19047619047619,5.357142857142857,30.357142857142858,11.706349206349206,71.53432032301481,79.78571428571429,5.674603174603175,5.595238095238095
2019-08-07,10.595238095238095,18.055555555555557,5.595238095238095,12.817460317460318,8.84920634920635,32.65873015873016,11.865079365079366,47.916666666666664,73.68045649072754,7.182539682539683,5.595238095238095
2019-08-08,17.42063492063492,30.833333333333332,16.150793650793652,18.928571428571427,19.8015873015873,51.388888888888886,17.023809523809526,53.48993288590604,88.3903133903134,25.595238095238095,17.817460317460316
2019-08-09,11.785714285714286,23.373015873015873,11.15079365079365,16.865079365079364,14.563492063492063,42.023809523809526,14.484126984126984,78.61930294906166,91.8207681365576,17.658730158730158,5.595238095238095
2019-08-12,8.531746031746032,41.30952380952381,7.579365079365079,9.087301587301587,4.801587301587301,32.65873015873016,13.76984126984127,76.50602409638554,92.82670454545455,10.595238095238095,5.634920634920635
2019-08-13,15.833333333333334,51.23015873015873,23.214285714285715,16.706349206349206,20.27777777777778,50.198412698412696,20.1984126984127,92.58021390374331,95.2482269503546,29.08730158730159,17.896825396825395
2019-08-14,8.61111111111111,20.11904761904762,6.071428571428571,7.261904761904762,3.9285714285714284,28.134920634920636,10.595238095238095,90.18691588785046,94.12181303116148,9.722222222222221,17.896825396825395
2019-08-15,7.817460317460317,16.944444444444443,6.626984126984127,10.277777777777779,7.658730158730159,27.57936507936508,13.214285714285714,96.86666666666666,93.84724186704385,9.404761904761905,17.936507936507937
2019-08-16,14.166666666666666,27.182539682539684,14.404761904761905,18.333333333333332,23.53174603174603,35.27777777777778,16.38888888888889,96.60452729693742,92.44350282485875,20.595238095238095,37.698412698412696
2019-08-19,17.261904761904763,52.8968253968254,31.547619047619047,22.5,29.08730158730159,47.57936507936508,21.071428571428573,92.75265957446808,93.44146685472496,32.817460317460316,59.682539682539684
2019-08-20,12.182539682539682,38.92857142857143,24.96031746031746,19.08730158730159,27.023809523809526,41.388888888888886,19.325396825396826,97.01195219123505,94.85915492957747,27.103174603174605,37.73809523809524
2019-08-21,12.738095238095237,49.88095238095238,40.198412698412696,25.634920634920636,38.29365079365079,48.37301587301587,20.833333333333332,98.60742705570291,93.45991561181435,34.96031746031746,37.77777777777778
2019-08-22,15.198412698412698,59.642857142857146,37.182539682539684,20.357142857142858,30.436507936507937,45.27777777777778,18.928571428571427,95.82781456953643,91.50280898876404,31.30952380952381,17.976190476190474
2019-08-23,4.484126984126984,34.08730158730159,9.563492063492063,12.619047619047619,13.452380952380953,24.72222222222222,10.912698412698413,94.9074074074074,92.9172510518934,10.357142857142858,18.015873015873016
2019-08-26,8.214285714285714,48.05555555555556,22.57936507936508,13.373015873015873,13.928571428571429,31.23015873015873,12.103174603174603,97.55614266842801,93.4873949579832,20.515873015873016,37.976190476190474
2019-08-27,9.404761904761905,54.72222222222222,24.484126984126984,11.746031746031745,12.182539682539682,30.357142857142858,9.484126984126984,99.0,94.75524475524476,20.27777777777778,18.055555555555557
2019-08-28,13.531746031746032,54.007936507936506,29.96031746031746,13.69047619047619,15.912698412698413,32.182539682539684,9.96031746031746,99.0,92.10893854748603,21.944444444444443,38.095238095238095
2019-08-29,23.293650793650794,77.26190476190476,57.57936507936508,19.484126984126984,22.976190476190474,43.13492063492063,10.753968253968255,96.25,93.51464435146444,36.23015873015873,60.27777777777778
2019-08-30,34.642857142857146,90.67460317460318,54.72222222222222,15.793650793650794,14.642857142857142,41.62698412698413,11.071428571428571,92.57555847568989,99.0,34.32539682539682,38.13492063492063
2019-09-03,61.46825396825397,64.4047619047619,33.37301587301587,13.373015873015873,13.373015873015873,32.65873015873016,8.134920634920634,96.91601049868767,99.0,24.404761904761905,18.095238095238095
2019-09-04,61.62698412698413,70.51587301587301,57.023809523809526,19.246031746031747,29.325396825396826,43.76984126984127,12.896825396825397,86.82830930537352,99.0,37.73809523809524,38.25396825396825
2019-09-05,78.45238095238095,77.42063492063492,88.92857142857143,25.91269841269841,36.15079365079365,61.94444444444444,21.46825396825397,83.18062827225131,95.90846047156727,54.88095238095238,38.29365079365079
2019-09-06,52.8968253968254,62.26190476190476,84.64285714285714,31.865079365079364,53.92857142857143,59.24603174603175,24.246031746031747,67.51633986928104,90.37396121883657,52.8968253968254,38.333333333333336
2019-09-09,60.11904761904762,51.785714285714285,78.69047619047619,28.849206349206348,48.29365079365079,56.07142857142857,24.404761904761905,27.610966057441253,67.70401106500691,49.32539682539682,38.37301587301587
2019-09-10,69.8015873015873,47.73809523809524,70.9920634920635,28.095238095238095,46.54761904761905,52.65873015873016,22.896825396825395,12.320730117340286,39.29558011049724,45.357142857142854,18.134920634920636
2019-09-11,56.23015873015873,60.43650793650794,86.38888888888889,33.57142857142857,55.51587301587302,61.70634920634921,23.373015873015873,7.096354166666667,39.37931034482759,57.5,38.492063492063494
2019-09-12,90.5952380952381,59.642857142857146,87.89682539682539,38.65079365079365,60.833333333333336,65.35714285714286,25.357142857142858,9.29778933680104,59.710743801652896,61.86507936507937,38.492063492063494
2019-09-13,88.84920634920636,60.43650793650794,77.5,36.111111111111114,74.64285714285714,60.27777777777778,21.23015873015873,5.0,46.286107290233836,56.62698412698413,18.174603174603174
2019-09-16,68.61111111111111,50.992063492063494,63.53174603174603,31.11111111111111,56.54761904761905,54.32539682539682,20.27777777777778,3.307392996108949,25.892857142857142,46.70634920634921,18.174603174603174
2019-09-17,57.42063492063492,42.5,71.15079365079364,33.84920634920635,66.23015873015873,58.05555555555556,26.785714285714285,4.727979274611399,29.561042524005487,53.214285714285715,38.492063492063494
2019-09-18,65.27777777777777,39.24603174603175,68.69047619047619,36.94444444444444,72.5,57.57936507936508,24.404761904761905,5.886157826649418,42.12328767123287,53.13492063492063,18.174603174603174
2019-09-19,57.182539682539684,32.73809523809524,69.64285714285714,42.023809523809526,67.02380952380952,58.69047619047619,25.11904761904762,10.271317829457365,51.36798905608755,56.46825396825397,18.214285714285715
2019-09-20,50.91269841269841,26.150793650793652,46.86507936507937,30.833333333333332,50.198412698412696,47.817460317460316,17.896825396825395,4.967741935483871,46.7896174863388,37.976190476190474,18.253968253968253
2019-09-23,83.76984126984127,26.30952380952381,41.15079365079365,33.45238095238095,68.05555555555556,46.86507936507937,19.72222222222222,6.894329896907217,29.1268758526603,37.26190476190476,18.253968253968253
2019-09-24,54.08730158730159,28.928571428571427,21.071428571428573,23.055555555555557,29.88095238095238,34.08730158730159,14.722222222222221,5.083655083655084,45.572207084468666,19.166666666666668,18.253968253968253
2019-09-25,66.86507936507937,35.03968253968254,34.88095238095238,30.714285714285715,40.595238095238095,43.45238095238095,17.341269841269842,3.7917737789203083,43.87755102040816,34.801587301587304,18.253968253968253
2019-09-26,59.642857142857146,28.373015873015873,27.341269841269842,29.08730158730159,40.357142857142854,40.11904761904762,15.912698412698413,5.7124518613607185,60.39402173913044,29.08730158730159,5.674603174603175
2019-09-27,30.753968253968253,21.071428571428573,15.595238095238095,20.595238095238095,29.88095238095238,30.357142857142858,11.30952380952381,4.166666666666667,71.84531886024423,15.515873015873016,5.714285714285714
2019-09-30,41.785714285714285,20.11904761904762,23.928571428571427,25.634920634920636,35.03968253968254,35.91269841269841,13.531746031746032,5.441741357234315,60.90785907859079,26.944444444444443,18.41269841269841
2019-10-01,44.404761904761905,16.626984126984127,15.198412698412698,16.944444444444443,17.42063492063492,30.11904761904762,10.674603174603174,11.317135549872123,60.690121786197565,17.5,5.753968253968254
2019-10-02,18.452380952380953,11.785714285714286,7.103174603174603,12.579365079365079,10.436507936507937,22.261904761904763,6.785714285714286,14.367816091954023,74.52702702702703,6.944444444444445,5.7936507936507935
2019-10-03,15.119047619047619,14.563492063492063,12.5,16.150793650793652,15.833333333333334,27.261904761904763,9.563492063492063,20.854591836734695,78.74493927125506,15.674603174603174,5.833333333333333
2019-10-04,23.53174603174603,19.72222222222222,27.57936507936508,24.603174603174605,30.357142857142858,34.24603174603175,19.08730158730159,36.24203821656051,86.455525606469,32.1031746031746,18.61111111111111
2019-10-07,22.341269841269842,17.182539682539684,24.325396825396826,18.49206349206349,21.30952380952381,31.23015873015873,22.261904761904763,68.5114503816794,84.72409152086138,28.373015873015873,18.650793650793652
2019-10-08,15.912698412698413,12.182539682539682,11.785714285714286,13.452380952380953,9.722222222222221,23.293650793650794,18.849206349206348,94.85387547649302,78.0241935483871,13.76984126984127,18.69047619047619
2019-10-09,16.944444444444443,14.563492063492063,21.944444444444443,17.5,18.928571428571427,28.53174603174603,22.023809523809526,97.65228426395939,79.39597315436242,25.515873015873016,18.73015873015873
2019-10-10,18.452380952380953,14.96031746031746,30.674603174603174,20.833333333333332,24.72222222222222,30.595238095238095,37.5,88.78326996197718,84.6514745308311,32.1031746031746,38.92857142857143
2019-10-11,27.5,16.865079365079364,54.801587301587304,29.523809523809526,40.11904761904762,40.357142857142854,41.62698412698413,80.31645569620254,62.58366800535475,45.833333333333336,60.833333333333336
2019-10-14,32.5,18.134920634920636,54.48412698412698,34.404761904761905,57.023809523809526,39.642857142857146,37.023809523809526,96.1441213653603,78.5427807486631,45.11904761904762,38.80952380952381
2019-10-15,40.51587301587302,23.61111111111111,80.75396825396825,46.98412698412698,75.83333333333333,48.84920634920635,41.388888888888886,93.62373737373737,75.76769025367156,62.57936507936508,60.79365079365079
2019-10-16,37.65873015873016,21.706349206349206,74.32539682539682,42.1031746031746,70.51587301587301,45.67460317460318,35.03968253968254,87.70491803278688,77.0,57.5,60.75396825396825
2019-10-17,38.92857142857143,28.214285714285715,79.32539682539682,44.04761904761905,65.35714285714286,47.1031746031746,35.91269841269841,73.86649874055415,79.42743009320905,60.992063492063494,60.714285714285715
2019-10-18,39.48412698412698,19.484126984126984,58.84920634920635,39.642857142857146,54.166666666666664,37.976190476190474,39.32539682539682,81.9496855345912,49.13563829787234,43.05555555555556,38.53174603174603
2019-10-21,51.15079365079365,20.595238095238095,76.62698412698413,44.007936507936506,52.26190476190476,44.56349206349206,40.67460317460318,60.61557788944724,53.58565737051793,56.388888888888886,60.67460317460318
2019-10-22,56.23015873015873,16.071428571428573,56.46825396825397,35.67460317460318,45.43650793650794,36.46825396825397,38.84920634920635,42.095357590966124,46.220159151193634,41.86507936507937,60.63492063492063
2019-10-23,45.67460317460318,19.325396825396826,59.32539682539682,39.88095238095238,52.182539682539684,37.8968253968254,40.03968253968254,40.91478696741854,37.682119205298015,43.45238095238095,60.595238095238095
2019-10-24,60.43650793650794,18.928571428571427,77.26190476190476,44.6031746031746,62.1031746031746,45.67460317460318,50.75396825396825,45.369211514392994,35.78042328042328,58.37301587301587,60.55555555555556
2019-10-25,82.18253968253968,22.976190476190474,87.73809523809524,60.27777777777778,84.64285714285714,51.70634920634921,45.67460317460318,57.8125,34.015852047556145,68.92857142857143,60.55555555555556
2019-10-28,83.05555555555556,32.817460317460316,95.1984126984127,51.54761904761905,76.54761904761905,61.54761904761905,54.08730158730159,70.97378277153558,62.33509234828496,77.34126984126983,80.75396825396825
2019-10-29,83.53174603174604,37.817460317460316,83.21428571428571,43.17460317460318,76.23015873015873,52.1031746031746,58.214285714285715,40.586034912718205,56.32411067193676,65.1984126984127,60.595238095238095
2019-10-30,95.35714285714286,45.67460317460318,84.88095238095238,52.698412698412696,92.5,55.992063492063494,54.801587301587304,50.0,50.723684210526315,69.8015873015873,80.7936507936508
2019-10-31,91.46825396825396,57.8968253968254,80.9920634920635,44.32539682539682,74.56349206349206,55.27777777777778,48.611111111111114,58.27114427860697,61.4323258869908,69.88095238095238,80.83333333333333
2019-11-01,87.57936507936508,89.32539682539682,91.7063492063492,59.12698412698413,87.81746031746032,65.27777777777777,47.65873015873016,28.88198757763975,54.79002624671916,78.69047619047619,94.0079365079365
2019-11-04,92.89682539682539,84.08730158730158,94.64285714285714,55.03968253968254,75.43650793650794,69.64285714285714,52.57936507936508,20.037220843672458,32.83093053735256,84.48412698412699,94.0079365079365
2019-11-05,96.62698412698413,81.30952380952381,90.5952380952381,48.333333333333336,74.56349206349206,69.16666666666667,54.32539682539682,13.073110285006196,31.740837696335078,84.24603174603175,93.96825396825396
2019-11-06,93.92857142857143,64.88095238095238,82.5,56.34920634920635,87.89682539682539,66.94444444444444,50.91269841269841,14.78960396039604,30.522875816993466,80.67460317460318,80.7936507936508
2019-11-07,92.18253968253968,74.32539682539682,82.18253968253968,53.53174603174603,84.0079365079365,68.45238095238095,45.198412698412696,19.221260815822003,26.43603133159269,83.76984126984127,80.7936507936508
2019-11-08,87.34126984126983,84.16666666666667,85.67460317460318,60.476190476190474,95.35714285714286,71.62698412698413,47.5,29.567901234567902,25.619295958279007,86.94444444444444,80.75396825396825
2019-11-11,86.07142857142857,69.16666666666667,77.81746031746032,62.023809523809526,80.03968253968254,69.16666666666667,50.91269841269841,28.298397040690507,22.721354166666668,84.24603174603175,60.55555555555556
2019-11-12,77.10317460317461,91.23015873015873,79.72222222222223,64.44444444444444,76.78571428571429,70.91269841269842,63.05555555555556,29.37192118226601,23.73211963589077,85.9920634920635,80.71428571428571
2019-11-13,79.88095238095238,91.30952380952381,74.0079365079365,59.642857142857146,68.2936507936508,69.48412698412699,62.65873015873016,35.239852398523986,20.974025974025974,85.27777777777777,60.55555555555556
2019-11-14,76.78571428571429,80.5952380952381,69.8015873015873,64.84126984126983,66.07142857142857,68.13492063492063,67.10317460317461,35.565110565110565,22.50324254215305,84.88095238095238,38.333333333333336
2019-11-15,90.1984126984127,75.03968253968254,78.2936507936508,80.75396825396825,84.72222222222223,74.16666666666667,61.70634920634921,52.20858895705521,21.04922279792746,91.62698412698413,38.37301587301587
2019-11-18,84.8015873015873,80.75396825396825,76.62698412698413,76.66666666666667,74.96031746031746,74.72222222222223,64.08730158730158,66.23774509803921,24.25614489003881,92.89682539682539,38.41269841269841
2019-11-19,92.02380952380952,75.35714285714286,73.05555555555556,71.7063492063492,69.72222222222223,75.35714285714286,79.72222222222223,84.51652386780906,25.129198966408268,93.61111111111111,60.79365079365079
2019-11-20,85.83333333333333,73.61111111111111,53.611111111111114,67.18253968253968,77.5,67.97619047619048,84.64285714285714,84.65770171149144,27.29032258064516,77.02380952380952,60.833333333333336
2019-11-21,74.08730158730158,92.42063492063492,45.357142857142854,61.54761904761905,69.4047619047619,64.72222222222223,80.27777777777777,81.74603174603175,25.322164948453608,71.15079365079364,38.45238095238095
2019-11-22,65.51587301587301,84.16666666666667,44.08730158730159,67.42063492063492,85.75396825396825,64.72222222222223,83.84920634920636,76.40243902439025,19.111969111969113,72.73809523809524,38.492063492063494
2019-11-25,67.65873015873017,92.18253968253968,66.7063492063492,74.92063492063492,90.5952380952381,76.23015873015873,79.24603174603175,57.55176613885506,14.074550128534705,88.69047619047619,61.03174603174603
2019-11-26,79.0079365079365,91.62698412698413,65.27777777777777,78.2936507936508,95.35714285714286,76.7063492063492,78.37301587301587,73.54014598540147,19.062901155327342,90.5952380952381,61.07142857142857
2019-11-27,81.7063492063492,86.7063492063492,75.75396825396825,77.6984126984127,92.57936507936508,82.10317460317461,68.13492063492063,60.20656136087485,20.96153846153846,95.11904761904762,81.23015873015873
2019-11-29,76.7063492063492,84.0079365079365,61.15079365079365,65.07936507936508,79.72222222222223,77.02380952380952,67.10317460317461,49.817961165048544,24.39180537772087,85.35714285714286,81.26984126984127
2019-12-02,53.69047619047619,83.69047619047619,37.26190476190476,37.023809523809526,40.43650793650794,64.8015873015873,58.37301587301587,64.42424242424242,24.616368286445013,53.53174603174603,61.111111111111114
2019-12-03,38.76984126984127,70.43650793650794,27.5,30.634920634920636,34.007936507936506,55.833333333333336,50.43650793650794,81.05326876513317,28.41634738186462,37.182539682539684,38.53174603174603
2019-12-04,44.642857142857146,60.43650793650794,33.76984126984127,35.67460317460318,45.833333333333336,60.51587301587302,67.97619047619048,81.07617896009674,30.931122448979593,46.86507936507937,38.57142857142857
2019-12-05,48.45238095238095,61.94444444444444,35.198412698412696,38.05555555555556,48.69047619047619,61.388888888888886,65.27777777777777,74.93961352657004,37.00636942675159,50.198412698412696,61.30952380952381
2019-12-06,56.62698412698413,71.7063492063492,52.73809523809524,56.98412698412698,63.611111111111114,72.89682539682539,84.96031746031746,68.69722557297949,61.895674300254456,71.62698412698413,81.54761904761905
2019-12-09,47.65873015873016,70.83333333333333,42.57936507936508,36.58730158730159,29.72222222222222,67.89682539682539,78.2936507936508,67.53012048192771,84.9428208386277,60.51587301587302,61.30952380952381
2019-12-10,48.45238095238095,62.57936507936508,39.88095238095238,37.77777777777778,30.27777777777778,65.83333333333333,76.46825396825396,62.99638989169675,86.73857868020305,57.34126984126984,38.611111111111114
2019-12-11,52.73809523809524,63.92857142857143,49.72222222222222,43.96825396825397,40.03968253968254,70.83333333333333,74.56349206349206,53.30528846153846,76.86945500633713,69.4047619047619,38.611111111111114
2019-12-12,60.75396825396825,71.94444444444444,62.817460317460316,55.63492063492063,48.611111111111114,77.81746031746032,78.13492063492063,39.31572629051621,71.70886075949367,79.32539682539682,38.611111111111114
2019-12-13,63.45238095238095,76.30952380952381,64.8015873015873,75.03968253968254,71.86507936507937,79.0079365079365,89.88095238095238,61.45083932853717,93.23640960809102,82.65873015873017,61.30952380952381
2019-12-16,66.07142857142857,80.11904761904762,82.26190476190476,87.10317460317461,82.10317460317461,87.34126984126983,97.81746031746032,64.25149700598803,90.21464646464646,91.46825396825396,81.5079365079365
2019-12-17,65.27777777777777,80.27777777777777,81.07142857142857,82.22222222222223,81.46825396825396,86.86507936507937,96.78571428571429,53.16985645933014,87.45271122320302,92.10317460317461,94.24603174603175
2019-12-18,64.56349206349206,79.64285714285714,78.69047619047619,78.73015873015873,70.91269841269842,86.46825396825396,99.0,43.90681003584229,69.58438287153652,92.5,94.2063492063492
2019-12-19,80.67460317460318,91.54761904761905,88.05555555555556,82.18253968253968,72.57936507936508,91.46825396825396,99.0,47.673031026252985,90.12578616352201,95.91269841269842,94.16666666666667
2019-12-20,86.15079365079364,93.2936507936508,90.75396825396825,81.7063492063492,77.97619047619048,93.13492063492063,99.0,20.32181168057211,49.56030150753769,96.94444444444444,94.12698412698413
2019-12-23,87.10317460317461,96.07142857142857,89.88095238095238,72.81746031746032,79.88095238095238,94.24603174603175,99.0,46.25,76.34880803011292,97.26190476190476,98.80952380952381
2019-12-24,76.07142857142857,94.64285714285714,87.5,73.53174603174604,78.05555555555556,93.84920634920636,99.0,49.40546967895363,71.49122807017544,97.34126984126983,99.0
2019-12-26,83.2936507936508,96.30952380952381,95.35714285714286,74.88095238095238,79.0079365079365,96.7063492063492,99.0,60.39192399049881,84.29286608260325,99.0,99.0
2019-12-27,75.35714285714286,97.10317460317461,92.89682539682539,57.65873015873016,61.62698412698413,95.83333333333333,99.0,64.47212336892052,90.9375,98.69047619047619,98.61111111111111
2019-12-30,73.05555555555556,95.43650793650794,77.65873015873017,38.69047619047619,38.37301587301587,92.26190476190476,99.0,51.007109004739334,87.70287141073658,89.08730158730158,93.76984126984127
2019-12-31,86.94444444444444,96.62698412698413,78.53174603174604,50.67460317460318,46.94444444444444,93.84920634920636,99.0,43.6094674556213,64.52618453865337,91.94444444444444,93.73015873015873
2020-01-02,96.38888888888889,99.0,95.75396825396825,62.42063492063492,74.96031746031746,97.73809523809524,99.0,71.33569739952719,88.10709838107098,97.73809523809524,93.69047619047619
2020-01-03,92.26190476190476,97.57936507936508,79.32539682539682,49.6031746031746,43.45238095238095,95.35714285714286,99.0,67.23730814639906,78.66915422885572,85.11904761904762,80.5952380952381
2020-01-06,94.08730158730158,96.86507936507937,84.08730158730158,46.70634920634921,46.30952380952381,97.34126984126983,99.0,79.30424528301887,79.44099378881988,90.5952380952381,80.55555555555556
2020-01-07,88.53174603174604,97.18253968253968,80.03968253968254,47.38095238095238,46.46825396825397,96.94444444444444,98.2936507936508,70.14134275618375,61.9727047146402,90.1984126984127,60.3968253968254
2020-01-08,94.48412698412699,99.0,87.81746031746032,49.88095238095238,44.24603174603175,97.89682539682539,98.21428571428571,82.29411764705883,64.86988847583643,94.64285714285714,60.357142857142854
2020-01-09,96.62698412698413,98.84920634920636,94.0079365079365,61.74603174603175,63.69047619047619,98.84920634920636,98.76984126984127,90.30552291421857,74.19554455445545,96.86507936507937,60.317460317460316
2020-01-10,94.96031746031746,98.13492063492063,85.83333333333333,55.595238095238095,62.8968253968254,98.2936507936508,98.84920634920636,91.25586854460094,79.66625463535229,94.8015873015873,37.73809523809524
2020-01-13,95.75396825396825,97.97619047619048,95.67460317460318,67.18253968253968,61.70634920634921,99.0,99.0,97.83118405627198,90.30864197530865,97.73809523809524,60.27777777777778
2020-01-14,93.45238095238095,97.42063492063492,87.73809523809524,64.64285714285714,58.45238095238095,98.76984126984127,98.37301587301587,73.00936768149883,75.40073982737361,94.0079365079365,60.23809523809524
2020-01-15,88.37301587301587,95.9920634920635,82.65873015873017,67.57936507936508,56.94444444444444,98.69047619047619,98.45238095238095,73.74269005847954,71.24384236453201,94.24603174603175,60.198412698412696
2020-01-16,93.2936507936508,97.42063492063492,93.53174603174604,76.5079365079365,54.404761904761905,99.0,98.61111111111111,68.39953271028037,65.00615006150062,96.86507936507937,60.15873015873016
2020-01-17,95.1984126984127,97.73809523809524,94.96031746031746,76.30952380952381,63.05555555555556,99.0,97.89682539682539,81.73862310385064,78.07125307125307,98.21428571428571,80.51587301587301
2020-01-21,91.7063492063492,98.53174603174604,91.07142857142857,58.96825396825397,48.37301587301587,99.0,99.0,87.23776223776224,92.45398773006134,97.57936507936508,60.03968253968254
2020-01-22,91.15079365079364,97.89682539682539,90.43650793650794,54.92063492063492,49.32539682539682,99.0,99.0,98.89406286379511,94.66911764705883,98.05555555555556,80.47619047619048
2020-01-23,91.38888888888889,98.84920634920636,90.5952380952381,58.73015873015873,47.34126984126984,99.0,99.0,90.29069767441861,96.26682986536107,98.84920634920636,80.43650793650794
2020-01-24,85.1984126984127,97.97619047619048,69.48412698412699,35.714285714285715,32.26190476190476,99.0,97.02380952380952,95.52845528455285,97.98288508557457,87.5,59.84126984126984
2020-01-27,52.817460317460316,94.0079365079365,28.452380952380953,18.849206349206348,7.182539682539683,95.51587301587301,96.15079365079364,87.18097447795823,96.88644688644689,37.8968253968254,59.801587301587304
2020-01-28,71.7063492063492,94.88095238095238,51.70634920634921,26.785714285714285,17.261904761904763,97.89682539682539,98.84920634920636,87.19582850521437,97.7439024390244,64.16666666666667,59.76190476190476
2020-01-29,80.35714285714286,93.69047619047619,49.801587301587304,27.103174603174605,15.674603174603174,97.97619047619048,96.07142857142857,98.32175925925925,97.50304506699148,66.15079365079364,80.39682539682539
2020-01-30,81.23015873015873,95.27777777777777,53.05555555555556,39.08730158730159,23.452380952380953,98.45238095238095,94.72222222222223,98.78612716763006,99.0,69.88095238095238,80.35714285714286
2020-01-31,45.357142857142854,91.78571428571429,25.1984126984127,19.00793650793651,6.150793650793651,95.51587301587301,91.62698412698413,93.70669745958429,98.96719319562575,35.75396825396825,59.642857142857146
2020-02-03,72.73809523809524,94.48412698412699,45.357142857142854,22.738095238095237,8.928571428571429,97.89682539682539,93.13492063492063,98.21222606689734,97.5121359223301,58.53174603174603,59.642857142857146
2020-02-04,88.45238095238095,96.07142857142857,87.42063492063492,33.25396825396825,16.150793650793652,99.0,95.43650793650794,95.21889400921658,99.0,80.5952380952381,80.31746031746032
2020-02-05,91.07142857142857,95.75396825396825,88.45238095238095,32.73809523809524,21.23015873015873,99.0,96.15079365079364,92.34752589182969,99.0,82.65873015873017,80.27777777777777
2020-02-06,91.30952380952381,96.62698412698413,94.8015873015873,33.69047619047619,20.91269841269841,99.0,98.69047619047619,95.6896551724138,99.0,87.57936507936508,80.23809523809524
2020-02-07,80.67460317460318,96.30952380952381,85.1984126984127,27.936507936507937,18.69047619047619,99.0,98.37301587301587,97.41676234213547,99.0,81.07142857142857,80.1984126984127
2020-02-10,91.86507936507937,97.81746031746032,96.07142857142857,28.650793650793652,24.404761904761905,99.0,99.0,98.68119266055047,99.0,88.84920634920636,93.65079365079364
2020-02-11,83.84920634920636,97.02380952380952,94.64285714285714,26.349206349206348,21.23015873015873,99.0,97.89682539682539,91.23711340206185,99.0,88.92857142857143,93.61111111111111
2020-02-12,93.21428571428571,98.53174603174604,97.73809523809524,36.03174603174603,36.07142857142857,99.0,98.69047619047619,97.99771167048056,99.0,93.37301587301587,93.57142857142857
2020-02-13,92.10317460317461,98.13492063492063,95.91269841269842,33.37301587301587,34.08730158730159,99.0,98.45238095238095,97.2,98.85817307692308,91.62698412698413,79.92063492063492
2020-02-14,87.89682539682539,98.37301587301587,95.91269841269842,37.182539682539684,40.595238095238095,99.0,98.37301587301587,98.5730593607306,99.0,92.89682539682539,93.53174603174604
2020-02-18,84.08730158730158,98.37301587301587,95.03968253968254,29.761904761904763,27.738095238095237,99.0,98.13492063492063,98.23261117445838,99.0,93.05555555555556,93.4920634920635
2020-02-19,91.38888888888889,98.61111111111111,97.5,32.93650793650794,31.865079365079364,99.0,99.0,97.66514806378132,99.0,95.75396825396825,93.45238095238095
2020-02-20,82.34126984126983,97.10317460317461,88.45238095238095,23.055555555555557,22.896825396825395,99.0,98.45238095238095,83.10580204778157,96.71052631578948,82.97619047619048,79.84126984126983
2020-02-21,57.73809523809524,93.92857142857143,46.70634920634921,15.198412698412698,14.007936507936508,98.92857142857143,94.88095238095238,82.44318181818181,93.96654719235364,47.1031746031746,59.166666666666664
2020-02-24,25.27777777777778,82.89682539682539,7.420634920634921,2.8968253968253967,1.1507936507936507,91.86507936507937,83.45238095238095,60.78320090805902,91.5871121718377,8.69047619047619,59.20634920634921
2020-02-25,21.071428571428573,66.62698412698413,1.9444444444444444,1.4682539682539681,1.0,69.56349206349206,69.96031746031746,76.47392290249434,93.86174016686532,2.8174603174603177,36.785714285714285
2020-02-26,16.547619047619047,68.84920634920636,2.8968253968253967,1.7857142857142858,1.0,72.65873015873017,72.97619047619048,94.05436013590034,99.0,3.9285714285714284,36.82539682539682
2020-02-27,3.373015873015873,24.246031746031747,1.0,1.0,1.0,28.53174603174603,54.72222222222222,71.77601809954751,98.27586206896552,1.0,17.261904761904763
2020-02-28,3.373015873015873,25.03968253968254,1.0,1.0,1.0,29.404761904761905,53.53174603174603,93.1638418079096,99.0,1.0,36.94444444444444
2020-03-02,21.785714285714285,55.357142857142854,4.404761904761905,1.0,1.0,71.7063492063492,70.11904761904762,98.02483069977427,99.0,13.61111111111111,36.98412698412698
2020-03-03,6.388888888888889,34.56349206349206,1.0,1.0,1.0,39.24603174603175,57.65873015873016,88.44419391206313,99.0,6.071428571428571,17.3015873015873
2020-03-04,11.30952380952381,70.9920634920635,7.976190476190476,1.0,1.3888888888888888,76.94444444444444,76.78571428571429,94.08783783783784,99.0,22.023809523809526,17.341269841269842
2020-03-05,3.2936507936507935,54.48412698412698,2.1825396825396823,1.0,1.0,44.56349206349206,68.05555555555556,99.0,99.0,10.912698412698413,17.38095238095238
2020-03-06,1.0,38.69047619047619,1.0714285714285714,1.0,1.1507936507936507,31.30952380952381,61.86507936507937,99.0,99.0,7.5,17.42063492063492
2020-03-09,1.0,10.992063492063492,1.0,1.0,1.0,8.76984126984127,40.198412698412696,99.0,99.0,1.8650793650793651,17.46031746031746
2020-03-10,1.0,20.515873015873016,1.0,1.0,1.0714285714285714,22.182539682539684,48.84920634920635,99.0,99.0,9.166666666666666,37.26190476190476
2020-03-11,1.0,11.23015873015873,1.0,1.0,1.0,10.03968253968254,38.92857142857143,99.0,99.0,4.325396825396825,17.42063492063492
2020-03-12,1.0,1.626984126984127,1.0,1.0,1.0,1.0,10.515873015873016,99.0,99.0,1.0,17.42063492063492
2020-03-13,1.0,10.277777777777779,1.0,1.0,1.3095238095238095,9.722222222222221,36.86507936507937,99.0,99.0,10.357142857142858,17.42063492063492
2020-03-16,1.0,1.0,1.0,1.0,1.0,1.0,1.9444444444444444,99.0,99.0,2.8174603174603177,5.238095238095238
2020-03-17,1.0,2.0238095238095237,1.0,1.0,1.9444444444444444,1.5476190476190477,14.246031746031745,99.0,99.0,7.738095238095238,17.5
2020-03-18,1.0,1.0,1.0,1.0,4.563492063492063,1.0,3.2936507936507935,99.0,99.0,5.436507936507937,5.277777777777778
2020-03-19,1.0,1.2301587301587302,1.0,1.0,5.0396825396825395,1.0,3.611111111111111,99.0,99.0,6.944444444444445,17.61904761904762
2020-03-20,1.0,1.0,1.0,1.0,8.293650793650794,1.0,1.626984126984127,99.0,99.0,4.325396825396825,17.658730158730158
2020-03-23,1.0,1.0,1.0,1.0,3.134920634920635,1.0,1.8650793650793651,99.0,99.0,4.563492063492063,37.57936507936508
2020-03-24,1.0,2.1031746031746033,3.8492063492063493,1.0,1.626984126984127,2.261904761904762,16.865079365079364,99.0,99.0,15.277777777777779,37.61904761904762
2020-03-25,1.0,1.7063492063492063,3.373015873015873,1.0,1.5476190476190477,1.8650793650793651,15.753968253968255,99.0,99.0,13.76984126984127,37.65873015873016
2020-03-26,6.5476190476190474,4.880952380952381,37.182539682539684,1.0,1.0,8.055555555555555,32.976190476190474,99.0,99.0,26.23015873015873,60.0
2020-03-27,1.7857142857142858,1.7857142857142858,8.928571428571429,1.0,2.0238095238095237,2.9761904761904763,17.341269841269842,99.0,99.0,18.452380952380953,37.65873015873016
2020-03-30,1.3888888888888888,4.166666666666667,57.57936507936508,1.0,3.2142857142857144,7.896825396825397,27.023809523809526,99.0,99.0,27.341269841269842,60.03968253968254
2020-03-31,2.5793650793650795,3.7698412698412698,48.45238095238095,1.1507936507936507,3.373015873015873,6.388888888888889,22.261904761904763,99.0,99.0,24.88095238095238,37.65873015873016
2020-04-01,1.0,1.7063492063492063,11.785714285714286,1.0,3.2142857142857144,2.1031746031746033,8.134920634920634,99.0,99.0,16.071428571428573,37.61904761904762
2020-04-02,1.3095238095238095,1.8650793650793651,36.46825396825397,1.3888888888888888,4.007936507936508,3.5317460317460316,13.76984126984127,99.0,99.0,20.674603174603174,37.57936507936508
2020-04-03,1.4682539682539681,1.7063492063492063,26.150793650793652,1.5476190476190477,5.595238095238095,2.3412698412698414,8.452380952380953,99.0,99.0,18.055555555555557,37.53968253968254
2020-04-06,50.75396825396825,5.833333333333333,99.0,1.8650793650793651,5.0396825396825395,13.373015873015873,29.72222222222222,98.40834248079034,99.0,36.15079365079365,37.5
2020-04-07,13.61111111111111,5.674603174603175,99.0,1.626984126984127,4.087301587301587,12.579365079365079,29.8015873015873,98.08114035087719,98.90678941311853,35.198412698412696,17.53968253968254
2020-04-08,61.54761904761905,6.865079365079365,99.0,2.0238095238095237,5.833333333333333,18.76984126984127,34.642857142857146,97.75465498357065,98.10344827586206,41.07142857142857,37.57936507936508
2020-04-09,99.0,6.23015873015873,99.0,2.1825396825396823,7.182539682539683,19.00793650793651,35.595238095238095,96.33479212253829,97.8760045924225,41.388888888888886,37.61904761904762
2020-04-13,77.65873015873017,7.738095238095238,99.0,2.261904761904762,6.7063492063492065,22.261904761904763,37.8968253968254,97.65027322404372,98.22247706422019,44.88095238095238,60.15873015873016
2020-04-14,99.0,13.214285714285714,99.0,2.5793650793650795,6.23015873015873,43.214285714285715,46.388888888888886,96.01528384279476,98.33906071019473,61.62698412698413,60.11904761904762
2020-04-15,99.0,11.785714285714286,99.0,2.4206349206349205,5.912698412698413,34.32539682539682,43.69047619047619,97.65539803707743,99.0,54.96031746031746,60.11904761904762
2020-04-16,99.0,15.674603174603174,99.0,2.5,7.896825396825397,48.29365079365079,46.86507936507937,97.22222222222223,99.0,62.73809523809524,80.47619047619048
2020-04-17,99.0,15.436507936507937,99.0,2.738095238095238,7.817460317460317,56.23015873015873,48.69047619047619,85.3645266594124,98.91552511415524,66.30952380952381,80.43650793650794
2020-04-20,99.0,11.865079365079366,99.0,1.7857142857142858,4.642857142857143,44.08730158730159,45.67460317460318,93.75,99.0,57.976190476190474,80.39682539682539
2020-04-21,99.0,6.388888888888889,96.15079365079364,1.5476190476190477,5.436507936507937,23.53174603174603,36.94444444444444,11.454940282301846,98.69020501138952,37.5,59.92063492063492
2020-04-22,99.0,10.03968253968254,99.0,2.1825396825396823,7.658730158730159,38.69047619047619,42.1031746031746,84.54446854663775,98.91922639362912,49.642857142857146,80.35714285714286
2020-04-23,99.0,9.484126984126984,98.69047619047619,2.3412698412698414,9.404761904761905,36.46825396825397,42.26190476190476,97.12892741061755,98.92045454545455,48.214285714285715,59.88095238095238
2020-04-24,98.61111111111111,14.246031746031745,99.0,3.2936507936507935,22.103174603174605,48.53174603174603,44.24603174603175,96.5909090909091,98.46765039727582,56.30952380952381,59.88095238095238
2020-04-27,99.0,19.72222222222222,98.92857142857143,3.373015873015873,24.325396825396826,53.611111111111114,44.88095238095238,56.810810810810814,96.88208616780045,59.166666666666664,59.88095238095238
2020-04-28,98.13492063492063,12.579365079365079,95.83333333333333,3.2936507936507935,22.57936507936508,38.214285714285715,41.70634920634921,1.0,96.3193657984145,45.91269841269841,37.53968253968254
2020-04-29,99.0,19.72222222222222,99.0,4.246031746031746,26.785714285714285,70.11904761904762,50.43650793650794,1.0,95.9841628959276,64.0079365079365,59.88095238095238
2020-04-30,99.0,19.325396825396826,98.76984126984127,3.4523809523809526,16.944444444444443,71.30952380952381,51.46825396825397,1.0237068965517242,96.44067796610169,65.27777777777777,59.84126984126984
2020-05-01,99.0,16.30952380952381,72.42063492063492,3.2936507936507935,15.674603174603174,41.15079365079365,44.96031746031746,1.991388589881593,96.6704288939052,42.023809523809526,37.5
2020-05-04,99.0,15.992063492063492,83.05555555555556,3.373015873015873,17.341269841269842,50.51587301587302,44.56349206349206,2.204301075268817,96.67418263810598,48.92857142857143,59.88095238095238
2020-05-05,97.97619047619048,13.293650793650794,92.18253968253968,3.611111111111111,23.373015873015873,61.23015873015873,49.08730158730159,19.387755102040817,96.79054054054055,54.642857142857146,80.31746031746032
2020-05-06,98.37301587301587,13.928571428571429,92.57936507936508,3.611111111111111,21.150793650793652,66.86507936507937,54.404761904761905,84.28111587982832,97.69403824521935,58.05555555555556,80.27777777777777
2020-05-07,97.89682539682539,15.198412698412698,96.7063492063492,4.404761904761905,31.150793650793652,78.13492063492063,58.76984126984127,89.97856377277598,96.79775280898876,65.9920634920635,93.88888888888889
2020-05-08,98.53174603174604,18.76984126984127,98.21428571428571,5.753968253968254,43.76984126984127,88.13492063492063,64.08730158730158,80.13918629550321,95.90347923681257,70.83333333333333,93.84920634920636
2020-05-11,98.21428571428571,18.214285714285715,98.2936507936508,7.658730158730159,36.62698412698413,92.02380952380952,67.73809523809524,78.34224598930481,96.35650224215247,74.16666666666667,93.80952380952381
2020-05-12,81.62698412698413,13.69047619047619,87.34126984126983,4.563492063492063,18.928571428571427,76.7063492063492,72.57936507936508,90.11752136752136,97.36842105263158,57.42063492063492,93.76984126984127
2020-05-13,80.91269841269842,9.007936507936508,57.5,3.611111111111111,18.53174603174603,64.88095238095238,64.08730158730158,91.40875133404482,99.0,46.388888888888886,79.92063492063492
2020-05-14,72.02380952380952,11.38888888888889,74.88095238095238,4.404761904761905,27.976190476190474,74.48412698412699,62.57936507936508,57.51599147121535,98.37988826815642,53.13492063492063,79.88095238095238
2020-05-15,69.64285714285714,12.103174603174603,84.48412698412699,4.722222222222222,31.626984126984127,78.69047619047619,61.15079365079365,95.79339723109692,98.93973214285714,58.05555555555556,93.73015873015873
2020-05-18,93.84920634920636,16.865079365079364,97.18253968253968,6.388888888888889,32.182539682539684,91.86507936507937,72.5,9.946808510638299,95.5964325529543,69.48412698412699,93.69047619047619
2020-05-19,97.73809523809524,13.531746031746032,93.69047619047619,5.992063492063492,29.484126984126984,89.64285714285714,78.53174603174604,19.394261424017003,95.82405345211582,67.02380952380952,79.68253968253968
2020-05-20,97.10317460317461,20.436507936507937,98.21428571428571,7.777777777777778,39.56349206349206,96.07142857142857,82.81746031746032,10.774946921443737,96.0511679644049,75.75396825396825,79.64285714285714
2020-05-21,96.15079365079364,22.738095238095237,93.53174603174604,6.111111111111111,35.595238095238095,92.73809523809524,79.48412698412699,7.794273594909862,95.94444444444444,66.94444444444444,59.007936507936506
2020-05-22,94.08730158730158,46.86507936507937,93.76984126984127,7.5,41.15079365079365,94.0079365079365,86.38888888888889,10.752118644067796,96.39289678135405,68.61111111111111,58.96825396825397
2020-05-26,90.75396825396825,62.976190476190474,87.73809523809524,7.5,36.86507936507937,92.18253968253968,85.91269841269842,3.6507936507936507,94.29046563192905,66.30952380952381,36.86507936507937
2020-05-27,96.46825396825396,63.69047619047619,89.4047619047619,7.420634920634921,34.801587301587304,94.48412698412699,88.37301587301587,16.226215644820297,93.85382059800665,69.4047619047619,58.96825396825397
2020-05-28,80.91269841269842,91.86507936507937,80.11904761904762,7.261904761904762,34.166666666666664,92.5,89.72222222222223,85.58606124604013,94.1924778761062,66.94444444444444,58.92857142857143
2020-05-29,90.03968253968254,93.61111111111111,94.8015873015873,9.801587301587302,36.94444444444444,96.07142857142857,92.97619047619048,35.39029535864979,94.08839779005525,75.11904761904762,58.888888888888886
2020-06-01,97.42063492063492,73.53174603174604,94.64285714285714,8.412698412698413,35.27777777777778,96.54761904761905,96.07142857142857,1.8440463645943097,93.54304635761589,77.5,58.84920634920635
2020-06-02,96.86507936507937,92.57936507936508,95.1984126984127,10.158730158730158,40.357142857142854,97.5,99.0,1.0,93.4399117971334,80.91269841269842,58.80952380952381
2020-06-03,96.15079365079364,75.1984126984127,95.43650793650794,10.833333333333334,43.13492063492063,98.13492063492063,96.94444444444444,1.0,90.58370044052863,83.05555555555556,79.60317460317461
2020-06-04,93.76984126984127,89.96031746031746,85.1984126984127,11.031746031746032,40.91269841269841,96.23015873015873,94.72222222222223,1.0,79.15291529152915,74.16666666666667,58.69047619047619
2020-06-05,94.88095238095238,96.15079365079364,97.42063492063492,14.166666666666666,41.07142857142857,98.84920634920636,96.46825396825396,1.0,21.813186813186814,85.11904761904762,79.56349206349206
2020-06-08,94.0079365079365,99.0,98.05555555555556,11.865079365079366,33.13492063492063,99.0,94.72222222222223,1.0,1.0,88.37301587301587,79.52380952380952
2020-06-09,93.69047619047619,99.0,98.2936507936508,8.928571428571429,30.03968253968254,99.0,93.84920634920636,1.0,10.69078947368421,91.30952380952381,93.65079365079364
2020-06-10,97.73809523809524,99.0,98.69047619047619,7.857142857142857,29.08730158730159,99.0,95.67460317460318,1.0,46.056955093099674,94.72222222222223,93.61111111111111
2020-06-11,91.62698412698413,99.0,38.214285714285715,3.4523809523809526,9.880952380952381,94.32539682539682,84.0079365079365,1.0,76.2035010940919,40.198412698412696,93.57142857142857
2020-06-12,90.11904761904762,99.0,47.023809523809526,3.8492063492063493,23.373015873015873,95.27777777777777,85.11904761904762,1.0,25.628415300546447,46.15079365079365,93.53174603174604
2020-06-15,92.57936507936508,99.0,64.08730158730158,4.722222222222222,24.563492063492063,97.18253968253968,89.64285714285714,1.0,3.438864628820961,55.67460317460318,93.4920634920635
2020-06-16,91.78571428571429,99.0,90.5952380952381,5.357142857142857,25.833333333333332,98.69047619047619,92.89682539682539,1.09375,4.634678298800436,68.92857142857143,93.45238095238095
2020-06-17,93.84920634920636,99.0,90.11904761904762,5.277777777777778,27.57936507936508,98.84920634920636,89.56349206349206,1.1966701352757545,1.0,70.9920634920635,93.41269841269842
2020-06-18,85.67460317460318,99.0,90.5952380952381,5.833333333333333,27.5,99.0,88.84920634920636,1.4033264033264032,1.0,72.65873015873017,98.76984126984127
2020-06-19,92.10317460317461,99.0,85.35714285714286,5.515873015873016,21.071428571428573,98.69047619047619,86.15079365079364,1.8172377985462098,1.0326086956521738,72.18253968253968,93.2936507936508
2020-06-22,94.4047619047619,99.0,94.08730158730158,6.150793650793651,25.753968253968253,99.0,91.07142857142857,4.823651452282157,1.0,79.16666666666667,93.25396825396825
2020-06-23,96.07142857142857,99.0,95.67460317460318,6.388888888888889,23.293650793650794,99.0,92.89682539682539,76.42487046632124,6.670281995661605,83.2936507936508,93.21428571428571
2020-06-24,87.81746031746032,99.0,62.34126984126984,4.841269841269841,21.547619047619047,98.13492063492063,92.02380952380952,97.5672877846791,48.59154929577465,58.53174603174603,78.65079365079364
2020-06-25,93.45238095238095,99.0,75.91269841269842,5.912698412698413,24.404761904761905,98.92857142857143,93.53174603174604,96.22543950361944,46.6991341991342,66.94444444444444,93.17460317460318
2020-06-26,60.51587301587302,99.0,27.5,4.563492063492063,17.738095238095237,95.83333333333333,84.24603174603175,77.53099173553719,32.486486486486484,36.785714285714285,78.53174603174604
2020-06-29,68.92857142857143,99.0,40.51587301587302,5.753968253968254,28.055555555555557,97.42063492063492,87.26190476190476,86.22291021671826,10.205183585313176,45.67460317460318,78.4920634920635
2020-06-30,82.5,99.0,74.72222222222223,7.023809523809524,28.53174603174603,98.92857142857143,89.24603174603175,94.27835051546391,4.368932038834951,63.37301587301587,78.45238095238095
2020-07-01,87.57936507936508,99.0,90.51587301587301,8.69047619047619,39.56349206349206,99.0,91.94444444444444,97.99176107106076,9.859913793103448,70.9920634920635,78.41269841269842
2020-07-02,93.76984126984127,99.0,92.81746031746032,10.357142857142858,41.07142857142857,99.0,91.7063492063492,98.09670781893004,1.6684607104413347,74.16666666666667,78.37301587301587
2020-07-06,94.64285714285714,99.0,98.45238095238095,7.777777777777778,39.801587301587304,99.0,96.7063492063492,98.61253854059609,3.172043010752688,85.9920634920635,93.13492063492063
2020-07-07,89.48412698412699,99.0,97.10317460317461,6.23015873015873,34.404761904761905,99.0,96.46825396825396,99.0,24.113856068743285,78.76984126984127,78.25396825396825
2020-07-08,92.5,99.0,98.37301587301587,6.865079365079365,40.03968253968254,99.0,97.89682539682539,98.82051282051282,72.04935622317596,84.96031746031746,78.21428571428571
2020-07-09,90.83333333333333,98.92857142857143,98.76984126984127,5.674603174603175,36.111111111111114,99.0,97.65873015873017,98.10450819672131,92.65809217577706,88.05555555555556,93.0952380952381
2020-07-10,98.69047619047619,98.92857142857143,98.76984126984127,5.992063492063492,46.785714285714285,99.0,98.61111111111111,97.28761514841351,92.77301927194861,91.23015873015873,93.05555555555556
2020-07-13,97.02380952380952,98.45238095238095,92.65873015873017,3.373015873015873,29.72222222222222,99.0,94.16666666666667,97.49488752556238,79.19786096256685,68.45238095238095,93.01587301587301
2020-07-14,96.62698412698413,98.05555555555556,94.56349206349206,3.373015873015873,38.45238095238095,99.0,95.11904761904762,97.39530132788559,53.151709401709404,73.61111111111111,93.01587301587301
2020-07-15,93.76984126984127,98.13492063492063,93.13492063492063,3.9285714285714284,47.023809523809526,99.0,95.75396825396825,96.4795918367347,1.5474919957310567,74.32539682539682,93.01587301587301
2020-07-16,89.72222222222223,97.73809523809524,78.84920634920636,4.484126984126984,43.92857142857143,99.0,95.43650793650794,94.24057084607543,1.0,65.75396825396825,78.05555555555556
2020-07-17,88.92857142857143,97.57936507936508,77.02380952380952,7.658730158730159,61.785714285714285,99.0,95.27777777777777,93.32993890020367,2.7156549520766773,67.10317460317461,78.0952380952381
2020-07-20,96.62698412698413,98.21428571428571,97.57936507936508,7.579365079365079,65.35714285714286,99.0,99.0,96.79552390640895,16.54255319148936,84.0079365079365,78.13492063492063
2020-07-21,91.78571428571429,98.53174603174604,92.10317460317461,7.619047619047619,63.76984126984127,99.0,98.37301587301587,84.40040650406505,7.704569606801275,72.42063492063492,78.17460317460318
2020-07-22,89.64285714285714,98.05555555555556,92.34126984126983,8.293650793650794,67.73809523809524,99.0,97.97619047619048,60.0507614213198,1.9639065817409767,74.88095238095238,78.21428571428571
2020-07-23,85.51587301587301,97.57936507936508,37.8968253968254,5.912698412698413,53.76984126984127,98.61111111111111,91.46825396825396,6.237322515212981,1.0,40.27777777777778,56.94444444444444
2020-07-24,67.57936507936508,97.18253968253968,24.246031746031747,6.150793650793651,61.82539682539682,97.81746031746032,91.7063492063492,6.940222897669706,1.0,32.976190476190474,35.317460317460316
2020-07-27,95.11904761904762,97.26190476190476,43.611111111111114,7.023809523809524,74.48412698412699,98.84920634920636,93.13492063492063,17.358299595141702,13.068783068783068,47.023809523809526,56.94444444444444
2020-07-28,85.11904761904762,97.42063492063492,22.5,6.7063492063492065,61.86507936507937,97.81746031746032,90.67460317460318,30.788675429726997,68.76321353065539,34.32539682539682,35.27777777777778
2020-07-29,79.64285714285714,96.78571428571429,34.007936507936506,9.246031746031745,75.35714285714286,98.69047619047619,94.48412698412699,20.555555555555557,81.36219640971488,42.976190476190474,35.27777777777778
2020-07-30,72.73809523809524,96.94444444444444,37.73809523809524,9.087301587301587,70.1984126984127,98.76984126984127,97.81746031746032,12.764883955600403,32.858649789029535,47.817460317460316,56.904761904761905
2020-07-31,82.97619047619048,97.97619047619048,66.23015873015873,12.936507936507937,75.27777777777777,99.0,99.0,38.76008064516129,27.133825079030558,63.84920634920635,56.86507936507937
2020-08-03,72.65873015873017,97.97619047619048,88.53174603174604,10.753968253968255,77.5,99.0,99.0,39.2245720040282,35.31578947368421,72.81746031746032,56.82539682539682
2020-08-04,82.81746031746032,97.65873015873017,89.8015873015873,11.071428571428571,78.37301587301587,99.0,99.0,16.348088531187123,20.872765509989485,75.03968253968254,78.21428571428571
2020-08-05,73.21428571428571,97.5,90.27777777777777,12.261904761904763,85.1984126984127,99.0,99.0,6.884422110552764,6.25,76.7063492063492,78.17460317460318
2020-08-06,77.02380952380952,97.42063492063492,96.23015873015873,12.222222222222221,85.35714285714286,99.0,99.0,4.367469879518072,29.01364113326338,83.2936507936508,93.21428571428571
2020-08-07,56.785714285714285,96.78571428571429,86.94444444444444,9.801587301587302,92.73809523809524,99.0,99.0,2.858575727181545,33.17610062893082,70.1984126984127,93.17460317460318
2020-08-10,75.03968253968254,96.46825396825396,73.84920634920636,9.801587301587302,91.78571428571429,99.0,99.0,1.8537074148296593,1.9371727748691099,63.69047619047619,77.97619047619048
2020-08-11,47.26190476190476,96.54761904761905,35.43650793650794,6.666666666666667,74.56349206349206,98.21428571428571,99.0,1.3513513513513513,1.0,38.13492063492063,77.93650793650794
2020-08-12,72.5,97.57936507936508,80.5952380952381,9.404761904761905,90.51587301587301,99.0,99.0,21.35,1.0,61.70634920634921,77.89682539682539
2020-08-13,81.15079365079364,97.18253968253968,78.2936507936508,10.03968253968254,92.5,99.0,99.0,40.30969030969031,1.0,63.214285714285715,77.85714285714286
2020-08-14,78.05555555555556,96.94444444444444,70.91269841269842,11.30952380952381,95.1984126984127,98.92857142857143,99.0,28.393213572854293,1.0,61.23015873015873,56.15079365079365
2020-08-17,58.611111111111114,96.62698412698413,89.16666666666667,13.928571428571429,94.96031746031746,99.0,99.0,7.826520438683948,12.864583333333334,70.51587301587301,56.111111111111114
2020-08-18,81.30952380952381,97.02380952380952,94.64285714285714,15.595238095238095,91.94444444444444,99.0,99.0,53.23705179282869,19.823100936524455,77.02380952380952,56.07142857142857
2020-08-19,70.43650793650794,96.07142857142857,86.30952380952381,12.103174603174603,85.27777777777777,99.0,99.0,62.7363184079602,21.673596673596673,67.42063492063492,34.285714285714285
2020-08-20,95.1984126984127,96.86507936507937,94.72222222222223,13.055555555555555,82.89682539682539,99.0,99.0,96.27236580516899,55.71131879543095,77.81746031746032,34.24603174603175
2020-08-21,97.34126984126983,97.10317460317461,95.83333333333333,12.5,85.9920634920635,99.0,99.0,96.87189672293943,74.84439834024896,81.54761904761905,56.03174603174603
2020-08-24,96.15079365079364,97.34126984126983,96.46825396825396,9.96031746031746,88.13492063492063,99.0,99.0,95.48611111111111,91.86528497409327,85.11904761904762,77.81746031746032
2020-08-25,97.89682539682539,97.57936507936508,97.02380952380952,11.547619047619047,91.30952380952381,99.0,99.0,96.08523290386522,93.63354037267081,89.16666666666667,93.13492063492063
2020-08-26,98.45238095238095,98.2936507936508,98.84920634920636,6.309523809523809,81.30952380952381,99.0,99.0,97.47524752475248,94.05377456049638,95.1984126984127,93.0952380952381
2020-08-27,97.81746031746032,97.73809523809524,97.89682539682539,5.357142857142857,76.86507936507937,99.0,99.0,96.88427299703264,93.23347107438016,92.81746031746032,77.61904761904762
2020-08-28,96.7063492063492,97.73809523809524,97.97619047619048,5.833333333333333,95.83333333333333,99.0,99.0,95.800395256917,93.5500515995872,94.48412698412699,93.05555555555556
2020-08-31,96.38888888888889,97.89682539682539,98.37301587301587,4.325396825396825,70.35714285714286,99.0,99.0,95.80454096742349,94.0721649484536,95.91269841269842,93.01587301587301
2020-09-01,97.42063492063492,98.21428571428571,99.0,4.325396825396825,79.24603174603175,99.0,99.0,96.49901380670612,95.1081359423275,98.21428571428571,92.97619047619048
2020-09-02,98.13492063492063,98.53174603174604,99.0,3.5317460317460316,79.56349206349206,99.0,99.0,95.91133004926108,95.31893004115226,99.0,98.76984126984127
2020-09-03,73.21428571428571,95.35714285714286,59.08730158730159,2.261904761904762,41.15079365079365,99.0,99.0,63.82874015748032,95.22096608427543,44.801587301587304,92.85714285714286
2020-09-04,72.34126984126983,94.24603174603175,32.8968253968254,2.3412698412698414,44.24603174603175,98.76984126984127,98.69047619047619,78.8102261553589,95.84188911704312,33.05555555555556,77.18253968253968
2020-09-08,27.738095238095237,84.72222222222223,4.642857142857143,2.738095238095238,33.37301587301587,95.27777777777777,97.73809523809524,80.69744597249509,93.8974358974359,10.753968253968255,55.198412698412696
2020-09-09,76.23015873015873,88.13492063492063,12.896825396825397,3.373015873015873,39.801587301587304,97.18253968253968,98.2936507936508,96.02551521099117,93.08401639344262,23.61111111111111,55.15873015873016
2020-09-10,28.849206349206348,92.89682539682539,5.833333333333333,3.4523809523809526,38.37301587301587,95.51587301587301,97.65873015873017,91.91176470588235,89.8157625383828,14.96031746031746,33.29365079365079
2020-09-11,23.293650793650794,90.51587301587301,4.642857142857143,4.642857142857143,51.94444444444444,94.88095238095238,97.5,66.7482859941234,91.359918200409,13.055555555555555,33.29365079365079
2020-09-14,37.65873015873016,91.46825396825396,9.087301587301587,5.912698412698413,58.92857142857143,96.23015873015873,97.65873015873017,66.3894324853229,90.85801838610827,20.674603174603174,33.25396825396825
2020-09-15,40.51587301587302,90.5952380952381,15.119047619047619,5.555555555555555,60.11904761904762,96.86507936507937,98.21428571428571,72.18963831867057,92.1938775510204,27.738095238095237,33.25396825396825
2020-09-16,20.03968253968254,87.34126984126983,8.134920634920634,4.484126984126984,56.388888888888886,95.51587301587301,97.5,8.740234375,78.9500509683996,19.563492063492063,15.396825396825397
2020-09-17,17.5,82.97619047619048,4.642857142857143,4.166666666666667,52.8968253968254,93.92857142857143,97.26190476190476,4.829268292682927,57.484725050916495,14.087301587301587,4.801587301587301
2020-09-18,10.357142857142858,74.64285714285714,2.9761904761904763,4.325396825396825,58.84920634920635,92.26190476190476,96.54761904761905,1.3157894736842106,40.53916581892167,10.198412698412698,4.841269841269841
2020-09-21,9.404761904761905,69.0079365079365,4.166666666666667,4.166666666666667,45.833333333333336,92.73809523809524,97.18253968253968,7.351509250243428,79.21747967479675,12.182539682539682,15.595238095238095
2020-09-22,12.420634920634921,76.54761904761905,9.325396825396826,5.119047619047619,58.69047619047619,94.48412698412699,97.57936507936508,30.398832684824903,82.48730964467005,20.91269841269841,33.611111111111114
2020-09-23,4.404761904761905,68.37301587301587,2.8174603174603177,3.7698412698412698,53.84920634920635,89.24603174603175,97.18253968253968,16.375121477162292,49.44219066937119,9.484126984126984,15.634920634920634
2020-09-24,2.738095238095238,65.27777777777777,4.722222222222222,3.8492063492063493,51.785714285714285,90.11904761904762,96.7063492063492,3.737864077669903,51.82370820668693,12.261904761904763,33.69047619047619
2020-09-25,6.388888888888889,88.21428571428571,12.817460317460318,5.436507936507937,73.45238095238095,93.53174603174604,97.57936507936508,8.19592628516004,76.77125506072875,22.658730158730158,55.3968253968254
2020-09-28,8.84920634920635,89.4047619047619,30.11904761904762,5.595238095238095,72.5,95.35714285714286,98.61111111111111,7.50968992248062,81.34479271991911,32.42063492063492,55.357142857142854
2020-09-29,6.388888888888889,85.51587301587301,29.563492063492063,5.277777777777778,60.27777777777778,94.88095238095238,98.21428571428571,5.082284607938044,85.0,30.436507936507937,33.492063492063494
2020-09-30,5.198412698412699,84.16666666666667,49.166666666666664,4.9603174603174605,67.26190476190476,95.51587301587301,98.84920634920636,4.110251450676983,76.63975782038345,34.56349206349206,55.317460317460316
2020-10-01,5.912698412698413,86.23015873015873,85.5952380952381,5.595238095238095,62.65873015873016,96.78571428571429,99.0,9.710144927536232,82.61088709677419,44.24603174603175,77.18253968253968
2020-10-02,11.785714285714286,55.27777777777778,35.03968253968254,4.325396825396825,55.357142857142854,93.37301587301587,98.05555555555556,7.673745173745174,21.802618328298088,25.1984126984127,77.14285714285714
2020-10-05,22.57936507936508,74.48412698412699,78.45238095238095,4.801587301587301,39.642857142857146,95.83333333333333,98.61111111111111,16.44165863066538,12.826961770623743,36.94444444444444,77.10317460317461
2020-10-06,47.73809523809524,53.214285714285715,39.32539682539682,4.166666666666667,29.484126984126984,93.45238095238095,97.89682539682539,22.495183044315993,2.663316582914573,25.91269841269841,55.03968253968254
2020-10-07,37.023809523809526,60.43650793650794,74.72222222222223,4.9603174603174605,33.13492063492063,95.35714285714286,99.0,7.362848893166507,1.0,35.67460317460318,77.06349206349206
2020-10-08,63.92857142857143,57.42063492063492,80.1984126984127,6.309523809523809,39.72222222222222,95.67460317460318,99.0,4.855769230769231,1.0,37.73809523809524,77.02380952380952
2020-10-09,84.56349206349206,82.02380952380952,93.76984126984127,8.373015873015873,43.214285714285715,96.78571428571429,99.0,24.25552353506244,3.4569138276553106,47.817460317460316,77.02380952380952
2020-10-12,91.78571428571429,88.05555555555556,99.0,7.579365079365079,39.08730158730159,98.92857142857143,99.0,72.4088291746641,18.56856856856857,68.21428571428571,77.06349206349206
2020-10-13,83.45238095238095,87.73809523809524,98.76984126984127,6.309523809523809,30.99206349206349,98.69047619047619,99.0,70.61361457334611,77.85,67.89682539682539,77.10317460317461
2020-10-14,89.4047619047619,87.26190476190476,97.10317460317461,6.7063492063492065,25.99206349206349,97.73809523809524,98.92857142857143,92.09770114942529,72.47752247752248,59.08730158730159,54.96031746031746
2020-10-15,92.26190476190476,85.83333333333333,94.08730158730158,6.309523809523809,24.166666666666668,97.02380952380952,98.84920634920636,90.28708133971291,49.25149700598802,50.595238095238095,33.095238095238095
2020-10-16,94.24603174603175,67.02380952380952,88.61111111111111,5.912698412698413,24.642857142857142,96.7063492063492,98.37301587301587,93.64244741873804,14.506480558325025,46.15079365079365,33.13492063492063
2020-10-19,85.51587301587301,61.94444444444444,47.5,4.642857142857143,18.134920634920636,94.56349206349206,97.57936507936508,22.492836676217767,24.750996015936256,31.23015873015873,15.238095238095237
2020-10-20,72.10317460317461,62.182539682539684,50.67460317460318,5.7936507936507935,15.198412698412698,94.88095238095238,97.18253968253968,9.58969465648855,26.218905472636816,33.05555555555556,33.25396825396825
2020-10-21,93.05555555555556,80.27777777777777,42.1031746031746,6.071428571428571,16.38888888888889,94.4047619047619,97.81746031746032,14.63298379408961,72.91252485089463,32.57936507936508,15.277777777777779
2020-10-22,90.9920634920635,84.32539682539682,36.23015873015873,7.023809523809524,18.373015873015873,94.0079365079365,97.42063492063492,4.714285714285714,38.282025819265144,32.5,4.761904761904762
2020-10-23,76.38888888888889,75.35714285714286,36.54761904761905,8.214285714285714,20.674603174603174,94.16666666666667,96.94444444444444,2.521408182683159,23.859126984126984,34.56349206349206,4.801587301587301
2020-10-26,39.48412698412698,73.21428571428571,17.817460317460316,3.7698412698412698,8.452380952380953,91.86507936507937,95.91269841269842,8.317490494296578,38.60257680872151,21.865079365079364,1.0
2020-10-27,51.54761904761905,70.27777777777777,24.246031746031747,4.404761904761905,7.579365079365079,92.97619047619048,95.75396825396825,17.426400759734094,83.31683168316832,27.5,4.920634920634921
2020-10-28,16.706349206349206,40.91269841269841,5.753968253968254,1.9444444444444444,4.325396825396825,85.11904761904762,94.48412698412699,8.111954459203035,58.704253214638975,7.738095238095238,4.9603174603174605
2020-10-29,18.452380952380953,41.54761904761905,11.468253968253968,3.134920634920635,5.119047619047619,89.32539682539682,95.1984126984127,5.071090047393365,26.531620553359684,17.57936507936508,15.714285714285714
2020-10-30,19.246031746031747,21.46825396825397,4.484126984126984,2.8174603174603177,5.198412698412699,79.4047619047619,92.89682539682539,14.157196969696969,7.650542941757157,7.738095238095238,15.753968253968255
2020-11-02,13.134920634920634,21.30952380952381,5.436507936507937,3.0555555555555554,4.642857142857143,80.51587301587301,91.78571428571429,2.696310312204352,1.5285996055226825,8.452380952380953,33.92857142857143
2020-11-03,28.849206349206348,26.944444444444443,10.515873015873016,3.5317460317460316,4.642857142857143,87.10317460317461,93.53174603174604,2.977315689981096,1.4285714285714286,18.134920634920636,33.96825396825397
2020-11-04,51.23015873015873,44.801587301587304,53.611111111111114,8.928571428571429,13.61111111111111,93.84920634920636,95.91269841269842,51.510859301227576,11.56496062992126,43.37301587301587,55.87301587301587
2020-11-05,74.16666666666667,67.81746031746032,93.21428571428571,9.404761904761905,21.626984126984127,96.86507936507937,97.10317460317461,77.97169811320755,28.269419862340218,61.86507936507937,77.5
2020-11-06,58.214285714285715,72.18253968253968,92.81746031746032,13.373015873015873,36.785714285714285,96.62698412698413,96.94444444444444,63.10084825636192,74.11591355599214,62.34126984126984,77.46031746031746
2020-11-09,18.055555555555557,70.03968253968254,56.785714285714285,11.30952380952381,19.72222222222222,93.69047619047619,95.67460317460318,1.0,9.960745829244358,39.56349206349206,77.42063492063492
2020-11-10,12.896825396825397,41.94444444444444,30.753968253968253,10.03968253968254,26.944444444444443,91.07142857142857,95.03968253968254,1.0,1.0,29.00793650793651,55.67460317460318
2020-11-11,24.325396825396826,55.11904761904762,73.61111111111111,12.738095238095237,34.32539682539682,94.32539682539682,96.07142857142857,1.268796992481203,2.2037218413320274,41.86507936507937,77.38095238095238
2020-11-12,25.436507936507937,52.182539682539684,62.1031746031746,11.944444444444445,29.08730158730159,92.97619047619048,95.43650793650794,3.8028169014084505,10.420743639921723,37.8968253968254,55.55555555555556
2020-11-13,35.51587301587302,51.07142857142857,81.15079365079364,15.833333333333334,39.88095238095238,94.4047619047619,96.30952380952381,1.547842401500938,1.8084066471163245,44.007936507936506,77.34126984126983
2020-11-16,60.357142857142854,49.08730158730159,88.2936507936508,18.849206349206348,44.56349206349206,95.35714285714286,96.23015873015873,1.0,1.0,48.37301587301587,77.3015873015873
2020-11-17,53.37301587301587,51.388888888888886,81.7063492063492,18.928571428571427,41.07142857142857,94.48412698412699,95.75396825396825,1.0,1.0,45.67460317460318,55.357142857142854
2020-11-18,47.65873015873016,38.05555555555556,64.24603174603175,18.53174603174603,38.53174603174603,92.73809523809524,94.88095238095238,1.0,1.0,38.29365079365079,33.41269841269841
2020-11-19,55.51587301587302,38.53174603174603,77.26190476190476,19.761904761904763,40.833333333333336,93.92857142857143,96.30952380952381,1.6355140186915889,1.0,45.03968253968254,33.41269841269841
2020-11-20,46.86507936507937,31.706349206349206,62.1031746031746,19.642857142857142,36.54761904761905,92.42063492063492,95.83333333333333,1.727357609710551,1.0,37.976190476190474,15.317460317460318
2020-11-23,63.214285714285715,27.57936507936508,57.65873015873016,20.436507936507937,42.65873015873016,92.26190476190476,95.75396825396825,1.0,1.0,37.8968253968254,15.357142857142858
2020-11-24,70.11904761904762,24.08730158730159,84.24603174603175,21.626984126984127,49.72222222222222,94.96031746031746,95.91269841269842,1.0,1.0,52.023809523809526,33.492063492063494
2020-11-25,96.15079365079364,29.166666666666668,86.7063492063492,22.261904761904763,50.03968253968254,95.75396825396825,96.30952380952381,1.0,1.0,57.65873015873016,33.53174603174603
2020-11-27,94.24603174603175,30.436507936507937,92.10317460317461,21.349206349206348,57.023809523809526,96.15079365079364,96.38888888888889,1.0,1.0,65.5952380952381,55.43650793650794
2020-11-30,97.65873015873017,26.150793650793652,87.26190476190476,20.317460317460316,60.91269841269841,96.07142857142857,96.54761904761905,1.9052044609665428,1.0,66.30952380952381,55.476190476190474
2020-12-01,98.61111111111111,26.30952380952381,94.88095238095238,18.928571428571427,59.72222222222222,97.26190476190476,98.61111111111111,4.874651810584958,1.0,77.89682539682539,55.51587301587302
2020-12-02,97.10317460317461,22.103174603174605,92.26190476190476,18.373015873015873,52.976190476190474,97.10317460317461,98.92857142857143,6.63265306122449,1.0,77.97619047619048,77.38095238095238
2020-12-03,85.43650793650794,52.817460317460316,90.27777777777777,19.08730158730159,51.23015873015873,96.94444444444444,98.76984126984127,1.1584800741427248,1.0,78.37301587301587,92.93650793650794
2020-12-04,65.27777777777777,64.4047619047619,92.81746031746032,19.72222222222222,55.595238095238095,97.34126984126983,98.76984126984127,1.0,1.0,81.7063492063492,92.89682539682539
2020-12-07,69.96031746031746,89.32539682539682,94.48412698412699,19.523809523809526,50.357142857142854,97.81746031746032,98.45238095238095,1.0,1.0115606936416186,85.43650793650794,98.73015873015873
2020-12-08,90.67460317460318,82.97619047619048,94.32539682539682,21.984126984126984,51.388888888888886,97.97619047619048,98.92857142857143,3.5582255083179297,1.0,86.94444444444444,99.0
2020-12-09,88.13492063492063,82.73809523809524,54.32539682539682,15.03968253968254,39.166666666666664,95.35714285714286,97.18253968253968,3.9242843951985225,1.0,50.91269841269841,98.61111111111111
2020-12-10,71.23015873015873,86.15079365079364,55.67460317460318,15.476190476190476,39.88095238095238,95.35714285714286,96.62698412698413,2.1678966789667897,1.1047070124879923,54.48412698412698,98.57142857142857
2020-12-11,74.72222222222223,77.34126984126983,47.8968253968254,16.150793650793652,41.07142857142857,94.96031746031746,95.9920634920635,2.0737327188940093,1.4875239923224568,50.357142857142854,92.53968253968254
2020-12-14,72.26190476190476,71.62698412698413,57.023809523809526,14.722222222222221,35.357142857142854,95.51587301587301,96.15079365079364,3.9134438305709023,1.2943432406519655,59.801587301587304,92.5
2020-12-15,76.78571428571429,86.15079365079364,74.64285714285714,17.658730158730158,45.11904761904762,96.46825396825396,96.15079365079364,7.129714811407544,1.7720306513409962,71.23015873015873,92.46031746031746
2020-12-16,84.64285714285714,89.88095238095238,81.62698412698413,18.134920634920636,45.43650793650794,96.62698412698413,96.78571428571429,15.303308823529411,2.248803827751196,76.54761904761905,92.42063492063492
2020-12-17,92.10317460317461,93.13492063492063,86.54761904761905,20.27777777777778,48.76984126984127,97.26190476190476,97.65873015873017,15.656565656565656,2.5334608030592736,82.02380952380952,92.38095238095238
2020-12-18,87.57936507936508,92.57936507936508,78.84920634920636,20.634920634920636,55.357142857142854,96.86507936507937,96.38888888888889,8.669724770642201,1.1938872970391594,80.51587301587301,76.46825396825396
2020-12-21,89.72222222222223,88.61111111111111,63.76984126984127,17.46031746031746,34.801587301587304,96.15079365079364,95.67460317460318,23.14390467461045,1.383587786259542,72.73809523809524,54.6031746031746
2020-12-22,90.5952380952381,94.24603174603175,61.388888888888886,18.055555555555557,42.817460317460316,96.15079365079364,95.67460317460318,66.07142857142857,1.7635843660629171,74.8015873015873,54.6031746031746
2020-12-23,75.27777777777777,92.65873015873017,46.62698412698413,19.88095238095238,43.45238095238095,95.11904761904762,95.03968253968254,68.75571820677035,1.2857142857142858,64.0079365079365,54.642857142857146
2020-12-24,73.69047619047619,88.92857142857143,50.992063492063494,23.373015873015873,59.88095238095238,95.27777777777777,94.72222222222223,50.50274223034735,1.2844909609895339,69.96031746031746,54.642857142857146
2020-12-28,75.11904761904762,87.57936507936508,67.02380952380952,23.49206349206349,52.976190476190474,96.30952380952381,95.67460317460318,61.141552511415526,2.2338403041825097,81.38888888888889,76.46825396825396
2020-12-29,74.56349206349206,88.2936507936508,62.65873015873016,21.071428571428573,47.023809523809526,96.07142857142857,96.38888888888889,47.12591240875913,2.3266856600189936,81.38888888888889,76.42857142857143
2020-12-30,56.70634920634921,86.46825396825396,60.03968253968254,22.61904761904762,40.833333333333336,95.43650793650794,95.91269841269842,21.649954421148585,1.4705882352941178,81.54761904761905,76.38888888888889
2020-12-31,60.91269841269841,83.84920634920636,63.214285714285715,20.833333333333332,38.92857142857143,95.75396825396825,94.72222222222223,20.628415300546447,1.0,84.96031746031746,76.34920634920636
2021-01-04,44.642857142857146,86.7063492063492,33.611111111111114,13.492063492063492,20.436507936507937,92.81746031746032,94.0079365079365,41.901728844404005,2.6041666666666665,46.62698412698413,54.36507936507937
2021-01-05,47.57936507936508,83.37301587301587,45.27777777777778,17.42063492063492,28.849206349206348,93.84920634920636,94.24603174603175,67.31818181818181,2.601702932828761,61.70634920634921,76.30952380952381
2021-01-06,29.8015873015873,85.27777777777777,25.03968253968254,15.476190476190476,26.626984126984127,90.27777777777777,92.42063492063492,8.49227974568574,1.0,32.182539682539684,76.26984126984127
2021-01-07,49.642857142857146,86.30952380952381,64.72222222222223,20.91269841269841,41.388888888888886,94.56349206349206,94.64285714285714,14.11070780399274,1.841359773371105,65.83333333333333,76.23015873015873
2021-01-08,85.67460317460318,88.45238095238095,85.35714285714286,18.373015873015873,51.70634920634921,96.15079365079364,94.88095238095238,39.84587488667271,2.8773584905660377,77.89682539682539,92.34126984126983
2021-01-11,67.18253968253968,77.57936507936508,48.611111111111114,16.547619047619047,38.29365079365079,93.37301587301587,93.21428571428571,24.682971014492754,1.17813383600377,50.51587301587302,76.11111111111111
2021-01-12,68.61111111111111,56.388888888888886,43.214285714285715,17.896825396825395,42.5,92.57936507936508,91.94444444444444,6.108597285067873,1.0,48.53174603174603,53.92857142857143
2021-01-13,67.5,60.595238095238095,51.62698412698413,20.27777777777778,50.198412698412696,93.53174603174604,92.89682539682539,8.905967450271248,1.0,56.86507936507937,53.888888888888886
2021-01-14,49.24603174603175,62.1031746031746,38.611111111111114,17.261904761904763,45.357142857142854,91.23015873015873,92.10317460317461,5.736224028906956,1.0,45.51587301587302,32.26190476190476
2021-01-15,36.30952380952381,62.023809523809526,27.261904761904763,15.674603174603174,41.388888888888886,89.32539682539682,91.15079365079364,3.835740072202166,1.0,33.69047619047619,14.563492063492063
2021-01-19,44.642857142857146,75.43650793650794,49.48412698412698,18.928571428571427,49.48412698412698,92.02380952380952,91.7063492063492,5.63570784490532,1.0,53.37301587301587,32.22222222222222
2021-01-20,71.15079365079364,89.48412698412699,90.11904761904762,21.944444444444443,65.75396825396825,95.75396825396825,94.4047619047619,24.72972972972973,1.9212746016869728,76.30952380952381,32.182539682539684
2021-01-21,82.97619047619048,90.35714285714286,94.08730158730158,20.99206349206349,70.75396825396825,96.78571428571429,94.96031746031746,20.387038703870388,3.136704119850187,82.73809523809524,53.84920634920635
2021-01-22,79.24603174603175,89.88095238095238,89.96031746031746,17.976190476190474,63.13492063492063,95.67460317460318,94.24603174603175,17.491007194244606,2.853133769878391,77.97619047619048,32.182539682539684
2021-01-25,89.4047619047619,91.78571428571429,94.08730158730158,16.626984126984127,52.976190476190474,96.86507936507937,96.38888888888889,48.742138364779876,4.158878504672897,84.08730158730158,32.22222222222222
2021-01-26,86.23015873015873,91.23015873015873,92.5,15.436507936507937,55.51587301587302,96.23015873015873,98.61111111111111,54.80251346499102,4.5284780578898225,84.56349206349206,53.92857142857143
2021-01-27,45.91269841269841,88.53174603174604,38.611111111111114,3.373015873015873,5.833333333333333,89.96031746031746,93.13492063492063,27.309417040358746,4.057835820895522,36.785714285714285,53.888888888888886
2021-01-28,52.817460317460316,88.45238095238095,48.29365079365079,6.785714285714286,19.96031746031746,91.30952380952381,94.08730158730158,19.22043010752688,3.401677539608574,44.404761904761905,53.888888888888886
2021-01-29,31.785714285714285,92.34126984126983,19.00793650793651,4.246031746031746,14.484126984126984,86.78571428571429,91.07142857142857,27.618621307072516,3.7709497206703912,22.42063492063492,53.888888888888886
2021-02-01,53.214285714285715,93.2936507936508,51.94444444444444,7.896825396825397,28.055555555555557,91.23015873015873,95.83333333333333,44.856887298747765,4.046511627906977,43.29365079365079,76.11111111111111
2021-02-02,85.75396825396825,95.9920634920635,79.72222222222223,14.96031746031746,49.24603174603175,93.92857142857143,96.15079365079364,45.53172475424486,4.693308550185874,58.69047619047619,76.07142857142857
2021-02-03,74.0079365079365,95.5952380952381,65.75396825396825,16.50793650793651,69.8015873015873,93.05555555555556,92.10317460317461,44.24107142857143,5.896007428040854,52.42063492063492,53.84920634920635
2021-02-04,92.73809523809524,95.1984126984127,83.21428571428571,21.38888888888889,80.03968253968254,94.48412698412699,93.53174603174604,94.33541480820696,6.447124304267161,64.0079365079365,53.80952380952381
2021-02-05,79.08730158730158,91.07142857142857,84.32539682539682,24.96031746031746,91.62698412698413,94.72222222222223,92.57936507936508,85.96256684491979,3.753475440222428,66.62698412698413,76.03174603174604
2021-02-08,71.78571428571429,87.10317460317461,90.51587301587301,23.53174603174603,87.42063492063492,95.75396825396825,94.4047619047619,51.959038290293854,2.638888888888889,71.78571428571429,75.9920634920635
2021-02-09,85.9920634920635,86.46825396825396,85.75396825396825,23.015873015873016,86.94444444444444,94.8015873015873,92.10317460317461,76.02313167259787,2.358926919518964,70.83333333333333,53.611111111111114
2021-02-10,84.8015873015873,90.75396825396825,74.8015873015873,20.317460317460316,85.67460317460318,94.0079365079365,91.54761904761905,89.02222222222223,5.683918669131239,67.18253968253968,53.57142857142857
2021-02-11,84.4047619047619,94.16666666666667,81.7063492063492,21.150793650793652,94.08730158730158,94.56349206349206,90.91269841269842,73.66785079928952,7.433056325023084,72.65873015873017,53.53174603174603
2021-02-12,91.30952380952381,92.10317460317461,85.1984126984127,23.214285714285715,99.0,95.51587301587301,92.26190476190476,91.61490683229813,5.488929889298893,77.57936507936508,75.95238095238095
2021-02-16,93.13492063492063,92.42063492063492,72.42063492063492,17.42063492063492,94.44444444444444,94.08730158730158,91.07142857142857,86.74645390070921,4.56221198156682,72.97619047619048,53.41269841269841
2021-02-17,80.51587301587301,89.24603174603175,54.166666666666664,18.055555555555557,93.69047619047619,92.73809523809524,90.35714285714286,79.93799822852081,5.847145488029466,62.182539682539684,31.547619047619047
2021-02-18,49.48412698412698,87.02380952380952,42.976190476190474,19.563492063492063,82.34126984126983,91.30952380952381,89.48412698412699,53.67256637168141,7.773689052437902,52.34126984126984,31.50793650793651
2021-02-19,36.86507936507937,86.54761904761905,34.801587301587304,19.08730158730159,78.45238095238095,89.08730158730158,89.88095238095238,11.538461538461538,6.387867647058823,43.29365079365079,14.007936507936508
2021-02-22,19.8015873015873,81.23015873015873,11.547619047619047,11.785714285714286,61.94444444444444,84.48412698412699,89.16666666666667,3.489399293286219,4.912764003673095,13.531746031746032,4.166666666666667
2021-02-23,15.595238095238095,76.15079365079364,11.071428571428571,12.658730158730158,56.54761904761905,83.76984126984127,94.16666666666667,2.6037069726390114,4.908256880733945,11.944444444444445,1.0
2021-02-24,17.976190476190474,83.13492063492063,15.436507936507937,17.103174603174605,72.73809523809524,84.96031746031746,98.53174603174604,1.5432098765432098,4.5371219065077915,19.404761904761905,4.285714285714286
2021-02-25,15.436507936507937,60.91269841269841,4.007936507936508,5.357142857142857,18.928571428571427,70.67460317460318,93.05555555555556,1.7180616740088106,5.631868131868132,2.8968253968253967,4.325396825396825
2021-02-26,15.119047619047619,55.51587301587302,5.515873015873016,8.134920634920634,21.706349206349206,74.08730158730158,99.0,1.892605633802817,7.27355901189387,5.277777777777778,4.365079365079365
2021-03-01,51.62698412698413,70.67460317460318,15.03968253968254,17.3015873015873,47.023809523809526,83.53174603174604,99.0,2.594547053649956,6.261425959780621,23.134920634920636,4.404761904761905
2021-03-02,17.896825396825395,53.13492063492063,8.61111111111111,13.76984126984127,41.785714285714285,78.53174603174604,95.43650793650794,1.625659050966608,5.251141552511416,13.76984126984127,4.444444444444445
2021-03-03,5.912698412698413,34.166666666666664,2.738095238095238,8.293650793650794,28.452380952380953,55.11904761904762,96.07142857142857,1.0,2.9653284671532845,4.642857142857143,4.484126984126984
2021-03-04,3.9285714285714284,18.61111111111111,1.626984126984127,7.261904761904762,20.11904761904762,35.67460317460318,88.13492063492063,1.5350877192982457,2.871467639015497,2.0238095238095237,4.523809523809524
2021-03-05,4.642857142857143,25.27777777777778,3.8492063492063493,11.071428571428571,43.45238095238095,50.992063492063494,94.32539682539682,1.0078878177037687,2.5956284153005464,6.5476190476190474,14.761904761904763
2021-03-08,2.1031746031746033,14.325396825396826,1.1507936507936507,8.571428571428571,35.595238095238095,26.706349206349206,91.94444444444444,1.0,1.3193812556869882,1.9444444444444444,14.801587301587302
2021-03-09,4.801587301587301,27.341269841269842,7.976190476190476,10.992063492063492,44.72222222222222,58.45238095238095,99.0,1.8810148731408574,4.954545454545454,15.357142857142858,32.38095238095238
2021-03-10,4.484126984126984,22.5,8.134920634920634,11.865079365079366,59.72222222222222,53.611111111111114,98.84920634920636,1.7919580419580419,4.3142597638510445,13.928571428571429,14.841269841269842
2021-03-11,9.96031746031746,33.53174603174603,21.547619047619047,14.484126984126984,64.32539682539682,72.42063492063492,99.0,2.4017467248908297,4.673321234119782,24.642857142857142,32.38095238095238
2021-03-12,6.309523809523809,42.023809523809526,16.626984126984127,14.325396825396826,83.61111111111111,63.76984126984127,99.0,1.4397905759162304,4.669084315503174,20.91269841269841,14.841269841269842
2021-03-15,7.658730158730159,46.785714285714285,30.753968253968253,17.896825396825395,83.05555555555556,71.62698412698413,99.0,1.3513513513513513,4.483695652173913,26.785714285714285,14.880952380952381
2021-03-16,9.801587301587302,51.54761904761905,42.34126984126984,16.30952380952381,84.88095238095238,74.72222222222223,99.0,2.656794425087108,5.113122171945701,29.72222222222222,32.5
2021-03-17,11.944444444444445,49.48412698412698,53.37301587301587,19.88095238095238,82.81746031746032,76.23015873015873,99.0,2.2193211488250655,4.3851717902350815,31.785714285714285,53.92857142857143
2021-03-18,5.595238095238095,23.928571428571427,15.753968253968255,13.373015873015873,55.198412698412696,46.62698412698413,99.0,1.5217391304347827,3.839205058717254,15.277777777777779,53.888888888888886
2021-03-19,7.738095238095238,24.166666666666668,23.373015873015873,15.357142857142858,65.11904761904762,51.23015873015873,99.0,2.3023457862728063,2.4819494584837547,17.817460317460316,53.84920634920635
2021-03-22,21.38888888888889,30.03968253968254,49.08730158730159,24.206349206349206,73.69047619047619,65.91269841269842,99.0,7.942708333333333,5.004508566275924,27.341269841269842,76.03174603174604
2021-03-23,19.484126984126984,27.182539682539684,40.75396825396825,20.595238095238095,55.91269841269841,59.96031746031746,99.0,17.909800520381612,7.162162162162162,24.08730158730159,53.84920634920635
2021-03-24,11.706349206349206,20.11904761904762,21.150793650793652,17.738095238095237,48.611111111111114,40.595238095238095,99.0,18.847487001733104,5.265526552655266,16.46825396825397,53.84920634920635
2021-03-25,24.484126984126984,18.69047619047619,20.357142857142858,21.30952380952381,59.08730158730159,38.45238095238095,99.0,10.779220779220779,2.922661870503597,15.753968253968255,32.42063492063492
2021-03-26,31.785714285714285,29.96031746031746,39.007936507936506,26.865079365079364,60.43650793650794,54.007936507936506,99.0,7.309688581314879,3.728661275831087,24.166666666666668,53.92857142857143
2021-03-29,15.833333333333334,25.99206349206349,39.404761904761905,23.61111111111111,39.56349206349206,50.833333333333336,99.0,10.155574762316336,4.712746858168761,23.69047619047619,32.46031746031746
2021-03-30,20.436507936507937,18.214285714285715,32.182539682539684,25.1984126984127,45.595238095238095,43.84920634920635,99.0,8.678756476683938,1.9282511210762332,20.595238095238095,14.920634920634921
2021-03-31,57.976190476190474,25.674603174603174,55.43650793650794,28.055555555555557,46.23015873015873,58.214285714285715,99.0,28.688524590163933,2.46415770609319,30.99206349206349,14.96031746031746
2021-04-01,91.15079365079364,35.75396825396825,86.38888888888889,30.753968253968253,72.10317460317461,72.34126984126983,99.0,27.198275862068964,4.162936436884512,45.51587301587302,32.65873015873016
2021-04-05,92.65873015873017,46.70634920634921,96.86507936507937,29.642857142857142,55.11904761904762,80.91269841269842,99.0,64.4702842377261,6.037567084078712,62.976190476190474,32.698412698412696
2021-04-06,97.02380952380952,56.46825396825397,95.35714285714286,29.761904761904763,54.32539682539682,80.35714285714286,99.0,93.24440619621342,5.227882037533512,61.15079365079365,15.0
2021-04-07,88.37301587301587,52.023809523809526,94.8015873015873,30.476190476190474,69.48412698412699,80.5952380952381,98.92857142857143,72.26999140154773,6.741071428571429,63.611111111111114,32.73809523809524
2021-04-08,93.92857142857143,68.53174603174604,96.78571428571429,30.317460317460316,74.24603174603175,82.5,99.0,92.39690721649484,11.373773416592329,71.46825396825396,54.166666666666664
2021-04-09,85.91269841269842,56.54761904761905,97.34126984126983,31.03174603174603,83.61111111111111,83.84920634920636,98.76984126984127,88.96995708154506,10.294117647058824,75.91269841269842,76.15079365079364
2021-04-12,90.51587301587301,46.07142857142857,96.38888888888889,32.06349206349206,80.03968253968254,82.97619047619048,98.69047619047619,94.2967409948542,9.038290293855743,73.53174603174604,54.04761904761905
2021-04-13,90.5952380952381,64.64285714285714,97.81746031746032,32.976190476190474,85.11904761904762,85.27777777777777,98.69047619047619,96.27249357326478,12.322064056939501,81.86507936507937,76.11111111111111
2021-04-14,77.02380952380952,56.94444444444444,93.05555555555556,31.865079365079364,82.73809523809524,81.54761904761905,97.89682539682539,85.91609589041096,14.71111111111111,62.73809523809524,76.07142857142857
2021-04-15,86.94444444444444,62.73809523809524,97.26190476190476,34.44444444444444,86.86507936507937,85.1984126984127,98.21428571428571,93.54148845166809,12.122557726465365,75.43650793650794,76.03174603174604
2021-04-16,96.54761904761905,67.73809523809524,96.62698412698413,37.857142857142854,90.03968253968254,85.03968253968254,97.81746031746032,95.76923076923077,18.322981366459626,76.30952380952381,75.9920634920635
2021-04-19,94.32539682539682,66.30952380952381,89.4047619047619,31.785714285714285,81.7063492063492,81.94444444444444,97.5,96.11443210930828,17.863475177304963,62.1031746031746,53.69047619047619
2021-04-20,81.54761904761905,50.91269841269841,72.73809523809524,29.00793650793651,66.94444444444444,79.96031746031746,97.65873015873017,86.30546075085324,13.861824623560674,50.67460317460318,53.65079365079365
2021-04-21,91.15079365079364,42.42063492063492,83.53174603174604,31.904761904761905,78.45238095238095,81.62698412698413,98.45238095238095,46.248934356351235,9.336283185840708,60.27777777777778,53.611111111111114
2021-04-22,92.97619047619048,29.72222222222222,50.595238095238095,29.72222222222222,69.24603174603175,77.65873015873017,97.65873015873017,50.63884156729131,7.559681697612732,40.11904761904762,31.984126984126984
2021-04-23,95.83333333333333,39.642857142857146,68.13492063492063,32.976190476190474,84.32539682539682,81.15079365079364,97.89682539682539,77.40425531914893,7.287985865724382,54.88095238095238,31.984126984126984
2021-04-26,94.16666666666667,37.73809523809524,73.21428571428571,32.26190476190476,76.15079365079364,82.73809523809524,97.57936507936508,86.09693877551021,6.398940864960283,61.388888888888886,53.57142857142857
2021-04-27,93.37301587301587,34.007936507936506,55.198412698412696,32.182539682539684,73.76984126984127,80.75396825396825,97.18253968253968,64.61342395921835,5.511463844797178,53.37301587301587,31.904761904761905
2021-04-28,93.53174603174604,49.56349206349206,40.992063492063494,33.01587301587302,76.62698412698413,79.24603174603175,97.57936507936508,80.43293718166383,5.770925110132159,45.833333333333336,31.865079365079364
2021-04-29,89.08730158730158,48.29365079365079,43.76984126984127,32.817460317460316,72.18253968253968,80.11904761904762,96.54761904761905,62.04410517387617,5.85387323943662,51.94444444444444,31.825396825396826
2021-04-30,65.43650793650794,57.73809523809524,28.849206349206348,31.746031746031747,62.023809523809526,76.86507936507937,96.23015873015873,61.313559322033896,6.552330694810906,37.976190476190474,14.365079365079366
2021-05-03,40.43650793650794,38.29365079365079,22.738095238095237,31.03174603174603,62.8968253968254,74.4047619047619,97.26190476190476,26.968670618120235,4.525483304042179,32.8968253968254,14.325396825396826
2021-05-04,24.96031746031746,18.69047619047619,10.753968253968255,26.944444444444443,53.69047619047619,57.34126984126984,95.9920634920635,20.17766497461929,3.028972783143108,16.23015873015873,14.285714285714286
2021-05-05,22.182539682539684,19.166666666666668,9.96031746031746,27.103174603174605,53.05555555555556,53.611111111111114,95.5952380952381,10.524091293322062,3.1140350877192984,13.76984126984127,4.246031746031746
2021-05-06,21.071428571428573,17.738095238095237,13.531746031746032,28.373015873015873,64.24603174603175,59.801587301587304,95.75396825396825,10.684121621621621,4.075372480280456,21.071428571428573,14.246031746031745
2021-05-07,21.785714285714285,19.8015873015873,18.452380952380953,32.5,84.56349206349206,65.67460317460318,95.11904761904762,6.540084388185654,3.2837127845884413,28.53174603174603,14.206349206349206
2021-05-10,12.738095238095237,11.23015873015873,7.420634920634921,25.11904761904762,46.07142857142857,37.182539682539684,89.56349206349206,4.679595278246206,3.1933508311461067,9.007936507936508,4.087301587301587
2021-05-11,9.801587301587302,11.23015873015873,7.817460317460317,20.595238095238095,36.94444444444444,35.833333333333336,87.42063492063492,4.591406908171862,3.88986013986014,8.76984126984127,4.126984126984127
2021-05-12,6.388888888888889,7.658730158730159,2.9761904761904763,11.34920634920635,13.69047619047619,19.563492063492063,86.23015873015873,6.3552188552188555,5.720524017467249,2.1825396825396823,4.166666666666667
2021-05-13,5.0396825396825395,7.896825396825397,5.357142857142857,17.57936507936508,31.706349206349206,22.817460317460316,90.35714285714286,4.835996635828427,4.842931937172775,4.563492063492063,4.2063492063492065
2021-05-14,9.722222222222221,10.595238095238095,11.944444444444445,28.452380952380953,60.833333333333336,35.91269841269841,91.94444444444444,5.168067226890757,5.187445510026155,17.182539682539684,14.325396825396826
2021-05-17,10.833333333333334,10.119047619047619,10.515873015873016,27.57936507936508,57.023809523809526,29.563492063492063,90.1984126984127,4.659949622166247,5.270034843205575,13.373015873015873,14.325396825396826
2021-05-18,10.753968253968255,10.03968253968254,9.166666666666666,26.150793650793652,44.88095238095238,24.563492063492063,85.51587301587301,4.739932885906041,4.917319408181027,9.880952380952381,14.325396825396826
2021-05-19,8.69047619047619,10.833333333333334,10.357142857142858,25.03968253968254,46.388888888888886,24.88095238095238,85.75396825396825,7.753562447611064,5.521739130434782,10.753968253968255,31.825396825396826
2021-05-20,17.182539682539684,15.357142857142858,22.182539682539684,30.1984126984127,49.72222222222222,39.72222222222222,85.67460317460318,14.279731993299832,9.165942658557777,25.11904761904762,31.825396825396826
2021-05-21,11.468253968253968,23.69047619047619,18.452380952380953,30.03968253968254,54.48412698412698,32.34126984126984,86.38888888888889,11.087866108786612,10.546875,20.833333333333332,14.365079365079366
2021-05-24,13.928571428571429,34.32539682539682,41.70634920634921,33.37301587301587,71.54761904761905,49.88095238095238,89.32539682539682,16.262541806020067,12.272333044232438,34.801587301587304,31.825396825396826
2021-05-25,16.23015873015873,30.753968253968253,45.67460317460318,31.904761904761905,64.08730158730158,50.198412698412696,90.11904761904762,22.013366750208856,15.98786828422877,35.75396825396825,53.53174603174603
2021-05-26,18.53174603174603,55.27777777777778,53.45238095238095,34.642857142857146,78.45238095238095,52.73809523809524,89.64285714285714,20.242070116861434,15.281385281385282,38.76984126984127,75.95238095238095
2021-05-27,15.674603174603174,48.37301587301587,49.72222222222222,35.23809523809524,73.69047619047619,47.26190476190476,89.4047619047619,14.220183486238533,12.326989619377162,34.88095238095238,53.45238095238095
2021-05-28,19.96031746031746,32.8968253968254,54.48412698412698,37.77777777777778,76.86507936507937,48.37301587301587,86.30952380952381,13.375,11.797752808988765,37.1031746031746,53.492063492063494
2021-06-01,21.38888888888889,41.94444444444444,51.70634920634921,33.69047619047619,65.67460317460318,44.88095238095238,85.03968253968254,12.28143213988343,11.614853195164075,34.007936507936506,53.53174603174603
2021-06-02,35.27777777777778,61.30952380952381,53.53174603174603,35.87301587301587,77.81746031746032,45.67460317460318,84.72222222222223,21.42262895174709,15.48748921484038,35.992063492063494,76.03174603174604
2021-06-03,29.08730158730159,66.23015873015873,33.92857142857143,32.26190476190476,72.10317460317461,32.5,83.21428571428571,20.32418952618454,13.405172413793103,22.738095238095237,53.57142857142857
2021-06-04,37.26190476190476,67.02380952380952,67.18253968253968,38.611111111111114,87.89682539682539,51.54761904761905,85.83333333333333,23.29734219269103,22.093023255813954,43.76984126984127,53.611111111111114
2021-06-07,32.42063492063492,83.92857142857143,72.10317460317461,38.17460317460318,86.38888888888889,53.13492063492063,84.08730158730158,32.572614107883815,43.58864027538726,46.54761904761905,76.11111111111111
2021-06-08,59.56349206349206,61.70634920634921,68.76984126984127,37.57936507936508,76.23015873015873,52.817460317460316,83.05555555555556,55.59701492537314,20.421324161650904,47.5,76.11111111111111
2021-06-09,60.27777777777778,64.48412698412699,66.07142857142857,35.992063492063494,64.08730158730158,51.86507936507937,82.65873015873017,54.63960231980116,29.68213058419244,47.817460317460316,76.11111111111111
2021-06-10,92.02380952380952,56.23015873015873,80.83333333333333,43.333333333333336,84.88095238095238,60.595238095238095,82.26190476190476,61.961920529801326,28.454935622317596,64.08730158730158,76.07142857142857
2021-06-11,89.4047619047619,63.611111111111114,79.48412698412699,47.22222222222222,87.65873015873017,62.65873015873016,90.75396825396825,64.55748552522746,38.37907375643225,67.5,92.3015873015873
2021-06-14,80.5952380952381,61.785714285714285,89.48412698412699,42.8968253968254,78.92857142857143,69.64285714285714,91.07142857142857,85.41322314049587,65.50985432733505,77.89682539682539,92.26190476190476
2021-06-15,79.56349206349206,53.45238095238095,73.21428571428571,39.32539682539682,74.08730158730158,63.05555555555556,86.54761904761905,83.85631709331132,33.69006849315068,62.65873015873016,92.22222222222223
2021-06-16,83.21428571428571,48.76984126984127,60.11904761904762,38.095238095238095,55.67460317460318,58.92857142857143,83.92857142857143,86.34488448844884,40.59024807527801,55.03968253968254,75.7936507936508
2021-06-17,90.35714285714286,79.4047619047619,80.1984126984127,41.86507936507937,59.72222222222222,69.88095238095238,84.56349206349206,95.25968672712284,85.25641025641026,71.78571428571429,92.18253968253968
2021-06-18,66.30952380952381,70.43650793650794,58.76984126984127,34.404761904761905,36.23015873015873,62.023809523809526,83.37301587301587,93.45140032948929,87.91631084543125,54.56349206349206,75.67460317460318
2021-06-21,79.48412698412699,61.785714285714285,65.83333333333333,40.27777777777778,59.32539682539682,66.78571428571429,84.0079365079365,93.53909465020575,56.86860068259386,63.76984126984127,75.63492063492063
2021-06-22,71.62698412698413,73.21428571428571,81.23015873015873,43.45238095238095,69.56349206349206,74.32539682539682,83.76984126984127,92.63980263157895,45.14066496163683,73.92857142857143,75.5952380952381
2021-06-23,70.67460317460318,82.5,75.91269841269842,44.08730158730159,70.35714285714286,73.69047619047619,82.81746031746032,91.08463434675431,60.689948892674614,74.4047619047619,75.55555555555556
2021-06-24,74.16666666666667,84.32539682539682,84.8015873015873,45.27777777777778,70.11904761904762,75.91269841269842,86.86507936507937,91.91297208538587,80.80851063829788,81.62698412698413,75.51587301587301
2021-06-25,76.38888888888889,78.21428571428571,75.91269841269842,46.666666666666664,74.56349206349206,74.72222222222223,84.48412698412699,92.90401968826907,78.78401360544218,78.69047619047619,52.73809523809524
2021-06-28,85.11904761904762,83.53174603174604,91.30952380952381,45.317460317460316,70.1984126984127,79.56349206349206,92.5,96.10655737704919,82.03058623619371,89.16666666666667,52.698412698412696
2021-06-29,88.92857142857143,85.75396825396825,91.30952380952381,42.57936507936508,74.56349206349206,80.03968253968254,91.15079365079364,97.0925470925471,87.81833616298812,91.30952380952381,75.47619047619048
2021-06-30,87.10317460317461,80.83333333333333,86.38888888888889,42.5,80.5952380952381,79.16666666666667,85.9920634920635,96.35842880523731,82.06106870229007,89.0079365079365,75.43650793650794
2021-07-01,93.13492063492063,70.1984126984127,80.83333333333333,42.817460317460316,88.13492063492063,79.0079365079365,84.0079365079365,96.68847097301717,76.39830508474576,89.4047619047619,75.39682539682539
2021-07-02,90.03968253968254,63.45238095238095,91.54761904761905,46.94444444444444,93.76984126984127,82.02380952380952,84.64285714285714,96.85457516339869,75.06350550381033,94.88095238095238,92.14285714285714
2021-07-06,90.83333333333333,67.81746031746032,92.10317460317461,39.20634920634921,80.35714285714286,82.97619047619048,81.7063492063492,97.51020408163265,88.19796954314721,95.83333333333333,92.10317460317461
2021-07-07,91.38888888888889,66.7063492063492,90.43650793650794,39.007936507936506,89.0079365079365,82.97619047619048,83.13492063492063,97.51223491027733,85.41842772612003,96.23015873015873,92.06349206349206
2021-07-08,87.89682539682539,55.43650793650794,74.64285714285714,31.30952380952381,50.43650793650794,80.43650793650794,80.75396825396825,97.43276283618582,82.89695945945945,88.13492063492063,75.1984126984127
2021-07-09,85.1984126984127,55.91269841269841,83.2936507936508,38.84920634920635,89.88095238095238,82.42063492063492,80.51587301587301,96.62052117263843,68.73417721518987,92.57936507936508,75.1984126984127
2021-07-12,85.83333333333333,58.69047619047619,84.08730158730158,45.15873015873016,90.5952380952381,83.05555555555556,79.96031746031746,96.8673718470301,74.91568296795953,94.32539682539682,92.06349206349206
2021-07-13,77.81746031746032,50.11904761904762,79.0079365079365,40.03968253968254,80.9920634920635,82.34126984126983,82.34126984126983,97.03252032520325,79.23336141533277,94.0079365079365,75.23809523809524
2021-07-14,85.03968253968254,60.27777777777778,75.11904761904762,43.84920634920635,89.56349206349206,82.5,81.38888888888889,97.44110479285133,88.84680134680134,94.64285714285714,75.27777777777777
2021-07-15,82.34126984126983,44.48412698412698,54.32539682539682,43.05555555555556,82.42063492063492,79.16666666666667,80.5952380952381,97.11850649350649,85.9125315391085,79.4047619047619,75.31746031746032
2021-07-16,60.75396825396825,39.88095238095238,36.62698412698413,39.32539682539682,65.91269841269842,75.67460317460318,80.51587301587301,95.09326845093268,86.59663865546219,56.23015873015873,52.5
2021-07-19,59.801587301587304,39.96031746031746,22.817460317460316,31.626984126984127,35.357142857142854,68.84920634920636,78.84920634920636,95.42139384116693,89.54659949622166,32.023809523809526,30.952380952380953
2021-07-20,65.9920634920635,51.94444444444444,35.67460317460318,37.182539682539684,57.1031746031746,75.9920634920635,75.43650793650794,95.10121457489879,85.52852348993288,55.51587301587302,30.99206349206349
2021-07-21,64.24603174603175,50.992063492063494,46.07142857142857,42.22222222222222,75.67460317460318,78.69047619047619,79.16666666666667,92.51618122977347,86.88181056160938,67.73809523809524,31.03174603174603
2021-07-22,71.23015873015873,65.1984126984127,54.88095238095238,45.198412698412696,81.54761904761905,80.27777777777777,79.72222222222223,94.70493128536782,92.50418760469012,76.23015873015873,52.73809523809524
2021-07-23,77.02380952380952,63.84920634920635,74.16666666666667,49.285714285714285,88.76984126984127,83.84920634920636,85.03968253968254,95.27463651050081,93.01255230125523,87.02380952380952,52.73809523809524
2021-07-26,79.24603174603175,59.48412698412698,71.38888888888889,42.34126984126984,82.02380952380952,83.76984126984127,87.73809523809524,96.48910411622276,92.7675585284281,87.81746031746032,52.698412698412696
2021-07-27,53.29365079365079,55.595238095238095,43.214285714285715,33.29365079365079,62.65873015873016,79.16666666666667,82.10317460317461,93.0241935483871,92.10526315789474,62.8968253968254,52.65873015873016
2021-07-28,53.84920634920635,60.75396825396825,48.92857142857143,39.88095238095238,75.5952380952381,80.03968253968254,84.56349206349206,91.41821112006447,91.9449081803005,67.89682539682539,52.65873015873016
2021-07-29,57.976190476190474,58.69047619047619,49.801587301587304,41.46825396825397,82.10317460317461,80.43650793650794,83.13492063492063,89.00966183574879,90.2835696413678,70.43650793650794,75.43650793650794
2021-07-30,51.15079365079365,60.03968253968254,36.388888888888886,40.79365079365079,74.16666666666667,77.81746031746032,81.38888888888889,87.16814159292035,87.04166666666667,55.595238095238095,75.43650793650794
2021-08-02,40.833333333333336,64.32539682539682,35.198412698412696,38.17460317460318,60.833333333333336,77.34126984126983,78.84920634920636,70.53858520900322,90.54954204829309,55.992063492063494,92.18253968253968
2021-08-03,43.214285714285715,80.91269841269842,45.357142857142854,41.74603174603175,79.4047619047619,79.48412698412699,77.42063492063492,40.602409638554214,92.80366056572379,67.34126984126983,92.14285714285714
2021-08-04,43.214285714285715,82.73809523809524,46.46825396825397,41.15079365079365,81.38888888888889,79.56349206349206,77.10317460317461,55.09630818619583,93.89027431421447,69.0079365079365,92.10317460317461
2021-08-05,54.96031746031746,82.10317460317461,57.65873015873016,43.76984126984127,84.8015873015873,81.30952380952381,77.81746031746032,45.348837209302324,93.14784053156146,79.16666666666667,92.10317460317461
2021-08-06,43.69047619047619,75.5952380952381,44.88095238095238,46.98412698412698,96.46825396825396,79.0079365079365,74.16666666666667,49.9599358974359,93.48547717842324,65.5952380952381,75.35714285714286
2021-08-09,42.26190476190476,86.15079365079364,46.46825396825397,46.46825396825397,92.10317460317461,79.08730158730158,76.94444444444444,54.32345876701361,94.07131011608624,68.21428571428571,75.39682539682539
2021-08-10,36.70634920634921,84.56349206349206,35.51587301587302,42.8968253968254,90.43650793650794,76.54761904761905,76.54761904761905,23.24,93.49627174813587,51.785714285714285,75.43650793650794
2021-08-11,33.611111111111114,90.9920634920635,32.34126984126984,42.42063492063492,95.83333333333333,74.72222222222223,80.03968253968254,11.870503597122303,92.1771523178808,45.833333333333336,52.65873015873016
2021-08-12,44.642857142857146,89.48412698412699,37.73809523809524,48.611111111111114,97.26190476190476,76.30952380952381,75.67460317460318,18.490415335463258,93.5070306038048,55.75396825396825,52.698412698412696
2021-08-13,55.11904761904762,85.51587301587301,40.67460317460318,52.53968253968254,98.37301587301587,76.86507936507937,75.83333333333333,22.386272944932163,93.92561983471074,62.976190476190474,75.51587301587301
2021-08-16,65.83333333333333,87.02380952380952,37.42063492063492,50.51587301587302,94.16666666666667,76.62698412698413,76.15079365079364,19.497607655502392,94.01321222130471,63.76984126984127,75.51587301587301
2021-08-17,43.611111111111114,86.7063492063492,23.76984126984127,39.404761904761905,72.34126984126983,70.5952380952381,71.78571428571429,32.23107569721115,94.1006600660066,32.65873015873016,52.73809523809524
2021-08-18,27.896825396825395,83.2936507936508,15.674603174603174,29.8015873015873,34.48412698412698,60.67460317460318,65.51587301587301,36.6640127388535,93.85820280296785,16.38888888888889,30.99206349206349
2021-08-19,26.785714285714285,78.13492063492063,19.642857142857142,31.46825396825397,38.13492063492063,63.53174603174603,69.88095238095238,32.57756563245823,93.86326194398681,24.08730158730159,31.03174603174603
2021-08-20,25.99206349206349,83.92857142857143,31.150793650793652,40.198412698412696,70.43650793650794,71.7063492063492,69.0079365079365,29.92845786963434,94.19753086419753,43.92857142857143,52.8968253968254
2021-08-23,37.182539682539684,83.21428571428571,57.73809523809524,46.34920634920635,82.65873015873017,77.89682539682539,71.30952380952381,33.98251192368839,93.70888157894737,70.03968253968254,52.93650793650794
2021-08-24,51.54761904761905,83.69047619047619,60.833333333333336,45.91269841269841,80.83333333333333,78.92857142857143,70.11904761904762,35.41335453100159,92.72801972062449,74.08730158730158,75.67460317460318
2021-08-25,47.8968253968254,82.65873015873017,60.03968253968254,47.857142857142854,83.37301587301587,78.69047619047619,67.97619047619048,29.292527821939586,92.15927750410509,75.35714285714286,92.18253968253968
2021-08-26,40.595238095238095,82.18253968253968,45.357142857142854,38.84920634920635,52.023809523809526,75.51587301587301,58.29365079365079,43.83942766295708,93.56029532403609,58.45238095238095,75.5952380952381
2021-08-27,56.23015873015873,84.16666666666667,63.45238095238095,53.214285714285715,89.16666666666667,79.56349206349206,62.57936507936508,45.349761526232115,93.15573770491804,74.32539682539682,75.55555555555556
2021-08-30,68.61111111111111,88.05555555555556,82.73809523809524,50.91269841269841,90.03968253968254,83.45238095238095,64.4047619047619,72.13831478537361,94.7993447993448,86.30952380952381,75.51587301587301
2021-08-31,59.56349206349206,87.34126984126983,75.11904761904762,48.611111111111114,83.37301587301587,82.34126984126983,60.992063492063494,68.0047694753577,94.55810147299509,83.13492063492063,75.47619047619048
2021-09-01,60.11904761904762,90.35714285714286,75.51587301587301,46.19047619047619,85.1984126984127,82.5,55.91269841269841,50.3577106518283,94.80784955028618,85.43650793650794,92.14285714285714
2021-09-02,52.182539682539684,85.67460317460318,72.42063492063492,45.357142857142854,77.97619047619048,81.54761904761905,50.833333333333336,39.86486486486486,93.50490196078431,83.69047619047619,75.35714285714286
2021-09-03,61.30952380952381,86.07142857142857,74.56349206349206,47.1031746031746,83.13492063492063,82.34126984126983,72.02380952380952,62.75834658187599,93.6734693877551,87.26190476190476,75.31746031746032
2021-09-07,61.23015873015873,86.38888888888889,73.84920634920636,40.3968253968254,62.26190476190476,82.57936507936508,74.56349206349206,76.27186009538951,94.8205546492659,88.53174603174604,75.27777777777777
2021-09-08,62.73809523809524,84.88095238095238,62.1031746031746,41.388888888888886,68.05555555555556,80.03968253968254,83.13492063492063,84.45945945945945,94.25427872860635,79.16666666666667,52.53968253968254
2021-09-09,60.595238095238095,80.1984126984127,50.43650793650794,38.611111111111114,56.30952380952381,77.26190476190476,77.73809523809524,90.18282988871225,93.36319218241043,66.62698412698413,30.99206349206349
2021-09-10,47.1031746031746,75.35714285714286,33.45238095238095,33.888888888888886,37.182539682539684,72.65873015873017,80.35714285714286,77.62321144674085,93.12449145646868,39.72222222222222,31.03174603174603
2021-09-13,43.92857142857143,69.0079365079365,31.38888888888889,38.05555555555556,51.86507936507937,71.46825396825396,80.67460317460318,69.67408585055644,91.58536585365853,38.76984126984127,14.047619047619047
2021-09-14,40.357142857142854,71.78571428571429,26.150793650793652,37.53968253968254,51.15079365079365,69.0079365079365,77.18253968253968,68.24324324324324,92.56701868399675,30.11904761904762,4.246031746031746
2021-09-15,57.65873015873016,77.65873015873017,34.48412698412698,45.07936507936508,66.54761904761905,73.05555555555556,75.67460317460318,61.486486486486484,92.08603896103897,48.84920634920635,14.166666666666666
2021-09-16,69.96031746031746,70.91269841269842,32.34126984126984,44.88095238095238,53.84920634920635,72.57936507936508,79.48412698412699,65.85850556438791,88.3617193836172,50.51587301587302,14.206349206349206
2021-09-17,50.595238095238095,67.89682539682539,18.53174603174603,35.43650793650794,37.65873015873016,62.976190476190474,79.96031746031746,32.790143084260734,83.91410048622366,21.30952380952381,14.246031746031745
2021-09-20,22.817460317460316,48.13492063492063,8.84920634920635,23.055555555555557,14.722222222222221,40.43650793650794,78.45238095238095,37.95707472178061,88.05668016194332,3.611111111111111,4.285714285714286
2021-09-21,16.944444444444443,43.05555555555556,9.563492063492063,25.634920634920636,18.373015873015873,40.51587301587302,77.81746031746032,43.91891891891892,87.25728155339806,4.404761904761905,4.325396825396825
2021-09-22,19.642857142857142,49.08730158730159,13.84920634920635,33.214285714285715,34.88095238095238,50.67460317460318,75.51587301587301,48.68839427662957,84.84236054971706,13.531746031746032,14.444444444444445
2021-09-23,24.166666666666668,50.75396825396825,19.563492063492063,40.15873015873016,47.1031746031746,58.45238095238095,83.2936507936508,50.59618441971383,83.48142164781906,25.357142857142858,31.547619047619047
2021-09-24,28.928571428571427,52.65873015873016,19.96031746031746,41.26984126984127,56.30952380952381,58.29365079365079,82.57936507936508,47.33704292527822,86.7231638418079,26.30952380952381,52.857142857142854
2021-09-27,17.658730158730158,40.11904761904762,14.722222222222221,37.22222222222222,45.75396825396825,49.48412698412698,76.54761904761905,30.405405405405407,63.50806451612903,16.150793650793652,52.817460317460316
2021-09-28,7.658730158730159,21.547619047619047,5.912698412698413,22.817460317460316,15.674603174603174,22.261904761904763,62.817460317460316,10.691573926868044,40.08863819500403,1.7857142857142858,52.817460317460316
2021-09-29,7.738095238095238,21.626984126984127,6.23015873015873,24.88095238095238,19.484126984126984,21.38888888888889,63.69047619047619,11.645468998410175,42.7938808373591,1.7063492063492063,31.547619047619047
2021-09-30,6.150793650793651,19.404761904761905,6.071428571428571,25.396825396825395,15.436507936507937,19.484126984126984,59.404761904761905,17.4483306836248,63.59613837489944,1.2301587301587302,14.484126984126984
2021-10-01,8.214285714285714,17.5,8.61111111111111,29.325396825396826,30.357142857142858,22.023809523809526,56.785714285714285,21.02543720190779,40.956591639871384,3.8492063492063493,31.626984126984127
2021-10-04,3.4523809523809526,11.785714285714286,4.166666666666667,21.23015873015873,19.563492063492063,13.452380952380953,58.84920634920635,8.306836248012718,18.995983935742974,1.0,31.666666666666668
2021-10-05,5.595238095238095,14.087301587301587,8.452380952380953,28.452380952380953,29.246031746031747,17.896825396825395,56.15079365079365,7.034976152623211,21.308186195826647,4.880952380952381,31.666666666666668
2021-10-06,7.579365079365079,17.261904761904763,11.785714285714286,29.484126984126984,29.8015873015873,20.674603174603174,65.11904761904762,9.976152623211446,23.616680032076985,8.293650793650794,31.666666666666668
2021-10-07,11.15079365079365,18.134920634920636,17.182539682539684,33.45238095238095,43.84920634920635,24.96031746031746,61.23015873015873,11.56597774244833,28.565705128205128,16.071428571428573,31.626984126984127
2021-10-08,11.38888888888889,15.595238095238095,15.198412698412698,33.611111111111114,54.404761904761905,21.30952380952381,57.817460317460316,14.825119236883943,28.863090472377902,11.706349206349206,14.444444444444445
2021-10-11,10.03968253968254,13.76984126984127,13.055555555555555,32.34126984126984,39.96031746031746,17.738095238095237,48.45238095238095,12.51987281399046,18.52,7.420634920634921,14.484126984126984
2021-10-12,9.96031746031746,12.261904761904763,12.5,32.817460317460316,41.388888888888886,16.150793650793652,35.67460317460318,7.750397456279809,12.909672262190249,6.5476190476190474,14.484126984126984
2021-10-13,9.96031746031746,16.626984126984127,18.214285714285715,41.03174603174603,50.67460317460318,19.246031746031747,39.48412698412698,9.896661367249603,14.896166134185304,12.023809523809524,31.626984126984127
2021-10-14,13.928571428571429,28.76984126984127,42.023809523809526,53.37301587301587,71.7063492063492,29.563492063492063,48.76984126984127,9.499205087440382,15.0438946528332,30.595238095238095,52.8968253968254
2021-10-15,20.674603174603174,37.65873015873016,55.198412698412696,56.07142857142857,85.91269841269842,33.76984126984127,55.27777777777778,21.184419713831478,16.06858054226475,37.1031746031746,52.857142857142854
2021-10-18,43.69047619047619,36.07142857142857,74.8015873015873,54.32539682539682,85.35714285714286,43.45238095238095,60.51587301587302,22.376788553259143,24.9800796812749,50.67460317460318,75.27777777777777
2021-10-19,49.166666666666664,35.43650793650794,86.94444444444444,57.34126984126984,92.97619047619048,50.357142857142854,69.96031746031746,20.548489666136724,30.851910828025478,59.801587301587304,75.23809523809524
2021-10-20,38.611111111111114,31.46825396825397,83.2936507936508,54.801587301587304,95.43650793650794,47.8968253968254,67.81746031746032,16.732909379968202,19.291964996022276,56.54761904761905,52.65873015873016
2021-10-21,35.75396825396825,28.76984126984127,90.9920634920635,55.55555555555556,97.65873015873017,52.817460317460316,70.11904761904762,24.920508744038155,18.243243243243242,65.35714285714286,52.61904761904762
2021-10-22,28.849206349206348,23.055555555555557,76.15079365079364,53.13492063492063,97.57936507936508,42.65873015873016,67.57936507936508,16.89189189189189,13.871224165341813,46.54761904761905,52.57936507936508
2021-10-25,44.404761904761905,35.198412698412696,91.23015873015873,54.6031746031746,95.27777777777777,52.65873015873016,70.03968253968254,38.672496025437205,21.343402225755167,61.388888888888886,75.1984126984127
2021-10-26,79.08730158730158,34.48412698412698,91.62698412698413,51.904761904761905,89.32539682539682,54.72222222222222,74.4047619047619,71.74085850556439,26.112877583465817,65.03968253968254,92.10317460317461
2021-10-27,82.18253968253968,34.72222222222222,91.07142857142857,46.70634920634921,79.88095238095238,56.30952380952381,72.73809523809524,92.72655007949126,56.31955484896661,68.21428571428571,92.06349206349206
2021-10-28,92.5,44.801587301587304,95.67460317460318,49.36507936507937,83.45238095238095,66.23015873015873,83.45238095238095,86.5262321144674,62.44038155802862,80.35714285714286,92.02380952380952
2021-10-29,91.23015873015873,47.5,96.07142857142857,50.27777777777778,87.57936507936508,69.8015873015873,81.15079365079364,93.12400635930048,77.30524642289348,83.92857142857143,91.98412698412699
2021-11-01,96.62698412698413,45.43650793650794,95.51587301587301,49.56349206349206,84.24603174603175,70.75396825396825,87.10317460317461,93.5214626391097,56.31955484896661,86.54761904761905,91.94444444444444
2021-11-02,95.67460317460318,47.1031746031746,95.35714285714286,49.523809523809526,88.05555555555556,72.73809523809524,87.42063492063492,91.93163751987281,45.031796502384736,89.96031746031746,91.9047619047619
2021-11-03,96.07142857142857,50.03968253968254,97.02380952380952,51.666666666666664,96.94444444444444,77.89682539682539,85.35714285714286,89.30842607313195,49.165341812400634,94.24603174603175,98.57142857142857
2021-11-04,96.46825396825396,62.1031746031746,98.05555555555556,45.75396825396825,93.45238095238095,83.37301587301587,79.96031746031746,94.47535771065183,79.45151033386327,97.10317460317461,98.53174603174604
2021-11-05,97.02380952380952,61.30952380952381,97.57936507936508,39.404761904761905,84.24603174603175,83.21428571428571,74.32539682539682,91.29570747217807,63.07631160572337,97.5,99.0
2021-11-08,97.65873015873017,64.8015873015873,96.07142857142857,37.857142857142854,74.64285714285714,81.94444444444444,73.2936507936508,92.0906200317965,72.8537360890302,95.83333333333333,98.41269841269842
2021-11-09,97.26190476190476,59.72222222222222,89.16666666666667,35.11904761904762,68.37301587301587,77.97619047619048,77.57936507936508,91.77265500794913,75.39745627980922,87.02380952380952,91.54761904761905
2021-11-10,94.0079365079365,47.26190476190476,52.34126984126984,33.29365079365079,56.46825396825397,69.48412698412699,78.2936507936508,86.44674085850556,56.63751987281399,54.72222222222222,74.28571428571429
2021-11-11,87.02380952380952,46.94444444444444,51.785714285714285,36.23015873015873,71.30952380952381,70.11904761904762,72.42063492063492,81.59777424483306,42.249602543720194,59.32539682539682,74.24603174603175
2021-11-12,89.64285714285714,54.32539682539682,68.21428571428571,40.595238095238095,91.86507936507937,75.5952380952381,77.10317460317461,76.82829888712241,44.47535771065183,72.57936507936508,74.2063492063492
2021-11-15,82.10317460317461,59.404761904761905,60.27777777777778,38.76984126984127,91.30952380952381,75.11904761904762,74.32539682539682,61.009538950715424,37.63910969793323,71.30952380952381,51.34920634920635
2021-11-16,82.18253968253968,73.45238095238095,70.75396825396825,41.15079365079365,93.76984126984127,78.2936507936508,74.64285714285714,64.66613672496025,47.57551669316375,79.88095238095238,51.30952380952381
2021-11-17,83.05555555555556,69.32539682539682,63.37301587301587,39.88095238095238,89.96031746031746,77.26190476190476,75.43650793650794,86.84419713831478,44.47535771065183,79.64285714285714,29.8015873015873
2021-11-18,86.07142857142857,69.4047619047619,80.83333333333333,40.833333333333336,84.56349206349206,82.65873015873017,79.72222222222223,93.68044515103338,68.1637519872814,89.48412698412699,29.841269841269842
2021-11-19,93.2936507936508,62.26190476190476,83.61111111111111,38.76984126984127,76.15079365079364,84.24603174603175,79.08730158730158,96.62162162162163,78.10015898251193,91.86507936507937,29.88095238095238
2021-11-22,79.56349206349206,51.23015873015873,51.54761904761905,32.26190476190476,58.37301587301587,78.37301587301587,78.13492063492063,94.0779014308426,72.69475357710652,67.89682539682539,29.92063492063492
2021-11-23,72.02380952380952,47.34126984126984,39.166666666666664,30.357142857142858,50.357142857142854,75.11904761904762,76.78571428571429,89.06995230524642,74.12559618441972,57.182539682539684,29.96031746031746
2021-11-24,73.69047619047619,54.72222222222222,41.30952380952381,31.785714285714285,57.8968253968254,76.15079365079364,73.69047619047619,68.1637519872814,77.46422893481717,62.976190476190474,51.666666666666664
2021-11-26,38.53174603174603,34.404761904761905,17.182539682539684,19.325396825396826,12.738095238095237,60.51587301587302,66.15079365079364,82.5516693163752,84.45945945945945,23.61111111111111,30.0
2021-11-29,57.42063492063492,41.62698412698413,40.357142857142854,30.357142857142858,30.11904761904762,76.15079365079364,69.88095238095238,82.63116057233704,82.63116057233704,51.46825396825397,30.03968253968254
2021-11-30,37.42063492063492,32.34126984126984,20.11904761904762,22.77777777777778,15.674603174603174,65.35714285714286,65.27777777777777,95.5087440381558,89.86486486486487,28.214285714285715,30.07936507936508
2021-12-01,22.817460317460316,22.738095238095237,11.468253968253968,12.658730158730158,8.452380952380953,49.007936507936506,53.37301587301587,95.5087440381558,90.26232114467409,15.912698412698413,12.936507936507937
2021-12-02,21.23015873015873,26.706349206349206,14.96031746031746,15.357142857142858,17.896825396825395,55.198412698412696,55.43650793650794,91.05723370429253,86.6852146263911,21.071428571428573,30.158730158730158
2021-12-03,11.944444444444445,16.785714285714285,8.69047619047619,9.642857142857142,16.150793650793652,36.15079365079365,47.73809523809524,63.23529411764706,79.92845786963434,10.277777777777779,12.976190476190476
2021-12-06,13.76984126984127,19.72222222222222,12.341269841269842,14.325396825396826,22.896825396825395,44.56349206349206,49.48412698412698,68.24324324324324,56.16057233704292,16.30952380952381,13.015873015873016
2021-12-07,26.30952380952381,38.611111111111114,39.166666666666664,28.214285714285715,45.75396825396825,70.5952380952381,59.32539682539682,82.47217806041336,71.66136724960255,39.801587301587304,30.317460317460316
2021-12-08,33.611111111111114,42.65873015873016,45.595238095238095,30.27777777777778,62.73809523809524,73.13492063492063,59.72222222222222,89.86486486486487,76.58982511923688,43.53174603174603,51.98412698412698
2021-12-09,33.05555555555556,38.76984126984127,23.849206349206348,26.46825396825397,46.15079365079365,59.72222222222222,61.785714285714285,91.93163751987281,79.61049284578696,27.896825396825395,30.357142857142858
2021-12-10,41.388888888888886,45.11904761904762,36.785714285714285,32.34126984126984,83.53174603174604,68.92857142857143,65.5952380952381,94.7933227344992,83.34658187599364,36.46825396825397,52.1031746031746
2021-12-13,22.261904761904763,38.45238095238095,20.03968253968254,32.182539682539684,66.78571428571429,53.37301587301587,60.03968253968254,92.40858505564388,79.1335453100159,23.452380952380953,30.396825396825395
2021-12-14,18.055555555555557,27.57936507936508,14.325396825396826,29.246031746031747,51.07142857142857,41.388888888888886,53.53174603174603,93.04451510333864,78.57710651828299,17.341269841269842,30.436507936507937
2021-12-15,25.833333333333332,40.992063492063494,34.32539682539682,34.08730158730159,70.51587301587301,63.92857142857143,57.8968253968254,94.0779014308426,84.06200317965023,33.13492063492063,52.301587301587304
2021-12-16,14.642857142857142,31.46825396825397,13.452380952380953,29.484126984126984,61.46825396825397,35.357142857142854,44.24603174603175,77.38473767885533,80.72337042925278,16.706349206349206,30.476190476190474
2021-12-17,11.468253968253968,42.1031746031746,12.341269841269842,26.38888888888889,58.13492063492063,29.8015873015873,39.642857142857146,47.57551669316375,75.15898251192368,15.119047619047619,30.515873015873016
2021-12-20,7.023809523809524,34.96031746031746,9.801587301587302,21.150793650793652,48.37301587301587,22.5,36.54761904761905,39.069952305246424,74.36406995230524,10.03968253968254,13.055555555555555
2021-12-21,15.674603174603174,42.34126984126984,22.182539682539684,30.27777777777778,64.4047619047619,39.48412698412698,46.94444444444444,46.30365659777424,70.78696343402225,22.658730158730158,13.095238095238095
2021-12-22,22.42063492063492,44.24603174603175,37.26190476190476,38.611111111111114,91.54761904761905,51.62698412698413,51.30952380952381,69.4356120826709,82.39268680445151,30.515873015873016,13.134920634920634
2021-12-23,24.72222222222222,49.48412698412698,51.54761904761905,43.05555555555556,97.73809523809524,58.69047619047619,56.94444444444444,57.03497615262321,81.75675675675676,35.75396825396825,30.753968253968253
2021-12-27,56.54761904761905,67.42063492063492,82.57936507936508,40.595238095238095,96.30952380952381,70.75396825396825,61.07142857142857,48.449920508744036,88.99046104928458,49.24603174603175,30.753968253968253
2021-12-28,30.91269841269841,81.07142857142857,71.15079365079364,41.86507936507937,93.2936507936508,66.54761904761905,55.11904761904762,27.384737678855327,90.50079491255961,43.37301587301587,30.793650793650794
2021-12-29,44.72222222222222,81.54761904761905,69.16666666666667,43.41269841269841,96.86507936507937,65.35714285714286,54.72222222222222,12.360890302066773,89.86486486486487,43.37301587301587,52.65873015873016
2021-12-30,57.57936507936508,81.62698412698413,57.42063492063492,42.8968253968254,90.67460317460318,60.833333333333336,53.76984126984127,8.863275039745629,85.01589825119237,38.45238095238095,30.753968253968253
2021-12-31,43.29365079365079,75.75396825396825,42.023809523809526,44.08730158730159,92.26190476190476,52.65873015873016,48.53174603174603,17.130365659777425,84.06200317965023,31.706349206349206,30.714285714285715
2022-01-03,74.64285714285714,87.57936507936508,58.92857142857143,44.285714285714285,98.13492063492063,62.65873015873016,60.11904761904762,36.446740858505564,91.85214626391097,42.1031746031746,52.61904761904762
2022-01-04,49.642857142857146,77.81746031746032,31.706349206349206,38.25396825396825,94.48412698412699,47.976190476190474,50.67460317460318,22.694753577106518,83.90302066772655,27.976190476190474,52.57936507936508
2022-01-05,13.214285714285714,51.54761904761905,10.595238095238095,28.055555555555557,64.08730158730158,20.515873015873016,42.65873015873016,10.294117647058824,74.04610492845786,9.722222222222221,30.634920634920636
2022-01-06,12.261904761904763,44.642857142857146,11.15079365079365,28.452380952380953,67.34126984126983,20.11904761904762,33.05555555555556,7.591414944356121,62.20190779014308,9.563492063492063,13.134920634920634
2022-01-07,13.293650793650794,40.91269841269841,7.817460317460317,29.08730158730159,75.5952380952381,15.595238095238095,26.46825396825397,6.001589825119237,50.75516693163752,6.309523809523809,3.492063492063492
2022-01-10,11.071428571428571,46.62698412698413,9.246031746031745,28.452380952380953,54.88095238095238,15.753968253968255,29.88095238095238,6.399046104928458,71.5818759936407,6.865079365079365,3.5317460317460316
2022-01-11,19.00793650793651,59.96031746031746,15.992063492063492,32.34126984126984,65.83333333333333,21.23015873015873,36.07142857142857,7.273449920508744,77.70270270270271,15.833333333333334,13.333333333333334
2022-01-12,27.5,56.785714285714285,18.53174603174603,34.6031746031746,77.81746031746032,22.5,35.51587301587302,9.578696343402227,77.62321144674085,18.214285714285715,13.373015873015873
2022-01-13,9.484126984126984,28.055555555555557,7.579365079365079,24.166666666666668,49.166666666666664,13.055555555555555,27.896825396825395,3.7758346581875992,46.06518282988871,6.468253968253968,13.412698412698413
2022-01-14,19.00793650793651,28.61111111111111,10.753968253968255,29.00793650793651,64.0079365079365,14.484126984126984,33.29365079365079,6.24006359300477,39.94435612082671,10.03968253968254,31.150793650793652
2022-01-18,12.896825396825397,14.325396825396826,3.9285714285714284,16.50793650793651,34.08730158730159,10.198412698412698,23.53174603174603,5.68362480127186,29.133545310015897,3.2142857142857144,13.452380952380953
2022-01-19,12.976190476190476,11.468253968253968,2.4206349206349205,18.015873015873016,28.373015873015873,8.61111111111111,20.436507936507937,5.127186009538951,26.19236883942766,1.9444444444444444,13.492063492063492
2022-01-20,4.007936507936508,9.880952380952381,1.7857142857142858,13.65079365079365,23.76984126984127,7.103174603174603,18.373015873015873,6.796502384737678,36.685214626391094,1.1507936507936507,13.531746031746032
2022-01-21,1.626984126984127,5.357142857142857,1.0714285714285714,8.253968253968255,16.785714285714285,4.563492063492063,14.563492063492063,4.093799682034976,24.364069952305247,1.0,13.571428571428571
2022-01-24,1.626984126984127,6.7063492063492065,1.2301587301587302,5.992063492063492,14.96031746031746,5.277777777777778,13.69047619047619,3.696343402225755,25.079491255961845,1.0,31.50793650793651
2022-01-25,1.0,4.007936507936508,1.0,3.9285714285714284,12.896825396825397,3.0555555555555554,10.119047619047619,2.901430842607313,19.038155802861684,1.0,13.61111111111111
2022-01-26,1.1507936507936507,4.007936507936508,1.3095238095238095,4.007936507936508,9.801587301587302,3.373015873015873,14.96031746031746,4.650238473767885,21.502384737678856,1.0,13.65079365079365
2022-01-27,1.0,3.2142857142857144,1.0714285714285714,5.0396825396825395,11.865079365079366,2.6587301587301586,12.182539682539682,5.286168521462639,13.791732909379968,1.0,3.5714285714285716
2022-01-28,1.5476190476190477,4.325396825396825,3.611111111111111,10.277777777777779,17.817460317460316,4.880952380952381,19.72222222222222,10.6120826709062,21.263910969793322,3.134920634920635,13.76984126984127
2022-01-31,3.0555555555555554,6.785714285714286,15.515873015873016,15.0,28.61111111111111,7.976190476190476,20.595238095238095,17.130365659777425,20.151033386327505,16.150793650793652,13.80952380952381
2022-02-01,2.8968253968253967,7.103174603174603,22.103174603174605,21.46825396825397,42.57936507936508,8.69047619047619,19.404761904761905,9.737678855325914,26.19236883942766,18.76984126984127,31.944444444444443
2022-02-02,4.801587301587301,7.658730158730159,33.611111111111114,16.547619047619047,46.15079365079365,9.880952380952381,21.071428571428573,28.4181240063593,29.37201907790143,23.134920634920636,54.007936507936506
2022-02-03,3.5317460317460316,3.4523809523809526,8.293650793650794,12.817460317460318,32.65873015873016,5.198412698412699,12.976190476190476,15.461049284578696,15.69952305246423,7.658730158730159,54.04761904761905
2022-02-04,5.436507936507937,3.5317460317460316,15.753968253968255,14.484126984126984,43.92857142857143,6.5476190476190474,14.880952380952381,32.5516693163752,14.904610492845787,12.341269841269842,75.75396825396825
2022-02-07,5.992063492063492,2.8174603174603177,13.134920634920634,15.833333333333334,41.62698412698413,5.833333333333333,12.738095238095237,28.895071542130367,15.381558028616853,9.96031746031746,54.08730158730159
2022-02-08,8.452380952380953,3.9285714285714284,21.865079365079364,21.26984126984127,47.8968253968254,6.785714285714286,14.404761904761905,19.833068362480127,14.904610492845787,15.198412698412698,75.7936507936508
2022-02-09,10.436507936507937,5.436507936507937,52.8968253968254,26.38888888888889,59.642857142857146,9.246031746031745,18.452380952380953,16.017488076311604,15.779014308426072,25.595238095238095,75.7936507936508
2022-02-10,4.246031746031746,5.198412698412699,25.27777777777778,15.714285714285714,31.150793650793652,6.468253968253968,13.214285714285714,10.771065182829888,15.54054054054054,15.357142857142858,75.7936507936508
2022-02-11,3.8492063492063493,2.738095238095238,9.801587301587302,8.531746031746032,21.071428571428573,3.611111111111111,6.944444444444445,14.745627980922098,12.440381558028617,6.785714285714286,54.12698412698413
2022-02-14,3.134920634920635,2.4206349206349205,12.103174603174603,8.61111111111111,17.341269841269842,3.9285714285714284,7.658730158730159,17.925278219395867,13.553259141494436,7.261904761904762,54.166666666666664
2022-02-15,13.76984126984127,4.166666666666667,30.674603174603174,13.134920634920634,23.055555555555557,6.150793650793651,13.134920634920634,23.171701112877585,15.381558028616853,17.658730158730158,54.20634920634921
2022-02-16,16.150793650793652,3.2142857142857144,30.99206349206349,17.5,28.849206349206348,6.071428571428571,13.61111111111111,19.11764705882353,12.201907790143084,17.103174603174605,31.984126984126984
2022-02-17,12.023809523809524,1.9444444444444444,11.706349206349206,10.595238095238095,18.61111111111111,3.0555555555555554,9.404761904761905,11.486486486486486,10.294117647058824,7.658730158730159,32.023809523809526
2022-02-18,16.23015873015873,1.3095238095238095,7.896825396825397,10.674603174603174,20.91269841269841,2.261904761904762,12.341269841269842,15.381558028616853,8.147853736089031,5.357142857142857,13.84920634920635
2022-02-22,12.658730158730158,1.0,6.150793650793651,10.674603174603174,11.468253968253968,1.8650793650793651,11.071428571428571,18.799682034976154,7.034976152623211,3.9285714285714284,13.88888888888889
2022-02-23,12.182539682539682,1.0,2.261904761904762,6.746031746031746,9.166666666666666,1.0714285714285714,5.119047619047619,19.992050874403816,7.591414944356121,1.7063492063492063,3.611111111111111
2022-02-24,21.785714285714285,1.626984126984127,9.007936507936508,9.007936507936508,8.69047619047619,2.4206349206349205,17.341269841269842,19.515103338632752,9.419713831478537,9.484126984126984,3.6507936507936507
2022-02-25,39.32539682539682,2.1825396825396823,15.674603174603174,13.531746031746032,12.817460317460318,3.4523809523809526,19.00793650793651,11.327503974562799,7.829888712241654,15.595238095238095,14.087301587301587
2022-02-28,21.23015873015873,3.2936507936507935,17.658730158730158,11.468253968253968,7.658730158730159,3.7698412698412698,14.087301587301587,7.352941176470588,7.829888712241654,17.57936507936508,32.46031746031746
2022-03-01,7.103174603174603,1.5476190476190477,11.38888888888889,7.182539682539683,7.420634920634921,2.5,14.166666666666666,6.955484896661368,7.352941176470588,11.468253968253968,14.126984126984127
2022-03-02,10.198412698412698,3.0555555555555554,22.103174603174605,11.031746031746032,11.30952380952381,3.8492063492063493,21.626984126984127,6.001589825119237,3.8553259141494434,19.642857142857142,14.166666666666666
2022-03-03,4.722222222222222,3.2142857142857144,15.436507936507937,10.595238095238095,11.944444444444445,2.5793650793650795,22.023809523809526,4.252782193958665,2.742448330683625,13.531746031746032,14.206349206349206
2022-03-04,12.261904761904763,2.1031746031746033,9.880952380952381,7.738095238095238,12.261904761904763,1.7857142857142858,18.214285714285715,7.988871224165342,5.206677265500795,9.087301587301587,14.246031746031745
2022-03-07,2.6587301587301586,1.3888888888888888,2.5793650793650795,3.5317460317460316,7.658730158730159,1.0,16.706349206349206,4.8092209856915735,5.842607313195549,3.0555555555555554,14.285714285714286
2022-03-08,3.0555555555555554,1.2301587301587302,2.6587301587301586,4.166666666666667,9.801587301587302,1.0,7.976190476190476,5.922098569157392,6.955484896661368,2.9761904761904763,14.325396825396826
2022-03-09,5.912698412698413,1.3888888888888888,12.817460317460318,6.785714285714286,13.69047619047619,1.5476190476190477,15.436507936507937,10.05564387917329,7.273449920508744,13.055555555555555,32.8968253968254
2022-03-10,2.4206349206349205,1.0,10.198412698412698,8.928571428571429,19.246031746031747,1.4682539682539681,8.84920634920635,9.896661367249603,6.478537360890302,9.96031746031746,14.365079365079366
2022-03-11,2.738095238095238,1.0,5.436507936507937,8.055555555555555,21.38888888888889,1.0,6.468253968253968,9.976152623211446,5.524642289348172,5.674603174603175,3.6904761904761907
2022-03-14,3.611111111111111,1.0,2.8174603174603177,5.436507936507937,20.91269841269841,1.0,3.2142857142857144,13.553259141494436,3.0604133545310015,3.2142857142857144,1.0
2022-03-15,9.007936507936508,1.3095238095238095,11.785714285714286,8.452380952380953,28.214285714285715,1.2301587301587302,6.150793650793651,15.858505564387917,6.001589825119237,12.103174603174603,3.8095238095238093
2022-03-16,12.976190476190476,3.4523809523809526,44.72222222222222,15.277777777777779,31.547619047619047,2.9761904761904763,12.579365079365079,18.56120826709062,7.591414944356121,26.626984126984127,3.8492063492063493
2022-03-17,16.944444444444443,2.8968253968253967,69.64285714285714,18.88888888888889,36.15079365079365,4.007936507936508,20.515873015873016,22.853736089030207,6.001589825119237,32.023809523809526,14.722222222222221
2022-03-18,44.88095238095238,6.23015873015873,95.35714285714286,24.761904761904763,39.88095238095238,6.071428571428571,22.261904761904763,34.14149443561208,8.863275039745629,41.46825396825397,33.37301587301587
2022-03-21,51.94444444444444,6.309523809523809,92.97619047619048,22.103174603174605,42.8968253968254,5.833333333333333,19.642857142857142,66.49443561208267,10.6120826709062,39.56349206349206,33.41269841269841
2022-03-22,79.96031746031746,9.087301587301587,97.89682539682539,25.238095238095237,44.642857142857146,7.976190476190476,22.896825396825395,80.4054054054054,10.850556438791733,51.70634920634921,55.3968253968254
2022-03-23,89.4047619047619,6.071428571428571,92.02380952380952,21.547619047619047,42.817460317460316,6.309523809523809,23.53174603174603,89.14944356120827,11.963434022257552,39.88095238095238,33.41269841269841
2022-03-24,80.03968253968254,6.7063492063492065,97.97619047619048,24.563492063492063,57.65873015873016,8.69047619047619,25.91269841269841,85.49284578696343,12.12241653418124,53.29365079365079,55.357142857142854
2022-03-25,64.08730158730158,6.150793650793651,97.57936507936508,27.182539682539684,66.38888888888889,8.531746031746032,24.325396825396826,89.86486486486487,11.645468998410175,52.73809523809524,55.317460317460316
2022-03-28,76.86507936507937,6.150793650793651,99.0,30.436507936507937,82.81746031746032,10.436507936507937,26.071428571428573,90.58028616852147,12.837837837837839,62.65873015873016,76.66666666666667
2022-03-29,94.96031746031746,7.817460317460317,99.0,32.42063492063492,80.83333333333333,12.817460317460318,29.08730158730159,77.1462639109698,12.12241653418124,71.86507936507937,76.62698412698413
2022-03-30,81.62698412698413,7.023809523809524,98.84920634920636,30.753968253968253,78.13492063492063,11.15079365079365,25.595238095238095,88.43402225755167,13.235294117647058,61.388888888888886,55.27777777777778
2022-03-31,80.43650793650794,5.912698412698413,95.67460317460318,28.253968253968253,67.10317460317461,9.246031746031745,21.46825396825397,89.94435612082671,13.155802861685215,46.23015873015873,33.37301587301587
2022-04-01,91.54761904761905,6.785714285714286,95.1984126984127,32.5,83.2936507936508,9.563492063492063,19.00793650793651,91.69316375198729,14.0302066772655,46.94444444444444,33.41269841269841
2022-04-04,98.92857142857143,7.817460317460317,97.81746031746032,35.11904761904762,85.51587301587301,12.103174603174603,21.944444444444443,95.58823529411765,14.507154213036566,61.86507936507937,55.43650793650794
2022-04-05,98.21428571428571,6.785714285714286,82.97619047619048,26.785714285714285,63.92857142857143,9.166666666666666,17.976190476190474,95.03179650238474,18.640699523052465,39.56349206349206,33.45238095238095
2022-04-06,78.37301587301587,7.976190476190476,37.26190476190476,21.46825396825397,57.1031746031746,6.5476190476190474,12.103174603174603,86.60572337042925,17.60731319554849,26.865079365079364,33.492063492063494
2022-04-07,88.76984126984127,8.134920634920634,35.75396825396825,22.976190476190474,58.214285714285715,6.7063492063492065,11.071428571428571,92.40858505564388,22.615262321144673,27.976190476190474,33.53174603174603
2022-04-08,92.73809523809524,7.976190476190476,19.8015873015873,24.00793650793651,66.7063492063492,5.119047619047619,8.134920634920634,89.3879173290938,20.389507154213035,21.46825396825397,33.57142857142857
2022-04-11,90.43650793650794,4.880952380952381,7.420634920634921,15.476190476190476,38.13492063492063,2.8968253968253967,3.373015873015873,80.96184419713832,13.235294117647058,11.547619047619047,14.761904761904763
2022-04-12,60.03968253968254,3.6904761904761907,6.23015873015873,16.26984126984127,41.94444444444444,2.5793650793650795,4.722222222222222,59.73767885532592,13.235294117647058,10.436507936507937,3.888888888888889
2022-04-13,44.32539682539682,4.801587301587301,12.579365079365079,29.484126984126984,58.05555555555556,4.246031746031746,5.277777777777778,49.24483306836248,12.599364069952305,20.674603174603174,14.761904761904763
2022-04-14,22.103174603174605,5.119047619047619,5.357142857142857,21.785714285714285,49.48412698412698,2.4206349206349205,2.4206349206349205,32.233704292527825,14.109697933227345,11.38888888888889,14.761904761904763
2022-04-18,16.150793650793652,4.722222222222222,6.150793650793651,18.928571428571427,55.11904761904762,2.5793650793650795,3.4523809523809526,34.45945945945946,14.427662957074721,12.182539682539682,14.761904761904763
2022-04-19,24.72222222222222,9.880952380952381,14.325396825396826,20.99206349206349,59.08730158730159,4.484126984126984,7.341269841269841,17.4483306836248,14.58664546899841,23.53174603174603,14.761904761904763
2022-04-20,13.452380952380953,9.404761904761905,8.61111111111111,23.452380952380953,66.23015873015873,3.373015873015873,4.087301587301587,6.319554848966614,11.327503974562799,16.547619047619047,14.801587301587302
2022-04-21,11.30952380952381,8.84920634920635,4.087301587301587,14.246031746031745,50.992063492063494,1.8650793650793651,3.2936507936507935,5.763116057233704,10.850556438791733,8.76984126984127,14.801587301587302
2022-04-22,2.8174603174603177,9.007936507936508,1.5476190476190477,6.785714285714286,22.896825396825395,1.0,1.0,4.491255961844197,12.758346581875994,4.087301587301587,3.888888888888889
2022-04-25,3.9285714285714284,9.96031746031746,3.373015873015873,10.198412698412698,28.53174603174603,1.5476190476190477,1.0,6.24006359300477,15.461049284578696,8.134920634920634,14.920634920634921
2022-04-26,1.3095238095238095,8.531746031746032,1.3095238095238095,3.5317460317460316,8.373015873015873,1.0,1.0,3.3783783783783785,14.268680445151034,2.4206349206349205,14.96031746031746
2022-04-27,1.0714285714285714,8.134920634920634,1.5476190476190477,4.9603174603174605,13.452380952380953,1.0,1.0,4.8092209856915735,12.12241653418124,2.4206349206349205,15.0
2022-04-28,2.3412698412698414,14.246031746031745,7.261904761904762,6.746031746031746,17.658730158730158,1.4682539682539681,1.0,7.511923688394277,15.69952305246423,12.658730158730158,15.03968253968254
2022-04-29,1.3888888888888888,4.563492063492063,1.626984126984127,4.0476190476190474,9.087301587301587,1.0,1.0,5.206677265500795,9.976152623211446,3.611111111111111,15.079365079365079
2022-05-02,1.8650793650793651,3.5317460317460316,3.611111111111111,4.484126984126984,13.928571428571429,1.0,1.0,6.63751987281399,10.135135135135135,8.055555555555555,15.119047619047619
2022-05-03,1.3888888888888888,3.373015873015873,5.436507936507937,6.468253968253968,22.023809523809526,1.0,1.3888888888888888,3.3783783783783785,9.499205087440382,8.61111111111111,15.158730158730158
2022-05-04,4.007936507936508,5.198412698412699,21.38888888888889,13.928571428571429,37.42063492063492,2.261904761904762,4.484126984126984,4.5707472178060415,9.340222575516693,22.341269841269842,34.20634920634921
2022-05-05,2.1825396825396823,4.484126984126984,3.9285714285714284,5.0396825396825395,20.27777777777778,1.0,1.0,4.411764705882353,11.009538950715422,7.420634920634921,34.24603174603175
2022-05-06,1.7063492063492063,2.5793650793650795,3.0555555555555554,4.9603174603174605,27.57936507936508,1.0,1.0,5.127186009538951,10.21462639109698,5.992063492063492,34.285714285714285
2022-05-09,1.0714285714285714,1.3095238095238095,1.0,2.5793650793650795,11.547619047619047,1.0,1.0,6.001589825119237,10.930047694753577,2.1825396825396823,15.198412698412698
2022-05-10,2.261904761904762,1.5476190476190477,1.8650793650793651,3.4126984126984126,15.912698412698413,1.0,1.0,18.163751987281398,12.996820349761526,3.7698412698412698,34.404761904761905
2022-05-11,1.3888888888888888,1.0,1.0,3.2936507936507935,16.46825396825397,1.0,1.0,13.871224165341813,12.440381558028617,1.7857142857142858,34.44444444444444
2022-05-12,1.0,1.0,1.2301587301587302,2.7777777777777777,18.61111111111111,1.0,1.0,8.386327503974563,11.72496025437202,1.7063492063492063,15.238095238095237
2022-05-13,2.8968253968253967,3.611111111111111,5.357142857142857,5.0,25.595238095238095,1.0,1.0,16.573926868044516,14.984101748807632,9.087301587301587,34.56349206349206
2022-05-16,2.3412698412698414,2.738095238095238,4.404761904761905,5.238095238095238,29.166666666666668,1.0,1.0,11.645468998410175,12.281399046104928,6.865079365079365,15.277777777777779
2022-05-17,2.6587301587301586,2.8968253968253967,14.880952380952381,11.15079365079365,32.26190476190476,1.0,1.3095238095238095,12.917329093799681,11.963434022257552,15.198412698412698,15.317460317460318
2022-05-18,1.2301587301587302,1.0,2.8174603174603177,3.9285714285714284,24.00793650793651,1.0,1.0,19.515103338632752,11.883942766295707,5.515873015873016,3.9285714285714284
2022-05-19,1.7857142857142858,2.0238095238095237,3.134920634920635,6.944444444444445,20.99206349206349,1.0,1.0,14.427662957074721,11.645468998410175,5.0396825396825395,3.9682539682539684
2022-05-20,2.8968253968253967,2.261904761904762,3.5317460317460316,6.865079365079365,23.452380952380953,1.0,1.0,15.063593004769475,12.837837837837839,4.325396825396825,4.007936507936508
2022-05-23,3.134920634920635,3.9285714285714284,8.69047619047619,9.007936507936508,25.833333333333332,1.0,1.0,18.481717011128776,16.09697933227345,8.76984126984127,15.595238095238095
2022-05-24,4.404761904761905,4.325396825396825,4.484126984126984,6.944444444444445,19.563492063492063,1.0,1.0,24.68203497615262,16.573926868044516,5.436507936507937,4.0476190476190474
2022-05-25,5.833333333333333,2.738095238095238,9.642857142857142,8.293650793650794,20.833333333333332,1.0,1.0,18.56120826709062,12.201907790143084,9.484126984126984,15.714285714285714
2022-05-26,5.119047619047619,3.5317460317460316,26.547619047619047,12.341269841269842,26.46825396825397,1.0,1.0,7.750397456279809,14.348171701112877,19.642857142857142,35.23809523809524
2022-05-27,25.515873015873016,6.150793650793651,73.53174603174604,15.198412698412698,33.611111111111114,1.5476190476190477,1.2301587301587302,18.243243243243242,12.917329093799681,32.182539682539684,35.27777777777778
2022-05-31,19.246031746031747,7.817460317460317,71.15079365079364,13.84920634920635,28.134920634920636,1.3888888888888888,1.2301587301587302,18.95866454689984,14.507154213036566,30.833333333333332,35.317460317460316
2022-06-01,16.46825396825397,5.277777777777778,60.833333333333336,14.682539682539682,30.833333333333332,1.3095238095238095,1.0,30.564387917329093,17.20985691573927,27.896825396825395,15.753968253968255
2022-06-02,14.325396825396826,10.198412698412698,96.15079365079364,16.349206349206348,35.67460317460318,2.4206349206349205,2.1825396825396823,28.97456279809221,20.07154213036566,39.642857142857146,35.43650793650794
2022-06-03,22.023809523809526,8.61111111111111,68.21428571428571,15.952380952380953,38.214285714285715,1.3888888888888888,1.0,30.405405405405407,18.56120826709062,27.42063492063492,35.476190476190474
2022-06-06,29.246031746031747,14.087301587301587,77.5,15.119047619047619,32.65873015873016,1.5476190476190477,1.0,23.171701112877585,19.197138314785374,29.166666666666668,57.77777777777778
2022-06-07,67.34126984126983,16.071428571428573,87.65873015873017,17.3015873015873,38.69047619047619,2.3412698412698414,1.1507936507936507,27.86168521462639,19.515103338632752,33.69047619047619,57.817460317460316
2022-06-08,49.404761904761905,10.198412698412698,72.97619047619048,18.452380952380953,39.88095238095238,2.0238095238095237,1.0,24.60254372019078,18.243243243243242,29.72222222222222,57.857142857142854
2022-06-09,52.1031746031746,8.055555555555555,29.642857142857142,14.325396825396826,29.563492063492063,1.0714285714285714,1.0,29.054054054054053,19.197138314785374,18.134920634920636,35.51587301587302
2022-06-10,28.373015873015873,6.150793650793651,9.722222222222221,11.468253968253968,28.928571428571427,1.0,1.0,36.446740858505564,19.515103338632752,7.896825396825397,15.793650793650794
2022-06-13,4.9603174603174605,3.611111111111111,1.9444444444444444,3.492063492063492,11.23015873015873,1.0,1.0,39.546899841017485,25.31796502384738,2.4206349206349205,4.087301587301587
2022-06-14,6.7063492063492065,2.1031746031746033,2.261904761904762,4.246031746031746,13.373015873015873,1.0,1.0,48.84737678855326,22.13831478537361,2.8174603174603177,15.912698412698413
2022-06-15,6.5476190476190474,1.3888888888888888,7.420634920634921,8.61111111111111,18.214285714285715,1.0,1.0,66.57392686804451,23.569157392686805,8.214285714285714,35.595238095238095
2022-06-16,8.69047619047619,1.0,1.7857142857142858,4.246031746031746,13.214285714285714,1.0,1.0,82.79014308426073,25.95389507154213,3.2936507936507935,15.833333333333334
2022-06-17,13.293650793650794,1.0,2.8968253968253967,6.468253968253968,18.452380952380953,1.0,1.0,80.64387917329094,19.833068362480127,5.753968253968254,35.55555555555556
2022-06-21,21.865079365079364,1.0,8.61111111111111,7.658730158730159,17.182539682539684,1.0,1.0,95.03179650238474,26.66931637519873,13.055555555555555,35.51587301587302
2022-06-22,16.944444444444443,1.0,8.84920634920635,7.896825396825397,20.27777777777778,1.0,1.0,92.72655007949126,22.13831478537361,12.420634920634921,15.753968253968255
2022-06-23,30.595238095238095,1.0,14.404761904761905,9.087301587301587,18.53174603174603,1.1507936507936507,1.0,94.15739268680446,22.217806041335454,18.373015873015873,35.476190476190474
2022-06-24,42.42063492063492,1.1507936507936507,37.023809523809526,12.896825396825397,26.150793650793652,1.8650793650793651,1.0,94.71383147853736,18.40222575516693,32.817460317460316,57.857142857142854
2022-06-27,23.214285714285715,1.0,30.833333333333332,13.412698412698413,20.753968253968253,1.7857142857142858,1.0,93.83942766295708,17.36883942766296,29.08730158730159,57.817460317460316
2022-06-28,5.833333333333333,1.0,14.007936507936508,8.61111111111111,15.674603174603174,1.0714285714285714,1.0,87.241653418124,12.12241653418124,17.896825396825395,57.77777777777778
2022-06-29,6.626984126984127,1.0,17.261904761904763,9.166666666666666,16.150793650793652,1.3888888888888888,1.0,89.22893481717011,17.527821939586644,18.53174603174603,57.73809523809524
2022-06-30,5.674603174603175,1.0,12.5,7.182539682539683,17.261904761904763,1.0,1.0,79.45151033386327,15.54054054054054,14.484126984126984,35.11904761904762
2022-07-01,3.9285714285714284,1.0,19.246031746031747,11.626984126984127,28.928571428571427,1.1507936507936507,1.0,70.62798092209857,15.69952305246423,17.341269841269842,57.698412698412696
2022-07-05,10.674603174603174,1.0,32.42063492063492,10.674603174603174,22.182539682539684,1.7857142857142858,1.0,90.65977742448331,18.879173290937995,25.595238095238095,57.65873015873016
2022-07-06,10.833333333333334,1.0,44.32539682539682,13.373015873015873,26.071428571428573,2.0238095238095237,1.0,93.75993640699524,16.812400635930047,27.976190476190474,57.61904761904762
2022-07-07,15.119047619047619,1.7063492063492063,86.38888888888889,15.515873015873016,31.30952380952381,2.6587301587301586,1.0,93.99841017488076,18.322734499205087,38.611111111111114,78.76984126984127
2022-07-08,17.976190476190474,2.738095238095238,90.35714285714286,18.61111111111111,41.62698412698413,2.8174603174603177,1.1507936507936507,93.60095389507154,26.033386327503976,39.08730158730159,78.73015873015873
2022-07-11,19.88095238095238,1.626984126984127,55.198412698412696,15.277777777777779,32.65873015873016,2.1031746031746033,1.0,92.96502384737678,21.42289348171701,27.341269841269842,57.42063492063492
2022-07-12,30.03968253968254,1.8650793650793651,40.595238095238095,12.53968253968254,24.08730158730159,1.9444444444444444,1.0,90.73926868044515,22.376788553259143,23.214285714285715,57.38095238095238
2022-07-13,63.29365079365079,3.5317460317460316,35.51587301587302,13.65079365079365,27.896825396825395,1.9444444444444444,1.0,88.1160572337043,30.166931637519873,22.57936507936508,57.38095238095238
2022-07-14,64.32539682539682,3.8492063492063493,37.65873015873016,16.30952380952381,33.92857142857143,2.1825396825396823,1.0,92.32909379968204,39.467408585055644,24.563492063492063,57.38095238095238
2022-07-15,58.76984126984127,3.8492063492063493,64.64285714285714,20.833333333333332,44.96031746031746,2.8968253968253967,1.2301587301587302,86.5262321144674,39.467408585055644,35.357142857142854,78.73015873015873
2022-07-18,87.73809523809524,4.563492063492063,44.404761904761905,18.055555555555557,39.404761904761905,2.6587301587301586,1.2301587301587302,68.32273449920508,43.99841017488076,29.72222222222222,57.42063492063492
2022-07-19,94.64285714285714,7.103174603174603,89.88095238095238,20.515873015873016,43.76984126984127,4.325396825396825,1.8650793650793651,76.82829888712241,35.969793322734496,48.84920634920635,57.46031746031746
2022-07-20,92.65873015873017,6.7063492063492065,95.83333333333333,20.91269841269841,45.357142857142854,4.9603174603174605,2.0238095238095237,34.85691573926868,37.71860095389507,59.88095238095238,57.5
2022-07-21,95.83333333333333,9.880952380952381,97.73809523809524,24.92063492063492,50.833333333333336,5.595238095238095,2.1825396825396823,44.793322734499206,62.99682034976153,69.64285714285714,57.53968253968254
2022-07-22,82.02380952380952,10.674603174603174,90.1984126984127,25.436507936507937,48.611111111111114,4.880952380952381,1.7857142857142858,31.518282988871224,54.09379968203498,50.75396825396825,34.642857142857146
2022-07-25,46.388888888888886,13.293650793650794,82.5,24.523809523809526,40.833333333333336,4.801587301587301,1.3888888888888888,30.643879173290937,50.834658187599366,45.67460317460318,34.682539682539684
2022-07-26,37.73809523809524,8.69047619047619,45.595238095238095,19.761904761904763,29.88095238095238,3.5317460317460316,1.0,29.610492845786965,35.731319554848966,32.42063492063492,34.72222222222222
2022-07-27,93.69047619047619,20.595238095238095,95.75396825396825,23.76984126984127,35.595238095238095,6.071428571428571,2.1825396825396823,63.15580286168522,66.01748807631161,58.37301587301587,57.817460317460316
2022-07-28,95.27777777777777,22.023809523809526,96.86507936507937,28.73015873015873,35.91269841269841,6.785714285714286,2.5,36.128775834658185,52.42448330683625,63.76984126984127,57.857142857142854
2022-07-29,98.53174603174604,19.484126984126984,98.69047619047619,33.69047619047619,44.48412698412698,7.738095238095238,2.6587301587301586,58.70429252782194,46.62162162162162,74.48412698412699,57.8968253968254
2022-08-01,98.05555555555556,28.293650793650794,97.73809523809524,27.57936507936508,35.43650793650794,7.817460317460317,2.8174603174603177,61.486486486486484,63.871224165341815,73.92857142857143,57.8968253968254
2022-08-02,95.67460317460318,23.373015873015873,96.15079365079364,22.976190476190474,30.833333333333332,7.420634920634921,2.8174603174603177,48.529411764705884,55.36565977742448,70.83333333333333,34.76190476190476
2022-08-03,98.13492063492063,30.515873015873016,99.0,30.396825396825395,43.13492063492063,10.119047619047619,3.134920634920635,55.36565977742448,79.45151033386327,84.24603174603175,34.801587301587304
2022-08-04,95.9920634920635,22.57936507936508,99.0,31.30952380952381,51.46825396825397,10.833333333333334,3.4523809523809526,57.829888712241655,77.62321144674085,85.9920634920635,34.801587301587304
2022-08-05,94.64285714285714,38.05555555555556,97.81746031746032,34.32539682539682,53.84920634920635,10.119047619047619,2.9761904761904763,40.65977742448331,81.8362480127186,78.53174603174604,34.801587301587304
2022-08-08,97.10317460317461,42.5,95.83333333333333,32.182539682539684,55.833333333333336,9.96031746031746,3.0555555555555554,36.128775834658185,66.49443561208267,74.48412698412699,34.801587301587304
2022-08-09,96.86507936507937,58.53174603174603,86.15079365079364,29.325396825396826,51.46825396825397,8.928571428571429,2.6587301587301586,53.93481717011129,77.46422893481717,60.51587301587302,34.801587301587304
2022-08-10,98.92857142857143,67.97619047619048,96.94444444444444,40.15873015873016,71.07142857142857,12.5,3.7698412698412698,51.550079491255964,61.96343402225755,79.4047619047619,34.76190476190476
2022-08-11,98.53174603174604,79.48412698412699,92.89682539682539,38.53174603174603,64.8015873015873,11.706349206349206,3.7698412698412698,26.35135135135135,58.227344992050874,72.42063492063492,15.079365079365079
2022-08-12,98.61111111111111,86.62698412698413,97.18253968253968,41.507936507936506,73.21428571428571,14.404761904761905,4.007936507936508,27.86168521462639,76.19236883942766,83.45238095238095,15.119047619047619
2022-08-15,99.0,77.10317460317461,97.34126984126983,41.07142857142857,62.5,15.436507936507937,4.166666666666667,41.29570747217806,77.86168521462639,86.30952380952381,34.84126984126984
2022-08-16,97.26190476190476,80.43650793650794,95.43650793650794,40.833333333333336,69.0079365079365,15.357142857142858,4.087301587301587,43.75993640699523,77.06677265500795,84.32539682539682,34.84126984126984
2022-08-17,92.57936507936508,61.46825396825397,85.43650793650794,38.05555555555556,69.64285714285714,13.69047619047619,3.9285714285714284,51.550079491255964,81.75675675675676,70.35714285714286,15.158730158730158
2022-08-18,87.89682539682539,85.35714285714286,84.56349206349206,41.07142857142857,74.0079365079365,14.166666666666666,4.404761904761905,43.68044515103339,84.06200317965023,72.34126984126983,15.198412698412698
2022-08-19,86.78571428571429,80.75396825396825,44.72222222222222,36.388888888888886,67.02380952380952,11.944444444444445,3.8492063492063493,53.93481717011129,88.03656597774246,47.73809523809524,15.198412698412698
2022-08-22,67.81746031746032,70.43650793650794,19.72222222222222,23.73015873015873,37.023809523809526,8.531746031746032,2.6587301587301586,58.068362480127185,87.79809220985692,27.023809523809526,15.158730158730158
2022-08-23,85.27777777777777,60.27777777777778,17.896825396825395,23.61111111111111,31.547619047619047,8.61111111111111,2.1031746031746033,73.5691573926868,82.94912559618442,26.626984126984127,15.158730158730158
2022-08-24,50.833333333333336,74.48412698412699,18.373015873015873,27.261904761904763,36.62698412698413,9.325396825396826,2.1031746031746033,45.508744038155804,82.47217806041336,28.76984126984127,15.158730158730158
2022-08-25,57.34126984126984,75.27777777777777,27.896825396825395,30.27777777777778,42.34126984126984,11.547619047619047,2.8968253968253967,51.550079491255964,83.82352941176471,40.91269841269841,34.88095238095238
2022-08-26,21.706349206349206,37.1031746031746,8.134920634920634,18.015873015873016,18.452380952380953,7.182539682539683,1.8650793650793651,31.359300476947535,83.34658187599364,15.753968253968255,15.079365079365079
2022-08-29,19.246031746031747,22.817460317460316,5.912698412698413,16.825396825396826,14.642857142857142,6.865079365079365,1.3095238095238095,31.756756756756758,80.48489666136724,11.865079365079366,3.8095238095238093
2022-08-30,17.103174603174605,21.865079365079364,4.087301587301587,17.182539682539684,15.515873015873016,6.150793650793651,1.0,30.246422893481718,72.05882352941177,7.976190476190476,3.8492063492063493
2022-08-31,7.5,22.182539682539684,3.6904761904761907,16.944444444444443,16.30952380952381,5.833333333333333,1.0,19.197138314785374,63.47376788553259,6.944444444444445,3.888888888888889
2022-09-01,6.785714285714286,17.57936507936508,4.325396825396825,16.944444444444443,17.182539682539684,5.992063492063492,1.0,20.389507154213035,66.33545310015899,7.103174603174603,3.9285714285714284
2022-09-02,5.753968253968254,20.03968253968254,2.8174603174603177,16.785714285714285,19.166666666666668,5.357142857142857,1.0,19.515103338632752,70.07154213036566,3.6904761904761907,3.9682539682539684
2022-09-06,5.357142857142857,17.817460317460316,2.6587301587301586,13.84920634920635,15.119047619047619,5.0396825396825395,1.0,25.15898251192369,69.4356120826709,2.5,4.007936507936508
2022-09-07,11.785714285714286,20.27777777777778,7.261904761904762,18.76984126984127,25.674603174603174,6.5476190476190474,1.0,14.745627980922098,56.71701112877584,11.23015873015873,15.436507936507937
2022-09-08,6.944444444444445,22.341269841269842,9.96031746031746,21.706349206349206,33.76984126984127,7.103174603174603,1.0,12.281399046104928,42.329093799682035,15.198412698412698,15.476190476190476
2022-09-09,13.61111111111111,36.785714285714285,21.547619047619047,26.50793650793651,41.388888888888886,8.76984126984127,1.9444444444444444,23.012718600953896,49.56279809220986,29.325396825396826,15.515873015873016
2022-09-12,11.15079365079365,62.817460317460316,31.30952380952381,24.166666666666668,27.103174603174605,10.436507936507937,2.6587301587301586,24.60254372019078,59.10174880763116,37.42063492063492,35.23809523809524
2022-09-13,2.5793650793650795,56.62698412698413,6.468253968253968,15.119047619047619,15.03968253968254,5.674603174603175,1.0,13.553259141494436,41.61367249602544,9.563492063492063,35.27777777777778
2022-09-14,3.4523809523809526,61.30952380952381,11.30952380952381,16.785714285714285,22.738095238095237,6.309523809523809,1.0,21.740858505564386,45.588235294117645,13.76984126984127,58.29365079365079
2022-09-15,2.9761904761904763,38.37301587301587,7.658730158730159,16.46825396825397,22.976190476190474,5.277777777777778,1.0,12.201907790143084,30.325914149443562,8.214285714285714,58.29365079365079
2022-09-16,2.261904761904762,56.388888888888886,8.055555555555555,15.833333333333334,22.976190476190474,5.0396825396825395,1.0,10.771065182829888,26.35135135135135,6.944444444444445,35.317460317460316
2022-09-19,4.325396825396825,53.611111111111114,12.5,17.182539682539684,22.42063492063492,5.753968253968254,1.0,18.640699523052465,38.910969793322735,10.912698412698413,58.333333333333336
2022-09-20,6.865079365079365,36.94444444444444,10.992063492063492,15.0,15.674603174603174,5.277777777777778,1.1507936507936507,27.623211446740857,27.543720190779013,7.817460317460317,58.37301587301587
2022-09-21,4.563492063492063,30.11904761904762,6.468253968253968,12.976190476190476,15.992063492063492,4.325396825396825,1.0,25.39745627980922,28.17965023847377,3.8492063492063493,35.357142857142854
2022-09-22,3.6904761904761907,23.134920634920636,5.0396825396825395,15.833333333333334,17.023809523809526,3.4523809523809526,1.0,42.96502384737679,33.34658187599364,2.1825396825396823,15.555555555555555
2022-09-23,1.7063492063492063,15.03968253968254,3.5317460317460316,10.674603174603174,12.658730158730158,2.8968253968253967,1.0,47.01907790143084,34.69793322734499,1.3095238095238095,4.0476190476190474
2022-09-26,4.166666666666667,15.674603174603174,3.611111111111111,6.071428571428571,8.055555555555555,2.8174603174603177,1.0,69.11764705882354,52.3449920508744,1.1507936507936507,1.0
2022-09-27,4.722222222222222,21.150793650793652,4.642857142857143,5.992063492063492,8.214285714285714,3.134920634920635,1.0,73.72813990461049,69.99205087440382,1.3888888888888888,4.166666666666667
2022-09-28,9.880952380952381,24.246031746031747,12.261904761904763,8.61111111111111,12.817460317460318,4.325396825396825,1.0,63.39427662957075,45.111287758346585,6.944444444444445,4.2063492063492065
2022-09-29,5.595238095238095,21.626984126984127,4.642857142857143,6.26984126984127,10.119047619047619,2.6587301587301586,1.0,56.95548489666137,44.952305246422895,1.8650793650793651,4.246031746031746
2022-09-30,4.246031746031746,16.944444444444443,2.6587301587301586,6.904761904761905,11.706349206349206,1.8650793650793651,1.0,36.049284578696344,38.03656597774245,1.0714285714285714,4.285714285714286
2022-10-03,9.325396825396826,18.055555555555557,9.087301587301587,8.69047619047619,14.563492063492063,3.4523809523809526,1.0,40.26232114467408,29.76947535771065,6.5476190476190474,4.325396825396825
2022-10-04,21.071428571428573,23.055555555555557,23.61111111111111,12.063492063492063,14.642857142857142,5.515873015873016,2.6587301587301586,35.41335453100159,22.694753577106518,21.547619047619047,15.952380952380953
2022-10-05,13.928571428571429,18.53174603174603,25.03968253968254,12.261904761904763,17.5,5.753968253968254,1.626984126984127,50.75516693163752,23.966613672496024,20.833333333333332,15.992063492063492
2022-10-06,10.436507936507937,17.023809523809526,23.214285714285715,8.412698412698413,12.023809523809524,5.436507936507937,1.0,60.37360890302067,21.184419713831478,17.658730158730158,16.03174603174603
2022-10-07,2.261904761904762,14.404761904761905,8.214285714285714,6.428571428571429,15.515873015873016,2.738095238095238,1.0,39.94435612082671,19.674085850556438,5.436507936507937,16.071428571428573
2022-10-10,1.5476190476190477,14.404761904761905,7.5,4.325396825396825,11.865079365079366,2.4206349206349205,1.0,35.41335453100159,23.251192368839426,4.246031746031746,16.11111111111111
2022-10-11,4.484126984126984,13.293650793650794,5.515873015873016,3.8492063492063493,9.166666666666666,1.7857142857142858,1.0,39.705882352941174,20.389507154213035,2.5,4.365079365079365
2022-10-12,3.611111111111111,12.261904761904763,7.023809523809524,3.8492063492063493,8.373015873015873,1.8650793650793651,1.0,35.810810810810814,17.527821939586644,2.4206349206349205,1.0
2022-10-13,9.087301587301587,13.452380952380953,17.658730158730158,4.880952380952381,9.880952380952381,3.6904761904761907,1.0,52.027027027027025,19.515103338632752,10.992063492063492,4.484126984126984
2022-10-14,4.9603174603174605,9.96031746031746,7.103174603174603,5.595238095238095,13.531746031746032,1.7857142857142858,1.0,55.68362480127186,22.694753577106518,4.246031746031746,4.523809523809524
2022-10-17,9.246031746031745,10.515873015873016,23.928571428571427,6.468253968253968,13.055555555555555,4.166666666666667,1.0,52.186009538950714,29.53100158982512,17.738095238095237,4.563492063492063
2022-10-18,13.134920634920634,9.166666666666666,31.23015873015873,8.61111111111111,13.928571428571429,4.642857142857143,1.0,31.43879173290938,26.430842607313195,21.38888888888889,4.603174603174603
2022-10-19,18.373015873015873,7.103174603174603,30.27777777777778,7.976190476190476,14.96031746031746,4.642857142857143,1.0,45.508744038155804,29.213036565977742,19.642857142857142,4.642857142857143
2022-10-20,20.595238095238095,8.69047619047619,27.57936507936508,9.246031746031745,17.5,4.404761904761905,1.0,36.685214626391094,37.79809220985692,17.738095238095237,4.682539682539683
2022-10-21,36.54761904761905,12.976190476190476,52.65873015873016,11.15079365079365,17.023809523809526,6.7063492063492065,1.0,39.705882352941174,42.88553259141494,31.150793650793652,16.785714285714285
2022-10-24,44.642857142857146,17.738095238095237,69.56349206349206,9.801587301587302,14.087301587301587,7.896825396825397,1.0714285714285714,31.836248012718602,56.16057233704292,36.86507936507937,36.58730158730159
2022-10-25,59.24603174603175,14.563492063492063,93.05555555555556,13.84920634920635,18.055555555555557,9.96031746031746,1.3095238095238095,24.761526232114466,34.45945945945946,48.29365079365079,59.36507936507937
2022-10-26,32.57936507936508,9.484126984126984,62.1031746031746,17.023809523809526,22.896825396825395,7.976190476190476,1.0,13.473767885532592,26.90779014308426,34.48412698412698,59.32539682539682
2022-10-27,37.57936507936508,5.277777777777778,35.67460317460318,15.03968253968254,18.928571428571427,6.388888888888889,1.0,8.863275039745629,15.54054054054054,25.515873015873016,36.54761904761905
2022-10-28,74.24603174603175,8.84920634920635,81.30952380952381,20.753968253968253,23.373015873015873,9.563492063492063,1.0,19.356120826709063,18.481717011128776,40.595238095238095,59.285714285714285
2022-10-31,44.88095238095238,7.817460317460317,57.34126984126984,22.46031746031746,21.626984126984127,8.452380952380953,1.0,17.289348171701114,15.937996820349762,34.404761904761905,36.507936507936506
2022-11-01,24.96031746031746,4.404761904761905,43.84920634920635,20.436507936507937,19.563492063492063,7.738095238095238,1.0,11.406995230524643,10.135135135135135,29.246031746031747,16.825396825396826
2022-11-02,13.84920634920635,1.8650793650793651,19.8015873015873,20.238095238095237,26.46825396825397,4.563492063492063,1.0,9.419713831478537,9.260731319554848,15.595238095238095,16.865079365079364
2022-11-03,10.595238095238095,1.2301587301587302,12.341269841269842,21.150793650793652,27.42063492063492,3.2936507936507935,1.0,5.604133545310016,8.624801271860095,9.563492063492063,16.904761904761905
2022-11-04,28.373015873015873,2.5,19.8015873015873,23.61111111111111,35.198412698412696,4.563492063492063,1.0,7.114467408585056,9.578696343402227,16.30952380952381,16.944444444444443
2022-11-07,38.611111111111114,4.166666666666667,25.833333333333332,23.69047619047619,36.30952380952381,6.150793650793651,1.0,9.10174880763116,9.419713831478537,21.706349206349206,16.984126984126984
2022-11-08,51.62698412698413,2.5793650793650795,30.436507936507937,21.865079365079364,29.166666666666668,6.785714285714286,1.0,10.373608903020667,9.260731319554848,26.23015873015873,17.023809523809526
2022-11-09,37.5,1.5476190476190477,16.23015873015873,19.404761904761905,33.45238095238095,4.484126984126984,1.0,6.717011128775835,10.453100158982512,15.992063492063492,17.063492063492063
2022-11-10,73.69047619047619,5.198412698412699,90.9920634920635,25.436507936507937,48.29365079365079,11.38888888888889,1.0,6.399046104928458,10.6120826709062,49.32539682539682,37.06349206349206
2022-11-11,96.15079365079364,6.071428571428571,96.07142857142857,31.50793650793651,57.817460317460316,13.76984126984127,1.7063492063492063,6.796502384737678,9.578696343402227,58.29365079365079,37.1031746031746
2022-11-14,78.69047619047619,5.595238095238095,90.91269841269842,26.984126984126984,44.24603174603175,12.579365079365079,1.0,5.922098569157392,11.16852146263911,51.54761904761905,37.142857142857146
2022-11-15,84.08730158730158,8.373015873015873,95.5952380952381,25.595238095238095,37.976190476190474,14.880952380952381,1.5476190476190477,7.352941176470588,9.896661367249603,59.007936507936506,59.88095238095238
2022-11-16,74.96031746031746,6.5476190476190474,84.64285714285714,26.944444444444443,37.023809523809526,12.896825396825397,1.0,6.24006359300477,11.327503974562799,48.611111111111114,59.84126984126984
2022-11-17,77.81746031746032,8.531746031746032,78.2936507936508,27.182539682539684,36.86507936507937,12.817460317460318,1.0,6.319554848966614,12.758346581875994,46.785714285714285,59.84126984126984
2022-11-18,57.26190476190476,12.817460317460318,75.11904761904762,30.27777777777778,42.65873015873016,13.134920634920634,1.0,4.411764705882353,11.486486486486486,46.86507936507937,59.801587301587304
2022-11-21,42.1031746031746,10.833333333333334,54.801587301587304,31.746031746031747,46.30952380952381,11.944444444444445,1.0,3.1399046104928456,9.896661367249603,40.833333333333336,37.023809523809526
2022-11-22,38.76984126984127,13.055555555555555,81.30952380952381,36.62698412698413,51.23015873015873,14.325396825396826,1.0,4.17329093799682,11.009538950715422,49.007936507936506,36.98412698412698
2022-11-23,61.785714285714285,11.706349206349206,89.8015873015873,42.142857142857146,60.11904761904762,15.753968253968255,1.4682539682539681,11.645468998410175,12.440381558028617,55.357142857142854,59.76190476190476
2022-11-25,72.18253968253968,17.341269841269842,78.05555555555556,41.507936507936506,60.75396825396825,15.198412698412698,1.2301587301587302,15.063593004769475,11.804451510333863,49.08730158730159,36.904761904761905
2022-11-28,38.29365079365079,16.38888888888889,52.5,34.88095238095238,52.023809523809526,12.896825396825397,1.5476190476190477,13.63275039745628,12.917329093799681,39.08730158730159,16.984126984126984
2022-11-29,40.992063492063494,17.261904761904763,41.86507936507937,34.56349206349206,53.29365079365079,12.182539682539682,1.0,11.406995230524643,10.850556438791733,34.404761904761905,17.023809523809526
2022-11-30,84.88095238095238,26.547619047619047,94.72222222222223,43.13492063492063,58.69047619047619,19.166666666666668,3.0555555555555554,37.16216216216216,14.58664546899841,62.34126984126984,17.063492063492063
2022-12-01,95.91269841269842,26.785714285714285,93.2936507936508,44.56349206349206,69.72222222222223,19.404761904761905,3.5317460317460316,33.50556438791733,12.360890302066773,62.65873015873016,37.06349206349206
2022-12-02,97.97619047619048,29.166666666666668,86.23015873015873,48.96825396825397,80.1984126984127,19.08730158730159,3.2936507936507935,45.270270270270274,14.0302066772655,58.92857142857143,37.06349206349206
2022-12-05,92.97619047619048,26.865079365079364,50.51587301587302,44.24603174603175,61.46825396825397,16.46825396825397,3.373015873015873,52.98092209856916,15.620031796502385,43.45238095238095,17.103174603174605
2022-12-06,73.37301587301587,19.08730158730159,27.658730158730158,38.17460317460318,49.32539682539682,13.928571428571429,1.9444444444444444,37.95707472178061,15.937996820349762,30.753968253968253,17.142857142857142
2022-12-07,62.1031746031746,17.658730158730158,24.166666666666668,35.15873015873016,47.817460317460316,12.976190476190476,1.0,39.308426073131955,17.20985691573927,28.61111111111111,4.722222222222222
2022-12-08,91.07142857142857,16.150793650793652,29.484126984126984,38.01587301587302,47.817460317460316,15.277777777777779,1.0,51.15262321144674,17.05087440381558,36.23015873015873,4.761904761904762
2022-12-09,34.48412698412698,13.214285714285714,25.1984126984127,36.111111111111114,45.67460317460318,14.484126984126984,1.1507936507936507,47.73449920508744,16.414944356120827,32.26190476190476,4.801587301587301
2022-12-12,32.1031746031746,25.515873015873016,33.84920634920635,26.944444444444443,17.42063492063492,16.626984126984127,1.3095238095238095,46.54213036565978,19.11764705882353,39.96031746031746,17.42063492063492
2022-12-13,42.34126984126984,25.91269841269841,45.198412698412696,41.388888888888886,36.23015873015873,18.76984126984127,2.9761904761904763,40.97774244833068,16.812400635930047,46.86507936507937,37.53968253968254
2022-12-14,31.38888888888889,27.738095238095237,36.388888888888886,46.54761904761905,48.13492063492063,17.5,3.2142857142857144,42.170111287758345,18.56120826709062,40.992063492063494,17.46031746031746
2022-12-15,23.76984126984127,22.182539682539684,16.071428571428573,39.682539682539684,44.007936507936506,11.785714285714286,1.0,29.848966613672495,18.163751987281398,20.03968253968254,4.841269841269841
2022-12-16,21.865079365079364,19.166666666666668,12.976190476190476,39.84126984126984,49.007936507936506,11.23015873015873,1.0,16.65341812400636,12.360890302066773,16.071428571428573,4.880952380952381
2022-12-19,16.865079365079364,18.293650793650794,8.531746031746032,39.08730158730159,51.785714285714285,10.277777777777779,1.0,29.133545310015897,11.963434022257552,10.515873015873016,4.920634920634921
2022-12-20,20.436507936507937,21.150793650793652,9.087301587301587,43.29365079365079,57.65873015873016,10.277777777777779,1.0,37.08267090620032,12.51987281399046,9.96031746031746,4.9603174603174605
2022-12-21,20.436507936507937,26.785714285714285,15.436507936507937,48.84920634920635,66.7063492063492,11.547619047619047,1.0,35.41335453100159,9.10174880763116,19.484126984126984,17.817460317460316
2022-12-22,9.246031746031745,25.11904761904762,7.103174603174603,39.682539682539684,55.11904761904762,9.166666666666666,1.0,23.887122416534183,7.829888712241654,9.087301587301587,5.0
2022-12-23,11.785714285714286,26.626984126984127,9.722222222222221,44.682539682539684,64.0079365079365,9.801587301587302,1.0,30.08744038155803,6.081081081081081,10.436507936507937,17.936507936507937
2022-12-27,11.547619047619047,23.214285714285715,5.515873015873016,37.1031746031746,55.67460317460318,8.293650793650794,1.0,17.4483306836248,3.21939586645469,5.833333333333333,5.0396825396825395
2022-12-28,10.03968253968254,16.865079365079364,3.5317460317460316,34.56349206349206,48.29365079365079,6.944444444444445,1.0,30.88235294117647,6.24006359300477,3.4523809523809526,1.0
2022-12-29,6.309523809523809,27.976190476190474,13.055555555555555,39.76190476190476,50.833333333333336,9.96031746031746,1.0,16.971383147853736,7.1939586645469,16.071428571428573,5.158730158730159
2022-12-30,5.912698412698413,32.1031746031746,14.563492063492063,38.29365079365079,52.976190476190474,10.119047619047619,1.0,23.569157392686805,9.419713831478537,15.277777777777779,5.198412698412699
2023-01-03,5.833333333333333,24.96031746031746,13.76984126984127,31.26984126984127,34.96031746031746,9.246031746031745,1.0,19.435612082670907,8.70429252782194,13.134920634920634,5.238095238095238
2023-01-04,9.801587301587302,19.642857142857142,18.452380952380953,34.84126984126984,37.976190476190474,10.436507936507937,1.0,7.829888712241654,7.114467408585056,15.595238095238095,18.333333333333332
2023-01-05,10.833333333333334,16.547619047619047,12.182539682539682,32.817460317460316,34.56349206349206,8.373015873015873,1.0,9.65818759936407,6.001589825119237,8.84920634920635,18.373015873015873
2023-01-06,21.706349206349206,23.76984126984127,28.055555555555557,41.904761904761905,43.84920634920635,11.944444444444445,1.3888888888888888,8.70429252782194,4.8092209856915735,27.57936507936508,18.41269841269841
2023-01-09,19.484126984126984,34.801587301587304,34.32539682539682,37.06349206349206,37.57936507936508,12.5,1.7857142857142858,7.273449920508744,6.955484896661368,31.46825396825397,38.53174603174603
2023-01-10,24.96031746031746,42.182539682539684,44.08730158730159,42.22222222222222,46.70634920634921,14.007936507936508,2.9761904761904763,6.955484896661368,7.114467408585056,37.73809523809524,38.57142857142857
2023-01-11,26.30952380952381,55.357142857142854,72.34126984126983,40.51587301587302,36.62698412698413,17.42063492063492,3.7698412698412698,7.511923688394277,8.306836248012718,49.32539682539682,60.833333333333336
2023-01-12,24.8015873015873,58.05555555555556,83.69047619047619,51.15079365079365,61.23015873015873,18.69047619047619,3.373015873015873,7.034976152623211,7.273449920508744,53.92857142857143,81.19047619047619
2023-01-13,29.8015873015873,51.785714285714285,91.78571428571429,53.492063492063494,63.76984126984127,20.436507936507937,3.4523809523809526,8.386327503974563,6.875993640699523,59.72222222222222,81.23015873015873
2023-01-17,48.69047619047619,67.5,91.94444444444444,51.23015873015873,48.095238095238095,20.833333333333332,5.277777777777778,11.248012718600954,7.591414944356121,60.91269841269841,94.72222222222223
2023-01-18,45.91269841269841,44.642857142857146,76.30952380952381,48.92857142857143,43.05555555555556,18.76984126984127,4.087301587301587,16.414944356120827,4.888712241653418,45.992063492063494,94.72222222222223
2023-01-19,49.007936507936506,37.42063492063492,56.94444444444444,49.404761904761905,42.73809523809524,17.261904761904763,5.198412698412699,14.904610492845787,8.70429252782194,37.73809523809524,81.26984126984127
2023-01-20,71.46825396825396,52.26190476190476,92.18253968253968,51.94444444444444,42.8968253968254,22.341269841269842,6.468253968253968,16.65341812400636,6.63751987281399,60.357142857142854,94.76190476190476
2023-01-23,77.26190476190476,64.56349206349206,97.89682539682539,51.94444444444444,41.388888888888886,25.91269841269841,8.293650793650794,16.335453100158983,4.491255961844197,76.15079365079364,94.76190476190476
2023-01-24,91.94444444444444,52.73809523809524,96.54761904761905,52.023809523809526,40.51587301587302,25.91269841269841,9.722222222222221,25.0,4.332273449920509,73.84920634920636,81.30952380952381
2023-01-25,89.96031746031746,45.51587301587302,94.72222222222223,52.142857142857146,44.56349206349206,25.91269841269841,9.404761904761905,23.012718600953896,3.1399046104928456,70.27777777777777,60.87301587301587
2023-01-26,97.26190476190476,45.11904761904762,98.37301587301587,50.357142857142854,47.5,28.61111111111111,11.071428571428571,38.513513513513516,6.63751987281399,83.53174603174604,60.91269841269841
2023-01-27,98.76984126984127,60.67460317460318,98.76984126984127,52.1031746031746,47.8968253968254,30.595238095238095,11.30952380952381,34.77742448330684,11.16852146263911,88.21428571428571,60.95238095238095
2023-01-30,93.21428571428571,59.72222222222222,91.23015873015873,45.91269841269841,34.642857142857146,26.944444444444443,11.071428571428571,30.484896661367248,14.0302066772655,64.16666666666667,38.611111111111114
2023-01-31,95.9920634920635,53.13492063492063,95.51587301587301,47.857142857142854,34.88095238095238,30.11904761904762,10.357142857142858,23.251192368839426,11.009538950715422,75.9920634920635,38.65079365079365
2023-02-01,98.61111111111111,70.35714285714286,98.84920634920636,53.80952380952381,52.1031746031746,33.214285714285715,10.119047619047619,30.643879173290937,13.155802861685215,87.10317460317461,61.03174603174603
2023-02-02,99.0,86.38888888888889,99.0,50.357142857142854,50.595238095238095,45.91269841269841,11.38888888888889,59.81717011128776,19.753577106518282,96.07142857142857,81.38888888888889
2023-02-03,99.0,90.11904761904762,98.84920634920636,49.36507936507937,58.45238095238095,38.92857142857143,10.357142857142858,69.4356120826709,21.82034976152623,85.11904761904762,60.91269841269841
2023-02-06,97.97619047619048,92.57936507936508,95.51587301587301,47.42063492063492,45.992063492063494,35.595238095238095,11.785714285714286,75.23847376788554,26.90779014308426,77.02380952380952,38.492063492063494
2023-02-07,98.76984126984127,93.61111111111111,98.69047619047619,49.12698412698413,50.595238095238095,43.84920634920635,12.261904761904763,86.12877583465819,33.028616852146264,86.54761904761905,60.87301587301587
2023-02-08,96.78571428571429,87.26190476190476,91.46825396825396,44.801587301587304,49.801587301587304,36.94444444444444,11.706349206349206,84.85691573926869,30.08744038155803,69.48412698412699,60.833333333333336
2023-02-09,92.26190476190476,82.02380952380952,78.61111111111111,38.29365079365079,39.24603174603175,34.24603174603175,10.595238095238095,84.85691573926869,31.59777424483307,60.27777777777778,38.29365079365079
2023-02-10,88.53174603174604,87.34126984126983,60.27777777777778,41.26984126984127,44.48412698412698,32.817460317460316,9.642857142857142,83.50556438791733,33.74403815580286,54.32539682539682,18.015873015873016
2023-02-13,91.62698412698413,65.75396825396825,81.86507936507937,40.79365079365079,37.1031746031746,37.57936507936508,11.38888888888889,80.88235294117646,32.790143084260734,65.1984126984127,38.25396825396825
2023-02-14,93.21428571428571,59.56349206349206,85.35714285714286,50.63492063492063,52.5,40.75396825396825,13.373015873015873,83.58505564387917,34.69793322734499,70.67460317460318,38.25396825396825
2023-02-15,96.15079365079364,70.1984126984127,88.05555555555556,53.92857142857143,58.611111111111114,43.84920634920635,13.69047619047619,80.72337042925278,29.848966613672495,75.51587301587301,38.25396825396825
2023-02-16,94.72222222222223,52.65873015873016,50.27777777777778,46.785714285714285,38.37301587301587,36.07142857142857,11.626984126984127,65.06359300476947,27.623211446740857,53.92857142857143,18.015873015873016
2023-02-17,81.86507936507937,55.51587301587302,37.57936507936508,47.817460317460316,39.166666666666664,34.32539682539682,11.30952380952381,59.41971383147854,24.125596184419713,47.182539682539684,18.055555555555557
2023-02-21,45.992063492063494,45.11904761904762,21.30952380952381,33.492063492063494,14.880952380952381,30.515873015873016,11.706349206349206,67.52782193958664,23.09220985691574,30.515873015873016,18.095238095238095
2023-02-22,47.57936507936508,45.357142857142854,21.23015873015873,35.992063492063494,13.452380952380953,30.833333333333332,12.579365079365079,62.36089030206677,25.715421303656598,31.071428571428573,18.134920634920636
2023-02-23,55.67460317460318,54.56349206349206,25.357142857142858,43.13492063492063,16.944444444444443,31.944444444444443,13.214285714285714,74.20508744038156,32.31319554848967,37.65873015873016,38.611111111111114
2023-02-24,34.166666666666664,39.88095238095238,15.912698412698413,41.388888888888886,19.246031746031747,29.246031746031747,13.928571428571429,57.511923688394276,29.213036565977742,26.30952380952381,38.65079365079365
2023-02-27,33.29365079365079,39.08730158730159,20.27777777777778,44.523809523809526,17.658730158730158,30.833333333333332,12.817460317460318,63.07631160572337,29.37201907790143,31.30952380952381,61.23015873015873
2023-02-28,42.26190476190476,41.46825396825397,19.404761904761905,45.63492063492063,17.5,30.357142857142858,11.468253968253968,67.4483306836248,33.028616852146264,30.1984126984127,38.69047619047619
2023-03-01,30.357142857142858,44.56349206349206,14.96031746031746,45.198412698412696,20.11904761904762,28.69047619047619,10.674603174603174,68.64069952305246,27.384737678855327,25.436507936507937,18.174603174603174
2023-03-02,26.071428571428573,52.73809523809524,20.833333333333332,49.20634920634921,26.071428571428573,30.595238095238095,12.658730158730158,66.57392686804451,34.22098569157393,31.785714285714285,18.214285714285715
2023-03-03,21.547619047619047,40.198412698412696,35.03968253968254,53.84920634920635,36.94444444444444,34.08730158730159,13.134920634920634,60.21462639109698,26.748807631160574,46.54761904761905,38.80952380952381
2023-03-06,28.134920634920636,40.198412698412696,36.62698412698413,54.404761904761905,34.32539682539682,34.32539682539682,13.61111111111111,73.88712241653418,37.48012718600954,47.182539682539684,61.34920634920635
2023-03-07,26.547619047619047,37.182539682539684,28.53174603174603,53.05555555555556,24.72222222222222,32.26190476190476,13.76984126984127,73.72813990461049,38.27503974562798,37.26190476190476,61.34920634920635
2023-03-08,21.46825396825397,47.5,34.166666666666664,54.96031746031746,26.865079365079364,33.13492063492063,15.833333333333334,58.94276629570747,37.00317965023847,41.07142857142857,61.388888888888886
2023-03-09,21.785714285714285,48.92857142857143,23.53174603174603,45.07936507936508,11.785714285714286,29.88095238095238,15.277777777777779,75.07949125596184,46.70111287758347,27.182539682539684,38.84920634920635
2023-03-10,20.11904761904762,44.56349206349206,16.865079365079364,36.46825396825397,15.119047619047619,27.023809523809526,12.817460317460318,88.8314785373609,60.05564387917329,18.452380952380953,38.888888888888886
2023-03-13,25.11904761904762,41.94444444444444,22.261904761904763,29.404761904761905,10.119047619047619,28.69047619047619,13.76984126984127,96.62162162162163,80.5643879173291,24.8015873015873,38.92857142857143
2023-03-14,27.103174603174605,55.992063492063494,38.76984126984127,44.08730158730159,24.08730158730159,33.05555555555556,16.150793650793652,96.93958664546899,83.18759936406995,42.57936507936508,61.666666666666664
2023-03-15,26.150793650793652,53.214285714285715,45.27777777777778,33.13492063492063,21.38888888888889,33.69047619047619,17.261904761904763,97.57551669316375,90.26232114467409,45.27777777777778,81.86507936507937
2023-03-16,33.92857142857143,59.96031746031746,86.23015873015873,45.198412698412696,32.42063492063492,42.42063492063492,17.182539682539684,98.13195548489666,92.01112877583466,66.15079365079364,81.86507936507937
2023-03-17,40.833333333333336,61.46825396825397,79.48412698412699,35.11904761904762,35.198412698412696,40.91269841269841,14.96031746031746,98.37042925278219,92.56756756756756,61.15079365079365,61.666666666666664
2023-03-20,47.023809523809526,78.84920634920636,82.97619047619048,39.285714285714285,33.37301587301587,42.26190476190476,14.96031746031746,98.37042925278219,93.5214626391097,63.92857142857143,61.62698412698413
2023-03-21,76.46825396825396,85.5952380952381,92.42063492063492,50.03968253968254,45.833333333333336,48.611111111111114,14.563492063492063,98.29093799682035,94.55484896661368,75.5952380952381,81.82539682539682
2023-03-22,64.08730158730158,85.67460317460318,76.15079365079364,45.476190476190474,43.13492063492063,42.5,13.69047619047619,98.37042925278219,94.7933227344992,57.73809523809524,61.507936507936506
2023-03-23,66.78571428571429,89.08730158730158,89.0079365079365,45.595238095238095,38.69047619047619,48.05555555555556,13.452380952380953,98.60890302066773,95.11128775834658,68.37301587301587,81.78571428571429
2023-03-24,84.64285714285714,86.54761904761905,88.76984126984127,49.404761904761905,45.51587301587302,49.56349206349206,14.801587301587302,98.60890302066773,94.87281399046105,71.15079365079364,94.84126984126983
2023-03-27,72.5,91.23015873015873,76.62698412698413,52.1031746031746,49.166666666666664,45.833333333333336,12.420634920634921,98.13195548489666,94.7933227344992,60.992063492063494,81.66666666666667
2023-03-28,68.76984126984127,88.92857142857143,62.817460317460316,54.36507936507937,54.08730158730159,43.611111111111114,12.261904761904763,97.89348171701113,94.39586645468998,54.404761904761905,61.23015873015873
2023-03-29,89.48412698412699,94.4047619047619,86.94444444444444,56.15079365079365,54.96031746031746,52.57936507936508,12.420634920634921,97.97297297297297,94.7933227344992,71.7063492063492,61.19047619047619
2023-03-30,89.8015873015873,95.83333333333333,91.15079365079364,56.111111111111114,56.30952380952381,58.76984126984127,11.785714285714286,98.05246422893482,94.63434022257552,78.84920634920636,61.15079365079365
2023-03-31,87.81746031746032,95.11904761904762,95.9920634920635,56.98412698412698,59.08730158730159,68.69047619047619,14.166666666666666,97.65500794912559,94.55484896661368,88.37301587301587,81.62698412698413
2023-04-03,85.51587301587301,94.96031746031746,94.16666666666667,56.62698412698413,54.32539682539682,66.78571428571429,15.436507936507937,97.25755166931637,94.71383147853736,85.5952380952381,61.03174603174603
2023-04-04,90.35714285714286,95.1984126984127,90.91269841269842,54.682539682539684,54.48412698412698,63.92857142857143,14.801587301587302,97.81399046104929,95.5087440381558,80.9920634920635,38.095238095238095
2023-04-05,80.35714285714286,94.16666666666667,75.35714285714286,53.45238095238095,55.198412698412696,56.388888888888886,12.5,97.73449920508745,95.74721780604133,64.88095238095238,38.095238095238095
2023-04-06,92.97619047619048,95.91269841269842,80.83333333333333,56.23015873015873,60.43650793650794,61.785714285714285,14.880952380952381,97.65500794912559,95.98569157392687,72.81746031746032,38.095238095238095
2023-04-10,94.96031746031746,93.69047619047619,69.96031746031746,53.53174603174603,48.84920634920635,60.595238095238095,16.38888888888889,96.2241653418124,95.6677265500795,71.62698412698413,17.57936507936508
2023-04-11,92.26190476190476,92.18253968253968,52.57936507936508,52.8968253968254,44.166666666666664,54.88095238095238,16.071428571428573,90.02384737678855,95.27027027027027,59.96031746031746,17.61904761904762
2023-04-12,73.2936507936508,87.65873015873017,37.8968253968254,53.92857142857143,45.11904761904762,48.84920634920635,16.150793650793652,87.9570747217806,95.42925278219396,46.23015873015873,17.658730158730158
2023-04-13,86.07142857142857,88.2936507936508,59.88095238095238,58.45238095238095,59.801587301587304,62.5,18.76984126984127,84.61844197138315,95.6677265500795,67.89682539682539,17.6984126984127
2023-04-14,61.15079365079365,86.7063492063492,53.76984126984127,62.023809523809526,71.46825396825396,60.75396825396825,18.849206349206348,76.11287758346582,95.82670906200318,64.0079365079365,4.642857142857143
2023-04-17,65.9920634920635,84.56349206349206,51.94444444444444,62.8968253968254,66.78571428571429,60.75396825396825,17.976190476190474,62.99682034976153,95.34976152623211,64.4047619047619,4.682539682539683
2023-04-18,63.29365079365079,83.84920634920636,49.404761904761905,65.91269841269842,73.13492063492063,60.27777777777778,19.08730158730159,58.227344992050874,95.34976152623211,64.8015873015873,17.896825396825395
2023-04-19,52.34126984126984,87.65873015873017,46.94444444444444,66.94444444444444,85.83333333333333,59.32539682539682,19.08730158730159,57.591414944356124,95.27027027027027,64.24603174603175,17.936507936507937
2023-04-20,56.30952380952381,88.21428571428571,36.15079365079365,63.65079365079365,80.51587301587301,53.13492063492063,17.5,42.249602543720194,94.87281399046105,49.801587301587304,17.976190476190474
2023-04-21,48.29365079365079,80.27777777777777,36.30952380952381,66.62698412698413,85.67460317460318,53.37301587301587,18.61111111111111,30.723370429252782,94.71383147853736,51.388888888888886,18.015873015873016
2023-04-24,44.801587301587304,72.73809523809524,33.84920634920635,65.03968253968254,83.05555555555556,51.23015873015873,19.642857142857142,32.94912559618442,94.63434022257552,46.785714285714285,18.055555555555557
2023-04-25,37.817460317460316,63.45238095238095,21.785714285714285,59.285714285714285,64.24603174603175,41.46825396825397,19.88095238095238,46.38314785373609,94.47535771065183,23.76984126984127,18.055555555555557
2023-04-26,44.24603174603175,68.45238095238095,24.8015873015873,59.96031746031746,60.357142857142854,44.24603174603175,19.72222222222222,77.70270270270271,95.6677265500795,30.753968253968253,38.92857142857143
2023-04-27,50.43650793650794,72.26190476190476,46.62698412698413,68.13492063492063,80.11904761904762,61.86507936507937,25.357142857142858,85.9697933227345,95.82670906200318,61.785714285714285,38.92857142857143
2023-04-28,48.76984126984127,70.75396825396825,54.801587301587304,71.9047619047619,91.38888888888889,65.1984126984127,26.547619047619047,78.81558028616853,95.34976152623211,70.11904761904762,61.58730158730159
2023-05-01,37.65873015873016,77.97619047619048,52.57936507936508,71.5079365079365,87.65873015873017,64.0079365079365,21.944444444444443,80.08744038155803,95.5087440381558,67.34126984126983,38.92857142857143
2023-05-02,34.72222222222222,67.89682539682539,40.992063492063494,64.52380952380952,68.37301587301587,56.94444444444444,26.706349206349206,82.23370429252782,96.2241653418124,51.30952380952381,18.095238095238095
2023-05-03,33.92857142857143,53.05555555555556,35.11904761904762,62.46031746031746,66.62698412698413,51.785714285714285,23.373015873015873,67.2893481717011,96.06518282988871,41.94444444444444,18.095238095238095
2023-05-04,37.023809523809526,35.67460317460318,32.57936507936508,59.08730158730159,57.023809523809526,49.48412698412698,22.976190476190474,75.0,95.90620031796503,37.65873015873016,18.095238095238095
2023-05-05,44.007936507936506,53.29365079365079,55.595238095238095,71.07142857142857,83.45238095238095,64.4047619047619,21.785714285714285,71.42289348171701,95.82670906200318,62.57936507936508,18.134920634920636
2023-05-08,46.54761904761905,59.08730158730159,57.976190476190474,71.46825396825396,86.7063492063492,65.75396825396825,29.08730158730159,87.241653418124,96.06518282988871,65.03968253968254,39.04761904761905
2023-05-09,46.30952380952381,45.91269841269841,46.388888888888886,69.32539682539682,79.56349206349206,61.388888888888886,30.515873015873016,92.6470588235294,95.11128775834658,53.214285714285715,39.08730158730159
2023-05-10,60.91269841269841,60.27777777777778,59.642857142857146,74.88095238095238,87.10317460317461,68.21428571428571,41.388888888888886,94.15739268680446,96.2241653418124,66.86507936507937,39.12698412698413
2023-05-11,48.84920634920635,66.86507936507937,63.05555555555556,77.38095238095238,85.9920634920635,69.32539682539682,39.24603174603175,93.04451510333864,96.46263910969793,71.7063492063492,39.166666666666664
2023-05-12,48.13492063492063,68.61111111111111,56.388888888888886,76.54761904761905,84.08730158730158,67.02380952380952,43.69047619047619,91.3751987281399,96.30365659777425,62.976190476190474,18.174603174603174
2023-05-15,51.30952380952381,62.73809523809524,62.34126984126984,76.54761904761905,75.75396825396825,69.96031746031746,44.88095238095238,91.85214626391097,95.90620031796503,71.30952380952381,39.24603174603175
2023-05-16,51.785714285714285,58.84920634920635,61.70634920634921,74.24603174603175,66.38888888888889,70.11904761904762,39.24603174603175,95.19077901430843,96.86009538950715,72.73809523809524,61.74603174603175
2023-05-17,60.75396825396825,61.785714285714285,80.75396825396825,78.45238095238095,76.86507936507937,75.11904761904762,43.53174603174603,95.03179650238474,97.01907790143085,85.1984126984127,81.74603174603175
2023-05-18,82.89682539682539,78.21428571428571,92.81746031746032,77.89682539682539,81.30952380952381,82.02380952380952,42.34126984126984,95.5087440381558,97.49602543720191,95.1984126984127,94.8015873015873
2023-05-19,80.03968253968254,79.56349206349206,89.8015873015873,75.67460317460318,78.13492063492063,81.15079365079364,48.92857142857143,95.5087440381558,97.57551669316375,92.5,81.62698412698413
2023-05-22,84.56349206349206,88.05555555555556,89.88095238095238,73.76984126984127,73.76984126984127,82.42063492063492,49.72222222222222,95.42925278219396,97.01907790143085,94.48412698412699,81.58730158730158
2023-05-23,88.53174603174604,83.76984126984127,67.57936507936508,68.53174603174604,57.34126984126984,76.86507936507937,48.69047619047619,94.9523052464229,96.93958664546899,73.92857142857143,81.54761904761905
2023-05-24,80.43650793650794,79.32539682539682,54.08730158730159,61.23015873015873,42.73809523809524,74.56349206349206,46.46825396825397,93.362480127186,97.41653418124007,62.42063492063492,61.388888888888886
2023-05-25,77.97619047619048,91.46825396825396,87.65873015873017,64.32539682539682,49.96031746031746,84.48412698412699,51.86507936507937,95.6677265500795,98.52941176470588,87.34126984126983,61.34920634920635
2023-05-26,90.43650793650794,93.76984126984127,97.02380952380952,62.26190476190476,58.214285714285715,88.45238095238095,52.65873015873016,96.62162162162163,98.68839427662957,96.7063492063492,81.5079365079365
2023-05-30,91.7063492063492,94.32539682539682,96.94444444444444,61.19047619047619,62.65873015873016,88.92857142857143,50.27777777777778,96.78060413354531,99.0,97.34126984126983,81.46825396825396
2023-05-31,92.10317460317461,94.64285714285714,93.13492063492063,62.61904761904762,53.611111111111114,87.42063492063492,45.357142857142854,96.70111287758347,99.0,92.18253968253968,61.15079365079365
2023-06-01,95.9920634920635,94.72222222222223,96.07142857142857,70.95238095238095,79.88095238095238,90.83333333333333,47.57936507936508,96.93958664546899,99.0,95.9920634920635,61.111111111111114
2023-06-02,97.5,93.37301587301587,96.30952380952381,78.84920634920636,88.53174603174604,92.57936507936508,49.404761904761905,95.6677265500795,98.9268680445151,97.42063492063492,61.07142857142857
2023-06-05,94.0079365079365,93.2936507936508,95.1984126984127,78.13492063492063,85.03968253968254,92.57936507936508,46.30952380952381,95.58823529411765,98.05246422893482,97.42063492063492,81.42857142857143
2023-06-06,93.69047619047619,94.56349206349206,93.45238095238095,82.38095238095238,86.7063492063492,92.42063492063492,49.642857142857146,93.60095389507154,97.33704292527823,97.5,81.38888888888889
2023-06-07,90.83333333333333,92.10317460317461,72.26190476190476,79.08730158730158,89.24603174603175,87.34126984126983,47.1031746031746,86.28775834658188,95.82670906200318,76.86507936507937,81.38888888888889
2023-06-08,91.30952380952381,95.11904761904762,84.72222222222223,81.78571428571429,90.5952380952381,90.75396825396825,47.42063492063492,87.241653418124,96.06518282988871,86.38888888888889,94.76190476190476
2023-06-09,91.23015873015873,96.46825396825396,83.53174603174604,80.7936507936508,87.97619047619048,91.46825396825396,48.84920634920635,86.6852146263911,95.19077901430843,88.37301587301587,94.72222222222223
2023-06-12,95.83333333333333,97.02380952380952,92.42063492063492,70.9920634920635,61.94444444444444,95.27777777777777,53.69047619047619,90.42130365659777,93.68044515103338,95.27777777777777,94.68253968253968
2023-06-13,96.15079365079364,95.91269841269842,93.76984126984127,73.65079365079364,72.26190476190476,96.94444444444444,60.27777777777778,89.94435612082671,92.48807631160572,96.86507936507937,94.64285714285714
2023-06-14,97.18253968253968,96.07142857142857,94.16666666666667,76.30952380952381,84.48412698412699,97.97619047619048,70.9920634920635,84.45945945945945,91.69316375198729,97.89682539682539,99.0
2023-06-15,97.10317460317461,94.72222222222223,96.30952380952381,72.26190476190476,74.56349206349206,98.92857142857143,72.02380952380952,86.36724960254372,91.29570747217807,99.0,99.0
2023-06-16,92.5,94.48412698412699,91.94444444444444,77.6984126984127,91.07142857142857,98.05555555555556,67.42063492063492,69.75357710651828,90.02384737678855,96.15079365079364,94.44444444444444
2023-06-20,92.73809523809524,94.16666666666667,89.32539682539682,74.64285714285714,93.37301587301587,97.81746031746032,73.76984126984127,85.09538950715421,91.13672496025437,95.35714285714286,80.87301587301587
2023-06-21,86.46825396825396,90.83333333333333,66.23015873015873,79.44444444444444,97.97619047619048,94.72222222222223,69.48412698412699,81.04133545310016,90.42130365659777,79.8015873015873,60.67460317460318
2023-06-22,94.08730158730158,93.84920634920636,78.53174603174604,81.58730158730158,98.2936507936508,97.10317460317461,67.26190476190476,91.29570747217807,90.81875993640699,88.05555555555556,80.83333333333333
2023-06-23,92.97619047619048,91.23015873015873,54.007936507936506,79.48412698412699,94.8015873015873,94.48412698412699,65.9920634920635,89.46740858505565,89.86486486486487,73.05555555555556,60.55555555555556
2023-06-26,72.26190476190476,86.86507936507937,35.03968253968254,71.74603174603175,78.84920634920636,90.9920634920635,59.32539682539682,42.726550079491254,87.71860095389508,50.595238095238095,38.37301587301587
2023-06-27,65.43650793650794,92.10317460317461,52.26190476190476,73.45238095238095,78.84920634920636,95.1984126984127,56.46825396825397,30.961844197138316,88.6724960254372,68.45238095238095,38.333333333333336
2023-06-28,63.214285714285715,92.81746031746032,51.46825396825397,74.24603174603175,73.45238095238095,95.1984126984127,57.65873015873016,31.200317965023846,90.18282988871225,69.72222222222223,38.29365079365079
2023-06-29,67.81746031746032,89.64285714285714,45.75396825396825,74.48412698412699,75.91269841269842,93.92857142857143,64.4047619047619,17.686804451510334,89.30842607313195,66.15079365079364,17.6984126984127
2023-06-30,70.35714285714286,91.23015873015873,66.15079365079364,77.81746031746032,71.15079365079364,97.57936507936508,67.18253968253968,20.548489666136724,89.94435612082671,82.26190476190476,17.658730158730158
2023-07-03,65.35714285714286,87.57936507936508,65.1984126984127,74.88095238095238,73.61111111111111,97.73809523809524,69.96031746031746,30.88235294117647,89.46740858505565,83.45238095238095,38.25396825396825
2023-07-05,64.48412698412699,88.45238095238095,60.75396825396825,74.76190476190476,66.15079365079364,97.18253968253968,68.37301587301587,33.267090620031794,89.3879173290938,83.21428571428571,38.25396825396825
2023-07-06,58.53174603174603,86.78571428571429,47.34126984126984,68.17460317460318,55.91269841269841,95.35714285714286,63.76984126984127,43.36248012718601,88.35453100158982,68.92857142857143,38.25396825396825
2023-07-07,70.43650793650794,88.92857142857143,39.801587301587304,70.11904761904762,65.27777777777777,93.69047619047619,61.30952380952381,59.181240063593,86.92368839427662,61.30952380952381,17.658730158730158
2023-07-10,59.801587301587304,86.62698412698413,38.45238095238095,68.2936507936508,59.007936507936506,93.21428571428571,56.785714285714285,30.643879173290937,82.7106518282989,62.023809523809526,38.333333333333336
2023-07-11,61.23015873015873,88.76984126984127,41.86507936507937,69.32539682539682,58.611111111111114,95.03968253968254,57.8968253968254,16.176470588235293,82.79014308426073,69.48412698412699,60.63492063492063
2023-07-12,57.34126984126984,92.10317460317461,56.86507936507937,78.33333333333333,76.54761904761905,97.18253968253968,65.5952380952381,17.766295707472178,86.92368839427662,83.53174603174604,60.67460317460318
2023-07-13,64.72222222222223,95.1984126984127,81.07142857142857,75.95238095238095,73.61111111111111,99.0,70.27777777777777,29.213036565977742,87.63910969793322,93.84920634920636,60.714285714285715
2023-07-14,58.53174603174603,92.89682539682539,78.21428571428571,77.18253968253968,79.96031746031746,98.84920634920636,70.35714285714286,33.58505564387917,87.55961844197138,93.2936507936508,60.75396825396825
2023-07-17,56.54761904761905,94.08730158730158,86.94444444444444,78.96825396825396,81.38888888888889,99.0,71.30952380952381,35.41335453100159,87.48012718600954,96.15079365079364,60.79365079365079
2023-07-18,69.4047619047619,95.11904761904762,91.07142857142857,80.07936507936508,83.13492063492063,99.0,69.48412698412699,52.74244833068362,88.8314785373609,97.65873015873017,60.833333333333336
2023-07-19,69.32539682539682,94.88095238095238,88.37301587301587,76.98412698412699,79.88095238095238,99.0,70.9920634920635,28.17965023847377,87.55961844197138,97.34126984126983,60.87301587301587
2023-07-20,60.51587301587302,91.78571428571429,52.57936507936508,72.42063492063492,76.78571428571429,96.54761904761905,60.43650793650794,24.68203497615262,85.57233704292528,62.023809523809526,60.91269841269841
2023-07-21,50.198412698412696,92.65873015873017,47.34126984126984,77.57936507936508,80.91269841269842,95.83333333333333,56.388888888888886,10.771065182829888,85.01589825119237,57.26190476190476,60.91269841269841
2023-07-24,58.29365079365079,92.73809523809524,46.388888888888886,75.63492063492063,67.26190476190476,95.67460317460318,55.595238095238095,11.56597774244833,85.41335453100159,59.56349206349206,60.87301587301587
2023-07-25,76.78571428571429,93.84920634920636,53.05555555555556,76.94444444444444,67.57936507936508,97.10317460317461,58.92857142857143,32.710651828298886,86.5262321144674,70.11904761904762,60.833333333333336
2023-07-26,58.05555555555556,95.67460317460318,44.88095238095238,82.42063492063492,78.61111111111111,95.75396825396825,59.404761904761905,30.484896661367248,85.01589825119237,60.27777777777778,38.25396825396825
2023-07-27,55.11904761904762,94.48412698412699,40.43650793650794,75.67460317460318,62.26190476190476,94.48412698412699,63.29365079365079,30.405405405405407,83.58505564387917,56.15079365079365,17.6984126984127
2023-07-28,72.65873015873017,93.21428571428571,62.26190476190476,82.57936507936508,77.5,98.05555555555556,57.976190476190474,49.40381558028617,83.90302066772655,79.96031746031746,38.333333333333336
2023-07-31,59.007936507936506,92.42063492063492,59.642857142857146,80.23809523809524,69.48412698412699,97.89682539682539,56.30952380952381,39.78537360890302,84.37996820349761,80.1984126984127,38.29365079365079
2023-08-01,55.27777777777778,92.18253968253968,53.69047619047619,77.42063492063492,68.76984126984127,97.18253968253968,54.48412698412698,45.66772655007949,84.93640699523053,75.75396825396825,17.658730158730158
2023-08-02,40.833333333333336,90.27777777777777,29.484126984126984,62.5,48.69047619047619,90.27777777777777,52.73809523809524,30.007949125596184,80.48489666136724,35.595238095238095,17.658730158730158
2023-08-03,44.801587301587304,90.75396825396825,27.896825396825395,62.817460317460316,47.65873015873016,89.56349206349206,53.13492063492063,33.98251192368839,82.5516693163752,34.166666666666664,17.6984126984127
2023-08-04,43.92857142857143,90.67460317460318,24.8015873015873,63.05555555555556,37.182539682539684,87.34126984126983,48.92857142857143,44.31637519872814,80.64387917329094,28.53174603174603,17.738095238095237
2023-08-07,48.92857142857143,88.05555555555556,29.484126984126984,70.03968253968254,52.182539682539684,89.56349206349206,49.72222222222222,63.314785373608906,79.8489666136725,38.45238095238095,17.77777777777778
2023-08-08,40.357142857142854,84.16666666666667,24.166666666666668,68.61111111111111,55.67460317460318,85.91269841269842,49.56349206349206,77.46422893481717,78.10015898251193,28.373015873015873,4.563492063492063
2023-08-09,29.72222222222222,82.97619047619048,17.896825396825395,65.7936507936508,54.801587301587304,82.97619047619048,48.29365079365079,57.03497615262321,74.44356120826708,18.134920634920636,4.603174603174603
2023-08-10,24.563492063492063,80.03968253968254,19.8015873015873,69.0079365079365,59.642857142857146,83.13492063492063,50.75396825396825,53.060413354531,69.91255961844197,20.03968253968254,17.976190476190474
2023-08-11,22.658730158730158,76.86507936507937,17.341269841269842,71.54761904761905,72.97619047619048,81.78571428571429,45.27777777777778,38.672496025437205,62.44038155802862,14.166666666666666,4.642857142857143
2023-08-14,23.61111111111111,81.94444444444444,24.642857142857142,73.01587301587301,69.96031746031746,83.45238095238095,47.976190476190474,48.29093799682035,74.04610492845786,28.134920634920636,4.682539682539683
2023-08-15,16.626984126984127,76.38888888888889,19.72222222222222,66.9047619047619,54.24603174603175,81.30952380952381,43.45238095238095,49.24483306836248,78.57710651828299,17.817460317460316,4.722222222222222
2023-08-16,13.373015873015873,72.81746031746032,15.357142857142858,62.857142857142854,54.72222222222222,78.45238095238095,40.03968253968254,56.00158982511924,68.48171701112878,9.722222222222221,4.761904761904762
2023-08-17,17.42063492063492,64.56349206349206,11.785714285714286,60.317460317460316,45.595238095238095,73.05555555555556,38.13492063492063,72.53577106518283,69.27662957074722,4.9603174603174605,4.801587301587301
2023-08-18,17.817460317460316,54.801587301587304,12.420634920634921,63.37301587301587,47.26190476190476,71.86507936507937,40.595238095238095,72.69475357710652,63.871224165341815,4.642857142857143,4.841269841269841
2023-08-21,23.849206349206348,64.24603174603175,21.944444444444443,63.73015873015873,40.67460317460318,78.53174603174604,43.37301587301587,83.58505564387917,73.64864864864865,19.96031746031746,4.880952380952381
2023-08-22,20.357142857142858,61.30952380952381,22.341269841269842,64.2063492063492,43.37301587301587,76.54761904761905,46.15079365079365,82.5516693163752,76.27186009538951,18.452380952380953,4.920634920634921
2023-08-23,27.341269841269842,72.73809523809524,32.8968253968254,67.5,52.023809523809526,81.23015873015873,52.65873015873016,89.46740858505565,80.08744038155803,35.51587301587302,18.650793650793652
2023-08-24,20.357142857142858,67.65873015873017,20.436507936507937,60.67460317460318,38.214285714285715,72.34126984126983,49.24603174603175,78.97456279809221,69.91255961844197,16.785714285714285,4.9603174603174605
2023-08-25,16.38888888888889,59.48412698412698,27.103174603174605,70.5952380952381,54.96031746031746,75.75396825396825,50.43650793650794,72.05882352941177,55.28616852146264,25.515873015873016,18.76984126984127
2023-08-28,19.404761904761905,50.51587301587302,33.76984126984127,72.65873015873017,57.023809523809526,78.2936507936508,48.69047619047619,72.21780604133545,46.2241653418124,32.182539682539684,18.80952380952381
2023-08-29,28.214285714285715,59.32539682539682,58.84920634920635,81.7063492063492,60.357142857142854,82.57936507936508,56.785714285714285,76.98728139904611,47.73449920508744,51.23015873015873,39.56349206349206
2023-08-30,39.24603174603175,65.91269841269842,67.57936507936508,83.61111111111111,67.02380952380952,83.21428571428571,57.73809523809524,87.32114467408584,44.554848966613676,56.785714285714285,61.82539682539682
2023-08-31,40.595238095238095,60.357142857142854,70.9920634920635,84.92063492063492,69.8015873015873,83.45238095238095,60.357142857142854,87.16216216216216,44.87281399046105,59.48412698412698,81.7063492063492
2023-09-01,43.214285714285715,56.15079365079365,68.84920634920636,86.74603174603175,80.5952380952381,82.97619047619048,61.30952380952381,83.2670906200318,52.10651828298887,58.45238095238095,81.7063492063492
2023-09-05,39.642857142857146,56.30952380952381,69.88095238095238,81.46825396825396,64.8015873015873,82.81746031746032,61.46825396825397,91.69316375198729,65.46104928457869,60.11904761904762,81.7063492063492
2023-09-06,39.642857142857146,52.1031746031746,55.833333333333336,77.57936507936508,61.70634920634921,80.9920634920635,62.5,89.22893481717011,67.60731319554849,45.43650793650794,81.7063492063492
2023-09-07,41.15079365079365,57.5,44.404761904761905,76.19047619047619,62.5,79.32539682539682,62.42063492063492,91.93163751987281,81.75675675675676,36.94444444444444,61.82539682539682
2023-09-08,40.833333333333336,51.46825396825397,45.43650793650794,83.13492063492063,67.34126984126983,79.4047619047619,58.84920634920635,91.69316375198729,77.54372019077901,38.45238095238095,81.66666666666667
2023-09-11,52.976190476190474,55.91269841269841,60.11904761904762,84.56349206349206,65.5952380952381,81.15079365079364,59.96031746031746,94.63434022257552,79.92845786963434,52.34126984126984,81.62698412698413
2023-09-12,38.92857142857143,42.976190476190474,44.007936507936506,82.6984126984127,58.76984126984127,78.61111111111111,56.07142857142857,88.91096979332274,71.34340222575517,37.42063492063492,61.62698412698413
2023-09-13,47.8968253968254,41.54761904761905,47.976190476190474,87.89682539682539,72.57936507936508,79.32539682539682,55.198412698412696,91.29570747217807,80.96184419713832,41.388888888888886,61.58730158730159
2023-09-14,60.75396825396825,41.86507936507937,57.1031746031746,91.11111111111111,79.4047619047619,80.51587301587301,64.56349206349206,89.14944356120827,74.20508744038156,50.833333333333336,61.54761904761905
2023-09-15,55.11904761904762,31.626984126984127,34.404761904761905,85.55555555555556,65.83333333333333,73.45238095238095,59.801587301587304,76.82829888712241,59.8966613672496,29.88095238095238,39.285714285714285
2023-09-18,57.817460317460316,33.69047619047619,34.166666666666664,84.4047619047619,62.65873015873016,73.53174603174604,63.29365079365079,90.34181240063593,80.24642289348172,31.944444444444443,61.507936507936506
2023-09-19,45.198412698412696,33.29365079365079,32.182539682539684,82.73809523809524,58.92857142857143,71.54761904761905,63.69047619047619,80.5643879173291,69.51510333863276,29.08730158730159,39.166666666666664
2023-09-20,38.13492063492063,32.976190476190474,23.214285714285715,72.06349206349206,46.70634920634921,65.27777777777777,59.72222222222222,66.33545310015899,67.84578696343402,16.071428571428573,39.12698412698413
2023-09-21,24.96031746031746,26.547619047619047,13.373015873015873,61.07142857142857,19.325396825396826,56.785714285714285,58.13492063492063,57.432432432432435,53.13990461049285,5.119047619047619,39.08730158730159
2023-09-22,33.69047619047619,29.166666666666668,13.69047619047619,63.57142857142857,23.61111111111111,56.388888888888886,61.30952380952381,73.88712241653418,54.17329093799682,5.674603174603175,39.08730158730159
2023-09-25,32.1031746031746,32.817460317460316,16.547619047619047,65.51587301587301,29.325396825396826,58.53174603174603,64.16666666666667,73.17170111287759,75.15898251192368,9.722222222222221,39.08730158730159
2023-09-26,23.69047619047619,25.674603174603174,10.515873015873016,59.56349206349206,19.8015873015873,48.45238095238095,64.64285714285714,74.20508744038156,75.87440381558028,3.4523809523809526,39.08730158730159
2023-09-27,16.23015873015873,25.91269841269841,12.5,62.023809523809526,22.738095238095237,48.92857142857143,65.91269841269842,66.81240063593005,73.17170111287759,4.880952380952381,39.08730158730159
2023-09-28,17.42063492063492,28.134920634920636,18.293650793650794,66.46825396825396,26.865079365079364,52.8968253968254,67.02380952380952,60.850556438791735,76.51033386327504,12.817460317460318,39.08730158730159
2023-09-29,16.944444444444443,25.1984126984127,19.96031746031746,68.53174603174604,25.595238095238095,52.65873015873016,63.53174603174603,54.809220985691574,73.25119236883943,13.373015873015873,61.46825396825397
2023-10-02,20.674603174603174,26.46825396825397,26.865079365079364,66.66666666666667,25.833333333333332,57.817460317460316,70.35714285714286,86.76470588235294,84.06200317965023,23.134920634920636,61.42857142857143
2023-10-03,13.373015873015873,22.738095238095237,17.103174603174605,56.54761904761905,16.626984126984127,46.785714285714285,70.11904761904762,66.09697933227345,81.91573926868044,9.087301587301587,61.42857142857143
2023-10-04,22.341269841269842,27.5,27.261904761904763,60.714285714285715,23.373015873015873,53.214285714285715,67.97619047619048,78.4181240063593,82.79014308426073,24.08730158730159,81.58730158730158
2023-10-05,23.69047619047619,27.5,26.071428571428573,60.317460317460316,25.515873015873016,50.595238095238095,62.26190476190476,81.75675675675676,86.20826709062003,20.515873015873016,81.54761904761905
2023-10-06,29.642857142857142,31.150793650793652,37.8968253968254,67.85714285714286,32.817460317460316,59.96031746031746,65.35714285714286,85.2543720190779,89.86486486486487,37.65873015873016,81.5079365079365
2023-10-09,26.706349206349206,31.23015873015873,44.08730158730159,64.88095238095238,28.293650793650794,61.46825396825397,67.42063492063492,73.17170111287759,90.65977742448331,42.182539682539684,81.46825396825396
2023-10-10,33.53174603174603,29.96031746031746,51.785714285714285,69.96031746031746,32.73809523809524,63.13492063492063,77.26190476190476,77.86168521462639,89.06995230524642,47.57936507936508,94.56349206349206
2023-10-11,35.11904761904762,27.5,63.37301587301587,75.11904761904762,41.70634920634921,65.03968253968254,80.43650793650794,70.07154213036566,88.59300476947536,55.51587301587302,94.52380952380952
2023-10-12,29.96031746031746,26.46825396825397,59.08730158730159,72.3015873015873,36.54761904761905,63.05555555555556,82.26190476190476,88.8314785373609,88.99046104928458,49.801587301587304,81.26984126984127
2023-10-13,31.38888888888889,21.706349206349206,42.73809523809524,60.317460317460316,29.08730158730159,56.15079365079365,79.88095238095238,91.77265500794913,87.16216216216216,34.642857142857146,60.87301587301587
2023-10-16,36.07142857142857,22.658730158730158,59.32539682539682,67.6984126984127,39.801587301587304,61.62698412698413,77.65873015873017,81.120826709062,85.89030206677265,46.86507936507937,60.833333333333336
2023-10-17,35.75396825396825,21.944444444444443,55.11904761904762,63.84920634920635,34.007936507936506,58.84920634920635,83.05555555555556,70.23052464228935,85.01589825119237,42.65873015873016,60.79365079365079
2023-10-18,35.75396825396825,23.849206349206348,37.57936507936508,57.34126984126984,29.325396825396826,49.32539682539682,72.02380952380952,85.65182829888712,88.35453100158982,28.134920634920636,38.37301587301587
2023-10-19,39.48412698412698,22.976190476190474,31.547619047619047,52.57936507936508,17.896825396825395,44.72222222222222,69.32539682539682,89.70588235294117,90.1033386327504,20.595238095238095,38.333333333333336
2023-10-20,33.29365079365079,19.642857142857142,22.738095238095237,50.3968253968254,16.706349206349206,38.53174603174603,67.02380952380952,88.43402225755167,89.86486486486487,9.880952380952381,18.134920634920636
2023-10-23,32.5,19.166666666666668,24.72222222222222,55.67460317460318,21.706349206349206,39.24603174603175,68.84920634920636,90.97774244833069,90.42130365659777,12.896825396825397,18.134920634920636
2023-10-24,43.214285714285715,21.150793650793652,29.642857142857142,61.98412698412698,29.325396825396826,42.34126984126984,65.83333333333333,91.85214626391097,91.13672496025437,23.214285714285715,18.174603174603174
2023-10-25,30.833333333333332,17.182539682539684,14.722222222222221,53.92857142857143,25.11904761904762,33.76984126984127,59.642857142857146,89.46740858505565,89.70588235294117,7.420634920634921,4.880952380952381
2023-10-26,20.753968253968253,10.515873015873016,7.976190476190476,51.62698412698413,20.11904761904762,30.99206349206349,54.642857142857146,73.96661367249602,82.7106518282989,2.0238095238095237,4.920634920634921
2023-10-27,22.658730158730158,11.706349206349206,10.753968253968255,53.45238095238095,21.46825396825397,31.38888888888889,57.5,87.4006359300477,86.84419713831478,4.325396825396825,18.293650793650794
2023-10-30,23.452380952380953,14.166666666666666,16.46825396825397,56.54761904761905,24.08730158730159,32.5,62.42063492063492,73.5691573926868,88.03656597774246,11.626984126984127,18.293650793650794
2023-10-31,32.57936507936508,19.166666666666668,19.484126984126984,61.111111111111114,32.976190476190474,33.13492063492063,57.976190476190474,71.97933227344993,88.8314785373609,15.912698412698413,38.37301587301587
2023-11-01,34.32539682539682,22.182539682539684,31.150793650793652,72.14285714285714,42.976190476190474,37.65873015873016,63.13492063492063,84.30047694753577,90.65977742448331,31.547619047619047,60.75396825396825
2023-11-02,42.817460317460316,27.023809523809526,45.11904761904762,81.23015873015873,58.05555555555556,44.007936507936506,68.37301587301587,72.53577106518283,89.78537360890301,45.357142857142854,81.23015873015873
2023-11-03,40.11904761904762,27.896825396825395,61.94444444444444,87.02380952380952,64.48412698412699,48.37301587301587,79.24603174603175,45.270270270270274,86.5262321144674,55.595238095238095,94.48412698412699
2023-11-06,39.88095238095238,30.595238095238095,67.57936507936508,86.7063492063492,60.27777777777778,49.56349206349206,83.53174603174604,67.92527821939586,89.54689984101749,59.642857142857146,94.44444444444444
2023-11-07,41.46825396825397,35.75396825396825,81.38888888888889,87.85714285714286,59.48412698412698,54.48412698412698,82.26190476190476,84.22098569157393,91.53418124006359,68.37301587301587,94.4047619047619
2023-11-08,38.45238095238095,35.27777777777778,82.89682539682539,88.53174603174604,63.214285714285715,54.32539682539682,80.1984126984127,84.69793322734499,91.61367249602544,69.64285714285714,99.0
2023-11-09,36.94444444444444,35.11904761904762,69.8015873015873,84.88095238095238,55.833333333333336,48.45238095238095,77.02380952380952,72.21780604133545,91.69316375198729,56.07142857142857,99.0
2023-11-10,57.5,38.53174603174603,92.10317460317461,89.68253968253968,68.2936507936508,61.46825396825397,86.7063492063492,86.12877583465819,91.3751987281399,78.21428571428571,99.0
2023-11-13,47.65873015873016,42.5,90.03968253968254,85.43650793650794,52.976190476190474,59.166666666666664,70.03968253968254,89.06995230524642,91.05723370429253,74.08730158730158,94.12698412698413
2023-11-14,65.67460317460318,55.833333333333336,97.42063492063492,89.88095238095238,62.5,67.42063492063492,70.51587301587301,82.86963434022258,88.91096979332274,88.13492063492063,94.08730158730158
2023-11-15,78.13492063492063,61.46825396825397,96.78571428571429,88.69047619047619,61.46825396825397,67.02380952380952,72.18253968253968,71.26391096979333,87.4006359300477,88.21428571428571,94.04761904761905
2023-11-16,84.96031746031746,62.34126984126984,95.91269841269842,89.96031746031746,53.69047619047619,66.86507936507937,69.8015873015873,73.96661367249602,89.94435612082671,88.61111111111111,94.0079365079365
2023-11-17,91.38888888888889,54.404761904761905,94.48412698412699,91.34920634920636,61.54761904761905,66.62698412698413,72.57936507936508,64.7456279809221,85.2543720190779,88.76984126984127,93.96825396825396
2023-11-20,93.53174603174604,61.46825396825397,97.10317460317461,92.18253968253968,69.48412698412699,70.67460317460318,76.62698412698413,62.20190779014308,86.44674085850556,93.76984126984127,93.92857142857143
2023-11-21,89.16666666666667,50.27777777777778,93.21428571428571,90.7936507936508,66.46825396825396,67.65873015873017,74.88095238095238,57.03497615262321,84.93640699523053,87.26190476190476,80.23809523809524
2023-11-22,96.07142857142857,63.29365079365079,92.57936507936508,93.41269841269842,81.86507936507937,69.32539682539682,79.0079365079365,64.98410174880763,86.60572337042925,89.96031746031746,80.1984126984127
2023-11-24,98.13492063492063,58.92857142857143,88.92857142857143,96.26984126984127,84.8015873015873,67.65873015873017,74.4047619047619,82.79014308426073,84.37996820349761,88.13492063492063,80.15873015873017
2023-11-27,97.73809523809524,54.166666666666664,81.46825396825396,94.56349206349206,83.53174603174604,66.94444444444444,71.15079365079364,66.97138314785374,84.93640699523053,85.83333333333333,59.48412698412698
2023-11-28,96.7063492063492,46.54761904761905,78.69047619047619,96.07142857142857,80.5952380952381,67.42063492063492,74.08730158730158,61.16852146263911,84.30047694753577,88.53174603174604,80.11904761904762
2023-11-29,95.35714285714286,43.29365079365079,67.10317460317461,93.92857142857143,79.08730158730158,66.46825396825396,77.81746031746032,52.74244833068362,81.120826709062,85.43650793650794,59.36507936507937
2023-11-30,90.83333333333333,41.30952380952381,56.388888888888886,92.73809523809524,79.16666666666667,64.48412698412699,79.16666666666667,27.225755166931638,77.06677265500795,80.43650793650794,37.182539682539684
2023-12-01,84.88095238095238,42.5,56.07142857142857,95.5952380952381,85.91269841269842,65.5952380952381,68.69047619047619,16.573926868044516,69.91255961844197,83.76984126984127,37.182539682539684
2023-12-04,67.65873015873017,37.42063492063492,39.08730158730159,91.23015873015873,80.35714285714286,61.07142857142857,65.51587301587301,20.23052464228935,46.54213036565978,59.801587301587304,17.738095238095237
2023-12-05,66.30952380952381,42.65873015873016,39.32539682539682,91.86507936507937,84.08730158730158,61.388888888888886,67.34126984126983,21.899841017488075,67.05087440381558,63.13492063492063,17.77777777777778
2023-12-06,53.214285714285715,43.76984126984127,33.37301587301587,91.7063492063492,84.72222222222223,57.817460317460316,69.8015873015873,8.70429252782194,57.03497615262321,49.88095238095238,17.817460317460316
2023-12-07,65.03968253968254,49.48412698412698,45.595238095238095,91.5079365079365,79.96031746031746,63.84920634920635,79.24603174603175,8.70429252782194,59.81717011128776,73.92857142857143,17.857142857142858
2023-12-08,75.5952380952381,46.15079365079365,47.26190476190476,96.86507936507937,89.0079365079365,64.64285714285714,80.75396825396825,9.022257551669316,52.3449920508744,78.2936507936508,37.5
2023-12-11,63.13492063492063,54.166666666666664,56.46825396825397,95.0,80.67460317460318,68.37301587301587,79.56349206349206,4.17329093799682,51.0731319554849,86.78571428571429,59.6031746031746
2023-12-12,72.73809523809524,56.62698412698413,65.51587301587301,98.33333333333333,89.16666666666667,71.46825396825396,82.81746031746032,4.968203497615263,48.05246422893482,92.18253968253968,59.642857142857146
2023-12-13,65.83333333333333,59.32539682539682,81.94444444444444,98.37301587301587,80.51587301587301,76.86507936507937,82.97619047619048,5.842607313195549,42.8060413354531,96.86507936507937,80.23809523809524
2023-12-14,64.0079365079365,67.42063492063492,77.42063492063492,98.01587301587301,74.32539682539682,75.1984126984127,80.27777777777777,3.0604133545310015,39.22893481717011,95.27777777777777,80.23809523809524
2023-12-15,68.13492063492063,68.69047619047619,80.27777777777777,97.89682539682539,90.11904761904762,77.02380952380952,82.97619047619048,2.583465818759936,33.58505564387917,96.94444444444444,80.23809523809524
2023-12-18,72.73809523809524,71.15079365079364,85.35714285714286,96.7063492063492,89.96031746031746,79.32539682539682,92.34126984126983,7.352941176470588,43.44197138314785,98.21428571428571,93.88888888888889
2023-12-19,67.26190476190476,76.94444444444444,87.10317460317461,97.10317460317461,94.08730158730158,80.03968253968254,94.24603174603175,4.252782193958665,46.2241653418124,99.0,93.84920634920636
2023-12-20,57.817460317460316,77.65873015873017,60.992063492063494,91.23015873015873,83.84920634920636,72.10317460317461,94.16666666666667,5.524642289348172,49.80127186009539,79.48412698412699,93.80952380952381
2023-12-21,65.27777777777777,81.94444444444444,78.61111111111111,90.39682539682539,77.65873015873017,78.2936507936508,95.5952380952381,4.8092209856915735,43.75993640699523,89.64285714285714,93.76984126984127
2023-12-22,67.89682539682539,80.9920634920635,77.26190476190476,92.73809523809524,88.53174603174604,78.13492063492063,94.0079365079365,5.047694753577106,40.818759936407,89.96031746031746,93.73015873015873
2023-12-26,74.0079365079365,87.57936507936508,80.91269841269842,90.9920634920635,87.26190476190476,79.72222222222223,96.15079365079364,4.491255961844197,39.546899841017485,93.37301587301587,93.69047619047619
2023-12-27,72.5,87.26190476190476,79.56349206349206,94.88095238095238,88.76984126984127,79.56349206349206,95.9920634920635,4.014308426073132,40.89825119236884,93.92857142857143,93.65079365079364
2023-12-28,73.53174603174604,84.0079365079365,74.64285714285714,93.92857142857143,86.7063492063492,78.61111111111111,96.62698412698413,5.206677265500795,40.1033386327504,93.37301587301587,79.64285714285714
2023-12-29,71.86507936507937,82.57936507936508,61.388888888888886,95.03968253968254,87.97619047619048,74.88095238095238,96.94444444444444,9.022257551669316,41.05723370429253,85.91269841269842,79.60317460317461
2024-01-02,53.53174603174603,74.08730158730158,35.992063492063494,88.53174603174604,68.53174603174604,66.07142857142857,94.96031746031746,11.963434022257552,22.456279809220987,46.86507936507937,59.007936507936506
2024-01-03,52.73809523809524,76.62698412698413,27.182539682539684,86.7063492063492,56.70634920634921,60.75396825396825,93.76984126984127,33.18759936406995,31.43879173290938,31.547619047619047,37.023809523809526
2024-01-04,47.65873015873016,70.43650793650794,23.69047619047619,87.38095238095238,54.48412698412698,57.42063492063492,93.92857142857143,14.427662957074721,26.828298887122415,25.753968253968253,17.61904761904762
2024-01-05,52.26190476190476,71.86507936507937,23.61111111111111,90.27777777777777,64.64285714285714,57.65873015873016,93.53174603174604,18.95866454689984,23.012718600953896,27.103174603174605,37.023809523809526
2024-01-08,57.5,73.13492063492063,36.15079365079365,91.23015873015873,62.65873015873016,66.46825396825396,96.23015873015873,22.13831478537361,23.171701112877585,54.08730158730159,37.06349206349206
2024-01-09,55.75396825396825,71.94444444444444,36.07142857142857,92.85714285714286,66.54761904761905,67.18253968253968,94.8015873015873,25.238473767885534,27.941176470588236,56.785714285714285,37.1031746031746
2024-01-10,54.32539682539682,72.34126984126983,41.86507936507937,92.53968253968254,63.84920634920635,69.56349206349206,94.96031746031746,41.931637519872815,36.60572337042925,66.54761904761905,37.142857142857146
2024-01-11,49.56349206349206,70.75396825396825,42.182539682539684,93.69047619047619,67.5,69.56349206349206,93.92857142857143,41.29570747217806,36.84419713831478,69.48412698412699,37.182539682539684
2024-01-12,41.70634920634921,71.94444444444444,42.023809523809526,92.81746031746032,69.96031746031746,69.24603174603175,91.46825396825396,67.84578696343402,32.94912559618442,70.5952380952381,59.32539682539682
2024-01-16,42.42063492063492,76.15079365079364,40.595238095238095,87.02380952380952,54.801587301587304,68.53174603174604,89.96031746031746,90.97774244833069,38.11605723370429,70.35714285714286,59.36507936507937
2024-01-17,36.54761904761905,70.11904761904762,34.56349206349206,82.77777777777777,42.023809523809526,64.88095238095238,87.42063492063492,91.21621621621621,42.8060413354531,54.007936507936506,59.404761904761905
2024-01-18,40.67460317460318,76.23015873015873,51.86507936507937,86.46825396825396,48.45238095238095,71.54761904761905,89.96031746031746,85.89030206677265,54.491255961844196,77.65873015873017,79.88095238095238
2024-01-19,50.198412698412696,87.89682539682539,81.54761904761905,88.76984126984127,58.29365079365079,80.27777777777777,95.35714285714286,92.24960254372019,58.068362480127185,92.97619047619048,93.69047619047619
2024-01-22,64.72222222222223,90.11904761904762,79.64285714285714,89.32539682539682,53.611111111111114,79.96031746031746,95.67460317460318,87.55961844197138,47.89348171701113,93.2936507936508,93.65079365079364
2024-01-23,57.023809523809526,93.13492063492063,83.05555555555556,92.65873015873017,62.182539682539684,80.67460317460318,93.37301587301587,91.93163751987281,50.27821939586646,94.64285714285714,93.61111111111111
2024-01-24,61.46825396825397,93.45238095238095,86.23015873015873,90.43650793650794,55.27777777777778,81.38888888888889,90.43650793650794,95.34976152623211,52.74244833068362,96.62698412698413,93.57142857142857
2024-01-25,56.62698412698413,92.02380952380952,85.67460317460318,88.92857142857143,48.53174603174603,81.30952380952381,91.62698412698413,94.47535771065183,45.111287758346585,97.02380952380952,93.53174603174604
2024-01-26,50.43650793650794,95.03968253968254,76.54761904761905,90.0,52.817460317460316,79.56349206349206,90.5952380952381,93.12400635930048,47.89348171701113,89.56349206349206,79.52380952380952
2024-01-29,59.642857142857146,97.34126984126983,86.23015873015873,88.45238095238095,47.023809523809526,81.46825396825396,88.45238095238095,94.87281399046105,67.76629570747218,94.88095238095238,79.48412698412699
2024-01-30,57.34126984126984,96.46825396825396,74.8015873015873,87.57936507936508,54.56349206349206,79.48412698412699,84.16666666666667,94.0779014308426,52.74244833068362,84.4047619047619,79.44444444444444
2024-01-31,55.198412698412696,92.81746031746032,40.595238095238095,84.16666666666667,43.84920634920635,68.84920634920636,84.56349206349206,94.87281399046105,42.567567567567565,43.37301587301587,79.4047619047619
2024-02-01,76.7063492063492,93.76984126984127,54.32539682539682,88.76984126984127,45.27777777777778,74.32539682539682,83.2936507936508,91.93163751987281,46.78060413354531,59.007936507936506,79.4047619047619
2024-02-02,89.8015873015873,93.61111111111111,76.62698412698413,88.92857142857143,50.03968253968254,80.75396825396825,82.02380952380952,96.30365659777425,52.50397456279809,78.69047619047619,79.36507936507937
2024-02-05,88.92857142857143,90.1984126984127,66.54761904761905,87.38095238095238,47.976190476190474,80.03968253968254,74.0079365079365,97.17806041335453,67.36883942766296,75.67460317460318,59.04761904761905
2024-02-06,72.81746031746032,87.34126984126983,57.817460317460316,88.69047619047619,58.29365079365079,79.0079365079365,77.65873015873017,96.06518282988871,72.61526232114467,71.54761904761905,37.22222222222222
2024-02-07,80.51587301587301,89.0079365079365,70.9920634920635,90.5952380952381,62.26190476190476,81.23015873015873,81.54761904761905,96.38314785373609,68.32273449920508,81.62698412698413,37.26190476190476
2024-02-08,76.15079365079364,87.02380952380952,68.37301587301587,90.31746031746032,66.15079365079364,81.23015873015873,77.42063492063492,95.19077901430843,55.445151033386324,82.89682539682539,37.26190476190476
2024-02-09,82.73809523809524,89.48412698412699,79.64285714285714,90.7936507936508,65.83333333333333,82.97619047619048,84.16666666666667,95.5087440381558,59.97615262321145,89.96031746031746,59.12698412698413
2024-02-12,78.76984126984127,89.88095238095238,66.86507936507937,84.2063492063492,48.611111111111114,81.46825396825396,85.83333333333333,91.21621621621621,46.54213036565978,82.73809523809524,37.22222222222222
2024-02-13,64.08730158730158,77.97619047619048,39.166666666666664,76.15079365079364,22.5,75.27777777777777,82.42063492063492,91.29570747217807,44.952305246422895,50.833333333333336,37.26190476190476
2024-02-14,79.88095238095238,82.97619047619048,50.91269841269841,83.45238095238095,40.833333333333336,79.72222222222223,81.23015873015873,89.54689984101749,44.554848966613676,65.5952380952381,59.166666666666664
2024-02-15,69.0079365079365,76.23015873015873,50.51587301587302,85.83333333333333,48.611111111111114,79.72222222222223,80.43650793650794,76.74880763116057,49.24483306836248,69.16666666666667,59.166666666666664
2024-02-16,45.198412698412696,73.21428571428571,37.5,82.06349206349206,43.76984126984127,75.35714285714286,76.07142857142857,63.871224165341815,53.29888712241653,50.75396825396825,37.301587301587304
2024-02-20,39.166666666666664,69.88095238095238,31.071428571428573,73.53174603174604,24.08730158730159,69.88095238095238,78.92857142857143,63.63275039745628,41.85214626391097,39.32539682539682,37.34126984126984
2024-02-21,35.11904761904762,68.69047619047619,28.53174603174603,75.27777777777777,21.46825396825397,67.10317460317461,79.72222222222223,52.90143084260731,44.63434022257552,34.96031746031746,37.38095238095238
2024-02-22,50.03968253968254,74.72222222222223,59.72222222222222,83.37301587301587,31.706349206349206,80.43650793650794,92.73809523809524,65.85850556438791,56.08108108108108,69.4047619047619,37.42063492063492
2024-02-23,46.388888888888886,75.51587301587301,51.86507936507937,86.46825396825396,41.70634920634921,78.84920634920636,92.34126984126983,72.05882352941177,53.21939586645469,61.388888888888886,17.658730158730158
2024-02-26,50.43650793650794,73.69047619047619,49.48412698412698,86.03174603174604,40.67460317460318,78.37301587301587,89.72222222222223,76.66931637519873,54.968203497615264,61.07142857142857,4.801587301587301
2024-02-27,45.03968253968254,75.11904761904762,50.75396825396825,86.98412698412699,41.388888888888886,78.37301587301587,93.76984126984127,65.77901430842607,54.33227344992051,64.0079365079365,17.77777777777778
2024-02-28,46.07142857142857,73.2936507936508,41.785714285714285,85.83333333333333,37.5,75.5952380952381,91.78571428571429,63.712241653418126,50.75516693163752,52.976190476190474,17.817460317460316
2024-02-29,71.07142857142857,75.67460317460318,51.62698412698413,88.88888888888889,44.007936507936506,78.76984126984127,93.2936507936508,70.94594594594595,47.41653418124007,66.07142857142857,17.857142857142858
2024-03-01,72.89682539682539,81.46825396825396,71.15079365079364,89.04761904761905,54.88095238095238,82.18253968253968,95.43650793650794,73.5691573926868,59.81717011128776,81.15079365079364,17.896825396825395
2024-03-04,53.05555555555556,80.83333333333333,60.51587301587302,86.86507936507937,50.67460317460318,81.07142857142857,94.88095238095238,37.79809220985692,62.83783783783784,74.16666666666667,17.936507936507937
2024-03-05,41.86507936507937,72.81746031746032,34.801587301587304,82.93650793650794,37.5,72.02380952380952,87.10317460317461,20.23052464228935,68.95866454689984,41.62698412698413,17.976190476190474
2024-03-06,47.817460317460316,79.32539682539682,40.595238095238095,82.57936507936508,37.73809523809524,75.83333333333333,88.53174603174604,24.205087440381558,75.23847376788554,49.404761904761905,37.976190476190474
2024-03-07,51.15079365079365,83.84920634920636,61.15079365079365,82.06349206349206,37.817460317460316,80.91269841269842,93.92857142857143,21.502384737678856,66.17647058823529,68.2936507936508,37.976190476190474
2024-03-08,39.48412698412698,80.35714285714286,37.976190476190474,79.84126984126983,39.72222222222222,73.21428571428571,90.27777777777777,15.302066772655008,65.38155802861685,43.29365079365079,37.93650793650794
2024-03-11,33.37301587301587,73.05555555555556,34.32539682539682,77.57936507936508,30.515873015873016,70.9920634920635,92.81746031746032,8.70429252782194,56.71701112877584,39.32539682539682,37.8968253968254
2024-03-12,43.84920634920635,76.94444444444444,51.70634920634921,84.28571428571429,51.86507936507937,77.97619047619048,95.83333333333333,30.007949125596184,69.75357710651828,54.404761904761905,37.857142857142854
2024-03-13,48.92857142857143,70.67460317460318,39.007936507936506,85.67460317460318,52.976190476190474,72.18253968253968,95.03968253968254,22.456279809220987,73.33068362480127,42.8968253968254,37.857142857142854
2024-03-14,39.007936507936506,66.62698412698413,35.11904761904762,82.18253968253968,46.54761904761905,70.43650793650794,90.27777777777777,33.90302066772655,77.30524642289348,39.642857142857146,17.896825396825395
2024-03-15,32.73809523809524,57.023809523809526,27.103174603174605,78.45238095238095,54.96031746031746,62.817460317460316,86.23015873015873,28.736089030206678,76.82829888712241,28.928571428571427,4.841269841269841
2024-03-18,42.42063492063492,62.5,33.53174603174603,77.3015873015873,52.023809523809526,67.89682539682539,80.75396825396825,43.91891891891892,87.00317965023848,37.73809523809524,18.015873015873016
2024-03-19,49.96031746031746,61.54761904761905,34.08730158730159,81.19047619047619,55.75396825396825,68.37301587301587,83.61111111111111,50.3577106518283,86.12877583465819,40.03968253968254,38.05555555555556
2024-03-20,62.57936507936508,63.611111111111114,45.43650793650794,88.05555555555556,67.97619047619048,75.35714285714286,85.9920634920635,55.28616852146264,81.51828298887122,52.42063492063492,38.095238095238095
2024-03-21,42.8968253968254,63.53174603174603,50.198412698412696,88.92857142857143,69.64285714285714,76.78571428571429,82.57936507936508,26.19236883942766,80.48489666136724,58.45238095238095,38.13492063492063
2024-03-22,46.46825396825397,68.76984126984127,50.198412698412696,90.51587301587301,67.81746031746032,76.7063492063492,87.02380952380952,38.27503974562798,81.67726550079492,59.56349206349206,60.07936507936508
2024-03-25,44.404761904761905,63.76984126984127,44.404761904761905,89.32539682539682,65.43650793650794,73.61111111111111,81.94444444444444,36.685214626391094,82.86963434022258,52.5,60.11904761904762
2024-03-26,39.96031746031746,61.785714285714285,38.45238095238095,90.1984126984127,60.91269841269841,70.83333333333333,79.64285714285714,39.467408585055644,83.02861685214626,46.30952380952381,38.17460317460318
2024-03-27,46.70634920634921,60.51587301587302,42.1031746031746,92.81746031746032,69.16666666666667,71.86507936507937,83.84920634920636,28.4181240063593,79.6899841017488,51.785714285714285,60.198412698412696
2024-03-28,39.166666666666664,58.84920634920635,39.642857142857146,92.26190476190476,65.9920634920635,70.83333333333333,84.72222222222223,23.80763116057234,76.27186009538951,49.32539682539682,60.23809523809524
2024-04-01,33.53174603174603,60.357142857142854,42.26190476190476,87.57936507936508,53.84920634920635,71.15079365079364,79.0079365079365,26.66931637519873,80.16693163751987,52.26190476190476,80.0
2024-04-02,31.706349206349206,57.57936507936508,32.73809523809524,84.08730158730158,37.5,64.72222222222223,74.96031746031746,36.20826709062003,81.2798092209857,35.91269841269841,60.27777777777778
2024-04-03,40.992063492063494,66.7063492063492,33.84920634920635,84.96031746031746,42.1031746031746,65.5952380952381,71.23015873015873,47.33704292527822,84.69793322734499,38.69047619047619,60.317460317460316
2024-04-04,30.674603174603174,65.1984126984127,24.404761904761905,72.02380952380952,18.293650793650794,56.86507936507937,67.26190476190476,43.83942766295708,79.45151033386327,20.03968253968254,38.214285714285715
2024-04-05,29.563492063492063,71.23015873015873,32.65873015873016,78.53174603174604,27.182539682539684,63.13492063492063,71.86507936507937,49.72178060413354,82.86963434022258,35.03968253968254,38.25396825396825
2024-04-08,35.595238095238095,70.43650793650794,32.1031746031746,81.30952380952381,33.611111111111114,61.785714285714285,74.24603174603175,55.68362480127186,82.31319554848966,34.72222222222222,18.055555555555557
2024-04-09,39.72222222222222,64.32539682539682,34.404761904761905,82.81746031746032,36.07142857142857,63.84920634920635,73.2936507936508,53.45786963434022,78.25914149443561,39.24603174603175,38.37301587301587
2024-04-10,28.928571428571427,59.007936507936506,29.166666666666668,80.31746031746032,29.484126984126984,58.05555555555556,71.38888888888889,51.232114467408586,80.32591414944356,28.055555555555557,38.41269841269841
2024-04-11,40.43650793650794,64.16666666666667,43.53174603174603,83.96825396825396,40.357142857142854,66.86507936507937,77.02380952380952,78.17965023847377,83.2670906200318,48.37301587301587,38.45238095238095
2024-04-12,33.69047619047619,54.88095238095238,28.134920634920636,68.73015873015873,18.849206349206348,56.54761904761905,75.35714285714286,66.49443561208267,82.94912559618442,27.182539682539684,38.492063492063494
2024-04-15,32.023809523809526,45.67460317460318,18.373015873015873,55.0,8.76984126984127,47.976190476190474,64.4047619047619,76.4308426073132,78.57710651828299,14.325396825396826,18.095238095238095
2024-04-16,26.785714285714285,45.833333333333336,19.404761904761905,59.166666666666664,10.436507936507937,47.5,65.27777777777777,67.52782193958664,79.29252782193959,14.801587301587302,38.611111111111114
2024-04-17,22.42063492063492,43.45238095238095,12.896825396825397,58.17460317460318,12.341269841269842,39.007936507936506,62.26190476190476,58.14785373608903,74.12559618441972,7.182539682539683,18.134920634920636
2024-04-18,15.674603174603174,34.56349206349206,11.706349206349206,61.26984126984127,14.325396825396826,36.70634920634921,60.91269841269841,52.027027027027025,68.40222575516694,4.801587301587301,18.174603174603174
2024-04-19,9.325396825396826,24.08730158730159,5.833333333333333,54.72222222222222,11.785714285714286,28.928571428571427,56.23015873015873,33.426073131955484,38.751987281399046,1.1507936507936507,4.880952380952381
2024-04-22,11.468253968253968,26.071428571428573,10.03968253968254,65.43650793650794,15.833333333333334,32.182539682539684,60.27777777777778,27.680698967434473,44.99602859412232,4.642857142857143,18.293650793650794
2024-04-23,17.182539682539684,28.134920634920636,19.166666666666668,73.41269841269842,24.00793650793651,37.976190476190474,63.13492063492063,34.6703733121525,45.869737887212075,16.706349206349206,18.333333333333332
2024-04-24,20.11904761904762,27.817460317460316,22.42063492063492,68.96825396825396,21.150793650793652,38.76984126984127,64.4047619047619,33.08181096108022,35.86179507545671,19.00793650793651,39.04761904761905
2024-04-25,15.833333333333334,26.46825396825397,20.515873015873016,69.56349206349206,25.515873015873016,36.23015873015873,68.84920634920636,43.48689436060366,38.80063542494043,15.357142857142858,18.373015873015873
2024-04-26,23.214285714285715,32.817460317460316,31.547619047619047,78.4920634920635,31.944444444444443,43.69047619047619,71.78571428571429,76.52899126290707,55.40111199364575,31.30952380952381,39.166666666666664
2024-04-29,23.53174603174603,30.357142857142858,35.11904761904762,79.48412698412699,34.96031746031746,45.833333333333336,64.16666666666667,56.59253375694996,45.869737887212075,34.24603174603175,61.666666666666664
2024-04-30,20.1984126984127,27.261904761904763,23.76984126984127,84.72222222222223,22.976190476190474,35.833333333333336,57.8968253968254,46.5845909451946,45.07545671167593,18.293650793650794,39.20634920634921
2024-05-01,15.992063492063492,30.436507936507937,20.833333333333332,77.5,29.88095238095238,32.817460317460316,56.86507936507937,47.1405877680699,51.667990468625895,13.531746031746032,39.24603174603175
2024-05-02,27.023809523809526,30.753968253968253,29.484126984126984,82.61904761904762,36.07142857142857,37.8968253968254,62.023809523809526,61.99364575059571,55.32168387609214,25.674603174603174,61.82539682539682
2024-05-03,29.72222222222222,32.26190476190476,50.27777777777778,89.92063492063492,53.29365079365079,49.007936507936506,69.72222222222223,63.820492454328836,44.44003177124702,41.94444444444444,81.07142857142857
2024-05-06,35.27777777777778,37.26190476190476,66.54761904761905,89.68253968253968,45.27777777777778,54.404761904761905,73.2936507936508,76.52899126290707,41.02462271644162,52.976190476190474,81.03174603174604
2024-05-07,33.53174603174603,38.29365079365079,66.62698412698413,93.05555555555556,52.34126984126984,53.92857142857143,67.42063492063492,78.67355043685464,43.32803812549643,52.65873015873016,61.666666666666664
2024-05-08,36.86507936507937,33.45238095238095,65.75396825396825,93.37301587301587,58.69047619047619,53.37301587301587,66.46825396825396,62.47021445591739,38.00635424940429,52.1031746031746,39.12698412698413
2024-05-09,30.515873015873016,33.45238095238095,69.24603174603175,93.53174603174604,63.76984126984127,53.69047619047619,69.16666666666667,36.735504368546465,37.21207307386815,54.007936507936506,61.62698412698413
2024-05-10,39.24603174603175,30.753968253968253,73.13492063492063,94.88095238095238,67.18253968253968,54.56349206349206,66.30952380952381,32.68467037331215,33.717235901509135,57.26190476190476,61.58730158730159
2024-05-13,52.182539682539684,33.37301587301587,74.08730158730158,89.64285714285714,36.23015873015873,55.198412698412696,65.9920634920635,39.99205718824464,40.70691024622717,60.51587301587302,61.54761904761905
2024-05-14,56.46825396825397,43.53174603174603,80.9920634920635,90.35714285714286,36.54761904761905,57.817460317460316,69.72222222222223,34.511517077045276,37.76806989674345,69.32539682539682,80.9920634920635
2024-05-15,80.03968253968254,44.72222222222222,91.30952380952381,95.51587301587301,52.57936507936508,65.5952380952381,72.57936507936508,51.509134233518665,43.56632247815727,84.08730158730158,93.88888888888889
2024-05-16,82.42063492063492,43.05555555555556,87.97619047619048,95.75396825396825,58.05555555555556,64.0079365079365,71.23015873015873,52.93884034948372,52.30341540905481,80.67460317460318,80.87301587301587
2024-05-17,91.62698412698413,46.785714285714285,83.37301587301587,97.53968253968254,66.30952380952381,63.05555555555556,67.26190476190476,83.20095313741065,52.93884034948372,79.56349206349206,61.26984126984127
2024-05-20,90.11904761904762,53.53174603174603,86.15079365079364,97.26190476190476,64.48412698412699,66.54761904761905,62.73809523809524,84.0079365079365,62.946783161239075,85.5952380952381,61.23015873015873
2024-05-21,84.8015873015873,56.785714285714285,84.96031746031746,98.13492063492063,70.43650793650794,67.18253968253968,64.72222222222223,83.84920634920636,69.38046068308181,88.05555555555556,80.83333333333333
2024-05-22,82.34126984126983,42.8968253968254,79.8015873015873,94.84126984126983,65.43650793650794,66.15079365079364,62.976190476190474,87.57936507936508,52.14455917394758,86.78571428571429,80.7936507936508
2024-05-23,83.21428571428571,42.42063492063492,67.65873015873017,94.36507936507937,59.24603174603175,62.817460317460316,66.30952380952381,93.76984126984127,68.26846703733122,77.18253968253968,61.03174603174603
2024-05-24,78.21428571428571,46.785714285714285,78.69047619047619,97.73809523809524,74.88095238095238,68.2936507936508,71.38888888888889,86.78571428571429,67.55361397934868,88.21428571428571,60.992063492063494
2024-05-28,77.89682539682539,46.86507936507937,78.92857142857143,93.45238095238095,55.75396825396825,69.96031746031746,63.69047619047619,94.4047619047619,77.87926926131851,90.27777777777777,60.95238095238095
2024-05-29,86.7063492063492,46.388888888888886,61.54761904761905,88.2936507936508,30.753968253968253,64.0079365079365,55.51587301587302,95.91269841269842,82.24781572676727,75.5952380952381,38.214285714285715
2024-05-30,84.32539682539682,37.34126984126984,41.70634920634921,86.98412698412699,29.08730158730159,57.1031746031746,52.73809523809524,91.46825396825396,74.30500397140588,49.08730158730159,17.738095238095237
2024-05-31,73.69047619047619,31.38888888888889,38.29365079365079,92.65873015873017,53.611111111111114,56.54761904761905,53.84920634920635,84.88095238095238,66.75933280381255,48.69047619047619,17.6984126984127
2024-06-03,59.72222222222222,34.166666666666664,40.198412698412696,92.06349206349206,50.91269841269841,57.57936507936508,52.26190476190476,85.9920634920635,76.37013502779985,55.11904761904762,38.17460317460318
2024-06-04,53.214285714285715,44.24603174603175,41.785714285714285,92.18253968253968,51.70634920634921,58.76984126984127,50.833333333333336,87.57936507936508,83.35980937251787,60.595238095238095,38.13492063492063
2024-06-05,70.1984126984127,49.72222222222222,68.05555555555556,93.13492063492063,60.198412698412696,70.9920634920635,55.11904761904762,93.21428571428571,87.09293089753773,87.89682539682539,38.095238095238095
2024-06-06,69.8015873015873,42.57936507936508,62.023809523809526,94.60317460317461,61.94444444444444,69.96031746031746,54.801587301587304,94.0079365079365,86.85464654487689,85.83333333333333,38.05555555555556
2024-06-07,67.5,48.29365079365079,57.34126984126984,97.10317460317461,71.23015873015873,67.73809523809524,58.92857142857143,95.27777777777777,89.95234312946783,83.45238095238095,38.01587301587302
2024-06-10,68.69047619047619,52.42063492063492,59.24603174603175,96.82539682539682,57.57936507936508,70.11904761904762,56.388888888888886,95.35714285714286,90.74662430500398,88.37301587301587,38.01587301587302
2024-06-11,72.81746031746032,48.05555555555556,66.30952380952381,97.53968253968254,49.88095238095238,73.69047619047619,57.8968253968254,96.62698412698413,90.2700555996823,92.89682539682539,38.05555555555556
2024-06-12,78.69047619047619,59.642857142857146,82.81746031746032,99.0,68.76984126984127,79.72222222222223,56.15079365079365,96.86507936507937,91.14376489277204,97.81746031746032,61.03174603174603
2024-06-13,70.51587301587301,64.48412698412699,85.9920634920635,98.76984126984127,74.48412698412699,81.07142857142857,55.595238095238095,96.86507936507937,90.82605242255758,98.76984126984127,80.83333333333333
2024-06-14,76.30952380952381,70.11904761904762,87.42063492063492,96.23015873015873,68.13492063492063,81.62698412698413,55.03968253968254,98.13492063492063,93.84432088959491,99.0,93.84920634920636
2024-06-17,85.75396825396825,70.51587301587301,92.42063492063492,91.62698412698413,63.29365079365079,84.48412698412699,55.11904761904762,98.13492063492063,92.25575853852264,99.0,93.80952380952381
2024-06-18,81.54761904761905,70.03968253968254,91.07142857142857,91.98412698412699,77.57936507936508,84.16666666666667,57.023809523809526,97.97619047619048,92.33518665607625,99.0,93.80952380952381
2024-06-20,72.34126984126983,62.023809523809526,81.86507936507937,88.65079365079364,63.45238095238095,81.62698412698413,55.03968253968254,96.62698412698413,91.4614773629865,95.35714285714286,80.7936507936508
2024-06-21,70.43650793650794,58.29365079365079,73.84920634920636,90.7936507936508,58.611111111111114,80.67460317460318,58.214285714285715,95.35714285714286,90.98490865766482,92.5,80.83333333333333
2024-06-24,63.84920634920635,51.54761904761905,51.86507936507937,88.69047619047619,55.67460317460318,75.67460317460318,52.1031746031746,91.15079365079364,88.36378077839555,68.2936507936508,80.87301587301587
2024-06-25,65.5952380952381,59.404761904761905,65.91269841269842,91.94444444444444,61.86507936507937,79.56349206349206,57.8968253968254,95.27777777777777,91.4614773629865,82.02380952380952,80.87301587301587
2024-06-26,64.64285714285714,63.29365079365079,66.62698412698413,93.37301587301587,67.97619047619048,79.96031746031746,61.46825396825397,94.48412698412699,92.89118347895155,84.4047619047619,80.83333333333333
2024-06-27,72.81746031746032,61.70634920634921,65.03968253968254,94.68253968253968,70.51587301587301,80.1984126984127,57.8968253968254,93.21428571428571,94.71803018268467,87.02380952380952,80.7936507936508
2024-06-28,77.97619047619048,59.32539682539682,52.57936507936508,95.07936507936508,65.83333333333333,77.65873015873017,55.357142857142854,95.03968253968254,94.24146147736299,74.8015873015873,60.91269841269841
2024-07-01,83.05555555555556,61.94444444444444,57.57936507936508,95.9920634920635,63.53174603174603,79.48412698412699,58.45238095238095,97.97619047619048,95.4328832406672,81.94444444444444,60.91269841269841
2024-07-02,87.26190476190476,70.03968253968254,67.57936507936508,96.07142857142857,64.8015873015873,82.26190476190476,56.23015873015873,97.26190476190476,95.27402700555997,90.67460317460318,60.95238095238095
2024-07-03,89.4047619047619,72.42063492063492,75.91269841269842,94.48412698412699,62.57936507936508,84.4047619047619,58.611111111111114,97.18253968253968,96.22716441620334,94.8015873015873,60.992063492063494
2024-07-05,84.8015873015873,82.34126984126983,85.5952380952381,91.23015873015873,58.37301587301587,87.10317460317461,61.07142857142857,97.34126984126983,97.41858617950754,97.73809523809524,80.87301587301587
2024-07-08,86.94444444444444,78.05555555555556,83.76984126984127,89.64285714285714,60.67460317460318,87.5,64.24603174603175,96.54761904761905,96.86258935663224,98.21428571428571,93.88888888888889
2024-07-09,87.89682539682539,78.61111111111111,79.0079365079365,89.8015873015873,58.45238095238095,86.94444444444444,65.75396825396825,96.62698412698413,97.33915806195394,98.37301587301587,99.0
2024-07-10,90.11904761904762,81.46825396825396,87.65873015873017,87.81746031746032,49.08730158730159,90.11904761904762,69.56349206349206,96.86507936507937,98.05401111993646,99.0,99.0
2024-07-11,69.48412698412699,75.51587301587301,50.11904761904762,84.24603174603175,52.57936507936508,82.18253968253968,60.11904761904762,84.48412698412699,92.33518665607625,69.32539682539682,93.69047619047619
2024-07-12,62.34126984126984,71.7063492063492,56.07142857142857,87.97619047619048,59.96031746031746,83.37301587301587,58.37301587301587,75.27777777777777,89.7934868943606,75.67460317460318,93.69047619047619
2024-07-15,60.198412698412696,79.08730158730158,57.182539682539684,82.26190476190476,51.23015873015873,83.61111111111111,53.53174603174603,66.30952380952381,89.55520254169976,78.05555555555556,98.96825396825396
2024-07-16,57.1031746031746,85.43650793650794,55.595238095238095,82.3015873015873,49.88095238095238,83.21428571428571,53.76984126984127,27.5,87.25178713264495,79.08730158730158,98.92857142857143
2024-07-17,31.785714285714285,73.84920634920636,24.96031746031746,67.14285714285714,32.42063492063492,69.24603174603175,45.833333333333336,11.626984126984127,78.9118347895155,29.325396825396826,93.4920634920635
2024-07-18,29.325396825396826,76.94444444444444,22.5,63.45238095238095,14.563492063492063,64.8015873015873,43.37301587301587,12.579365079365079,82.40667196187451,24.563492063492063,80.47619047619048
2024-07-19,28.293650793650794,75.51587301587301,17.182539682539684,61.388888888888886,14.087301587301587,57.73809523809524,42.26190476190476,16.785714285714285,82.88324066719619,16.944444444444443,60.833333333333336
2024-07-22,36.46825396825397,88.21428571428571,25.833333333333332,70.95238095238095,28.53174603174603,67.18253968253968,48.53174603174603,31.706349206349206,89.39634630659253,31.944444444444443,60.79365079365079
2024-07-23,41.07142857142857,83.84920634920636,24.08730158730159,70.55555555555556,31.38888888888889,63.45238095238095,48.214285714285715,42.023809523809526,89.4047619047619,28.69047619047619,37.93650793650794
2024-07-24,20.515873015873016,64.08730158730158,7.182539682539683,54.32539682539682,9.246031746031745,41.94444444444444,42.023809523809526,8.452380952380953,83.45238095238095,5.833333333333333,17.38095238095238
2024-07-25,15.03968253968254,56.07142857142857,5.198412698412699,50.63492063492063,7.341269841269841,36.23015873015873,40.03968253968254,3.0555555555555554,80.27777777777777,2.8968253968253967,17.42063492063492
2024-07-26,18.76984126984127,64.88095238095238,8.69047619047619,56.86507936507937,19.08730158730159,40.11904761904762,41.86507936507937,2.261904761904762,79.32539682539682,8.214285714285714,17.46031746031746
2024-07-29,21.547619047619047,56.54761904761905,9.880952380952381,55.03968253968254,12.976190476190476,40.75396825396825,42.023809523809526,3.2142857142857144,72.02380952380952,9.563492063492063,17.5
2024-07-30,13.373015873015873,47.182539682539684,6.071428571428571,51.46825396825397,8.531746031746032,33.92857142857143,38.84920634920635,1.0,65.27777777777777,4.484126984126984,4.404761904761905
2024-07-31,21.547619047619047,70.91269841269842,19.484126984126984,57.8968253968254,14.166666666666666,48.92857142857143,41.785714285714285,1.3888888888888888,76.7063492063492,25.595238095238095,17.61904761904762
2024-08-01,10.515873015873016,64.48412698412699,9.563492063492063,48.73015873015873,11.547619047619047,35.198412698412696,39.24603174603175,1.0,74.48412698412699,11.865079365079366,17.658730158730158
2024-08-02,5.0396825396825395,44.24603174603175,3.9285714285714284,35.833333333333336,5.912698412698413,26.944444444444443,39.007936507936506,1.0,70.43650793650794,4.563492063492063,17.6984126984127
2024-08-05,2.261904761904762,27.57936507936508,1.626984126984127,11.587301587301587,1.626984126984127,23.214285714285715,36.94444444444444,1.0,55.595238095238095,1.2301587301587302,4.444444444444445
2024-08-06,3.134920634920635,27.42063492063492,2.8174603174603177,29.047619047619047,3.611111111111111,23.928571428571427,37.8968253968254,1.0,49.007936507936506,2.9761904761904763,17.738095238095237
2024-08-07,1.9444444444444444,25.1984126984127,2.4206349206349205,30.11904761904762,3.611111111111111,22.817460317460316,36.388888888888886,1.0,52.976190476190474,1.3888888888888888,17.6984126984127
2024-08-08,6.309523809523809,32.8968253968254,10.912698412698413,40.43650793650794,7.896825396825397,25.99206349206349,39.404761904761905,2.0238095238095237,60.11904761904762,13.293650793650794,38.41269841269841
2024-08-09,6.309523809523809,34.32539682539682,15.595238095238095,48.05555555555556,15.277777777777779,26.944444444444443,41.46825396825397,2.738095238095238,67.65873015873017,16.706349206349206,38.37301587301587
2024-08-12,5.912698412698413,33.611111111111114,19.08730158730159,48.17460317460318,16.865079365079364,27.023809523809526,41.30952380952381,3.611111111111111,72.81746031746032,17.896825396825395,38.333333333333336
2024-08-13,10.03968253968254,41.785714285714285,38.37301587301587,54.24603174603175,35.595238095238095,34.642857142857146,46.23015873015873,13.76984126984127,76.38888888888889,32.73809523809524,60.95238095238095
2024-08-14,18.928571428571427,39.56349206349206,41.86507936507937,64.88095238095238,55.03968253968254,34.166666666666664,43.92857142857143,31.626984126984127,76.62698412698413,33.214285714285715,60.91269841269841
2024-08-15,29.404761904761905,43.214285714285715,78.61111111111111,69.44444444444444,69.88095238095238,46.388888888888886,51.15079365079365,36.94444444444444,76.07142857142857,48.84920634920635,80.43650793650794
2024-08-16,33.92857142857143,44.166666666666664,79.8015873015873,71.94444444444444,80.27777777777777,46.07142857142857,54.166666666666664,36.30952380952381,76.23015873015873,49.88095238095238,93.45238095238095
2024-08-19,33.13492063492063,51.388888888888886,91.78571428571429,71.94444444444444,79.56349206349206,51.70634920634921,60.992063492063494,35.27777777777778,77.97619047619048,60.75396825396825,98.88888888888889
2024-08-20,33.45238095238095,46.46825396825397,90.75396825396825,65.0,59.32539682539682,49.88095238095238,60.833333333333336,36.23015873015873,78.05555555555556,57.57936507936508,93.33333333333333
2024-08-21,60.833333333333336,48.214285714285715,92.26190476190476,64.4047619047619,55.27777777777778,51.70634920634921,57.8968253968254,50.03968253968254,72.57936507936508,62.182539682539684,98.84920634920636
2024-08-22,55.595238095238095,40.91269841269841,73.13492063492063,55.3968253968254,37.817460317460316,41.30952380952381,52.57936507936508,53.05555555555556,67.26190476190476,42.023809523809526,93.21428571428571
2024-08-23,56.94444444444444,47.57936507936508,86.62698412698413,65.11904761904762,57.26190476190476,47.8968253968254,51.54761904761905,55.67460317460318,53.92857142857143,51.94444444444444,93.17460317460318
2024-08-26,47.8968253968254,39.166666666666664,70.03968253968254,61.58730158730159,49.801587301587304,40.43650793650794,55.03968253968254,51.94444444444444,50.67460317460318,40.91269841269841,79.92063492063492
2024-08-27,60.992063492063494,39.24603174603175,72.26190476190476,66.38888888888889,58.13492063492063,42.1031746031746,53.37301587301587,76.94444444444444,40.75396825396825,43.69047619047619,79.88095238095238
2024-08-28,33.76984126984127,37.182539682539684,54.166666666666664,56.507936507936506,38.214285714285715,35.357142857142854,48.45238095238095,44.72222222222222,33.45238095238095,33.84920634920635,60.198412698412696
2024-08-29,47.5,41.15079365079365,49.72222222222222,67.42063492063492,58.76984126984127,34.24603174603175,44.24603174603175,43.69047619047619,40.67460317460318,32.5,37.57936507936508
2024-08-30,77.57936507936508,46.30952380952381,64.24603174603175,77.5,64.32539682539682,39.48412698412698,45.51587301587302,50.198412698412696,48.69047619047619,42.34126984126984,37.57936507936508
2024-09-03,76.07142857142857,32.8968253968254,25.91269841269841,52.57936507936508,17.182539682539684,27.5,40.03968253968254,45.992063492063494,33.13492063492063,19.96031746031746,17.142857142857142
2024-09-04,64.8015873015873,31.706349206349206,23.69047619047619,50.833333333333336,13.214285714285714,26.865079365079364,39.801587301587304,46.785714285714285,28.849206349206348,19.166666666666668,17.182539682539684
2024-09-05,76.07142857142857,25.99206349206349,22.5,52.73809523809524,18.849206349206348,26.706349206349206,39.642857142857146,53.611111111111114,26.150793650793652,19.484126984126984,17.182539682539684
2024-09-06,34.166666666666664,20.1984126984127,9.563492063492063,46.111111111111114,7.817460317460317,23.69047619047619,37.26190476190476,32.34126984126984,19.642857142857142,7.023809523809524,17.22222222222222
2024-09-09,37.34126984126984,23.61111111111111,13.928571428571429,51.94444444444444,26.547619047619047,24.642857142857142,39.96031746031746,30.436507936507937,19.246031746031747,14.722222222222221,17.261904761904763
2024-09-10,41.785714285714285,25.03968253968254,19.00793650793651,52.57936507936508,27.817460317460316,25.674603174603174,40.833333333333336,27.261904761904763,22.182539682539684,21.626984126984127,37.77777777777778
2024-09-11,39.56349206349206,27.896825396825395,31.785714285714285,58.69047619047619,39.24603174603175,30.753968253968253,42.182539682539684,37.57936507936508,24.8015873015873,35.67460317460318,37.77777777777778
2024-09-12,46.23015873015873,27.103174603174605,38.92857142857143,60.75396825396825,54.801587301587304,33.214285714285715,45.992063492063494,39.642857142857146,24.325396825396826,42.023809523809526,60.198412698412696
2024-09-13,34.48412698412698,26.865079365079364,45.75396825396825,64.04761904761905,65.03968253968254,34.801587301587304,46.23015873015873,24.72222222222222,16.865079365079364,45.75396825396825,79.84126984126983
2024-09-16,31.785714285714285,25.357142857142858,39.24603174603175,56.94444444444444,61.46825396825397,32.8968253968254,43.45238095238095,15.436507936507937,9.96031746031746,41.07142857142857,60.07936507936508
2024-09-17,25.833333333333332,22.103174603174605,41.23015873015873,56.42857142857143,55.67460317460318,32.57936507936508,47.1031746031746,11.944444444444445,9.325396825396826,41.54761904761905,79.8015873015873
2024-09-18,25.357142857142858,21.071428571428573,36.54761904761905,56.30952380952381,43.611111111111114,31.071428571428573,45.992063492063494,9.087301587301587,8.928571428571429,37.26190476190476,79.76190476190476
2024-09-19,34.48412698412698,29.00793650793651,72.97619047619048,65.83333333333333,67.10317460317461,40.595238095238095,52.1031746031746,20.674603174603174,13.61111111111111,61.30952380952381,79.72222222222223
2024-09-20,42.26190476190476,29.166666666666668,67.65873015873017,69.76190476190476,69.08730158730158,38.84920634920635,56.54761904761905,27.023809523809526,16.626984126984127,57.65873015873016,79.68253968253968
2024-09-23,37.34126984126984,34.08730158730159,72.10317460317461,76.03174603174604,70.9920634920635,39.48412698412698,62.57936507936508,34.56349206349206,20.515873015873016,60.91269841269841,79.64285714285714
2024-09-24,47.5,31.38888888888889,77.65873015873017,78.4920634920635,79.64285714285714,42.26190476190476,64.56349206349206,40.992063492063494,14.325396825396826,65.51587301587301,79.60317460317461
2024-09-25,46.23015873015873,31.150793650793652,77.89682539682539,79.76190476190476,81.30952380952381,42.57936507936508,63.13492063492063,46.46825396825397,13.531746031746032,67.10317460317461,79.56349206349206
2024-09-26,58.84920634920635,33.13492063492063,85.43650793650794,78.0952380952381,79.56349206349206,46.62698412698413,71.46825396825396,43.611111111111114,10.833333333333334,74.72222222222223,79.52380952380952
2024-09-27,55.51587301587302,33.214285714285715,75.35714285714286,71.54761904761905,60.198412698412696,42.023809523809526,68.76984126984127,41.15079365079365,10.674603174603174,64.24603174603175,59.404761904761905
2024-09-30,48.76984126984127,31.626984126984127,77.02380952380952,70.51587301587301,57.976190476190474,43.13492063492063,66.62698412698413,42.73809523809524,6.944444444444445,68.13492063492063,79.48412698412699
2024-10-01,61.785714285714285,25.595238095238095,51.23015873015873,61.54761904761905,30.357142857142858,35.11904761904762,60.595238095238095,51.15079365079365,3.2142857142857144,42.65873015873016,59.285714285714285
2024-10-02,64.72222222222223,23.61111111111111,50.357142857142854,64.0079365079365,31.785714285714285,35.43650793650794,58.92857142857143,56.388888888888886,2.5793650793650795,44.642857142857146,79.44444444444444
2024-10-03,63.76984126984127,20.99206349206349,47.182539682539684,57.301587301587304,20.357142857142858,34.48412698412698,65.03968253968254,54.007936507936506,1.626984126984127,44.007936507936506,59.166666666666664
2024-10-04,91.23015873015873,23.373015873015873,58.13492063492063,61.666666666666664,27.261904761904763,39.24603174603175,64.0079365079365,71.38888888888889,2.261904761904762,60.03968253968254,79.4047619047619
2024-10-07,77.10317460317461,20.11904761904762,37.65873015873016,50.476190476190474,5.753968253968254,33.84920634920635,60.75396825396825,65.35714285714286,1.3888888888888888,39.801587301587304,59.04761904761905
2024-10-08,82.26190476190476,21.23015873015873,54.96031746031746,52.61904761904762,6.150793650793651,40.595238095238095,60.11904761904762,72.5,2.9761904761904763,58.76984126984127,59.007936507936506
2024-10-09,70.67460317460318,28.452380952380953,61.86507936507937,53.80952380952381,5.992063492063492,45.992063492063494,60.992063492063494,50.03968253968254,14.246031746031745,69.4047619047619,58.96825396825397
2024-10-10,60.595238095238095,27.023809523809526,57.023809523809526,52.8968253968254,6.150793650793651,44.642857142857146,59.166666666666664,49.404761904761905,17.341269841269842,65.67460317460318,36.26984126984127
2024-10-11,57.73809523809524,26.46825396825397,56.54761904761905,54.24603174603175,7.817460317460317,44.801587301587304,57.8968253968254,50.67460317460318,13.76984126984127,67.89682539682539,58.92857142857143
2024-10-14,69.72222222222223,28.293650793650794,64.72222222222223,54.24603174603175,9.325396825396826,48.76984126984127,60.67460317460318,66.23015873015873,22.42063492063492,77.10317460317461,58.888888888888886
2024-10-15,56.388888888888886,33.611111111111114,42.57936507936508,49.801587301587304,6.626984126984127,38.611111111111114,60.27777777777778,61.30952380952381,28.373015873015873,49.88095238095238,58.888888888888886
2024-10-16,61.15079365079365,35.27777777777778,40.595238095238095,52.65873015873016,14.007936507936508,38.45238095238095,57.5,58.69047619047619,25.436507936507937,50.91269841269841,58.84920634920635
2024-10-17,43.13492063492063,38.92857142857143,40.595238095238095,55.75396825396825,13.69047619047619,38.37301587301587,58.45238095238095,47.42063492063492,26.944444444444443,51.86507936507937,79.36507936507937
2024-10-18,49.24603174603175,35.75396825396825,47.817460317460316,61.30952380952381,23.53174603174603,43.05555555555556,66.23015873015873,52.182539682539684,25.595238095238095,61.70634920634921,79.32539682539682
2024-10-21,48.76984126984127,37.73809523809524,48.29365079365079,60.714285714285715,17.57936507936508,43.611111111111114,70.11904761904762,65.5952380952381,31.150793650793652,64.32539682539682,93.13492063492063
2024-10-22,46.388888888888886,54.56349206349206,48.29365079365079,60.15873015873016,20.11904761904762,43.53174603174603,75.11904761904762,71.23015873015873,45.75396825396825,66.30952380952381,93.0952380952381
2024-10-23,35.198412698412696,51.54761904761905,31.150793650793652,55.595238095238095,15.753968253968255,33.76984126984127,69.24603174603175,48.13492063492063,46.70634920634921,35.03968253968254,79.12698412698413
2024-10-24,35.67460317460318,50.43650793650794,37.57936507936508,58.05555555555556,15.357142857142858,36.54761904761905,68.2936507936508,63.13492063492063,53.05555555555556,45.43650793650794,93.05555555555556
2024-10-25,42.57936507936508,52.817460317460316,45.357142857142854,54.88095238095238,11.706349206349206,39.72222222222222,77.73809523809524,82.5,60.357142857142854,54.32539682539682,93.01587301587301
2024-10-28,40.51587301587302,60.27777777777778,43.92857142857143,55.67460317460318,8.69047619047619,38.69047619047619,83.61111111111111,72.18253968253968,69.24603174603175,54.24603174603175,78.92857142857143
2024-10-29,58.05555555555556,49.08730158730159,55.27777777777778,58.45238095238095,12.658730158730158,46.30952380952381,85.11904761904762,86.07142857142857,61.388888888888886,70.9920634920635,92.97619047619048
2024-10-30,50.75396825396825,58.29365079365079,41.54761904761905,55.357142857142854,9.246031746031745,38.53174603174603,78.45238095238095,83.2936507936508,64.16666666666667,51.23015873015873,78.84920634920636
2024-10-31,35.357142857142854,58.05555555555556,22.5,48.37301587301587,3.9285714285714284,28.849206349206348,70.43650793650794,58.611111111111114,53.37301587301587,21.38888888888889,58.45238095238095
2024-11-01,33.45238095238095,74.24603174603175,26.30952380952381,52.65873015873016,6.071428571428571,30.674603174603174,66.38888888888889,63.611111111111114,66.30952380952381,27.896825396825395,58.492063492063494
2024-11-04,37.023809523809526,68.76984126984127,24.642857142857142,52.26190476190476,4.325396825396825,29.8015873015873,58.214285714285715,59.166666666666664,63.45238095238095,24.96031746031746,36.111111111111114
2024-11-05,35.91269841269841,78.53174603174604,32.26190476190476,58.29365079365079,4.642857142857143,33.611111111111114,58.45238095238095,43.92857142857143,63.45238095238095,38.214285714285715,36.15079365079365
2024-11-06,48.611111111111114,77.34126984126983,66.15079365079364,81.78571428571429,32.26190476190476,49.24603174603175,67.73809523809524,46.388888888888886,57.42063492063492,70.67460317460318,58.69047619047619
2024-11-07,61.30952380952381,81.7063492063492,85.91269841269842,84.8015873015873,44.48412698412698,56.07142857142857,70.03968253968254,57.182539682539684,64.08730158730158,82.18253968253968,58.73015873015873
2024-11-08,60.51587301587302,81.38888888888889,84.64285714285714,87.02380952380952,49.166666666666664,55.91269841269841,69.8015873015873,63.13492063492063,54.56349206349206,82.73809523809524,58.76984126984127
2024-11-11,52.976190476190474,70.67460317460318,81.78571428571429,84.72222222222223,47.8968253968254,54.801587301587304,72.5,51.54761904761905,42.817460317460316,81.94444444444444,58.80952380952381
2024-11-12,63.69047619047619,69.32539682539682,75.91269841269842,85.67460317460318,54.32539682539682,53.45238095238095,63.214285714285715,69.64285714285714,47.5,79.4047619047619,36.19047619047619
2024-11-13,61.70634920634921,58.05555555555556,69.32539682539682,88.53174603174604,72.18253968253968,52.42063492063492,63.76984126984127,74.96031746031746,42.42063492063492,76.46825396825396,36.23015873015873
2024-11-14,54.801587301587304,54.166666666666664,57.1031746031746,87.85714285714286,66.86507936507937,48.76984126984127,52.976190476190474,74.64285714285714,44.48412698412698,62.26190476190476,36.26984126984127
2024-11-15,34.56349206349206,37.34126984126984,29.166666666666668,74.72222222222223,39.08730158730159,34.166666666666664,46.23015873015873,59.642857142857146,36.86507936507937,28.134920634920636,16.349206349206348
2024-11-18,37.5,41.07142857142857,33.45238095238095,75.35714285714286,39.007936507936506,36.30952380952381,47.26190476190476,43.611111111111114,35.67460317460318,34.88095238095238,36.34920634920635
2024-11-19,41.23015873015873,41.62698412698413,40.595238095238095,73.41269841269842,31.071428571428573,40.43650793650794,48.92857142857143,48.53174603174603,44.32539682539682,41.94444444444444,36.34920634920635
2024-11-20,51.70634920634921,48.37301587301587,37.5,68.80952380952381,24.404761904761905,39.166666666666664,46.07142857142857,55.595238095238095,47.5,40.67460317460318,16.38888888888889
2024-11-21,48.69047619047619,44.24603174603175,40.833333333333336,71.7063492063492,29.563492063492063,41.62698412698413,47.8968253968254,37.34126984126984,40.595238095238095,45.198412698412696,16.428571428571427
2024-11-22,46.15079365079365,50.91269841269841,41.70634920634921,83.84920634920636,54.24603174603175,41.94444444444444,47.26190476190476,21.23015873015873,38.29365079365079,47.42063492063492,16.46825396825397
2024-11-25,47.26190476190476,49.48412698412698,42.34126984126984,88.57142857142857,63.37301587301587,42.57936507936508,47.976190476190474,16.071428571428573,33.45238095238095,49.96031746031746,36.54761904761905
2024-11-26,43.76984126984127,59.72222222222222,49.007936507936506,93.41269841269842,70.5952380952381,46.23015873015873,50.43650793650794,16.865079365079364,39.96031746031746,59.166666666666664,59.08730158730159
2024-11-27,43.37301587301587,55.75396825396825,35.75396825396825,93.92857142857143,72.89682539682539,38.69047619047619,46.62698412698413,15.436507936507937,41.46825396825397,41.30952380952381,59.08730158730159
2024-11-29,70.43650793650794,53.37301587301587,45.11904761904762,97.14285714285714,82.34126984126983,45.03968253968254,49.642857142857146,35.992063492063494,43.45238095238095,54.88095238095238,79.28571428571429
2024-12-02,73.61111111111111,72.73809523809524,57.182539682539684,96.98412698412699,88.69047619047619,50.75396825396825,54.72222222222222,37.73809523809524,59.48412698412698,72.5,93.05555555555556
2024-12-03,79.32539682539682,74.64285714285714,57.182539682539684,98.2936507936508,87.5,51.785714285714285,54.642857142857146,53.37301587301587,67.57936507936508,75.67460317460318,93.01587301587301
2024-12-04,78.76984126984127,80.43650793650794,70.35714285714286,98.2936507936508,87.02380952380952,57.57936507936508,63.13492063492063,66.62698412698413,69.48412698412699,87.5,92.97619047619048
2024-12-05,52.57936507936508,88.05555555555556,62.42063492063492,98.25396825396825,88.53174603174604,55.11904761904762,59.96031746031746,72.02380952380952,77.89682539682539,81.07142857142857,92.93650793650794
2024-12-06,48.37301587301587,87.02380952380952,75.83333333333333,99.0,97.97619047619048,60.51587301587302,66.7063492063492,63.29365079365079,79.08730158730158,89.24603174603175,92.89682539682539
2024-12-09,41.46825396825397,81.15079365079364,60.91269841269841,94.44444444444444,82.42063492063492,54.24603174603175,57.5,64.32539682539682,75.11904761904762,73.76984126984127,78.92857142857143
2024-12-10,39.48412698412698,70.43650793650794,55.75396825396825,94.68253968253968,80.51587301587301,52.1031746031746,54.96031746031746,78.84920634920636,69.0079365079365,64.8015873015873,58.84920634920635
2024-12-11,53.53174603174603,74.0079365079365,80.9920634920635,97.53968253968254,93.2936507936508,62.65873015873016,57.976190476190474,83.05555555555556,73.05555555555556,85.1984126984127,58.84920634920635
2024-12-12,50.27777777777778,68.61111111111111,67.5,95.51587301587301,94.16666666666667,57.34126984126984,52.42063492063492,80.35714285714286,75.51587301587301,73.61111111111111,58.80952380952381
2024-12-13,61.388888888888886,74.16666666666667,76.46825396825396,93.88888888888889,92.89682539682539,61.785714285714285,50.27777777777778,83.45238095238095,82.5,80.5952380952381,58.76984126984127
2024-12-16,89.64285714285714,80.51587301587301,89.32539682539682,84.72222222222223,79.4047619047619,71.46825396825396,56.62698412698413,93.21428571428571,87.34126984126983,90.35714285714286,58.73015873015873
2024-12-17,84.48412698412699,80.5952380952381,80.5952380952381,78.21428571428571,56.785714285714285,68.05555555555556,53.13492063492063,94.4047619047619,89.0079365079365,84.16666666666667,36.34920634920635
2024-12-18,48.92857142857143,53.05555555555556,30.436507936507937,36.507936507936506,1.7857142857142858,45.198412698412696,40.67460317460318,91.86507936507937,86.54761904761905,31.150793650793652,16.50793650793651
2024-12-19,46.388888888888886,52.182539682539684,26.46825396825397,43.53174603174603,6.388888888888889,41.07142857142857,38.92857142857143,94.0079365079365,88.21428571428571,26.785714285714285,16.547619047619047
2024-12-20,49.72222222222222,55.03968253968254,31.626984126984127,64.44444444444444,35.595238095238095,46.15079365079365,44.08730158730159,94.72222222222223,84.8015873015873,34.642857142857146,16.58730158730159
2024-12-23,55.11904761904762,57.57936507936508,39.08730158730159,81.94444444444444,43.29365079365079,50.992063492063494,43.214285714285715,97.73809523809524,88.21428571428571,44.24603174603175,36.62698412698413
2024-12-24,66.38888888888889,64.24603174603175,55.27777777777778,91.82539682539682,82.97619047619048,57.73809523809524,46.54761904761905,98.69047619047619,87.89682539682539,58.84920634920635,59.12698412698413
2024-12-26,59.88095238095238,59.88095238095238,49.801587301587304,89.16666666666667,73.13492063492063,56.388888888888886,45.03968253968254,98.13492063492063,89.0079365079365,56.15079365079365,36.666666666666664
2024-12-27,55.357142857142854,55.357142857142854,32.182539682539684,84.44444444444444,52.976190476190474,49.166666666666664,40.992063492063494,97.73809523809524,89.16666666666667,37.8968253968254,36.70634920634921
2024-12-30,39.642857142857146,46.70634920634921,23.53174603174603,75.55555555555556,33.45238095238095,40.27777777777778,38.611111111111114,96.30952380952381,87.73809523809524,26.38888888888889,16.626984126984127
2024-12-31,30.357142857142858,49.56349206349206,19.166666666666668,74.64285714285714,35.357142857142854,35.27777777777778,38.13492063492063,93.92857142857143,86.86507936507937,20.753968253968253,4.087301587301587
2025-01-02,27.5,47.817460317460316,17.976190476190474,70.11904761904762,29.8015873015873,34.642857142857146,40.992063492063494,92.42063492063492,86.30952380952381,19.484126984126984,4.126984126984127
2025-01-03,29.88095238095238,57.57936507936508,28.214285714285715,81.54761904761905,49.32539682539682,43.76984126984127,47.976190476190474,91.15079365079364,86.62698412698413,34.166666666666664,16.825396825396826
2025-01-06,36.70634920634921,56.785714285714285,35.91269841269841,82.42063492063492,49.32539682539682,49.48412698412698,54.166666666666664,92.5,88.84920634920636,43.84920634920635,37.06349206349206
2025-01-07,24.72222222222222,53.53174603174603,24.72222222222222,69.48412698412699,29.404761904761905,37.023809523809526,46.86507936507937,85.35714285714286,85.5952380952381,26.865079365079364,16.865079365079364
2025-01-08,27.5,44.96031746031746,25.27777777777778,69.56349206349206,35.357142857142854,36.785714285714285,41.86507936507937,86.15079365079364,81.30952380952381,27.738095238095237,16.904761904761905
2025-01-10,23.373015873015873,36.23015873015873,16.547619047619047,62.61904761904762,27.896825396825395,30.833333333333332,38.37301587301587,82.26190476190476,80.83333333333333,16.706349206349206,4.166666666666667
2025-01-13,16.30952380952381,35.91269841269841,16.38888888888889,62.34126984126984,24.8015873015873,30.11904761904762,36.70634920634921,54.007936507936506,73.92857142857143,14.722222222222221,4.2063492063492065
2025-01-14,18.53174603174603,34.56349206349206,16.626984126984127,64.92063492063492,26.30952380952381,29.246031746031747,36.54761904761905,43.69047619047619,71.15079365079364,13.61111111111111,4.246031746031746
2025-01-15,23.452380952380953,40.51587301587302,31.38888888888889,80.75396825396825,52.817460317460316,37.023809523809526,40.43650793650794,54.166666666666664,77.73809523809524,34.56349206349206,17.182539682539684
2025-01-16,15.833333333333334,42.8968253968254,27.976190476190474,77.85714285714286,40.992063492063494,34.32539682539682,38.92857142857143,23.055555555555557,72.10317460317461,28.53174603174603,17.22222222222222
2025-01-17,23.373015873015873,50.27777777777778,45.595238095238095,83.25396825396825,56.94444444444444,43.214285714285715,43.76984126984127,24.88095238095238,78.45238095238095,42.73809523809524,37.61904761904762
2025-01-21,43.69047619047619,53.53174603174603,52.182539682539684,84.72222222222223,67.02380952380952,46.62698412698413,41.54761904761905,21.150793650793652,75.03968253968254,48.53174603174603,37.65873015873016
2025-01-22,56.54761904761905,57.26190476190476,68.45238095238095,84.56349206349206,74.4047619047619,52.8968253968254,40.595238095238095,31.38888888888889,81.78571428571429,63.214285714285715,37.698412698412696
2025-01-23,52.34126984126984,57.42063492063492,69.72222222222223,86.86507936507937,68.53174603174604,53.29365079365079,40.992063492063494,42.73809523809524,76.86507936507937,65.51587301587301,60.15873015873016
2025-01-24,40.595238095238095,53.69047619047619,60.75396825396825,87.5,74.88095238095238,50.595238095238095,38.69047619047619,24.642857142857142,71.30952380952381,55.357142857142854,37.73809523809524
2025-01-27,22.103174603174605,45.198412698412696,27.976190476190474,63.69047619047619,23.055555555555557,32.5,34.007936507936506,5.357142857142857,62.42063492063492,24.88095238095238,37.77777777777778
2025-01-28,26.944444444444443,49.166666666666664,43.69047619047619,72.22222222222223,40.833333333333336,39.56349206349206,35.67460317460318,18.69047619047619,73.76984126984127,37.1031746031746,60.317460317460316
2025-01-29,32.976190476190474,44.96031746031746,40.27777777777778,70.23809523809524,37.182539682539684,37.65873015873016,36.388888888888886,23.69047619047619,68.37301587301587,35.198412698412696,60.317460317460316
2025-01-30,42.26190476190476,47.42063492063492,46.15079365079365,76.19047619047619,52.817460317460316,40.03968253968254,35.357142857142854,16.46825396825397,65.91269841269842,38.611111111111114,60.317460317460316
2025-01-31,48.45238095238095,42.26190476190476,42.182539682539684,73.57142857142857,49.007936507936506,38.13492063492063,36.388888888888886,30.753968253968253,64.16666666666667,37.42063492063492,60.317460317460316
2025-02-03,42.8968253968254,42.182539682539684,32.65873015873016,66.38888888888889,19.246031746031747,34.32539682539682,37.8968253968254,27.5,63.69047619047619,29.8015873015873,37.817460317460316
2025-02-04,39.88095238095238,63.53174603174603,47.023809523809526,74.28571428571429,31.944444444444443,40.11904761904762,38.05555555555556,31.785714285714285,77.5,41.15079365079365,37.857142857142854
2025-02-05,36.30952380952381,61.23015873015873,51.388888888888886,82.02380952380952,56.94444444444444,42.73809523809524,36.30952380952381,19.484126984126984,73.2936507936508,46.23015873015873,37.8968253968254
2025-02-06,52.817460317460316,66.15079365079364,57.817460317460316,85.55555555555556,64.48412698412699,46.07142857142857,37.26190476190476,42.34126984126984,80.27777777777777,52.26190476190476,37.93650793650794
2025-02-07,42.26190476190476,50.357142857142854,37.65873015873016,81.98412698412699,50.357142857142854,36.23015873015873,35.595238095238095,34.96031746031746,76.23015873015873,35.595238095238095,37.976190476190474
2025-02-10,64.32539682539682,43.45238095238095,52.023809523809526,83.96825396825396,63.05555555555556,44.404761904761905,35.91269841269841,42.65873015873016,78.69047619047619,47.817460317460316,60.67460317460318
2025-02-11,64.4047619047619,36.30952380952381,45.67460317460318,84.52380952380952,57.5,40.51587301587302,35.198412698412696,57.65873015873016,73.2936507936508,44.166666666666664,38.01587301587302
2025-02-12,66.62698412698413,36.46825396825397,43.84920634920635,84.92063492063492,62.817460317460316,40.67460317460318,34.24603174603175,76.38888888888889,76.78571428571429,45.833333333333336,60.79365079365079
2025-02-13,59.08730158730159,42.182539682539684,61.46825396825397,86.9047619047619,74.8015873015873,50.11904761904762,37.023809523809526,62.65873015873016,81.62698412698413,63.53174603174603,60.833333333333336
2025-02-14,68.84920634920636,44.56349206349206,63.214285714285715,88.53174603174604,83.37301587301587,52.1031746031746,40.992063492063494,83.2936507936508,78.61111111111111,68.05555555555556,80.43650793650794
2025-02-18,55.992063492063494,46.23015873015873,64.0079365079365,81.34920634920636,66.07142857142857,52.34126984126984,39.007936507936506,65.1984126984127,74.24603174603175,71.86507936507937,93.57142857142857
2025-02-19,52.8968253968254,50.27777777777778,63.05555555555556,83.17460317460318,72.10317460317461,52.26190476190476,38.45238095238095,70.5952380952381,73.37301587301587,72.81746031746032,93.53174603174604
2025-02-20,39.08730158730159,62.42063492063492,56.07142857142857,83.69047619047619,60.91269841269841,48.611111111111114,39.48412698412698,48.13492063492063,77.18253968253968,60.91269841269841,80.43650793650794
2025-02-21,27.817460317460316,45.595238095238095,31.46825396825397,68.69047619047619,26.071428571428573,34.96031746031746,37.023809523809526,41.23015873015873,73.69047619047619,29.484126984126984,60.87301587301587
2025-02-24,25.595238095238095,37.817460317460316,24.08730158730159,64.84126984126983,17.738095238095237,30.27777777777778,35.51587301587302,35.27777777777778,63.37301587301587,18.69047619047619,60.91269841269841
2025-02-25,33.53174603174603,33.53174603174603,16.865079365079364,61.70634920634921,12.658730158730158,26.706349206349206,32.34126984126984,51.46825396825397,59.48412698412698,10.436507936507937,38.05555555555556
2025-02-26,26.547619047619047,33.13492063492063,18.53174603174603,61.86507936507937,13.531746031746032,27.103174603174605,32.57936507936508,30.03968253968254,69.64285714285714,12.023809523809524,60.992063492063494
2025-02-27,18.293650793650794,25.436507936507937,7.579365079365079,51.42857142857143,6.309523809523809,23.76984126984127,30.436507936507937,19.88095238095238,67.57936507936508,1.9444444444444444,38.095238095238095
2025-02-28,22.817460317460316,28.214285714285715,13.373015873015873,57.976190476190474,11.38888888888889,25.11904761904762,31.944444444444443,38.37301587301587,76.38888888888889,11.706349206349206,38.095238095238095
2025-03-03,14.563492063492063,21.944444444444443,6.865079365079365,47.857142857142854,3.5317460317460316,22.896825396825395,30.1984126984127,19.642857142857142,65.9920634920635,3.6904761904761907,17.261904761904763
2025-03-04,16.706349206349206,23.76984126984127,6.23015873015873,47.182539682539684,3.2936507936507935,22.5,29.08730158730159,29.484126984126984,71.07142857142857,2.5,4.285714285714286
2025-03-05,17.103174603174605,24.72222222222222,11.865079365079366,50.91269841269841,4.9603174603174605,24.08730158730159,29.08730158730159,23.452380952380953,69.8015873015873,9.801587301587302,4.325396825396825
2025-03-06,8.69047619047619,16.46825396825397,4.166666666666667,43.37301587301587,2.261904761904762,21.30952380952381,26.785714285714285,13.531746031746032,57.73809523809524,2.1031746031746033,4.365079365079365
2025-03-07,9.007936507936508,17.182539682539684,6.944444444444445,46.03174603174603,3.134920634920635,21.785714285714285,29.325396825396826,6.626984126984127,47.42063492063492,5.198412698412699,17.46031746031746
2025-03-10,5.277777777777778,10.436507936507937,1.5476190476190477,30.476190476190474,1.5476190476190477,18.61111111111111,25.03968253968254,3.5317460317460316,28.452380952380953,1.0,17.46031746031746
2025-03-11,4.087301587301587,10.515873015873016,1.7857142857142858,30.952380952380953,1.8650793650793651,18.293650793650794,23.928571428571427,3.8492063492063493,31.23015873015873,1.0,17.46031746031746
2025-03-12,5.119047619047619,10.833333333333334,3.611111111111111,40.23809523809524,3.611111111111111,19.642857142857142,25.99206349206349,7.976190476190476,37.1031746031746,2.1825396825396823,17.46031746031746
2025-03-13,3.2936507936507935,8.928571428571429,2.0238095238095237,36.15079365079365,3.5317460317460316,17.658730158730158,24.72222222222222,4.801587301587301,35.198412698412696,1.0,17.46031746031746
2025-03-14,4.484126984126984,13.452380952380953,7.817460317460317,44.801587301587304,8.76984126984127,20.1984126984127,25.753968253968253,4.801587301587301,33.76984126984127,8.373015873015873,17.5
2025-03-17,4.484126984126984,11.547619047619047,11.785714285714286,47.5,14.880952380952381,20.753968253968253,27.023809523809526,2.8174603174603177,21.46825396825397,11.547619047619047,38.214285714285715
2025-03-18,2.3412698412698414,9.722222222222221,8.134920634920634,44.32539682539682,7.261904761904762,18.928571428571427,25.674603174603174,2.6587301587301586,18.134920634920636,6.309523809523809,38.17460317460318
2025-03-19,3.7698412698412698,10.912698412698413,15.515873015873016,53.05555555555556,17.896825396825395,20.357142857142858,27.738095238095237,3.4523809523809526,18.214285714285715,12.420634920634921,38.13492063492063
2025-03-20,4.007936507936508,7.738095238095238,17.023809523809526,54.56349206349206,17.658730158730158,19.96031746031746,26.785714285714285,4.484126984126984,14.325396825396826,11.944444444444445,38.095238095238095
2025-03-21,6.944444444444445,9.166666666666666,22.341269841269842,56.111111111111114,21.46825396825397,20.357142857142858,26.865079365079364,6.7063492063492065,13.214285714285714,13.452380952380953,38.05555555555556
2025-03-24,12.817460317460318,17.57936507936508,39.96031746031746,66.62698412698413,33.37301587301587,21.865079365079364,27.5,17.896825396825395,18.134920634920636,27.658730158730158,60.992063492063494
2025-03-25,19.72222222222222,19.404761904761905,50.595238095238095,70.51587301587301,43.13492063492063,22.103174603174605,27.57936507936508,38.13492063492063,19.404761904761905,32.182539682539684,80.5952380952381
2025-03-26,12.261904761904763,15.357142857142858,32.57936507936508,60.75396825396825,31.150793650793652,20.833333333333332,25.753968253968253,15.674603174603174,16.150793650793652,20.674603174603174,60.87301587301587
2025-03-27,20.357142857142858,13.214285714285714,29.72222222222222,58.96825396825397,23.928571428571427,20.11904761904762,25.436507936507937,27.5,10.912698412698413,17.57936507936508,60.833333333333336
2025-03-28,7.817460317460317,6.865079365079365,15.595238095238095,46.785714285714285,7.738095238095238,17.103174603174605,23.293650793650794,13.055555555555555,6.150793650793651,6.944444444444445,37.77777777777778
2025-03-31,12.420634920634921,6.865079365079365,16.865079365079364,45.992063492063494,3.6904761904761907,17.023809523809526,23.055555555555557,20.674603174603174,6.071428571428571,6.944444444444445,17.142857142857142
2025-04-01,16.23015873015873,10.515873015873016,23.293650793650794,48.05555555555556,5.198412698412699,17.896825396825395,23.849206349206348,16.626984126984127,10.03968253968254,11.944444444444445,37.857142857142854
2025-04-02,13.61111111111111,13.531746031746032,30.27777777777778,52.34126984126984,4.722222222222222,18.849206349206348,24.00793650793651,12.261904761904763,9.642857142857142,16.865079365079364,37.857142857142854
2025-04-03,7.658730158730159,6.388888888888889,4.801587301587301,22.261904761904763,1.0,11.38888888888889,21.706349206349206,18.928571428571427,11.468253968253968,1.3095238095238095,37.8968253968254
2025-04-04,1.0,2.261904761904762,1.0,3.8492063492063493,1.0,5.753968253968254,19.8015873015873,21.23015873015873,10.198412698412698,1.0,17.182539682539684
2025-04-07,4.007936507936508,1.626984126984127,1.0,2.5793650793650795,1.0,5.992063492063492,20.1984126984127,59.007936507936506,11.706349206349206,1.0,17.22222222222222
2025-04-08,2.0238095238095237,1.0,1.0,2.0238095238095237,1.0,4.166666666666667,19.246031746031747,54.96031746031746,10.277777777777779,1.0,4.325396825396825
2025-04-09,24.563492063492063,10.119047619047619,30.99206349206349,10.674603174603174,1.0,16.547619047619047,23.134920634920636,80.03968253968254,35.03968253968254,27.341269841269842,17.341269841269842
2025-04-10,15.515873015873016,5.0396825396825395,9.007936507936508,1.0,1.0,11.071428571428571,21.23015873015873,67.81746031746032,23.928571428571427,16.38888888888889,17.38095238095238
2025-04-11,13.293650793650794,8.452380952380953,19.00793650793651,1.7857142857142858,1.0,13.373015873015873,22.5,69.8015873015873,26.944444444444443,22.976190476190474,38.05555555555556
2025-04-14,13.531746031746032,10.357142857142858,23.76984126984127,11.428571428571429,1.5476190476190477,14.166666666666666,21.944444444444443,75.43650793650794,30.515873015873016,24.563492063492063,60.87301587301587
2025-04-15,21.46825396825397,11.071428571428571,26.706349206349206,16.23015873015873,1.7857142857142858,14.722222222222221,22.896825396825395,85.35714285714286,38.37301587301587,25.27777777777778,60.833333333333336
2025-04-16,8.055555555555555,4.563492063492063,11.38888888888889,8.333333333333334,1.2301587301587302,10.992063492063492,22.182539682539684,61.30952380952381,20.833333333333332,15.833333333333334,38.01587301587302
2025-04-17,8.69047619047619,5.119047619047619,12.5,15.634920634920634,3.9285714285714284,11.071428571428571,22.182539682539684,46.30952380952381,23.69047619047619,15.912698412698413,60.87301587301587
2025-04-21,4.166666666666667,2.5,5.357142857142857,4.642857142857143,1.0,8.61111111111111,21.626984126984127,35.595238095238095,17.023809523809526,9.246031746031745,60.87301587301587
2025-04-22,5.119047619047619,3.7698412698412698,19.00793650793651,12.182539682539682,1.9444444444444444,11.30952380952381,23.373015873015873,25.27777777777778,19.484126984126984,19.642857142857142,60.91269841269841
2025-04-23,7.420634920634921,4.325396825396825,37.26190476190476,18.650793650793652,3.2142857142857144,14.246031746031745,27.103174603174605,26.547619047619047,17.182539682539684,27.896825396825395,80.63492063492063
2025-04-24,21.23015873015873,6.388888888888889,79.16666666666667,24.404761904761905,4.880952380952381,18.214285714285715,28.69047619047619,53.611111111111114,19.404761904761905,39.56349206349206,80.63492063492063
2025-04-25,26.944444444444443,8.373015873015873,91.46825396825396,31.23015873015873,9.087301587301587,19.404761904761905,28.373015873015873,72.42063492063492,29.166666666666668,44.801587301587304,93.61111111111111
2025-04-28,39.404761904761905,13.452380952380953,91.15079365079364,30.27777777777778,9.325396825396826,19.484126984126984,28.055555555555557,76.7063492063492,41.30952380952381,44.48412698412698,80.55555555555556
2025-04-29,43.13492063492063,12.261904761904763,94.08730158730158,34.76190476190476,16.38888888888889,20.27777777777778,28.928571428571427,80.11904761904762,28.849206349206348,48.05555555555556,80.51587301587301
2025-04-30,39.24603174603175,12.738095238095237,94.56349206349206,33.53174603174603,12.817460317460318,20.515873015873016,27.57936507936508,75.5952380952381,29.00793650793651,48.611111111111114,80.47619047619048
2025-05-01,40.833333333333336,13.76984126984127,98.2936507936508,34.24603174603175,13.61111111111111,22.023809523809526,28.452380952380953,89.32539682539682,42.34126984126984,56.07142857142857,93.57142857142857
2025-05-02,91.46825396825396,16.150793650793652,99.0,44.08730158730159,22.023809523809526,23.055555555555557,31.626984126984127,88.2936507936508,38.05555555555556,66.07142857142857,93.53174603174604
2025-05-05,99.0,16.46825396825397,97.65873015873017,40.833333333333336,14.404761904761905,22.42063492063492,31.706349206349206,88.53174603174604,36.86507936507937,59.404761904761905,93.4920634920635
2025-05-06,99.0,13.134920634920634,90.75396825396825,37.182539682539684,9.96031746031746,22.103174603174605,29.96031746031746,78.69047619047619,29.484126984126984,50.91269841269841,80.1984126984127
2025-05-07,99.0,12.976190476190476,88.37301587301587,40.91269841269841,18.53174603174603,22.42063492063492,28.293650793650794,67.73809523809524,27.896825396825395,54.08730158730159,80.15873015873017
2025-05-08,69.64285714285714,14.246031746031745,92.89682539682539,42.8968253968254,21.706349206349206,23.134920634920636,28.214285714285715,19.404761904761905,22.261904761904763,61.46825396825397,80.11904761904762
2025-05-09,93.76984126984127,16.071428571428573,90.11904761904762,45.357142857142854,25.1984126984127,23.055555555555557,28.293650793650794,37.73809523809524,25.357142857142858,61.23015873015873,60.51587301587302
2025-05-12,97.65873015873017,19.8015873015873,99.0,59.72222222222222,37.26190476190476,26.865079365079364,31.865079365079364,43.45238095238095,26.46825396825397,86.38888888888889,80.15873015873017
2025-05-13,98.69047619047619,23.293650793650794,99.0,59.682539682539684,38.69047619047619,29.08730158730159,33.13492063492063,57.42063492063492,30.436507936507937,92.26190476190476,80.1984126984127
2025-05-14,99.0,24.563492063492063,99.0,57.46031746031746,40.27777777777778,30.03968253968254,33.37301587301587,72.5,36.30952380952381,93.13492063492063,80.23809523809524
2025-05-15,99.0,20.91269841269841,99.0,61.82539682539682,54.88095238095238,30.11904761904762,33.37301587301587,82.18253968253968,29.08730158730159,93.37301587301587,80.27777777777777
2025-05-16,99.0,21.23015873015873,99.0,67.14285714285714,67.5,31.38888888888889,33.13492063492063,85.67460317460318,24.72222222222222,94.48412698412699,80.31746031746032
2025-05-19,99.0,20.674603174603174,98.76984126984127,61.46825396825397,56.785714285714285,31.626984126984127,31.865079365079364,89.96031746031746,30.833333333333332,94.64285714285714,93.61111111111111
2025-05-20,99.0,20.03968253968254,95.75396825396825,60.43650793650794,58.69047619047619,30.03968253968254,31.547619047619047,88.05555555555556,29.72222222222222,92.10317460317461,93.57142857142857
2025-05-21,98.21428571428571,18.849206349206348,83.53174603174604,49.92063492063492,31.706349206349206,27.57936507936508,30.753968253968253,87.65873015873017,37.817460317460316,76.78571428571429,80.27777777777777
2025-05-22,94.4047619047619,23.055555555555557,79.16666666666667,51.86507936507937,37.5,27.738095238095237,30.595238095238095,87.26190476190476,43.37301587301587,77.73809523809524,80.31746031746032
2025-05-23,88.2936507936508,23.849206349206348,60.992063492063494,45.27777777777778,25.03968253968254,26.547619047619047,29.08730158730159,68.13492063492063,45.992063492063494,62.976190476190474,80.31746031746032
2025-05-27,95.03968253968254,32.65873015873016,86.46825396825396,59.08730158730159,48.29365079365079,30.27777777777778,31.38888888888889,76.94444444444444,56.07142857142857,82.57936507936508,80.31746031746032
2025-05-28,92.89682539682539,30.11904761904762,74.64285714285714,56.15079365079365,47.8968253968254,29.246031746031747,31.38888888888889,80.9920634920635,56.23015873015873,77.26190476190476,60.51587301587302
2025-05-29,93.05555555555556,41.46825396825397,71.94444444444444,62.142857142857146,50.27777777777778,29.72222222222222,30.91269841269841,84.72222222222223,67.81746031746032,78.76984126984127,60.51587301587302
2025-05-30,88.84920634920636,34.96031746031746,64.64285714285714,69.28571428571429,61.785714285714285,29.246031746031747,30.753968253968253,68.13492063492063,60.67460317460318,77.18253968253968,37.93650793650794
2025-06-02,83.92857142857143,46.23015873015873,70.5952380952381,79.52380952380952,59.96031746031746,30.674603174603174,31.865079365079364,82.5,74.0079365079365,82.5,37.976190476190474
2025-06-03,90.75396825396825,53.13492063492063,75.27777777777777,84.68253968253968,70.11904761904762,33.13492063492063,33.84920634920635,82.18253968253968,67.5,88.2936507936508,38.01587301587302
2025-06-04,94.16666666666667,46.70634920634921,73.21428571428571,83.01587301587301,71.46825396825396,33.84920634920635,34.32539682539682,86.07142857142857,68.13492063492063,90.1984126984127,60.595238095238095
2025-06-05,90.5952380952381,58.76984126984127,56.388888888888886,64.24603174603175,57.023809523809526,31.071428571428573,33.29365079365079,86.30952380952381,72.73809523809524,77.65873015873017,60.595238095238095
2025-06-06,90.67460317460318,60.27777777777778,64.32539682539682,76.07142857142857,79.24603174603175,34.166666666666664,33.92857142857143,89.32539682539682,77.42063492063492,85.43650793650794,60.595238095238095
2025-06-09,91.46825396825396,77.34126984126983,61.388888888888886,72.77777777777777,69.8015873015873,34.48412698412698,31.706349206349206,90.83333333333333,88.37301587301587,86.38888888888889,80.31746031746032
2025-06-10,71.7063492063492,80.67460317460318,66.46825396825396,75.95238095238095,72.73809523809524,37.182539682539684,32.73809523809524,86.38888888888889,85.43650793650794,91.38888888888889,80.27777777777777
2025-06-11,55.91269841269841,75.03968253968254,59.96031746031746,71.19047619047619,72.5,34.801587301587304,32.182539682539684,79.32539682539682,76.46825396825396,85.35714285714286,80.27777777777777
2025-06-12,53.92857142857143,83.84920634920636,61.23015873015873,69.36507936507937,58.13492063492063,35.992063492063494,32.1031746031746,68.2936507936508,81.54761904761905,87.18253968253968,80.27777777777777
2025-06-13,43.37301587301587,69.8015873015873,40.91269841269841,57.5,31.865079365079364,31.30952380952381,29.88095238095238,78.13492063492063,80.5952380952381,61.86507936507937,80.31746031746032
2025-06-16,50.833333333333336,71.7063492063492,60.43650793650794,67.22222222222223,42.34126984126984,36.15079365079365,30.11904761904762,84.0079365079365,85.67460317460318,79.16666666666667,80.35714285714286
2025-06-17,42.5,74.8015873015873,44.56349206349206,52.57936507936508,22.42063492063492,32.73809523809524,28.373015873015873,83.92857142857143,89.64285714285714,59.801587301587304,60.595238095238095
2025-06-18,45.833333333333336,70.03968253968254,43.45238095238095,58.92857142857143,33.76984126984127,32.34126984126984,27.658730158730158,84.48412698412699,87.57936507936508,59.88095238095238,60.63492063492063
2025-06-20,53.05555555555556,69.88095238095238,36.388888888888886,58.45238095238095,33.13492063492063,30.595238095238095,26.150793650793652,61.86507936507937,80.83333333333333,51.62698412698413,60.67460317460318
2025-06-23,59.48412698412698,71.62698412698413,48.84920634920635,66.62698412698413,36.86507936507937,34.166666666666664,27.182539682539684,65.27777777777777,83.92857142857143,66.30952380952381,60.714285714285715
2025-06-24,79.32539682539682,69.96031746031746,65.83333333333333,79.08730158730158,58.76984126984127,39.88095238095238,29.96031746031746,74.0079365079365,78.21428571428571,82.81746031746032,60.75396825396825
2025-06-25,61.94444444444444,69.24603174603175,65.9920634920635,83.13492063492063,71.54761904761905,40.51587301587302,30.91269841269841,83.92857142857143,81.46825396825396,84.16666666666667,60.79365079365079
2025-06-26,73.76984126984127,79.88095238095238,75.9920634920635,83.2936507936508,70.43650793650794,47.023809523809526,33.37301587301587,79.8015873015873,88.92857142857143,91.86507936507937,80.87301587301587
2025-06-27,74.88095238095238,84.08730158730158,78.37301587301587,83.73015873015873,78.76984126984127,49.166666666666664,32.1031746031746,79.24603174603175,90.1984126984127,93.21428571428571,80.91269841269842
2025-06-30,80.83333333333333,91.30952380952381,82.89682539682539,78.05555555555556,65.75396825396825,52.023809523809526,32.817460317460316,80.9920634920635,92.65873015873017,95.5952380952381,94.08730158730158
2025-07-01,68.37301587301587,90.27777777777777,66.15079365079364,74.8015873015873,64.16666666666667,45.833333333333336,31.706349206349206,46.785714285714285,86.54761904761905,83.37301587301587,80.91269841269842
2025-07-02,67.5,90.11904761904762,74.08730158730158,76.54761904761905,66.15079365079364,50.67460317460318,33.13492063492063,57.34126984126984,87.02380952380952,90.03968253968254,94.08730158730158
2025-07-03,73.69047619047619,90.67460317460318,84.16666666666667,78.76984126984127,70.75396825396825,55.833333333333336,34.08730158730159,59.48412698412698,90.11904761904762,94.48412698412699,94.04761904761905
2025-07-07,73.69047619047619,97.18253968253968,69.0079365079365,68.84920634920636,53.37301587301587,50.833333333333336,31.547619047619047,65.11904761904762,91.30952380952381,82.81746031746032,94.0079365079365
2025-07-08,65.9920634920635,99.0,66.62698412698413,78.41269841269842,66.7063492063492,50.833333333333336,30.11904761904762,54.72222222222222,90.9920634920635,83.53174603174604,93.96825396825396
2025-07-09,70.83333333333333,99.0,74.16666666666667,84.88095238095238,79.08730158730158,54.801587301587304,29.642857142857142,60.51587301587302,88.45238095238095,90.35714285714286,93.92857142857143
2025-07-10,63.53174603174603,99.0,68.61111111111111,84.48412698412699,81.23015873015873,53.13492063492063,29.404761904761905,51.785714285714285,83.84920634920636,86.38888888888889,80.75396825396825
2025-07-11,64.8015873015873,93.37301587301587,62.73809523809524,82.38095238095238,74.32539682539682,51.70634920634921,29.08730158730159,60.833333333333336,65.91269841269842,82.26190476190476,60.833333333333336
2025-07-14,65.9920634920635,98.45238095238095,64.4047619047619,75.63492063492063,61.388888888888886,53.13492063492063,27.896825396825395,59.24603174603175,76.7063492063492,85.67460317460318,60.87301587301587
2025-07-15,77.97619047619048,97.18253968253968,62.42063492063492,76.11111111111111,61.62698412698413,53.611111111111114,31.944444444444443,76.62698412698413,83.37301587301587,87.42063492063492,60.91269841269841
2025-07-16,66.86507936507937,96.86507936507937,60.75396825396825,77.97619047619048,69.04761904761905,53.76984126984127,30.833333333333332,76.07142857142857,85.67460317460318,88.76984126984127,80.95238095238095
2025-07-17,81.38888888888889,97.5,66.94444444444444,85.1984126984127,78.69047619047619,57.817460317460316,32.023809523809526,70.03968253968254,83.2936507936508,94.08730158730158,80.9920634920635
2025-07-18,80.75396825396825,99.0,62.34126984126984,85.67460317460318,78.92857142857143,57.26190476190476,31.865079365079364,69.88095238095238,90.11904761904762,93.05555555555556,60.95238095238095
2025-07-21,86.46825396825396,99.0,64.32539682539682,84.68253968253968,69.32539682539682,59.08730158730159,36.62698412698413,89.72222222222223,94.56349206349206,95.67460317460318,81.11111111111111
2025-07-22,75.83333333333333,99.0,52.182539682539684,83.05555555555556,75.27777777777777,56.30952380952381,36.62698412698413,58.76984126984127,91.62698412698413,86.23015873015873,60.992063492063494
2025-07-23,66.62698412698413,99.0,55.833333333333336,88.84920634920636,83.92857142857143,58.37301587301587,37.5,55.11904761904762,90.91269841269842,91.46825396825396,61.03174603174603
2025-07-24,66.94444444444444,98.2936507936508,57.023809523809526,89.72222222222223,83.37301587301587,59.08730158730159,36.86507936507937,46.388888888888886,89.24603174603175,92.73809523809524,81.23015873015873
2025-07-25,60.67460317460318,96.15079365079364,57.817460317460316,92.65873015873017,89.32539682539682,59.96031746031746,37.26190476190476,44.72222222222222,86.30952380952381,94.56349206349206,94.12698412698413
2025-07-28,60.43650793650794,94.96031746031746,60.27777777777778,91.62698412698413,84.16666666666667,61.54761904761905,40.833333333333336,53.69047619047619,83.69047619047619,95.75396825396825,94.08730158730158
2025-07-29,54.166666666666664,94.72222222222223,54.24603174603175,87.57936507936508,71.46825396825396,59.96031746031746,42.182539682539684,49.007936507936506,83.92857142857143,93.05555555555556,81.15079365079364
2025-07-30,62.1031746031746,94.0079365079365,53.69047619047619,91.30952380952381,75.91269841269842,60.51587301587302,40.833333333333336,84.32539682539682,87.5,94.24603174603175,81.11111111111111
2025-07-31,52.5,92.57936507936508,44.24603174603175,80.03968253968254,56.30952380952381,57.1031746031746,39.32539682539682,88.37301587301587,91.78571428571429,78.92857142857143,60.95238095238095
2025-08-01,33.37301587301587,87.26190476190476,27.261904761904763,60.87301587301587,15.674603174603174,42.34126984126984,39.08730158730159,75.11904761904762,81.23015873015873,29.642857142857142,60.95238095238095
2025-08-04,50.51587301587302,87.97619047619048,41.07142857142857,79.88095238095238,44.642857142857146,55.833333333333336,38.13492063492063,79.4047619047619,86.38888888888889,59.08730158730159,60.91269841269841
2025-08-05,43.611111111111114,87.81746031746032,33.53174603174603,73.17460317460318,45.833333333333336,50.67460317460318,39.642857142857146,80.91269841269842,86.46825396825396,43.611111111111114,60.87301587301587
2025-08-06,48.76984126984127,92.02380952380952,47.182539682539684,83.61111111111111,64.48412698412699,58.214285714285715,46.86507936507937,90.11904761904762,93.21428571428571,63.69047619047619,60.87301587301587
2025-08-07,52.023809523809526,91.94444444444444,50.03968253968254,83.21428571428571,67.97619047619048,59.56349206349206,54.642857142857146,92.26190476190476,93.76984126984127,68.45238095238095,60.87301587301587
2025-08-08,60.992063492063494,91.94444444444444,61.54761904761905,91.42857142857143,91.30952380952381,64.56349206349206,54.48412698412698,93.2936507936508,95.43650793650794,79.56349206349206,60.87301587301587
2025-08-11,55.67460317460318,91.54761904761905,53.214285714285715,87.5,75.9920634920635,62.34126984126984,57.023809523809526,93.21428571428571,95.83333333333333,73.05555555555556,37.93650793650794
2025-08-12,65.35714285714286,85.43650793650794,70.91269841269842,94.4047619047619,93.76984126984127,69.64285714285714,52.023809523809526,80.43650793650794,94.16666666666667,86.62698412698413,60.992063492063494
2025-08-13,64.72222222222223,79.4047619047619,68.13492063492063,94.72222222222223,96.7063492063492,69.08730158730158,51.15079365079365,59.88095238095238,85.75396825396825,87.34126984126983,61.03174603174603
2025-08-14,57.34126984126984,76.46825396825396,65.03968253968254,92.77777777777777,94.24603174603175,68.05555555555556,50.43650793650794,77.18253968253968,85.11904761904762,84.96031746031746,61.07142857142857
2025-08-15,55.11904761904762,74.16666666666667,54.24603174603175,90.15873015873017,91.46825396825396,64.8015873015873,43.92857142857143,77.65873015873017,87.89682539682539,74.32539682539682,61.111111111111114
2025-08-18,50.992063492063494,71.94444444444444,52.42063492063492,89.0079365079365,90.35714285714286,64.48412698412699,43.84920634920635,67.02380952380952,90.75396825396825,74.4047619047619,61.15079365079365
2025-08-19,43.611111111111114,67.34126984126983,34.56349206349206,77.73809523809524,85.83333333333333,55.91269841269841,38.37301587301587,72.42063492063492,81.38888888888889,41.15079365079365,61.19047619047619
2025-08-20,37.023809523809526,66.38888888888889,30.515873015873016,71.11111111111111,86.94444444444444,51.23015873015873,37.976190476190474,67.89682539682539,80.51587301587301,33.05555555555556,37.976190476190474
2025-08-21,34.08730158730159,70.11904761904762,27.42063492063492,66.9047619047619,68.61111111111111,48.05555555555556,36.785714285714285,60.03968253968254,74.88095238095238,26.706349206349206,17.38095238095238
2025-08-22,40.595238095238095,75.35714285714286,38.13492063492063,87.57936507936508,95.03968253968254,57.57936507936508,38.05555555555556,51.30952380952381,68.05555555555556,48.29365079365079,17.42063492063492
2025-08-25,36.86507936507937,77.89682539682539,35.595238095238095,85.75396825396825,87.26190476190476,55.03968253968254,37.5,46.388888888888886,73.37301587301587,42.34126984126984,17.46031746031746
2025-08-26,40.43650793650794,70.1984126984127,38.92857142857143,86.86507936507937,88.76984126984127,57.5,39.166666666666664,58.92857142857143,74.72222222222223,49.404761904761905,17.5
2025-08-27,40.595238095238095,72.02380952380952,40.27777777777778,83.61111111111111,84.4047619047619,58.29365079365079,38.37301587301587,44.48412698412698,70.83333333333333,52.34126984126984,17.53968253968254
2025-08-28,50.03968253968254,73.84920634920636,48.76984126984127,89.24603174603175,89.96031746031746,61.388888888888886,39.96031746031746,41.785714285714285,73.05555555555556,62.26190476190476,38.333333333333336
2025-08-29,56.07142857142857,69.72222222222223,32.65873015873016,79.88095238095238,79.8015873015873,52.65873015873016,38.45238095238095,41.70634920634921,69.08730158730158,37.8968253968254,38.37301587301587
2025-09-02,36.62698412698413,62.5,27.42063492063492,67.93650793650794,48.84920634920635,47.023809523809526,38.92857142857143,37.976190476190474,65.11904761904762,26.944444444444443,17.57936507936508
2025-09-03,47.182539682539684,62.42063492063492,32.023809523809526,74.2063492063492,62.8968253968254,52.5,39.96031746031746,56.46825396825397,73.92857142857143,38.05555555555556,38.492063492063494
2025-09-04,43.92857142857143,66.54761904761905,39.404761904761905,82.42063492063492,82.10317460317461,58.611111111111114,39.56349206349206,38.53174603174603,72.97619047619048,50.91269841269841,61.70634920634921
2025-09-05,42.023809523809526,70.1984126984127,39.801587301587304,85.39682539682539,86.15079365079364,58.84920634920635,44.96031746031746,30.357142857142858,71.15079365079364,52.57936507936508,81.78571428571429
2025-09-08,39.24603174603175,68.53174603174604,46.62698412698413,86.19047619047619,85.35714285714286,60.91269841269841,46.62698412698413,25.99206349206349,72.65873015873017,60.43650793650794,81.82539682539682
2025-09-09,43.76984126984127,69.48412698412699,50.833333333333336,86.58730158730158,86.78571428571429,62.57936507936508,47.34126984126984,35.03968253968254,77.5,66.23015873015873,94.32539682539682
2025-09-10,36.15079365079365,66.07142857142857,51.30952380952381,83.88888888888889,82.10317460317461,62.5,53.69047619047619,46.15079365079365,81.07142857142857,67.02380952380952,94.36507936507937
2025-09-11,38.84920634920635,70.35714285714286,60.357142857142854,86.46825396825396,89.64285714285714,65.67460317460318,51.94444444444444,54.96031746031746,74.08730158730158,76.46825396825396,94.36507936507937
2025-09-12,42.182539682539684,71.07142857142857,65.67460317460318,86.82539682539682,89.08730158730158,68.21428571428571,50.595238095238095,55.357142857142854,79.8015873015873,81.30952380952381,94.32539682539682
2025-09-15,53.29365079365079,80.43650793650794,76.30952380952381,79.16666666666667,74.4047619047619,72.65873015873017,47.976190476190474,71.30952380952381,85.83333333333333,91.23015873015873,99.0
2025-09-16,52.57936507936508,73.05555555555556,73.69047619047619,74.64285714285714,62.023809523809526,71.86507936507937,45.43650793650794,73.84920634920636,86.62698412698413,90.03968253968254,99.0
2025-09-17,62.34126984126984,77.18253968253968,67.10317460317461,80.03968253968254,70.75396825396825,69.48412698412699,44.007936507936506,87.81746031746032,84.08730158730158,83.2936507936508,94.12698412698413
2025-09-18,74.72222222222223,81.46825396825396,77.65873015873017,81.26984126984127,74.0079365079365,76.15079365079364,47.42063492063492,87.65873015873017,82.34126984126983,93.69047619047619,94.08730158730158
2025-09-19,83.37301587301587,86.23015873015873,82.81746031746032,82.42063492063492,80.1984126984127,80.11904761904762,48.92857142857143,91.62698412698413,91.15079365079364,96.54761904761905,94.04761904761905
2025-09-22,76.23015873015873,83.76984126984127,86.46825396825396,75.95238095238095,72.81746031746032,82.34126984126983,51.07142857142857,96.78571428571429,92.81746031746032,98.45238095238095,94.0079365079365
2025-09-23,72.97619047619048,73.92857142857143,73.45238095238095,68.21428571428571,68.05555555555556,77.5,43.69047619047619,92.97619047619048,87.34126984126983,88.37301587301587,81.26984126984127
2025-09-24,66.30952380952381,71.78571428571429,64.96031746031746,70.39682539682539,74.96031746031746,75.51587301587301,43.611111111111114,90.03968253968254,79.4047619047619,79.8015873015873,61.19047619047619
2025-09-25,61.07142857142857,66.07142857142857,54.72222222222222,65.11904761904762,65.1984126984127,71.78571428571429,42.5,93.37301587301587,82.89682539682539,68.61111111111111,38.13492063492063
2025-09-26,59.404761904761905,66.23015873015873,59.72222222222222,76.62698412698413,82.89682539682539,74.56349206349206,42.42063492063492,86.46825396825396,76.86507936507937,75.9920634920635,38.095238095238095
2025-09-29,74.08730158730158,65.5952380952381,62.817460317460316,70.67460317460318,65.51587301587301,77.02380952380952,43.214285714285715,91.23015873015873,76.30952380952381,81.54761904761905,38.095238095238095
2025-09-30,82.42063492063492,70.83333333333333,62.34126984126984,69.24603174603175,60.595238095238095,77.97619047619048,42.1031746031746,91.54761904761905,88.45238095238095,85.11904761904762,61.15079365079365
2025-10-01,79.96031746031746,69.56349206349206,65.51587301587301,70.63492063492063,60.03968253968254,81.46825396825396,44.32539682539682,85.5952380952381,87.65873015873017,91.62698412698413,81.23015873015873
2025-10-02,75.75396825396825,66.78571428571429,67.18253968253968,69.0079365079365,52.34126984126984,82.57936507936508,44.56349206349206,82.42063492063492,84.56349206349206,93.84920634920636,81.19047619047619
2025-10-03,71.7063492063492,69.4047619047619,56.15079365079365,68.25396825396825,56.54761904761905,79.48412698412699,46.86507936507937,83.13492063492063,79.8015873015873,83.21428571428571,61.03174603174603
2025-10-06,73.92857142857143,71.38888888888889,65.03968253968254,65.47619047619048,68.05555555555556,83.45238095238095,48.611111111111114,84.16666666666667,86.78571428571429,92.26190476190476,60.992063492063494
2025-10-07,66.38888888888889,65.83333333333333,51.70634920634921,63.17460317460318,55.75396825396825,80.75396825396825,47.182539682539684,75.27777777777777,84.8015873015873,78.05555555555556,60.992063492063494
2025-10-08,76.23015873015873,71.86507936507937,67.5,68.84920634920636,74.88095238095238,85.27777777777777,47.023809523809526,72.89682539682539,89.56349206349206,91.94444444444444,81.19047619047619
2025-10-09,69.96031746031746,72.10317460317461,61.46825396825397,68.4920634920635,74.08730158730158,84.56349206349206,49.96031746031746,90.9920634920635,90.5952380952381,89.64285714285714,81.19047619047619
2025-10-10,37.023809523809526,50.51587301587302,22.42063492063492,37.8968253968254,19.88095238095238,61.785714285714285,39.166666666666664,73.76984126984127,85.91269841269842,23.134920634920636,61.03174603174603
2025-10-13,47.8968253968254,62.8968253968254,37.34126984126984,48.53174603174603,35.67460317460318,76.07142857142857,41.07142857142857,70.43650793650794,82.18253968253968,46.30952380952381,61.03174603174603
2025-10-14,42.023809523809526,57.976190476190474,31.547619047619047,41.785714285714285,21.46825396825397,70.11904761904762,40.357142857142854,46.94444444444444,72.5,37.57936507936508,37.976190476190474
2025-10-15,49.96031746031746,57.5,35.91269841269841,41.15079365079365,22.738095238095237,75.11904761904762,41.15079365079365,57.57936507936508,77.26190476190476,44.404761904761905,38.01587301587302
2025-10-16,39.08730158730159,55.75396825396825,33.05555555555556,23.174603174603174,2.8174603174603177,71.54761904761905,39.48412698412698,66.30952380952381,80.5952380952381,39.88095238095238,17.341269841269842
2025-10-17,38.92857142857143,56.86507936507937,38.05555555555556,38.45238095238095,22.896825396825395,76.30952380952381,43.37301587301587,60.198412698412696,75.1984126984127,48.13492063492063,38.13492063492063
2025-10-20,44.801587301587304,67.89682539682539,57.817460317460316,49.84126984126984,42.5,83.69047619047619,45.91269841269841,42.023809523809526,87.73809523809524,65.51587301587301,38.17460317460318
2025-10-21,50.91269841269841,65.51587301587301,54.08730158730159,49.88095238095238,44.24603174603175,82.97619047619048,45.75396825396825,46.388888888888886,84.08730158730158,64.16666666666667,38.214285714285715
2025-10-22,44.72222222222222,57.57936507936508,37.817460317460316,46.07142857142857,32.976190476190474,75.9920634920635,41.94444444444444,47.26190476190476,79.88095238095238,45.833333333333336,17.38095238095238
2025-10-23,56.07142857142857,61.30952380952381,49.48412698412698,55.63492063492063,52.26190476190476,81.86507936507937,44.007936507936506,42.34126984126984,81.62698412698413,56.70634920634921,38.25396825396825
2025-10-24,60.198412698412696,65.9920634920635,63.92857142857143,63.84920634920635,70.75396825396825,85.75396825396825,45.833333333333336,63.37301587301587,81.30952380952381,71.38888888888889,61.42857142857143
2025-10-27,72.97619047619048,74.64285714285714,86.07142857142857,64.60317460317461,82.42063492063492,89.88095238095238,55.03968253968254,79.32539682539682,90.11904761904762,87.57936507936508,61.388888888888886
2025-10-28,76.78571428571429,77.26190476190476,90.1984126984127,58.92857142857143,78.45238095238095,91.07142857142857,54.404761904761905,92.10317460317461,93.37301587301587,91.7063492063492,81.38888888888889
2025-10-29,76.15079365079364,81.54761904761905,91.23015873015873,55.0,69.64285714285714,91.54761904761905,53.84920634920635,96.46825396825396,95.27777777777777,93.69047619047619,81.34920634920636
2025-10-30,59.48412698412698,83.05555555555556,71.78571428571429,55.91269841269841,74.64285714285714,88.37301587301587,50.43650793650794,94.64285714285714,94.72222222222223,70.91269841269842,81.30952380952381
2025-10-31,68.05555555555556,77.34126984126983,75.75396825396825,53.611111111111114,71.94444444444444,89.16666666666667,49.166666666666664,96.07142857142857,94.08730158730158,74.88095238095238,81.26984126984127
2025-11-03,64.64285714285714,82.42063492063492,79.48412698412699,55.11904761904762,76.94444444444444,89.96031746031746,52.34126984126984,96.38888888888889,95.91269841269842,78.61111111111111,81.23015873015873
2025-11-04,51.785714285714285,68.45238095238095,44.166666666666664,45.3968253968254,44.32539682539682,84.08730158730158,52.976190476190474,94.0079365079365,89.88095238095238,43.29365079365079,81.19047619047619
2025-11-05,48.53174603174603,69.88095238095238,53.45238095238095,49.166666666666664,55.51587301587302,86.23015873015873,53.05555555555556,90.9920634920635,87.89682539682539,51.94444444444444,93.96825396825396
2025-11-06,35.03968253968254,52.8968253968254,30.1984126984127,39.007936507936506,33.05555555555556,75.11904761904762,49.24603174603175,79.0079365079365,78.05555555555556,30.674603174603174,81.07142857142857
2025-11-07,59.642857142857146,53.29365079365079,26.865079365079364,39.24603174603175,40.03968253968254,72.18253968253968,44.72222222222222,73.76984126984127,69.32539682539682,27.023809523809526,60.714285714285715
2025-11-10,60.03968253968254,58.45238095238095,48.214285714285715,49.08730158730159,58.29365079365079,85.43650793650794,44.007936507936506,81.86507936507937,82.57936507936508,47.8968253968254,60.67460317460318
2025-11-11,63.84920634920635,56.46825396825397,39.96031746031746,48.69047619047619,67.89682539682539,83.92857142857143,39.96031746031746,89.48412698412699,89.08730158730158,43.611111111111114,37.46031746031746
2025-11-12,57.1031746031746,56.70634920634921,36.94444444444444,46.19047619047619,64.16666666666667,82.97619047619048,39.801587301587304,84.72222222222223,81.23015873015873,42.65873015873016,16.865079365079364
2025-11-13,42.73809523809524,46.86507936507937,21.46825396825397,33.05555555555556,32.023809523809526,67.97619047619048,37.73809523809524,69.0079365079365,74.48412698412699,23.76984126984127,16.904761904761905
2025-11-14,38.53174603174603,47.34126984126984,21.547619047619047,31.944444444444443,30.03968253968254,67.81746031746032,37.976190476190474,74.64285714285714,78.92857142857143,24.642857142857142,16.944444444444443
2025-11-17,27.103174603174605,50.43650793650794,16.865079365079364,21.547619047619047,12.5,61.94444444444444,37.5,81.86507936507937,92.02380952380952,18.452380952380953,4.0476190476190474
2025-11-18,23.69047619047619,46.70634920634921,11.547619047619047,14.087301587301587,3.5317460317460316,52.8968253968254,37.182539682539684,72.81746031746032,85.83333333333333,11.071428571428571,4.087301587301587
2025-11-19,29.484126984126984,53.05555555555556,14.325396825396826,17.023809523809526,6.388888888888889,56.785714285714285,40.11904761904762,86.46825396825396,92.02380952380952,15.674603174603174,4.126984126984127
2025-11-20,17.738095238095237,35.03968253968254,6.23015873015873,9.920634920634921,1.8650793650793651,39.24603174603175,36.86507936507937,78.76984126984127,92.18253968253968,4.9603174603174605,4.166666666666667
2025-11-21,16.626984126984127,39.642857142857146,9.325396825396826,18.76984126984127,8.76984126984127,43.37301587301587,37.182539682539684,46.15079365079365,81.30952380952381,9.246031746031745,17.3015873015873
2025-11-24,19.96031746031746,48.84920634920635,24.642857142857142,34.801587301587304,23.055555555555557,62.182539682539684,39.642857142857146,52.8968253968254,87.65873015873017,30.11904761904762,17.341269841269842
2025-11-25,19.325396825396826,50.992063492063494,29.96031746031746,42.698412698412696,42.42063492063492,65.35714285714286,40.03968253968254,22.658730158730158,84.56349206349206,34.56349206349206,38.17460317460318
2025-11-26,21.150793650793652,52.976190476190474,37.8968253968254,51.62698412698413,65.51587301587301,70.1984126984127,41.54761904761905,8.293650793650794,80.43650793650794,41.07142857142857,61.26984126984127
2025-11-28,28.61111111111111,65.9920634920635,51.07142857142857,60.357142857142854,81.86507936507937,76.30952380952381,42.57936507936508,14.484126984126984,85.75396825396825,48.84920634920635,81.26984126984127
2025-12-01,25.595238095238095,68.2936507936508,47.1031746031746,52.65873015873016,70.1984126984127,72.73809523809524,41.07142857142857,15.912698412698413,87.10317460317461,44.007936507936506,61.15079365079365
2025-12-02,26.547619047619047,68.69047619047619,62.023809523809526,59.12698412698413,80.03968253968254,78.76984126984127,44.72222222222222,14.007936507936508,83.69047619047619,53.05555555555556,81.23015873015873
2025-12-03,38.76984126984127,64.08730158730158,64.88095238095238,63.611111111111114,89.72222222222223,79.32539682539682,43.05555555555556,15.436507936507937,76.94444444444444,55.03968253968254,93.92857142857143
2025-12-04,33.76984126984127,62.817460317460316,63.37301587301587,66.98412698412699,92.10317460317461,78.37301587301587,40.595238095238095,20.515873015873016,82.81746031746032,53.76984126984127,81.11111111111111
2025-12-05,51.46825396825397,62.5,68.53174603174604,73.61111111111111,95.51587301587301,80.43650793650794,41.07142857142857,25.03968253968254,78.2936507936508,59.08730158730159,93.88888888888889
2025-12-08,51.62698412698413,58.611111111111114,62.57936507936508,62.8968253968254,79.56349206349206,78.61111111111111,38.76984126984127,44.88095238095238,75.43650793650794,54.48412698412698,80.9920634920635
2025-12-09,35.91269841269841,59.24603174603175,65.11904761904762,62.817460317460316,76.07142857142857,79.08730158730158,39.24603174603175,27.658730158730158,71.78571428571429,56.46825396825397,80.9920634920635
2025-12-10,40.27777777777778,57.976190476190474,71.30952380952381,73.33333333333333,89.88095238095238,81.30952380952381,38.76984126984127,21.626984126984127,70.9920634920635,63.13492063492063,81.03174603174604
2025-12-11,38.84920634920635,53.37301587301587,65.11904761904762,85.47619047619048,98.84920634920636,78.13492063492063,39.32539682539682,14.96031746031746,57.73809523809524,55.11904761904762,60.91269841269841
2025-12-12,39.642857142857146,39.642857142857146,35.27777777777778,63.37301587301587,88.53174603174604,63.45238095238095,37.817460317460316,17.261904761904763,45.67460317460318,27.023809523809526,37.93650793650794
2025-12-15,35.992063492063494,37.817460317460316,31.23015873015873,62.73809523809524,78.2936507936508,59.404761904761905,34.32539682539682,9.484126984126984,41.30952380952381,23.293650793650794,37.976190476190474
2025-12-16,43.76984126984127,39.88095238095238,33.13492063492063,66.7063492063492,78.61111111111111,60.357142857142854,35.992063492063494,9.801587301587302,48.37301587301587,25.99206349206349,38.01587301587302
2025-12-17,37.8968253968254,29.642857142857142,19.72222222222222,53.69047619047619,52.8968253968254,45.27777777777778,32.023809523809526,10.515873015873016,41.23015873015873,9.880952380952381,17.3015873015873
2025-12-18,46.07142857142857,32.34126984126984,28.452380952380953,62.57936507936508,63.13492063492063,55.91269841269841,32.34126984126984,9.087301587301587,42.73809523809524,25.11904761904762,38.13492063492063
2025-12-19,77.18253968253968,34.642857142857146,36.86507936507937,84.60317460317461,88.76984126984127,64.4047619047619,34.56349206349206,15.198412698412698,36.54761904761905,38.13492063492063,38.17460317460318
2025-12-22,74.4047619047619,39.56349206349206,39.72222222222222,88.57142857142857,97.10317460317461,66.46825396825396,40.198412698412696,37.182539682539684,46.23015873015873,42.182539682539684,61.42857142857143
2025-12-23,57.023809523809526,42.5,44.88095238095238,90.27777777777777,97.89682539682539,69.24603174603175,42.26190476190476,30.753968253968253,54.404761904761905,48.214285714285715,61.46825396825397
2025-12-24,54.801587301587304,45.27777777777778,47.73809523809524,92.18253968253968,99.0,69.88095238095238,40.833333333333336,38.84920634920635,50.91269841269841,51.785714285714285,61.507936507936506
2025-12-26,46.94444444444444,43.84920634920635,45.357142857142854,90.71428571428571,99.0,68.76984126984127,39.404761904761905,38.53174603174603,54.642857142857146,50.75396825396825,61.54761904761905
2025-12-29,36.388888888888886,39.96031746031746,37.817460317460316,85.23809523809524,95.5952380952381,64.64285714285714,37.26190476190476,34.96031746031746,52.8968253968254,42.5,61.54761904761905
2025-12-30,37.34126984126984,37.8968253968254,35.51587301587302,80.15873015873017,92.81746031746032,61.94444444444444,36.86507936507937,31.706349206349206,51.94444444444444,39.08730158730159,61.54761904761905
2025-12-31,28.61111111111111,32.8968253968254,29.72222222222222,73.65079365079364,86.07142857142857,55.03968253968254,38.13492063492063,27.57936507936508,51.94444444444444,28.214285714285715,38.214285714285715
2026-01-02,26.785714285714285,31.23015873015873,28.452380952380953,71.54761904761905,93.13492063492063,52.976190476190474,39.166666666666664,26.150793650793652,47.976190476190474,26.785714285714285,38.25396825396825
2026-01-05,31.785714285714285,35.43650793650794,35.27777777777778,68.01587301587301,90.11904761904762,57.8968253968254,42.023809523809526,21.706349206349206,48.92857142857143,37.182539682539684,38.29365079365079
2026-01-06,33.84920634920635,36.15079365079365,48.214285714285715,74.24603174603175,90.27777777777777,63.69047619047619,44.32539682539682,12.738095238095237,37.8968253968254,50.03968253968254,38.333333333333336
2026-01-07,35.51587301587302,38.69047619047619,49.24603174603175,67.5,83.61111111111111,63.29365079365079,40.91269841269841,20.99206349206349,45.67460317460318,50.91269841269841,38.37301587301587
2026-01-08,32.023809523809526,32.1031746031746,40.198412698412696,66.15079365079364,76.54761904761905,58.214285714285715,38.69047619047619,8.452380952380953,35.198412698412696,40.198412698412696,17.341269841269842
2026-01-09,35.03968253968254,36.388888888888886,55.833333333333336,78.80952380952381,91.15079365079364,64.96031746031746,43.53174603174603,18.53174603174603,31.46825396825397,56.388888888888886,17.38095238095238
2026-01-12,37.26190476190476,53.76984126984127,56.785714285714285,74.12698412698413,82.26190476190476,64.64285714285714,43.611111111111114,29.08730158730159,35.357142857142854,57.65873015873016,38.57142857142857
2026-01-13,52.023809523809526,42.182539682539684,52.34126984126984,67.02380952380952,71.7063492063492,62.1031746031746,47.73809523809524,33.13492063492063,29.563492063492063,53.69047619047619,38.611111111111114
2026-01-14,47.5,40.357142857142854,35.992063492063494,59.76190476190476,59.801587301587304,53.05555555555556,45.357142857142854,21.46825396825397,29.563492063492063,33.611111111111114,38.65079365079365
2026-01-15,47.976190476190474,38.611111111111114,38.05555555555556,65.11904761904762,77.26190476190476,54.56349206349206,46.785714285714285,12.103174603174603,24.484126984126984,38.37301587301587,62.26190476190476
2026-01-16,63.29365079365079,40.198412698412696,35.833333333333336,64.64285714285714,79.32539682539682,53.05555555555556,40.992063492063494,27.5,23.53174603174603,37.26190476190476,62.301587301587304
2026-01-20,34.32539682539682,29.484126984126984,20.91269841269841,37.77777777777778,20.91269841269841,38.29365079365079,39.007936507936506,11.071428571428571,18.53174603174603,12.420634920634921,38.69047619047619
2026-01-21,34.48412698412698,29.642857142857142,29.96031746031746,57.77777777777778,54.24603174603175,44.801587301587304,38.53174603174603,5.277777777777778,14.246031746031745,27.817460317460316,38.73015873015873
2026-01-22,36.62698412698413,32.57936507936508,35.67460317460318,66.62698412698413,79.8015873015873,49.801587301587304,38.84920634920635,5.833333333333333,20.436507936507937,38.13492063492063,38.73015873015873
2026-01-23,35.75396825396825,37.73809523809524,39.007936507936506,63.888888888888886,76.07142857142857,51.15079365079365,37.65873015873016,4.563492063492063,25.436507936507937,41.94444444444444,62.34126984126984
2026-01-26,36.70634920634921,35.595238095238095,45.27777777777778,63.17460317460318,71.78571428571429,52.817460317460316,38.13492063492063,6.309523809523809,27.42063492063492,48.13492063492063,62.301587301587304
2026-01-27,43.29365079365079,35.11904761904762,58.69047619047619,62.1031746031746,69.72222222222223,58.611111111111114,39.88095238095238,11.38888888888889,27.57936507936508,62.023809523809526,62.26190476190476
2026-01-28,50.992063492063494,29.8015873015873,62.34126984126984,63.84920634920635,71.62698412698413,60.03968253968254,47.5,18.69047619047619,22.658730158730158,67.18253968253968,82.22222222222223
2026-01-29,48.611111111111114,26.944444444444443,52.57936507936508,54.84126984126984,63.53174603174603,54.24603174603175,42.1031746031746,13.055555555555555,11.706349206349206,54.88095238095238,82.18253968253968
2026-01-30,43.611111111111114,23.53174603174603,34.48412698412698,46.15079365079365,56.785714285714285,42.34126984126984,40.43650793650794,10.833333333333334,4.722222222222222,33.45238095238095,62.1031746031746
2026-02-02,52.182539682539684,27.896825396825395,40.992063492063494,56.785714285714285,74.08730158730158,48.29365079365079,40.67460317460318,17.261904761904763,8.134920634920634,42.1031746031746,82.14285714285714
2026-02-03,33.84920634920635,24.00793650793651,27.023809523809526,40.51587301587302,47.023809523809526,36.785714285714285,38.69047619047619,12.976190476190476,4.325396825396825,24.00793650793651,82.10317460317461
2026-02-04,22.976190476190474,19.484126984126984,16.150793650793652,28.928571428571427,37.42063492063492,29.96031746031746,36.70634920634921,6.150793650793651,1.0,9.801587301587302,62.023809523809526
2026-02-05,17.103174603174605,20.515873015873016,10.912698412698413,17.063492063492063,11.23015873015873,27.341269841269842,32.8968253968254,1.8650793650793651,1.0,4.404761904761905,38.53174603174603
2026-02-06,26.547619047619047,23.928571428571427,22.976190476190474,36.58730158730159,54.88095238095238,31.547619047619047,35.91269841269841,4.642857142857143,1.0,21.547619047619047,38.57142857142857
2026-02-09,25.99206349206349,29.8015873015873,28.849206349206348,40.91269841269841,59.642857142857146,33.84920634920635,36.30952380952381,6.626984126984127,1.7857142857142858,28.134920634920636,38.611111111111114
2026-02-10,23.928571428571427,28.76984126984127,26.38888888888889,40.357142857142854,55.357142857142854,31.38888888888889,37.023809523809526,3.5317460317460316,2.1825396825396823,24.325396825396826,17.38095238095238
2026-02-11,25.674603174603174,25.27777777777778,28.53174603174603,41.904761904761905,58.69047619047619,32.182539682539684,35.992063492063494,3.5317460317460316,1.0,27.103174603174605,17.42063492063492
2026-02-12,22.5,20.674603174603174,16.071428571428573,25.07936507936508,22.976190476190474,27.182539682539684,32.8968253968254,7.023809523809524,1.0,12.738095238095237,17.46031746031746
2026-02-13,22.023809523809526,21.46825396825397,18.452380952380953,27.658730158730158,26.150793650793652,27.5,33.05555555555556,3.2936507936507935,1.0,13.531746031746032,38.888888888888886
2026-02-17,21.944444444444443,26.626984126984127,19.166666666666668,28.73015873015873,22.658730158730158,26.944444444444443,29.88095238095238,3.9285714285714284,1.0,13.055555555555555,17.5
2026-02-18,34.007936507936506,27.976190476190474,24.00793650793651,33.05555555555556,31.30952380952381,28.134920634920636,30.753968253968253,6.7063492063492065,1.0,20.91269841269841,39.007936507936506
2026-02-19,25.99206349206349,28.61111111111111,22.182539682539684,30.515873015873016,28.214285714285715,27.42063492063492,29.8015873015873,10.674603174603174,1.0,17.896825396825395,39.04761904761905
2026-02-20,26.30952380952381,35.595238095238095,28.69047619047619,36.94444444444444,36.94444444444444,28.53174603174603,31.38888888888889,9.642857142857142,1.0714285714285714,27.42063492063492,62.61904761904762
2026-02-23,20.833333333333332,29.325396825396826,21.785714285714285,27.42063492063492,19.404761904761905,26.547619047619047,29.88095238095238,6.309523809523809,1.0,16.706349206349206,39.08730158730159
2026-02-24,23.53174603174603,43.611111111111114,31.071428571428573,33.80952380952381,32.1031746031746,28.134920634920636,36.07142857142857,4.404761904761905,1.0,28.134920634920636,39.08730158730159
2026-02-25,25.1984126984127,45.833333333333336,47.26190476190476,42.976190476190474,50.198412698412696,31.150793650793652,40.595238095238095,5.674603174603175,7.103174603174603,42.42063492063492,62.61904761904762
2026-02-26,19.563492063492063,30.595238095238095,35.43650793650794,39.36507936507937,42.182539682539684,28.214285714285715,40.833333333333336,1.3095238095238095,1.0,30.99206349206349,39.007936507936506
2026-02-27,20.515873015873016,28.293650793650794,34.404761904761905,35.198412698412696,29.563492063492063,27.658730158730158,39.88095238095238,1.0,1.0,27.896825396825395,38.96825396825397
2026-03-02,25.833333333333332,26.944444444444443,36.30952380952381,30.99206349206349,16.38888888888889,27.976190476190474,45.75396825396825,1.4682539682539681,1.0,28.452380952380953,38.92857142857143
2026-03-03,18.76984126984127,22.023809523809526,28.293650793650794,22.42063492063492,4.166666666666667,26.150793650793652,40.43650793650794,2.1031746031746033,1.0714285714285714,19.325396825396826,38.888888888888886
2026-03-04,31.38888888888889,27.023809523809526,44.48412698412698,33.095238095238095,19.563492063492063,28.373015873015873,48.69047619047619,4.9603174603174605,1.3888888888888888,35.198412698412696,38.84920634920635
2026-03-05,39.88095238095238,24.246031746031747,39.404761904761905,27.896825396825395,4.9603174603174605,27.57936507936508,49.24603174603175,27.976190476190474,1.7063492063492063,32.8968253968254,38.80952380952381
2026-03-06,38.84920634920635,20.03968253968254,26.46825396825397,11.904761904761905,1.0,25.833333333333332,42.023809523809526,33.84920634920635,2.6587301587301586,18.69047619047619,17.023809523809526
2026-03-09,33.92857142857143,22.896825396825395,37.42063492063492,21.349206349206348,3.611111111111111,26.944444444444443,52.57936507936508,43.05555555555556,4.722222222222222,32.023809523809526,38.76984126984127
2026-03-10,29.404761904761905,22.023809523809526,37.5,23.015873015873016,9.166666666666666,26.785714285714285,50.67460317460318,46.54761904761905,8.69047619047619,31.46825396825397,16.904761904761905
2026-03-11,32.976190476190474,22.5,38.214285714285715,24.523809523809526,11.23015873015873,26.785714285714285,61.388888888888886,63.76984126984127,8.134920634920634,31.944444444444443,16.865079365079364
2026-03-12,24.08730158730159,19.08730158730159,25.11904761904762,14.801587301587302,3.0555555555555554,24.88095238095238,57.5,68.61111111111111,7.579365079365079,15.277777777777779,16.865079365079364
2026-03-13,29.246031746031747,17.57936507936508,20.833333333333332,14.722222222222221,4.9603174603174605,24.246031746031747,52.42063492063492,61.30952380952381,8.69047619047619,11.468253968253968,16.865079365079364
2026-03-16,34.642857142857146,19.8015873015873,28.452380952380953,27.103174603174605,21.706349206349206,25.674603174603174,60.91269841269841,86.07142857142857,12.817460317460318,22.976190476190474,16.904761904761905
2026-03-17,38.29365079365079,26.150793650793652,33.13492063492063,34.166666666666664,30.833333333333332,26.150793650793652,55.75396825396825,74.08730158730158,13.452380952380953,27.896825396825395,38.76984126984127
2026-03-18,26.547619047619047,22.896825396825395,22.42063492063492,20.714285714285715,21.23015873015873,24.246031746031747,50.357142857142854,73.05555555555556,14.642857142857142,15.833333333333334,16.904761904761905
2026-03-19,26.865079365079364,21.785714285714285,21.30952380952381,23.849206349206348,22.341269841269842,23.76984126984127,54.007936507936506,70.35714285714286,10.992063492063492,13.452380952380953,16.904761904761905
2026-03-20,15.753968253968255,22.023809523809526,11.468253968253968,16.03174603174603,9.722222222222221,22.182539682539684,45.11904761904762,60.03968253968254,14.563492063492063,4.880952380952381,16.904761904761905
2026-03-23,25.595238095238095,20.99206349206349,19.484126984126984,19.484126984126984,4.404761904761905,22.976190476190474,49.404761904761905,66.38888888888889,13.61111111111111,13.452380952380953,16.944444444444443
2026-03-24,18.293650793650794,17.817460317460316,15.119047619047619,17.5,2.8968253968253967,22.5,45.992063492063494,58.84920634920635,9.642857142857142,9.087301587301587,16.984126984126984
2026-03-25,14.563492063492063,18.134920634920636,21.23015873015873,21.03174603174603,6.5476190476190474,22.896825396825395,42.42063492063492,43.53174603174603,8.452380952380953,15.357142857142858,17.023809523809526
2026-03-26,11.071428571428571,14.404761904761905,9.484126984126984,14.404761904761905,3.373015873015873,20.11904761904762,37.182539682539684,48.214285714285715,1.7063492063492063,4.563492063492063,17.063492063492063
2026-03-27,8.531746031746032,10.119047619047619,4.801587301587301,7.817460317460317,1.0714285714285714,17.658730158730158,37.1031746031746,53.84920634920635,1.3888888888888888,1.4682539682539681,17.103174603174605
2026-03-30,6.865079365079365,8.69047619047619,3.9285714285714284,8.293650793650794,1.2301587301587302,16.30952380952381,36.86507936507937,46.07142857142857,1.1507936507936507,1.0,3.8095238095238093
2026-03-31,18.214285714285715,15.674603174603174,17.738095238095237,19.00793650793651,6.865079365079365,21.150793650793652,50.11904761904762,56.785714285714285,3.373015873015873,18.134920634920636,3.8492063492063493
2026-04-01,16.706349206349206,17.658730158730158,27.896825396825395,21.706349206349206,7.182539682539683,22.738095238095237,53.53174603174603,59.56349206349206,5.753968253968254,25.99206349206349,17.3015873015873
2026-04-02,18.69047619047619,19.08730158730159,30.91269841269841,23.53174603174603,14.087301587301587,22.817460317460316,51.54761904761905,41.785714285714285,3.7698412698412698,26.944444444444443,39.404761904761905
2026-04-06,27.103174603174605,20.436507936507937,36.62698412698413,22.22222222222222,10.436507936507937,23.214285714285715,51.46825396825397,45.43650793650794,6.865079365079365,33.13492063492063,62.8968253968254
2026-04-07,22.57936507936508,19.166666666666668,38.69047619047619,18.293650793650794,3.8492063492063493,23.214285714285715,67.65873015873017,38.69047619047619,9.484126984126984,33.69047619047619,62.857142857142854
2026-04-08,35.11904761904762,23.293650793650794,81.30952380952381,31.428571428571427,28.69047619047619,27.023809523809526,91.54761904761905,32.42063492063492,14.404761904761905,58.214285714285715,82.3015873015873
2026-04-09,39.72222222222222,25.515873015873016,88.37301587301587,40.0,44.72222222222222,27.738095238095237,92.57936507936508,37.57936507936508,12.420634920634921,64.96031746031746,82.26190476190476
2026-04-10,55.75396825396825,27.976190476190474,88.53174603174604,42.46031746031746,52.57936507936508,27.896825396825395,94.88095238095238,50.51587301587302,23.849206349206348,66.46825396825396,94.48412698412699
2026-04-13,69.08730158730158,28.055555555555557,93.2936507936508,48.611111111111114,43.611111111111114,29.404761904761905,72.34126984126983,60.595238095238095,21.547619047619047,75.43650793650794,99.0
2026-04-14,74.72222222222223,31.547619047619047,98.45238095238095,51.30952380952381,50.833333333333336,33.611111111111114,88.53174603174604,71.7063492063492,29.88095238095238,86.23015873015873,99.0
2026-04-15,81.62698412698413,36.54761904761905,99.0,48.13492063492063,55.91269841269841,38.53174603174603,87.89682539682539,89.08730158730158,37.42063492063492,92.65873015873017,99.0
2026-04-16,90.83333333333333,42.976190476190474,99.0,48.53174603174603,62.57936507936508,40.27777777777778,87.73809523809524,87.57936507936508,45.27777777777778,94.8015873015873,99.0
2026-04-17,94.88095238095238,46.86507936507937,99.0,53.37301587301587,70.75396825396825,45.595238095238095,90.11904761904762,89.0079365079365,46.23015873015873,97.18253968253968,99.0
2026-04-20,97.10317460317461,46.30952380952381,99.0,42.77777777777778,47.42063492063492,43.69047619047619,94.56349206349206,88.13492063492063,40.833333333333336,95.5952380952381,98.88888888888889
2026-04-21,94.72222222222223,54.166666666666664,98.21428571428571,38.37301587301587,38.05555555555556,42.26190476190476,94.0079365079365,77.5,44.404761904761905,91.54761904761905,93.96825396825396
2026-04-22,98.05555555555556,56.62698412698413,99.0,39.72222222222222,46.388888888888886,52.817460317460316,97.89682539682539,94.24603174603175,63.214285714285715,96.78571428571429,93.92857142857143
2026-04-23,96.46825396825396,49.48412698412698,98.21428571428571,41.19047619047619,42.57936507936508,46.62698412698413,95.27777777777777,91.78571428571429,53.45238095238095,92.26190476190476,81.7063492063492
2026-04-24,99.0,58.53174603174603,99.0,41.03174603174603,53.53174603174603,61.54761904761905,95.03968253968254,97.81746031746032,60.357142857142854,97.26190476190476,81.66666666666667
2026-04-27,99.0,55.595238095238095,98.69047619047619,42.5,60.833333333333336,61.07142857142857,90.51587301587301,99.0,60.67460317460318,97.26190476190476,81.62698412698413
2026-04-28,99.0,46.46825396825397,94.72222222222223,42.06349206349206,58.76984126984127,52.73809523809524,86.07142857142857,99.0,53.214285714285715,89.64285714285714,62.301587301587304
2026-04-29,98.92857142857143,47.34126984126984,94.32539682539682,38.37301587301587,48.05555555555556,56.07142857142857,87.73809523809524,98.21428571428571,51.23015873015873,91.30952380952381,62.26190476190476
2026-04-30,98.84920634920636,54.72222222222222,95.27777777777777,51.46825396825397,78.05555555555556,63.37301587301587,88.37301587301587,96.07142857142857,49.404761904761905,95.35714285714286,62.22222222222222
2026-05-01,99.0,69.16666666666667,95.75396825396825,50.595238095238095,82.42063492063492,69.48412698412699,90.03968253968254,97.42063492063492,57.1031746031746,97.02380952380952,62.22222222222222
2026-05-04,98.76984126984127,62.57936507936508,92.5,42.817460317460316,59.88095238095238,67.18253968253968,87.42063492063492,98.2936507936508,60.75396825396825,95.5952380952381,62.182539682539684
2026-05-05,99.0,76.86507936507937,94.96031746031746,46.42857142857143,82.10317460317461,75.1984126984127,86.30952380952381,97.10317460317461,66.23015873015873,98.53174603174604,81.58730158730158
2026-05-06,98.92857142857143,89.96031746031746,98.13492063492063,39.682539682539684,75.5952380952381,89.24603174603175,92.57936507936508,98.61111111111111,87.65873015873017,99.0,81.54761904761905
2026-05-07,98.2936507936508,92.5,96.7063492063492,42.42063492063492,79.32539682539682,88.05555555555556,94.16666666666667,97.42063492063492,92.81746031746032,99.0,81.5079365079365
2026-05-08,99.0,92.73809523809524,99.0,38.41269841269841,79.64285714285714,94.64285714285714,96.38888888888889,97.10317460317461,94.32539682539682,99.0,81.46825396825396
2026-05-11,99.0,91.86507936507937,98.61111111111111,33.888888888888886,62.34126984126984,94.88095238095238,95.83333333333333,98.84920634920636,94.08730158730158,99.0,81.42857142857143
2026-05-12,97.10317460317461,91.30952380952381,95.27777777777777,36.86507936507937,69.08730158730158,93.2936507936508,94.4047619047619,96.15079365079364,95.35714285714286,98.84920634920636,81.38888888888889
2026-05-13,96.86507936507937,92.65873015873017,97.10317460317461,34.48412698412698,76.86507936507937,94.8015873015873,88.92857142857143,96.38888888888889,97.81746031746032,99.0,81.34920634920636
2026-05-14,97.02380952380952,96.54761904761905,97.26190476190476,37.22222222222222,85.75396825396825,95.75396825396825,87.10317460317461,98.84920634920636,98.53174603174604,99.0,81.30952380952381
2026-05-15,93.05555555555556,94.16666666666667,89.4047619047619,30.833333333333332,63.69047619047619,92.26190476190476,81.38888888888889,98.53174603174604,99.0,92.02380952380952,61.507936507936506
2026-05-18,92.65873015873017,93.69047619047619,81.38888888888889,36.62698412698413,71.86507936507937,90.51587301587301,79.72222222222223,96.62698412698413,98.21428571428571,87.02380952380952,61.46825396825397
2026-05-19,92.10317460317461,91.07142857142857,67.89682539682539,37.023809523809526,68.92857142857143,87.18253968253968,76.54761904761905,97.10317460317461,97.97619047619048,78.53174603174604,38.13492063492063
2026-05-20,91.78571428571429,94.56349206349206,83.69047619047619,38.611111111111114,79.0079365079365,93.21428571428571,81.46825396825396,93.84920634920636,97.89682539682539,89.08730158730158,38.095238095238095
2026-05-21,93.69047619047619,93.53174603174604,80.75396825396825,44.72222222222222,79.96031746031746,93.2936507936508,83.2936507936508,94.32539682539682,97.34126984126983,89.88095238095238,61.42857142857143
2026-05-22,89.4047619047619,95.91269841269842,81.23015873015873,44.08730158730159,82.73809523809524,93.53174603174604,88.2936507936508,84.56349206349206,96.07142857142857,92.02380952380952,61.388888888888886
2026-05-26,94.0079365079365,96.94444444444444,91.38888888888889,37.65873015873016,68.76984126984127,95.9920634920635,91.54761904761905,82.18253968253968,96.54761904761905,96.94444444444444,61.34920634920635
2026-05-27,95.27777777777777,94.64285714285714,87.97619047619048,40.91269841269841,80.1984126984127,95.83333333333333,93.2936507936508,82.57936507936508,94.48412698412699,96.23015873015873,61.30952380952381
2026-05-28,95.5952380952381,97.65873015873017,89.72222222222223,43.45238095238095,87.34126984126983,96.54761904761905,90.11904761904762,82.89682539682539,97.5,98.05555555555556,61.26984126984127
2026-05-29,94.56349206349206,98.2936507936508,88.84920634920636,45.833333333333336,88.37301587301587,96.7063492063492,91.94444444444444,88.45238095238095,98.37301587301587,98.2936507936508,61.23015873015873
2026-06-01,94.08730158730158,98.53174603174604,89.56349206349206,42.1031746031746,86.30952380952381,97.26190476190476,92.65873015873017,82.57936507936508,98.21428571428571,98.92857142857143,81.26984126984127
2026-06-02,95.11904761904762,99.0,89.32539682539682,41.507936507936506,93.2936507936508,97.26190476190476,93.84920634920636,73.53174603174604,97.10317460317461,99.0,93.88888888888889
2026-06-03,92.26190476190476,98.2936507936508,82.97619047619048,37.65873015873016,91.86507936507937,97.02380952380952,91.86507936507937,66.7063492063492,95.5952380952381,98.05555555555556,93.84920634920636
2026-06-04,83.13492063492063,98.05555555555556,72.65873015873017,42.142857142857146,95.5952380952381,96.15079365079364,89.08730158730158,45.833333333333336,92.81746031746032,94.24603174603175,81.11111111111111
2026-06-05,45.357142857142854,92.89682539682539,17.42063492063492,13.214285714285714,7.738095238095238,78.2936507936508,74.16666666666667,18.928571428571427,86.38888888888889,29.88095238095238,61.07142857142857
2026-06-08,39.48412698412698,93.45238095238095,27.896825396825395,23.293650793650794,36.23015873015873,88.21428571428571,81.46825396825396,14.96031746031746,83.76984126984127,42.34126984126984,61.07142857142857
2026-06-09,30.436507936507937,91.38888888888889,20.753968253968253,14.841269841269842,26.785714285714285,80.11904761904762,74.72222222222223,3.611111111111111,64.88095238095238,33.611111111111114,37.698412698412696
2026-06-10,25.674603174603174,87.18253968253968,10.595238095238095,9.563492063492063,12.261904761904763,64.64285714285714,68.05555555555556,2.8174603174603177,60.357142857142854,19.88095238095238,37.73809523809524
2026-06-11,36.86507936507937,96.38888888888889,30.91269841269841,13.373015873015873,37.65873015873016,86.86507936507937,75.9920634920635,1.0,61.23015873015873,42.26190476190476,37.77777777777778
2026-06-12,36.46825396825397,98.05555555555556,35.91269841269841,23.134920634920636,64.24603174603175,89.48412698412699,79.08730158730158,1.0,63.05555555555556,47.57936507936508,37.817460317460316
2026-06-15,73.2936507936508,99.0,75.51587301587301,28.214285714285715,80.91269841269842,95.5952380952381,87.34126984126983,1.9444444444444444,72.5,70.51587301587301,37.857142857142854
2026-06-16,60.833333333333336,97.34126984126983,44.801587301587304,24.166666666666668,78.76984126984127,92.34126984126983,86.30952380952381,3.373015873015873,72.97619047619048,50.357142857142854,16.46825396825397
2026-06-17,58.611111111111114,97.73809523809524,32.023809523809526,18.055555555555557,44.96031746031746,88.2936507936508,78.37301587301587,5.436507936507937,77.10317460317461,41.86507936507937,16.50793650793651
2026-06-18,65.11904761904762,99.0,61.70634920634921,27.42063492063492,80.03968253968254,94.72222222222223,89.0079365079365,8.055555555555555,82.5,59.08730158730159,38.05555555555556
2026-06-22,61.07142857142857,99.0,55.833333333333336,21.30952380952381,56.30952380952381,93.92857142857143,88.2936507936508,8.84920634920635,83.61111111111111,56.94444444444444,38.095238095238095
2026-06-23,32.34126984126984,97.42063492063492,21.626984126984127,10.03968253968254,29.72222222222222,77.65873015873017,79.88095238095238,4.484126984126984,65.35714285714286,33.214285714285715,16.547619047619047
2026-06-24,23.373015873015873,97.89682539682539,19.642857142857142,13.928571428571429,34.801587301587304,73.21428571428571,75.03968253968254,1.5476190476190477,62.57936507936508,29.00793650793651,16.58730158730159
2026-06-25,26.46825396825397,98.05555555555556,25.674603174603174,12.46031746031746,28.293650793650794,78.61111111111111,72.65873015873017,1.0,56.15079365079365,34.56349206349206,38.29365079365079
2026-06-26,19.484126984126984,98.76984126984127,19.404761904761905,12.738095238095237,34.96031746031746,69.64285714285714,68.37301587301587,1.0,64.96031746031746,27.42063492063492,16.626984126984127
2026-06-29,26.38888888888889,99.0,37.1031746031746,16.150793650793652,40.51587301587302,85.51587301587301,72.73809523809524,1.0714285714285714,72.89682539682539,41.46825396825397,16.666666666666668
2026-06-30,30.99206349206349,99.0,61.46825396825397,24.285714285714285,62.42063492063492,92.02380952380952,76.62698412698413,2.738095238095238,84.56349206349206,53.37301587301587,16.706349206349206
2026-07-01,23.055555555555557,99.0,40.43650793650794,21.626984126984127,62.34126984126984,84.0079365079365,69.48412698412699,2.1825396825396823,69.72222222222223,40.43650793650794,16.746031746031747
2026-07-02,17.103174603174605,97.89682539682539,27.57936507936508,20.357142857142858,74.72222222222223,71.62698412698413,67.26190476190476,1.2301587301587302,56.07142857142857,30.833333333333332,16.785714285714285
2026-07-06,24.8015873015873,98.53174603174604,39.88095238095238,25.833333333333332,85.83333333333333,80.27777777777777,69.4047619047619,5.119047619047619,67.02380952380952,38.611111111111114,16.825396825396826
2026-07-07,41.46825396825397,95.83333333333333,24.8015873015873,20.674603174603174,74.56349206349206,66.62698412698413,60.51587301587302,11.706349206349206,62.73809523809524,27.341269841269842,16.865079365079364
2026-07-08,32.73809523809524,96.23015873015873,26.785714285714285,20.952380952380953,60.91269841269841,67.81746031746032,64.16666666666667,19.00793650793651,69.56349206349206,28.76984126984127,38.888888888888886
2026-07-09,54.007936507936506,93.92857142857143,39.88095238095238,25.317460317460316,83.53174603174604,78.61111111111111,68.69047619047619,40.67460317460318,69.56349206349206,40.198412698412696,62.53968253968254
2026-07-10,72.65873015873017,93.53174603174604,41.86507936507937,34.08730158730159,93.45238095238095,80.5952380952381,67.42063492063492,48.37301587301587,64.0079365079365,41.86507936507937,62.57936507936508
2026-07-13,32.42063492063492,89.64285714285714,25.1984126984127,24.00793650793651,57.023809523809526,66.07142857142857,62.023809523809526,31.865079365079364,47.8968253968254,28.214285714285715,62.61904761904762
2026-07-14,34.96031746031746,89.8015873015873,33.69047619047619,28.61111111111111,70.03968253968254,72.5,65.9920634920635,52.57936507936508,58.92857142857143,37.023809523809526,62.65873015873016
2026-07-15,20.436507936507937,85.35714285714286,32.5,31.19047619047619,86.30952380952381,70.51587301587301,64.56349206349206,41.23015873015873,56.62698412698413,34.801587301587304,38.92857142857143
2026-07-16,21.785714285714285,74.32539682539682,21.46825396825397,23.73015873015873,67.57936507936508,58.214285714285715,59.166666666666664,19.8015873015873,32.023809523809526,23.928571428571427,38.96825396825397
2026-07-17,19.72222222222222,67.10317460317461,12.658730158730158,17.103174603174605,35.27777777777778,46.54761904761905,54.48412698412698,13.373015873015873,32.1031746031746,15.753968253968255,39.007936507936506
2026-07-20,10.992063492063492,59.72222222222222,14.722222222222221,18.69047619047619,35.03968253968254,45.992063492063494,52.34126984126984,13.134920634920634,34.48412698412698,16.30952380952381,39.04761904761905
2026-07-21,18.134920634920636,70.75396825396825,30.11904761904762,26.825396825396826,59.404761904761905,59.88095238095238,58.45238095238095,24.8015873015873,45.198412698412696,30.1984126984127,63.01587301587302
2026-07-22,29.72222222222222,70.27777777777777,26.547619047619047,26.58730158730159,73.21428571428571,55.198412698412696,55.11904761904762,43.84920634920635,47.26190476190476,26.38888888888889,39.08730158730159
2026-07-23,24.00793650793651,50.833333333333336,13.928571428571429,20.238095238095237,38.05555555555556,42.26190476190476,51.15079365079365,41.388888888888886,28.61111111111111,15.515873015873016,16.904761904761905
2026-07-24,15.515873015873016,47.8968253968254,10.03968253968254,19.246031746031747,39.404761904761905,37.57936507936508,46.07142857142857,38.13492063492063,26.30952380952381,10.198412698412698,3.6904761904761907
