date,strategy_name,asset,group_id,strategy_type,action,option_type,side,strike,expiry,contracts,spot,mid,bid,ask,execution_price,iv,delta,cash_flow,pnl,execution_drag,reason,candidate_id
2017-05-19,I001,QQQ,1,insurance,OPEN,put,1,130.0,2017-08-18,11,137.84,1.3502835695062814,1.3165264802686243,1.3840406587439384,1.3840406587439384,0.1564834979868187,-0.21241634784097074,-1522.4447246183322,-44.28279816142278,44.28279816142278,INSURANCE_MODEL_ENTRY_PROTECTIVE_PUT,I001
2017-08-08,I001,QQQ,1,insurance,CLOSE,put,1,130.0,2017-08-18,11,144.31,0.0001505395281112612,0.0,0.010150539528111261,0.0,0.17495345090430323,-0.0001462616598206587,0.0,-7.315593480922388,7.315593480922388,INSURANCE_DTE_ROLL,I001
2018-01-31,I001,QQQ,2,insurance,OPEN,put,1,159.0,2018-04-20,9,169.4,1.7166070572253602,1.6736918807947263,1.7595222336559941,1.7595222336559941,0.17966147749898892,-0.20655983350567786,-1583.5700102903947,-44.47365878757053,44.47365878757053,INSURANCE_MODEL_ENTRY_PROTECTIVE_PUT,I001
2018-02-05,I001,QQQ,2,insurance,CLOSE,put,1,159.0,2018-04-20,2,158.12,7.073071062666784,6.8962442861001145,7.249897839233454,6.8962442861001145,0.23710109002678986,-0.49364264276753483,1379.248857220023,-36.665355313333954,36.665355313333954,INSURANCE_PARTIAL_MONETIZATION,I001
2018-02-14,I001,QQQ,2,insurance,CLOSE,put,1,159.0,2018-04-20,2,162.68,4.2073938576440355,4.102209011202935,4.312578704085136,4.102209011202935,0.22045882247164328,-0.37866008337205553,820.441802240587,-22.336969288220143,22.336969288220143,INSURANCE_PARTIAL_MONETIZATION,I001
2018-04-10,I001,QQQ,2,insurance,CLOSE,put,1,159.0,2018-04-20,5,161.21,2.1426418214125533,2.0890757758772396,2.196207866947867,2.0890757758772396,0.2971985853632461,-0.3780072370993311,1044.5378879386199,-30.033022767656874,30.033022767656874,INSURANCE_DTE_ROLL,I001
2018-07-06,I001,QQQ,3,insurance,OPEN,put,1,164.0,2018-09-21,1,175.61,1.705942581706772,1.6632940171641026,1.7485911462494412,1.7485911462494412,0.18877245365069367,-0.19407750538719662,-174.8591146249441,-4.91485645426693,4.91485645426693,INSURANCE_MODEL_ENTRY_PROTECTIVE_PUT,I001
2018-09-11,I001,QQQ,3,insurance,CLOSE,put,1,164.0,2018-09-21,1,183.12,0.000936294353520245,0.0,0.010936294353520245,0.0,0.2062250982961992,-0.0005586681741092766,0.0,-0.7436294353520245,0.7436294353520245,INSURANCE_DTE_ROLL,I001
2019-03-11,I001,QQQ,4,insurance,OPEN,put,1,161.0,2019-06-21,7,174.73,2.3769332029659296,2.3175098728917813,2.436356533040078,2.436356533040078,0.21256469568313857,-0.2040401737118239,-1705.4495731280545,-46.146331051903765,46.146331051903765,INSURANCE_MODEL_ENTRY_PROTECTIVE_PUT,I001
2019-05-17,I001,QQQ,4,insurance,CLOSE,put,1,161.0,2019-06-21,3,183.04,0.15372603662329976,0.14372603662329975,0.16372603662329976,0.14372603662329975,0.22730468940725937,-0.030041697343464867,43.11781098698992,-4.950000000000003,4.950000000000003,INSURANCE_PARTIAL_MONETIZATION,I001
2019-06-11,I001,QQQ,4,insurance,CLOSE,put,1,161.0,2019-06-21,4,183.4,0.000865879906064862,0.0,0.010865879906064862,0.0,0.2392442748091603,-0.0004504927797825685,0.0,-2.946351962425945,2.946351962425945,INSURANCE_DTE_ROLL,I001
2019-10-24,I001,QQQ,5,insurance,OPEN,put,1,179.0,2020-01-17,1,194.09,2.3661625034269136,2.3070084408412406,2.4253165660125866,2.4253165660125866,0.21680205256391558,-0.19870790391903811,-242.53165660125865,-6.565406258567302,6.565406258567302,INSURANCE_MODEL_ENTRY_PROTECTIVE_PUT,I001
2020-01-07,I001,QQQ,5,insurance,CLOSE,put,1,179.0,2020-01-17,1,215.53,1.1073652596265961e-07,0.0,0.010000110736525963,0.0,0.21510108801558944,-8.014230740255145e-08,0.0,-0.6500110736525962,0.6500110736525962,INSURANCE_DTE_ROLL,I001
2020-01-27,I001,QQQ,6,insurance,OPEN,put,1,202.0,2020-04-17,7,218.1,2.6508850022170023,2.584612877161577,2.7171571272724275,2.7171571272724275,0.21464260014077557,-0.20383268671637694,-1902.0099890906993,-50.94048753879766,50.94048753879766,INSURANCE_MODEL_ENTRY_PROTECTIVE_PUT,I001
2020-02-27,I001,QQQ,6,insurance,CLOSE,put,1,202.0,2020-04-17,2,205.64,8.589510279084948,8.374772522107824,8.804248036062072,8.374772522107824,0.3463517666044231,-0.4157926234172418,1674.9545044215647,-44.24755139542481,44.24755139542481,INSURANCE_PARTIAL_MONETIZATION,I001
2020-03-12,I001,QQQ,6,insurance,CLOSE,put,1,202.0,2020-04-17,1,177.32,30.325348767907855,29.567215048710157,31.083482487105552,29.567215048710157,0.623629526996555,-0.7149649242179706,2956.721504871016,-76.46337191976978,76.46337191976978,INSURANCE_PARTIAL_MONETIZATION,I001
2020-04-07,I001,QQQ,6,insurance,CLOSE,put,1,202.0,2020-04-17,4,196.4,14.089987109504065,13.737737431766464,14.442236787241667,13.737737431766464,0.8404344850634161,-0.553124653234948,5495.094972706585,-143.49987109504065,143.49987109504065,INSURANCE_DTE_ROLL,I001
2020-09-11,I001,QQQ,7,insurance,OPEN,put,1,234.0,2020-12-18,1,270.45,6.387534161530944,6.22784580749267,6.547222515569217,6.547222515569217,0.3716877884391531,-0.1997846337380108,-654.7222515569217,-16.61883540382734,16.61883540382734,INSURANCE_MODEL_ENTRY_PROTECTIVE_PUT,I001
2020-12-08,I001,QQQ,7,insurance,CLOSE,put,1,234.0,2020-12-18,1,308.29,4.265191369572465e-06,0.0,0.010004265191369573,0.0,0.35506918810211163,-1.186739592276715e-06,0.0,-0.6504265191369573,0.6504265191369573,INSURANCE_DTE_ROLL,I001
2021-02-03,I001,QQQ,8,insurance,OPEN,put,1,280.0,2021-05-21,3,326.38,8.240851337075796,8.034830053648902,8.44687262050269,8.44687262050269,0.37899163532846175,-0.19931831687174623,-2534.061786150807,-63.75638502806826,63.75638502806826,INSURANCE_MODEL_ENTRY_PROTECTIVE_PUT,I001
2021-05-11,I001,QQQ,8,insurance,CLOSE,put,1,280.0,2021-05-21,3,325.31,0.01854892261865615,0.00854892261865615,0.02854892261865615,0.00854892261865615,0.3368061694998617,-0.003305741138809956,2.564676785596845,-4.95,4.95,INSURANCE_DTE_ROLL,I001
2022-01-03,I001,QQQ,9,insurance,OPEN,put,1,361.0,2022-04-14,4,401.68,6.7191174014988775,6.5511394664614055,6.887095336536349,6.887095336536349,0.2629158579288747,-0.20191613794828664,-2754.8381346145397,-69.79117401498877,69.79117401498877,INSURANCE_MODEL_ENTRY_PROTECTIVE_PUT,I001
2022-01-18,I001,QQQ,9,insurance,CLOSE,put,1,361.0,2022-04-14,1,370.55,14.474875236696647,14.113003355779231,14.836747117614063,14.113003355779231,0.2649864199627623,-0.39650178189261515,1411.300335577923,-36.837188091741616,36.837188091741616,INSURANCE_PARTIAL_MONETIZATION,I001
2022-01-27,I001,QQQ,9,insurance,CLOSE,put,1,361.0,2022-04-14,1,341.1,30.484472854040376,29.722361032689367,31.246584675391386,29.722361032689367,0.291770601716441,-0.6402596429755034,2972.236103268937,-76.86118213510095,76.86118213510095,INSURANCE_PARTIAL_MONETIZATION,I001
2022-04-04,I001,QQQ,9,insurance,CLOSE,put,1,361.0,2022-04-14,2,369.3,3.6380888909012725,3.547136668628741,3.729041113173804,3.547136668628741,0.2913541774290496,-0.3099739129904318,709.4273337257482,-19.490444454506328,19.490444454506328,INSURANCE_DTE_ROLL,I001
2023-03-14,I001,QQQ,10,insurance,OPEN,put,1,262.0,2023-06-16,3,297.37,6.602402480620505,6.437342418604993,6.767462542636017,6.767462542636017,0.35992404098036196,-0.1992001237937326,-2030.2387627908051,-51.46801860465368,51.46801860465368,INSURANCE_MODEL_ENTRY_PROTECTIVE_PUT,I001
2023-06-06,I001,QQQ,10,insurance,CLOSE,put,1,262.0,2023-06-16,3,354.84,8.815932491506616e-13,0.0,0.010000000000881594,0.0,0.25816181941156574,-4.312492649964533e-13,0.0,-1.9500000002644782,1.9500000002644782,INSURANCE_DTE_ROLL,I001
2023-09-27,I001,QQQ,11,insurance,OPEN,put,1,326.0,2023-12-15,1,355.04,5.178343700673253,5.048885108156421,5.307802293190084,5.307802293190084,0.26481665662791354,-0.1997580771964997,-530.7802293190084,-13.595859251683168,13.595859251683168,INSURANCE_MODEL_ENTRY_PROTECTIVE_PUT,I001
2023-12-05,I001,QQQ,11,insurance,CLOSE,put,1,326.0,2023-12-15,1,387.29,6.99027427592398e-07,0.0,0.010000699027427593,0.0,0.21023090578119757,-2.766922209465938e-07,0.0,-0.6500699027427592,0.6500699027427592,INSURANCE_DTE_ROLL,I001
2024-08-06,I001,QQQ,12,insurance,OPEN,put,1,402.0,2024-11-15,4,439.53,6.856448347321731,6.6850371386386875,7.027859556004774,7.027859556004774,0.25013443865099366,-0.1993126797144773,-2811.14382240191,-71.1644834732173,71.1644834732173,INSURANCE_MODEL_ENTRY_PROTECTIVE_PUT,I001
2024-08-09,I001,QQQ,12,insurance,CLOSE,put,1,402.0,2024-11-15,2,450.41,4.961955456274779,4.83790656986791,5.086004342681649,4.83790656986791,0.2535338699481729,-0.15189675465972385,967.5813139735819,-26.10977728137397,26.10977728137397,INSURANCE_PARTIAL_MONETIZATION,I001
2024-11-05,I001,QQQ,12,insurance,CLOSE,put,1,402.0,2024-11-15,2,492.21,4.06438434130919e-05,0.0,0.010040643843413091,0.0,0.28685545803620405,-8.127258723234245e-06,0.0,-1.3081287686826184,1.3081287686826184,INSURANCE_DTE_ROLL,I001
2025-01-02,I001,QQQ,13,insurance,OPEN,put,1,476.0,2025-03-21,5,510.23,5.926495984605353,5.778333584990219,6.074658384220487,6.074658384220487,0.21306866520388876,-0.20105796636073112,-3037.3291921102436,-77.331199807567,77.331199807567,INSURANCE_MODEL_ENTRY_PROTECTIVE_PUT,I001
2025-03-11,I001,QQQ,13,insurance,CLOSE,put,1,476.0,2025-03-21,5,471.6,11.064601285610422,10.787986253470162,11.341216317750682,10.787986253470162,0.287,-0.5596224536691148,5393.993126735081,-141.5575160701299,141.5575160701299,INSURANCE_DTE_ROLL,I001
2026-04-01,I001,QQQ,14,insurance,OPEN,put,1,534.0,2026-06-18,4,584.31,8.656269987129775,8.439863237451531,8.87267673680802,8.87267673680802,0.2696172246606783,-0.2002794716069177,-3549.070694723208,-89.1626998712976,89.1626998712976,INSURANCE_MODEL_ENTRY_PROTECTIVE_PUT,I001
2026-06-08,I001,QQQ,14,insurance,CLOSE,put,1,534.0,2026-06-18,4,716.07,7.748656334598996e-06,0.0,0.0100077486563346,0.0,0.37463412794838497,-8.887317372580295e-07,0.0,-2.6030994625338395,2.6030994625338395,INSURANCE_DTE_ROLL,I001
2017-05-19,I002,QQQ,1,insurance,OPEN,put,1,130.0,2017-08-18,13,137.84,1.3502835695062814,1.3165264802686243,1.3840406587439384,1.3840406587439384,0.1564834979868187,-0.21241634784097074,-1799.2528563671199,-52.33421600895421,52.33421600895421,INSURANCE_MODEL_ENTRY_PROTECTIVE_PUT,I002
2017-08-08,I002,QQQ,1,insurance,CLOSE,put,1,130.0,2017-08-18,13,144.31,0.0001505395281112612,0.0,0.010150539528111261,0.0,0.17495345090430323,-0.0001462616598206587,0.0,-8.64570138654464,8.64570138654464,INSURANCE_DTE_ROLL,I002
2017-08-16,I002,QQQ,2,insurance,OPEN,put,1,135.0,2017-11-17,3,144.28,1.2267353060678836,1.1960669234161865,1.2574036887195807,1.2574036887195807,0.15696832743170933,-0.18815524554019927,-377.2211066158742,-11.150514795509139,11.150514795509139,INSURANCE_MODEL_ENTRY_PROTECTIVE_PUT,I002
2017-11-07,I002,QQQ,2,insurance,CLOSE,put,1,135.0,2017-11-17,3,153.88,8.608335842429072e-07,0.0,0.010000860833584244,0.0,0.16718637899662073,-1.03060179094018e-06,0.0,-1.950258250075273,1.950258250075273,INSURANCE_DTE_ROLL,I002
2018-01-31,I002,QQQ,3,insurance,OPEN,put,1,159.0,2018-04-20,11,169.4,1.7166070572253602,1.6736918807947263,1.7595222336559941,1.7595222336559941,0.17966147749898892,-0.20655983350567786,-1935.4744570215937,-54.356694073697305,54.356694073697305,INSURANCE_MODEL_ENTRY_PROTECTIVE_PUT,I002
2018-02-05,I002,QQQ,3,insurance,CLOSE,put,1,159.0,2018-04-20,3,158.12,7.073071062666784,6.8962442861001145,7.249897839233454,6.8962442861001145,0.23710109002678986,-0.49364264276753483,2068.8732858300345,-54.998032970000935,54.998032970000935,INSURANCE_PARTIAL_MONETIZATION,I002
2018-02-14,I002,QQQ,3,insurance,CLOSE,put,1,159.0,2018-04-20,2,162.68,4.2073938576440355,4.102209011202935,4.312578704085136,4.102209011202935,0.22045882247164328,-0.37866008337205553,820.441802240587,-22.336969288220143,22.336969288220143,INSURANCE_PARTIAL_MONETIZATION,I002
2018-04-10,I002,QQQ,3,insurance,CLOSE,put,1,159.0,2018-04-20,6,161.21,2.1426418214125533,2.0890757758772396,2.196207866947867,2.0890757758772396,0.2971985853632461,-0.3780072370993311,1253.4454655263437,-36.03962732118824,36.03962732118824,INSURANCE_DTE_ROLL,I002
2018-06-27,I002,QQQ,4,insurance,OPEN,put,1,157.0,2018-09-21,2,169.73,1.9714298759160869,1.9221441290181847,2.020715622813989,2.020715622813989,0.20780691891516698,-0.19717178853316233,-404.14312456279777,-11.1571493795804,11.1571493795804,INSURANCE_MODEL_ENTRY_PROTECTIVE_PUT,I002
2018-09-11,I002,QQQ,4,insurance,CLOSE,put,1,157.0,2018-09-21,2,183.12,1.0680765173847568e-05,0.0,0.010010680765173847,0.0,0.21644872214941022,-7.64658227764516e-06,0.0,-1.3021361530347695,1.3021361530347695,INSURANCE_DTE_ROLL,I002
2019-03-11,I002,QQQ,5,insurance,OPEN,put,1,161.0,2019-06-21,10,174.73,2.3769332029659296,2.3175098728917813,2.436356533040078,2.436356533040078,0.21256469568313857,-0.2040401737118239,-2436.356533040078,-65.92333007414824,65.92333007414824,INSURANCE_MODEL_ENTRY_PROTECTIVE_PUT,I002
2019-05-17,I002,QQQ,5,insurance,CLOSE,put,1,161.0,2019-06-21,5,183.04,0.15372603662329976,0.14372603662329975,0.16372603662329976,0.14372603662329975,0.22730468940725937,-0.030041697343464867,71.86301831164988,-8.250000000000004,8.250000000000004,INSURANCE_PARTIAL_MONETIZATION,I002
2019-06-11,I002,QQQ,5,insurance,CLOSE,put,1,161.0,2019-06-21,5,183.4,0.000865879906064862,0.0,0.010865879906064862,0.0,0.2392442748091603,-0.0004504927797825685,0.0,-3.682939953032431,3.682939953032431,INSURANCE_DTE_ROLL,I002
2020-01-27,I002,QQQ,6,insurance,OPEN,put,1,202.0,2020-04-17,9,218.1,2.6508850022170023,2.584612877161577,2.7171571272724275,2.7171571272724275,0.21464260014077557,-0.20383268671637694,-2445.4414145451847,-65.49491254988271,65.49491254988271,INSURANCE_MODEL_ENTRY_PROTECTIVE_PUT,I002
2020-02-27,I002,QQQ,6,insurance,CLOSE,put,1,202.0,2020-04-17,2,205.64,8.589510279084948,8.374772522107824,8.804248036062072,8.374772522107824,0.3463517666044231,-0.4157926234172418,1674.9545044215647,-44.24755139542481,44.24755139542481,INSURANCE_PARTIAL_MONETIZATION,I002
2020-03-12,I002,QQQ,6,insurance,CLOSE,put,1,202.0,2020-04-17,2,177.32,30.325348767907855,29.567215048710157,31.083482487105552,29.567215048710157,0.623629526996555,-0.7149649242179706,5913.443009742032,-152.92674383953957,152.92674383953957,INSURANCE_PARTIAL_MONETIZATION,I002
2020-04-07,I002,QQQ,6,insurance,CLOSE,put,1,202.0,2020-04-17,5,196.4,14.089987109504065,13.737737431766464,14.442236787241667,13.737737431766464,0.8404344850634161,-0.553124653234948,6868.868715883232,-179.37483886880082,179.37483886880082,INSURANCE_DTE_ROLL,I002
2020-09-11,I002,QQQ,7,insurance,OPEN,put,1,234.0,2020-12-18,1,270.45,6.387534161530944,6.22784580749267,6.547222515569217,6.547222515569217,0.3716877884391531,-0.1997846337380108,-654.7222515569217,-16.61883540382734,16.61883540382734,INSURANCE_MODEL_ENTRY_PROTECTIVE_PUT,I002
2020-12-08,I002,QQQ,7,insurance,CLOSE,put,1,234.0,2020-12-18,1,308.29,4.265191369572465e-06,0.0,0.010004265191369573,0.0,0.35506918810211163,-1.186739592276715e-06,0.0,-0.6504265191369573,0.6504265191369573,INSURANCE_DTE_ROLL,I002
2021-02-03,I002,QQQ,8,insurance,OPEN,put,1,280.0,2021-05-21,4,326.38,8.240851337075796,8.034830053648902,8.44687262050269,8.44687262050269,0.37899163532846175,-0.19931831687174623,-3378.749048201076,-85.00851337075767,85.00851337075767,INSURANCE_MODEL_ENTRY_PROTECTIVE_PUT,I002
2021-05-11,I002,QQQ,8,insurance,CLOSE,put,1,280.0,2021-05-21,4,325.31,0.01854892261865615,0.00854892261865615,0.02854892261865615,0.00854892261865615,0.3368061694998617,-0.003305741138809956,3.41956904746246,-6.6,6.6,INSURANCE_DTE_ROLL,I002
2021-10-21,I002,QQQ,9,insurance,OPEN,put,1,339.0,2022-01-21,1,377.27,6.042196434159649,5.891141523305658,6.193251345013641,6.193251345013641,0.2706129196845211,-0.19813791180536863,-619.3251345013641,-15.755491085399159,15.755491085399159,INSURANCE_MODEL_ENTRY_PROTECTIVE_PUT,I002
2022-01-11,I002,QQQ,9,insurance,CLOSE,put,1,339.0,2022-01-21,1,385.82,0.016962620246406823,0.006962620246406823,0.026962620246406825,0.006962620246406823,0.2869963713648852,-0.0030221051421420626,0.6962620246406823,-1.65,1.65,INSURANCE_DTE_ROLL,I002
2022-01-20,I002,QQQ,10,insurance,OPEN,put,1,323.0,2022-04-14,6,361.72,6.221333622907963,6.065800282335264,6.376866963480662,6.376866963480662,0.30271564155454045,-0.19814444706440654,-3826.1201780883976,-97.22000434361945,97.22000434361945,INSURANCE_MODEL_ENTRY_PROTECTIVE_PUT,I002
2022-01-27,I002,QQQ,10,insurance,CLOSE,put,1,323.0,2022-04-14,3,341.1,11.507534310923518,11.219845953150429,11.795222668696606,11.219845953150429,0.31499420721805743,-0.32791790090076944,3365.953785945129,-88.2565073319266,88.2565073319266,INSURANCE_PARTIAL_MONETIZATION,I002
2022-04-04,I002,QQQ,10,insurance,CLOSE,put,1,323.0,2022-04-14,3,369.3,0.049423420606600654,0.03942342060660065,0.059423420606600656,0.03942342060660065,0.3348569622711081,-0.007244183523013339,11.827026181980196,-4.950000000000001,4.950000000000001,INSURANCE_DTE_ROLL,I002
2023-03-14,I002,QQQ,11,insurance,OPEN,put,1,262.0,2023-06-16,5,297.37,6.602402480620505,6.437342418604993,6.767462542636017,6.767462542636017,0.35992404098036196,-0.1992001237937326,-3383.7312713180086,-85.78003100775614,85.78003100775614,INSURANCE_MODEL_ENTRY_PROTECTIVE_PUT,I002
2023-06-06,I002,QQQ,11,insurance,CLOSE,put,1,262.0,2023-06-16,5,354.84,8.815932491506616e-13,0.0,0.010000000000881594,0.0,0.25816181941156574,-4.312492649964533e-13,0.0,-3.2500000004407967,3.2500000004407967,INSURANCE_DTE_ROLL,I002
2024-08-06,I002,QQQ,12,insurance,OPEN,put,1,402.0,2024-11-15,5,439.53,6.856448347321731,6.6850371386386875,7.027859556004774,7.027859556004774,0.25013443865099366,-0.1993126797144773,-3513.929778002387,-88.95560434152164,88.95560434152164,INSURANCE_MODEL_ENTRY_PROTECTIVE_PUT,I002
2024-08-09,I002,QQQ,12,insurance,CLOSE,put,1,402.0,2024-11-15,2,450.41,4.961955456274779,4.83790656986791,5.086004342681649,4.83790656986791,0.2535338699481729,-0.15189675465972385,967.5813139735819,-26.10977728137397,26.10977728137397,INSURANCE_PARTIAL_MONETIZATION,I002
2024-11-05,I002,QQQ,12,insurance,CLOSE,put,1,402.0,2024-11-15,3,492.21,4.06438434130919e-05,0.0,0.010040643843413091,0.0,0.28685545803620405,-8.127258723234245e-06,0.0,-1.9621931530239278,1.9621931530239278,INSURANCE_DTE_ROLL,I002
2024-12-20,I002,QQQ,13,insurance,OPEN,put,1,481.0,2025-03-21,1,518.66,6.597131231851677,6.432202951055385,6.762059512647968,6.762059512647968,0.21664149768478044,-0.19987326235096267,-676.2059512647968,-17.142828079629172,17.142828079629172,INSURANCE_MODEL_ENTRY_PROTECTIVE_PUT,I002
2025-03-11,I002,QQQ,13,insurance,CLOSE,put,1,481.0,2025-03-21,1,471.6,14.164396691180912,13.810286773901389,14.518506608460434,13.810286773901389,0.287,-0.6442816245674755,1381.028677390139,-36.06099172795228,36.06099172795228,INSURANCE_DTE_ROLL,I002
2025-03-19,I002,QQQ,14,insurance,OPEN,put,1,440.0,2025-06-20,5,480.89,7.137212827818644,6.9587825071231775,7.31564314851411,7.31564314851411,0.24944039548517313,-0.19887474700418994,-3657.821574257055,-92.46516034773313,92.46516034773313,INSURANCE_MODEL_ENTRY_PROTECTIVE_PUT,I002
2025-04-04,I002,QQQ,14,insurance,CLOSE,put,1,440.0,2025-06-20,1,422.67,30.00198656501101,29.251936900885735,30.752036229136284,29.251936900885735,0.28415192153667906,-0.5722938925258204,2925.1936900885735,-75.65496641252746,75.65496641252746,INSURANCE_PARTIAL_MONETIZATION,I002
2025-04-15,I002,QQQ,14,insurance,CLOSE,put,1,440.0,2025-06-20,1,457.99,22.892709120247304,22.32039139224112,23.465026848253487,22.32039139224112,0.42612578740728746,-0.3633233301803235,2232.039139224112,-57.88177280061833,57.88177280061833,INSURANCE_PARTIAL_MONETIZATION,I002
2025-06-10,I002,QQQ,14,insurance,CLOSE,put,1,440.0,2025-06-20,3,534.21,5.082273430023093e-06,0.0,0.010005082273430024,0.0,0.25063000505419225,-1.160909072141643e-06,0.0,-1.951524682029007,1.951524682029007,INSURANCE_DTE_ROLL,I002
2025-08-06,I002,QQQ,15,insurance,OPEN,put,1,519.0,2025-11-21,1,567.32,8.540209347452716,8.326704113766398,8.753714581139034,8.753714581139034,0.23660021172040838,-0.19823534544565416,-875.3714581139034,-22.00052336863179,22.00052336863179,INSURANCE_MODEL_ENTRY_PROTECTIVE_PUT,I002
2025-11-11,I002,QQQ,15,insurance,CLOSE,put,1,519.0,2025-11-21,1,621.57,0.00033082692562199506,0.0,0.010330826925621995,0.0,0.28281424055215026,-4.8809381544308124e-05,0.0,-0.6830826925621996,0.6830826925621996,INSURANCE_DTE_ROLL,I002
2026-04-01,I002,QQQ,16,insurance,OPEN,put,1,534.0,2026-06-18,5,584.31,8.656269987129775,8.439863237451531,8.87267673680802,8.87267673680802,0.2696172246606783,-0.2002794716069177,-4436.33836840401,-111.453374839122,111.453374839122,INSURANCE_MODEL_ENTRY_PROTECTIVE_PUT,I002
2026-06-08,I002,QQQ,16,insurance,CLOSE,put,1,534.0,2026-06-18,5,716.07,7.748656334598996e-06,0.0,0.0100077486563346,0.0,0.37463412794838497,-8.887317372580295e-07,0.0,-3.2538743281672997,3.2538743281672997,INSURANCE_DTE_ROLL,I002
2017-05-19,I003,QQQ,1,insurance,OPEN,put,1,130.0,2017-08-18,13,137.84,1.3502835695062814,1.3165264802686243,1.3840406587439384,1.3840406587439384,0.1564834979868187,-0.21241634784097074,-1799.2528563671199,-52.33421600895421,52.33421600895421,INSURANCE_MODEL_ENTRY_PROTECTIVE_PUT,I003
2017-08-08,I003,QQQ,1,insurance,CLOSE,put,1,130.0,2017-08-18,13,144.31,0.0001505395281112612,0.0,0.010150539528111261,0.0,0.17495345090430323,-0.0001462616598206587,0.0,-8.64570138654464,8.64570138654464,INSURANCE_DTE_ROLL,I003
2017-08-16,I003,QQQ,2,insurance,OPEN,put,1,135.0,2017-11-17,11,144.28,1.2267353060678836,1.1960669234161865,1.2574036887195807,1.2574036887195807,0.15696832743170933,-0.18815524554019927,-1383.1440575915387,-40.88522091686685,40.88522091686685,INSURANCE_MODEL_ENTRY_PROTECTIVE_PUT,I003
2017-11-07,I003,QQQ,2,insurance,CLOSE,put,1,135.0,2017-11-17,11,153.88,8.608335842429072e-07,0.0,0.010000860833584244,0.0,0.16718637899662073,-1.03060179094018e-06,0.0,-7.150946916942668,7.150946916942668,INSURANCE_DTE_ROLL,I003
2018-01-31,I003,QQQ,3,insurance,OPEN,put,1,159.0,2018-04-20,11,169.4,1.7166070572253602,1.6736918807947263,1.7595222336559941,1.7595222336559941,0.17966147749898892,-0.20655983350567786,-1935.4744570215937,-54.356694073697305,54.356694073697305,INSURANCE_MODEL_ENTRY_PROTECTIVE_PUT,I003
2018-02-05,I003,QQQ,3,insurance,CLOSE,put,1,159.0,2018-04-20,3,158.12,7.073071062666784,6.8962442861001145,7.249897839233454,6.8962442861001145,0.23710109002678986,-0.49364264276753483,2068.8732858300345,-54.998032970000935,54.998032970000935,INSURANCE_PARTIAL_MONETIZATION,I003
2018-02-14,I003,QQQ,3,insurance,CLOSE,put,1,159.0,2018-04-20,2,162.68,4.2073938576440355,4.102209011202935,4.312578704085136,4.102209011202935,0.22045882247164328,-0.37866008337205553,820.441802240587,-22.336969288220143,22.336969288220143,INSURANCE_PARTIAL_MONETIZATION,I003
2018-04-10,I003,QQQ,3,insurance,CLOSE,put,1,159.0,2018-04-20,6,161.21,2.1426418214125533,2.0890757758772396,2.196207866947867,2.0890757758772396,0.2971985853632461,-0.3780072370993311,1253.4454655263437,-36.03962732118824,36.03962732118824,INSURANCE_DTE_ROLL,I003
2018-06-27,I003,QQQ,4,insurance,OPEN,put,1,157.0,2018-09-21,7,169.73,1.9714298759160869,1.9221441290181847,2.020715622813989,2.020715622813989,0.20780691891516698,-0.19717178853316233,-1414.5009359697922,-39.0500228285314,39.0500228285314,INSURANCE_MODEL_ENTRY_PROTECTIVE_PUT,I003
2018-09-11,I003,QQQ,4,insurance,CLOSE,put,1,157.0,2018-09-21,7,183.12,1.0680765173847568e-05,0.0,0.010010680765173847,0.0,0.21644872214941022,-7.64658227764516e-06,0.0,-4.557476535621693,4.557476535621693,INSURANCE_DTE_ROLL,I003
2018-09-19,I003,QQQ,5,insurance,OPEN,put,1,170.0,2018-12-21,1,182.7,1.9373162990837685,1.8888833916066743,1.9857492065608626,1.9857492065608626,0.1858741740800687,-0.19487332123888124,-198.57492065608625,-5.493290747709417,5.493290747709417,INSURANCE_MODEL_ENTRY_PROTECTIVE_PUT,I003
2018-12-11,I003,QQQ,5,insurance,CLOSE,put,1,170.0,2018-12-21,1,163.61,7.350532021121012,7.166768720592986,7.534295321649037,7.166768720592986,0.2969253689058051,-0.7720021837103895,716.6768720592986,-19.026330052802546,19.026330052802546,INSURANCE_DTE_ROLL,I003
2019-03-11,I003,QQQ,6,insurance,OPEN,put,1,161.0,2019-06-21,12,174.73,2.3769332029659296,2.3175098728917813,2.436356533040078,2.436356533040078,0.21256469568313857,-0.2040401737118239,-2923.6278396480934,-79.10799608897788,79.10799608897788,INSURANCE_MODEL_ENTRY_PROTECTIVE_PUT,I003
2019-05-17,I003,QQQ,6,insurance,CLOSE,put,1,161.0,2019-06-21,6,183.04,0.15372603662329976,0.14372603662329975,0.16372603662329976,0.14372603662329975,0.22730468940725937,-0.030041697343464867,86.23562197397985,-9.900000000000006,9.900000000000006,INSURANCE_PARTIAL_MONETIZATION,I003
2019-06-11,I003,QQQ,6,insurance,CLOSE,put,1,161.0,2019-06-21,6,183.4,0.000865879906064862,0.0,0.010865879906064862,0.0,0.2392442748091603,-0.0004504927797825685,0.0,-4.419527943638918,4.419527943638918,INSURANCE_DTE_ROLL,I003
2019-08-02,I003,QQQ,7,insurance,OPEN,put,1,173.0,2019-10-18,3,187.35,2.244094988101338,2.1879926133988046,2.3001973628038717,2.3001973628038717,0.22519924799187233,-0.19785263918418414,-690.0592088411615,-18.780712410760064,18.780712410760064,INSURANCE_MODEL_ENTRY_PROTECTIVE_PUT,I003
2019-08-14,I003,QQQ,7,insurance,CLOSE,put,1,173.0,2019-10-18,1,182.76,3.44465945805635,3.3585429716049413,3.5307759445077584,3.3585429716049413,0.24894495547939877,-0.27551254794163527,335.8542971604941,-9.261648645140857,9.261648645140857,INSURANCE_PARTIAL_MONETIZATION,I003
2019-10-08,I003,QQQ,7,insurance,CLOSE,put,1,173.0,2019-10-18,2,185.42,0.16418419208473978,0.15418419208473977,0.1741841920847398,0.15418419208473977,0.25751105598101603,-0.049071104273087425,30.836838416947955,-3.3000000000000016,3.3000000000000016,INSURANCE_DTE_ROLL,I003
2019-10-16,I003,QQQ,8,insurance,OPEN,put,1,177.0,2020-01-17,1,193.04,2.5653546101076756,2.501220744854984,2.6294884753603673,2.6294884753603673,0.22416722073196269,-0.19926265783639496,-262.94884753603674,-7.063386525269172,7.063386525269172,INSURANCE_MODEL_ENTRY_PROTECTIVE_PUT,I003
2020-01-07,I003,QQQ,8,insurance,CLOSE,put,1,177.0,2020-01-17,1,215.53,2.6109144244267975e-08,0.0,0.010000026109144244,0.0,0.2174882266969795,-1.9498739079930725e-08,0.0,-0.6500026109144245,0.6500026109144245,INSURANCE_DTE_ROLL,I003
2020-01-27,I003,QQQ,9,insurance,OPEN,put,1,202.0,2020-04-17,10,218.1,2.6508850022170023,2.584612877161577,2.7171571272724275,2.7171571272724275,0.21464260014077557,-0.20383268671637694,-2717.1571272724277,-72.77212505542524,72.77212505542524,INSURANCE_MODEL_ENTRY_PROTECTIVE_PUT,I003
2020-02-27,I003,QQQ,9,insurance,CLOSE,put,1,202.0,2020-04-17,2,205.64,8.589510279084948,8.374772522107824,8.804248036062072,8.374772522107824,0.3463517666044231,-0.4157926234172418,1674.9545044215647,-44.24755139542481,44.24755139542481,INSURANCE_PARTIAL_MONETIZATION,I003
2020-03-12,I003,QQQ,9,insurance,CLOSE,put,1,202.0,2020-04-17,3,177.32,30.325348767907855,29.567215048710157,31.083482487105552,29.567215048710157,0.623629526996555,-0.7149649242179706,8870.164514613047,-229.3901157593093,229.3901157593093,INSURANCE_PARTIAL_MONETIZATION,I003
2020-04-07,I003,QQQ,9,insurance,CLOSE,put,1,202.0,2020-04-17,5,196.4,14.089987109504065,13.737737431766464,14.442236787241667,13.737737431766464,0.8404344850634161,-0.553124653234948,6868.868715883232,-179.37483886880082,179.37483886880082,INSURANCE_DTE_ROLL,I003
2020-09-11,I003,QQQ,10,insurance,OPEN,put,1,234.0,2020-12-18,3,270.45,6.387534161530944,6.22784580749267,6.547222515569217,6.547222515569217,0.3716877884391531,-0.1997846337380108,-1964.1667546707652,-49.85650621148203,49.85650621148203,INSURANCE_MODEL_ENTRY_PROTECTIVE_PUT,I003
2020-09-14,I003,QQQ,10,insurance,CLOSE,put,1,234.0,2020-12-18,1,275.16,5.342745345637077,5.20917671199615,5.476313979278004,5.20917671199615,0.3730860065612771,-0.17337617879964506,520.917671199615,-14.006863364092675,14.006863364092675,INSURANCE_PARTIAL_MONETIZATION,I003
2020-12-08,I003,QQQ,10,insurance,CLOSE,put,1,234.0,2020-12-18,2,308.29,4.265191369572465e-06,0.0,0.010004265191369573,0.0,0.35506918810211163,-1.186739592276715e-06,0.0,-1.3008530382739145,1.3008530382739145,INSURANCE_DTE_ROLL,I003
2021-02-03,I003,QQQ,11,insurance,OPEN,put,1,280.0,2021-05-21,6,326.38,8.240851337075796,8.034830053648902,8.44687262050269,8.44687262050269,0.37899163532846175,-0.19931831687174623,-5068.123572301614,-127.51277005613652,127.51277005613652,INSURANCE_MODEL_ENTRY_PROTECTIVE_PUT,I003
2021-05-11,I003,QQQ,11,insurance,CLOSE,put,1,280.0,2021-05-21,6,325.31,0.01854892261865615,0.00854892261865615,0.02854892261865615,0.00854892261865615,0.3368061694998617,-0.003305741138809956,5.12935357119369,-9.9,9.9,INSURANCE_DTE_ROLL,I003
2021-05-25,I003,QQQ,12,insurance,OPEN,put,1,295.0,2021-08-20,1,332.97,6.3436599767628365,6.185068477343766,6.5022514761819075,6.5022514761819075,0.3227517518934921,-0.20035693008186833,-650.2251476181907,-16.50914994190709,16.50914994190709,INSURANCE_MODEL_ENTRY_PROTECTIVE_PUT,I003
2021-08-10,I003,QQQ,12,insurance,CLOSE,put,1,295.0,2021-08-20,1,366.84,8.034867549832427e-07,0.0,0.010000803486754983,0.0,0.2636666666666666,-2.6759422397705134e-07,0.0,-0.6500803486754984,0.6500803486754984,INSURANCE_DTE_ROLL,I003
2022-01-03,I003,QQQ,13,insurance,OPEN,put,1,361.0,2022-04-14,8,401.68,6.7191174014988775,6.5511394664614055,6.887095336536349,6.887095336536349,0.2629158579288747,-0.20191613794828664,-5509.6762692290795,-139.58234802997754,139.58234802997754,INSURANCE_MODEL_ENTRY_PROTECTIVE_PUT,I003
2022-01-18,I003,QQQ,13,insurance,CLOSE,put,1,361.0,2022-04-14,2,370.55,14.474875236696647,14.113003355779231,14.836747117614063,14.113003355779231,0.2649864199627623,-0.39650178189261515,2822.600671155846,-73.67437618348323,73.67437618348323,INSURANCE_PARTIAL_MONETIZATION,I003
2022-01-27,I003,QQQ,13,insurance,CLOSE,put,1,361.0,2022-04-14,2,341.1,30.484472854040376,29.722361032689367,31.246584675391386,29.722361032689367,0.291770601716441,-0.6402596429755034,5944.472206537874,-153.7223642702019,153.7223642702019,INSURANCE_PARTIAL_MONETIZATION,I003
2022-04-04,I003,QQQ,13,insurance,CLOSE,put,1,361.0,2022-04-14,4,369.3,3.6380888909012725,3.547136668628741,3.729041113173804,3.547136668628741,0.2913541774290496,-0.3099739129904318,1418.8546674514964,-38.980888909012656,38.980888909012656,INSURANCE_DTE_ROLL,I003
2023-03-14,I003,QQQ,14,insurance,OPEN,put,1,262.0,2023-06-16,7,297.37,6.602402480620505,6.437342418604993,6.767462542636017,6.767462542636017,0.35992404098036196,-0.1992001237937326,-4737.2237798452115,-120.09204341085858,120.09204341085858,INSURANCE_MODEL_ENTRY_PROTECTIVE_PUT,I003
2023-06-06,I003,QQQ,14,insurance,CLOSE,put,1,262.0,2023-06-16,7,354.84,8.815932491506616e-13,0.0,0.010000000000881594,0.0,0.25816181941156574,-4.312492649964533e-13,0.0,-4.550000000617115,4.550000000617115,INSURANCE_DTE_ROLL,I003
2023-09-27,I003,QQQ,15,insurance,OPEN,put,1,326.0,2023-12-15,1,355.04,5.178343700673253,5.048885108156421,5.307802293190084,5.307802293190084,0.26481665662791354,-0.1997580771964997,-530.7802293190084,-13.595859251683168,13.595859251683168,INSURANCE_MODEL_ENTRY_PROTECTIVE_PUT,I003
2023-12-05,I003,QQQ,15,insurance,CLOSE,put,1,326.0,2023-12-15,1,387.29,6.99027427592398e-07,0.0,0.010000699027427593,0.0,0.21023090578119757,-2.766922209465938e-07,0.0,-0.6500699027427592,0.6500699027427592,INSURANCE_DTE_ROLL,I003
2024-08-06,I003,QQQ,16,insurance,OPEN,put,1,402.0,2024-11-15,8,439.53,6.856448347321731,6.6850371386386875,7.027859556004774,7.027859556004774,0.25013443865099366,-0.1993126797144773,-5622.28764480382,-142.3289669464346,142.3289669464346,INSURANCE_MODEL_ENTRY_PROTECTIVE_PUT,I003
2024-08-09,I003,QQQ,16,insurance,CLOSE,put,1,402.0,2024-11-15,4,450.41,4.961955456274779,4.83790656986791,5.086004342681649,4.83790656986791,0.2535338699481729,-0.15189675465972385,1935.1626279471639,-52.21955456274794,52.21955456274794,INSURANCE_PARTIAL_MONETIZATION,I003
2024-11-05,I003,QQQ,16,insurance,CLOSE,put,1,402.0,2024-11-15,4,492.21,4.06438434130919e-05,0.0,0.010040643843413091,0.0,0.28685545803620405,-8.127258723234245e-06,0.0,-2.616257537365237,2.616257537365237,INSURANCE_DTE_ROLL,I003
2024-12-20,I003,QQQ,17,insurance,OPEN,put,1,481.0,2025-03-21,1,518.66,6.597131231851677,6.432202951055385,6.762059512647968,6.762059512647968,0.21664149768478044,-0.19987326235096267,-676.2059512647968,-17.142828079629172,17.142828079629172,INSURANCE_MODEL_ENTRY_PROTECTIVE_PUT,I003
2025-03-11,I003,QQQ,17,insurance,CLOSE,put,1,481.0,2025-03-21,1,471.6,14.164396691180912,13.810286773901389,14.518506608460434,13.810286773901389,0.287,-0.6442816245674755,1381.028677390139,-36.06099172795228,36.06099172795228,INSURANCE_DTE_ROLL,I003
2025-03-19,I003,QQQ,18,insurance,OPEN,put,1,440.0,2025-06-20,7,480.89,7.137212827818644,6.9587825071231775,7.31564314851411,7.31564314851411,0.24944039548517313,-0.19887474700418994,-5120.950203959877,-129.4512244868264,129.4512244868264,INSURANCE_MODEL_ENTRY_PROTECTIVE_PUT,I003
2025-04-04,I003,QQQ,18,insurance,CLOSE,put,1,440.0,2025-06-20,2,422.67,30.00198656501101,29.251936900885735,30.752036229136284,29.251936900885735,0.28415192153667906,-0.5722938925258204,5850.387380177147,-151.30993282505491,151.30993282505491,INSURANCE_PARTIAL_MONETIZATION,I003
2025-04-15,I003,QQQ,18,insurance,CLOSE,put,1,440.0,2025-06-20,1,457.99,22.892709120247304,22.32039139224112,23.465026848253487,22.32039139224112,0.42612578740728746,-0.3633233301803235,2232.039139224112,-57.88177280061833,57.88177280061833,INSURANCE_PARTIAL_MONETIZATION,I003
2025-06-10,I003,QQQ,18,insurance,CLOSE,put,1,440.0,2025-06-20,4,534.21,5.082273430023093e-06,0.0,0.010005082273430024,0.0,0.25063000505419225,-1.160909072141643e-06,0.0,-2.602032909372009,2.602032909372009,INSURANCE_DTE_ROLL,I003
2025-08-06,I003,QQQ,19,insurance,OPEN,put,1,519.0,2025-11-21,2,567.32,8.540209347452716,8.326704113766398,8.753714581139034,8.753714581139034,0.23660021172040838,-0.19823534544565416,-1750.7429162278067,-44.00104673726358,44.00104673726358,INSURANCE_MODEL_ENTRY_PROTECTIVE_PUT,I003
2025-11-11,I003,QQQ,19,insurance,CLOSE,put,1,519.0,2025-11-21,2,621.57,0.00033082692562199506,0.0,0.010330826925621995,0.0,0.28281424055215026,-4.8809381544308124e-05,0.0,-1.3661653851243991,1.3661653851243991,INSURANCE_DTE_ROLL,I003
2026-04-01,I003,QQQ,20,insurance,OPEN,put,1,534.0,2026-06-18,7,584.31,8.656269987129775,8.439863237451531,8.87267673680802,8.87267673680802,0.2696172246606783,-0.2002794716069177,-6210.873715765614,-156.03472477477084,156.03472477477084,INSURANCE_MODEL_ENTRY_PROTECTIVE_PUT,I003
2026-06-08,I003,QQQ,20,insurance,CLOSE,put,1,534.0,2026-06-18,7,716.07,7.748656334598996e-06,0.0,0.0100077486563346,0.0,0.37463412794838497,-8.887317372580295e-07,0.0,-4.555424059434219,4.555424059434219,INSURANCE_DTE_ROLL,I003
2017-05-19,I004,QQQ,1,insurance,OPEN,put,1,130.0,2017-08-18,13,137.84,1.3502835695062814,1.3165264802686243,1.3840406587439384,1.3840406587439384,0.1564834979868187,-0.21241634784097074,-1799.2528563671199,-52.33421600895421,52.33421600895421,INSURANCE_MODEL_ENTRY_PROTECTIVE_PUT,I004
2017-08-08,I004,QQQ,1,insurance,CLOSE,put,1,130.0,2017-08-18,13,144.31,0.0001505395281112612,0.0,0.010150539528111261,0.0,0.17495345090430323,-0.0001462616598206587,0.0,-8.64570138654464,8.64570138654464,INSURANCE_DTE_ROLL,I004
2017-08-16,I004,QQQ,2,insurance,OPEN,put,1,135.0,2017-11-17,13,144.28,1.2267353060678836,1.1960669234161865,1.2574036887195807,1.2574036887195807,0.15696832743170933,-0.18815524554019927,-1634.6247953354548,-48.318897447206275,48.318897447206275,INSURANCE_MODEL_ENTRY_PROTECTIVE_PUT,I004
2017-11-07,I004,QQQ,2,insurance,CLOSE,put,1,135.0,2017-11-17,13,153.88,8.608335842429072e-07,0.0,0.010000860833584244,0.0,0.16718637899662073,-1.03060179094018e-06,0.0,-8.451119083659517,8.451119083659517,INSURANCE_DTE_ROLL,I004
2018-01-31,I004,QQQ,3,insurance,OPEN,put,1,159.0,2018-04-20,11,169.4,1.7166070572253602,1.6736918807947263,1.7595222336559941,1.7595222336559941,0.17966147749898892,-0.20655983350567786,-1935.4744570215937,-54.356694073697305,54.356694073697305,INSURANCE_MODEL_ENTRY_PROTECTIVE_PUT,I004
2018-02-05,I004,QQQ,3,insurance,CLOSE,put,1,159.0,2018-04-20,3,158.12,7.073071062666784,6.8962442861001145,7.249897839233454,6.8962442861001145,0.23710109002678986,-0.49364264276753483,2068.8732858300345,-54.998032970000935,54.998032970000935,INSURANCE_PARTIAL_MONETIZATION,I004
2018-02-14,I004,QQQ,3,insurance,CLOSE,put,1,159.0,2018-04-20,2,162.68,4.2073938576440355,4.102209011202935,4.312578704085136,4.102209011202935,0.22045882247164328,-0.37866008337205553,820.441802240587,-22.336969288220143,22.336969288220143,INSURANCE_PARTIAL_MONETIZATION,I004
2018-04-10,I004,QQQ,3,insurance,CLOSE,put,1,159.0,2018-04-20,6,161.21,2.1426418214125533,2.0890757758772396,2.196207866947867,2.0890757758772396,0.2971985853632461,-0.3780072370993311,1253.4454655263437,-36.03962732118824,36.03962732118824,INSURANCE_DTE_ROLL,I004
2018-06-27,I004,QQQ,4,insurance,OPEN,put,1,157.0,2018-09-21,12,169.73,1.9714298759160869,1.9221441290181847,2.020715622813989,2.020715622813989,0.20780691891516698,-0.19717178853316233,-2424.8587473767866,-66.94289627748239,66.94289627748239,INSURANCE_MODEL_ENTRY_PROTECTIVE_PUT,I004
2018-09-11,I004,QQQ,4,insurance,CLOSE,put,1,157.0,2018-09-21,12,183.12,1.0680765173847568e-05,0.0,0.010010680765173847,0.0,0.21644872214941022,-7.64658227764516e-06,0.0,-7.812816918208618,7.812816918208618,INSURANCE_DTE_ROLL,I004
2018-09-19,I004,QQQ,5,insurance,OPEN,put,1,170.0,2018-12-21,2,182.7,1.9373162990837685,1.8888833916066743,1.9857492065608626,1.9857492065608626,0.1858741740800687,-0.19487332123888124,-397.1498413121725,-10.986581495418834,10.986581495418834,INSURANCE_MODEL_ENTRY_PROTECTIVE_PUT,I004
2018-10-10,I004,QQQ,5,insurance,CLOSE,put,1,170.0,2018-12-21,1,171.73,5.698197498575425,5.555742561111039,5.840652436039811,5.555742561111039,0.22377746313930316,-0.42752346843927946,555.5742561111039,-14.895493746438598,14.895493746438598,INSURANCE_PARTIAL_MONETIZATION,I004
2018-12-11,I004,QQQ,5,insurance,CLOSE,put,1,170.0,2018-12-21,1,163.61,7.350532021121012,7.166768720592986,7.534295321649037,7.166768720592986,0.2969253689058051,-0.7720021837103895,716.6768720592986,-19.026330052802546,19.026330052802546,INSURANCE_DTE_ROLL,I004
2019-03-11,I004,QQQ,6,insurance,OPEN,put,1,161.0,2019-06-21,12,174.73,2.3769332029659296,2.3175098728917813,2.436356533040078,2.436356533040078,0.21256469568313857,-0.2040401737118239,-2923.6278396480934,-79.10799608897788,79.10799608897788,INSURANCE_MODEL_ENTRY_PROTECTIVE_PUT,I004
2019-05-17,I004,QQQ,6,insurance,CLOSE,put,1,161.0,2019-06-21,6,183.04,0.15372603662329976,0.14372603662329975,0.16372603662329976,0.14372603662329975,0.22730468940725937,-0.030041697343464867,86.23562197397985,-9.900000000000006,9.900000000000006,INSURANCE_PARTIAL_MONETIZATION,I004
2019-06-11,I004,QQQ,6,insurance,CLOSE,put,1,161.0,2019-06-21,6,183.4,0.000865879906064862,0.0,0.010865879906064862,0.0,0.2392442748091603,-0.0004504927797825685,0.0,-4.419527943638918,4.419527943638918,INSURANCE_DTE_ROLL,I004
2019-08-02,I004,QQQ,7,insurance,OPEN,put,1,173.0,2019-10-18,9,187.35,2.244094988101338,2.1879926133988046,2.3001973628038717,2.3001973628038717,0.22519924799187233,-0.19785263918418414,-2070.177626523485,-56.34213723228019,56.34213723228019,INSURANCE_MODEL_ENTRY_PROTECTIVE_PUT,I004
2019-08-14,I004,QQQ,7,insurance,CLOSE,put,1,173.0,2019-10-18,4,182.76,3.44465945805635,3.3585429716049413,3.5307759445077584,3.3585429716049413,0.24894495547939877,-0.27551254794163527,1343.4171886419765,-37.04659458056343,37.04659458056343,INSURANCE_PARTIAL_MONETIZATION,I004
2019-10-08,I004,QQQ,7,insurance,CLOSE,put,1,173.0,2019-10-18,5,185.42,0.16418419208473978,0.15418419208473977,0.1741841920847398,0.15418419208473977,0.25751105598101603,-0.049071104273087425,77.09209604236989,-8.250000000000004,8.250000000000004,INSURANCE_DTE_ROLL,I004
2019-11-04,I004,QQQ,8,insurance,OPEN,put,1,186.0,2020-01-17,1,200.1,2.149414323372092,2.0956789652877896,2.2031496814563942,2.2031496814563942,0.20681171342934132,-0.19803762996405197,-220.31496814563943,-6.02353580843023,6.02353580843023,INSURANCE_MODEL_ENTRY_PROTECTIVE_PUT,I004
2020-01-07,I004,QQQ,8,insurance,CLOSE,put,1,186.0,2020-01-17,1,215.53,1.1706162504664455e-05,0.0,0.010011706162504665,0.0,0.20674610263072424,-7.464850348952507e-06,0.0,-0.6511706162504665,0.6511706162504665,INSURANCE_DTE_ROLL,I004
2020-01-27,I004,QQQ,9,insurance,OPEN,put,1,202.0,2020-04-17,10,218.1,2.6508850022170023,2.584612877161577,2.7171571272724275,2.7171571272724275,0.21464260014077557,-0.20383268671637694,-2717.1571272724277,-72.77212505542524,72.77212505542524,INSURANCE_MODEL_ENTRY_PROTECTIVE_PUT,I004
2020-02-27,I004,QQQ,9,insurance,CLOSE,put,1,202.0,2020-04-17,2,205.64,8.589510279084948,8.374772522107824,8.804248036062072,8.374772522107824,0.3463517666044231,-0.4157926234172418,1674.9545044215647,-44.24755139542481,44.24755139542481,INSURANCE_PARTIAL_MONETIZATION,I004
2020-03-12,I004,QQQ,9,insurance,CLOSE,put,1,202.0,2020-04-17,3,177.32,30.325348767907855,29.567215048710157,31.083482487105552,29.567215048710157,0.623629526996555,-0.7149649242179706,8870.164514613047,-229.3901157593093,229.3901157593093,INSURANCE_PARTIAL_MONETIZATION,I004
2020-04-07,I004,QQQ,9,insurance,CLOSE,put,1,202.0,2020-04-17,5,196.4,14.089987109504065,13.737737431766464,14.442236787241667,13.737737431766464,0.8404344850634161,-0.553124653234948,6868.868715883232,-179.37483886880082,179.37483886880082,INSURANCE_DTE_ROLL,I004
2020-09-11,I004,QQQ,10,insurance,OPEN,put,1,234.0,2020-12-18,6,270.45,6.387534161530944,6.22784580749267,6.547222515569217,6.547222515569217,0.3716877884391531,-0.1997846337380108,-3928.3335093415303,-99.71301242296406,99.71301242296406,INSURANCE_MODEL_ENTRY_PROTECTIVE_PUT,I004
2020-09-14,I004,QQQ,10,insurance,CLOSE,put,1,234.0,2020-12-18,3,275.16,5.342745345637077,5.20917671199615,5.476313979278004,5.20917671199615,0.3730860065612771,-0.17337617879964506,1562.753013598845,-42.02059009227803,42.02059009227803,INSURANCE_PARTIAL_MONETIZATION,I004
2020-12-08,I004,QQQ,10,insurance,CLOSE,put,1,234.0,2020-12-18,3,308.29,4.265191369572465e-06,0.0,0.010004265191369573,0.0,0.35506918810211163,-1.186739592276715e-06,0.0,-1.951279557410872,1.951279557410872,INSURANCE_DTE_ROLL,I004
2021-02-03,I004,QQQ,11,insurance,OPEN,put,1,280.0,2021-05-21,8,326.38,8.240851337075796,8.034830053648902,8.44687262050269,8.44687262050269,0.37899163532846175,-0.19931831687174623,-6757.498096402152,-170.01702674151534,170.01702674151534,INSURANCE_MODEL_ENTRY_PROTECTIVE_PUT,I004
2021-05-11,I004,QQQ,11,insurance,CLOSE,put,1,280.0,2021-05-21,8,325.31,0.01854892261865615,0.00854892261865615,0.02854892261865615,0.00854892261865615,0.3368061694998617,-0.003305741138809956,6.83913809492492,-13.2,13.2,INSURANCE_DTE_ROLL,I004
2021-05-19,I004,QQQ,12,insurance,OPEN,put,1,283.0,2021-08-20,1,322.59,6.6989776596441,6.531503218152998,6.866452101135203,6.866452101135203,0.3394741891054344,-0.19963384277565047,-686.6452101135203,-17.397444149110267,17.397444149110267,INSURANCE_MODEL_ENTRY_PROTECTIVE_PUT,I004
2021-08-10,I004,QQQ,12,insurance,CLOSE,put,1,283.0,2021-08-20,1,366.84,1.2416631446895386e-08,0.0,0.010000012416631447,0.0,0.2736666666666666,-4.502630957101785e-09,0.0,-0.6500012416631447,0.6500012416631447,INSURANCE_DTE_ROLL,I004
2021-11-02,I004,QQQ,13,insurance,OPEN,put,1,354.0,2022-01-21,1,389.05,5.6174169836019985,5.476981559011948,5.757852408192049,5.757852408192049,0.257801892650725,-0.20158937386088255,-575.7852408192049,-14.693542459005032,14.693542459005032,INSURANCE_MODEL_ENTRY_PROTECTIVE_PUT,I004
2022-01-11,I004,QQQ,13,insurance,CLOSE,put,1,354.0,2022-01-21,1,385.82,0.18249434826326905,0.17249434826326904,0.19249434826326906,0.17249434826326904,0.2728369187704111,-0.02700725935875432,17.249434826326905,-1.6500000000000008,1.6500000000000008,INSURANCE_DTE_ROLL,I004
2022-01-20,I004,QQQ,14,insurance,OPEN,put,1,323.0,2022-04-14,9,361.72,6.221333622907963,6.065800282335264,6.376866963480662,6.376866963480662,0.30271564155454045,-0.19814444706440654,-5739.180267132596,-145.83000651542918,145.83000651542918,INSURANCE_MODEL_ENTRY_PROTECTIVE_PUT,I004
2022-01-27,I004,QQQ,14,insurance,CLOSE,put,1,323.0,2022-04-14,4,341.1,11.507534310923518,11.219845953150429,11.795222668696606,11.219845953150429,0.31499420721805743,-0.32791790090076944,4487.938381260172,-117.67534310923546,117.67534310923546,INSURANCE_PARTIAL_MONETIZATION,I004
2022-04-04,I004,QQQ,14,insurance,CLOSE,put,1,323.0,2022-04-14,5,369.3,0.049423420606600654,0.03942342060660065,0.059423420606600656,0.03942342060660065,0.3348569622711081,-0.007244183523013339,19.71171030330033,-8.25,8.25,INSURANCE_DTE_ROLL,I004
2022-08-23,I004,QQQ,15,insurance,OPEN,put,1,278.0,2022-11-18,1,314.1,6.447098257469719,6.285920801032976,6.608275713906462,6.608275713906462,0.34568325951982404,-0.20038382476306185,-660.8275713906462,-16.767745643674296,16.767745643674296,INSURANCE_MODEL_ENTRY_PROTECTIVE_PUT,I004
2022-11-08,I004,QQQ,15,insurance,CLOSE,put,1,278.0,2022-11-18,1,269.54,10.700505313473855,10.432992680637009,10.9680179463107,10.432992680637009,0.3153,-0.7078016966333137,1043.2992680637008,-27.4012632836846,27.4012632836846,INSURANCE_DTE_ROLL,I004
2023-03-14,I004,QQQ,16,insurance,OPEN,put,1,262.0,2023-06-16,9,297.37,6.602402480620505,6.437342418604993,6.767462542636017,6.767462542636017,0.35992404098036196,-0.1992001237937326,-6090.716288372416,-154.40405581396104,154.40405581396104,INSURANCE_MODEL_ENTRY_PROTECTIVE_PUT,I004
2023-06-06,I004,QQQ,16,insurance,CLOSE,put,1,262.0,2023-06-16,9,354.84,8.815932491506616e-13,0.0,0.010000000000881594,0.0,0.25816181941156574,-4.312492649964533e-13,0.0,-5.850000000793434,5.850000000793434,INSURANCE_DTE_ROLL,I004
2023-09-27,I004,QQQ,17,insurance,OPEN,put,1,326.0,2023-12-15,2,355.04,5.178343700673253,5.048885108156421,5.307802293190084,5.307802293190084,0.26481665662791354,-0.1997580771964997,-1061.5604586380168,-27.191718503366335,27.191718503366335,INSURANCE_MODEL_ENTRY_PROTECTIVE_PUT,I004
2023-12-05,I004,QQQ,17,insurance,CLOSE,put,1,326.0,2023-12-15,2,387.29,6.99027427592398e-07,0.0,0.010000699027427593,0.0,0.21023090578119757,-2.766922209465938e-07,0.0,-1.3001398054855184,1.3001398054855184,INSURANCE_DTE_ROLL,I004
2024-08-06,I004,QQQ,18,insurance,OPEN,put,1,402.0,2024-11-15,8,439.53,6.856448347321731,6.6850371386386875,7.027859556004774,7.027859556004774,0.25013443865099366,-0.1993126797144773,-5622.28764480382,-142.3289669464346,142.3289669464346,INSURANCE_MODEL_ENTRY_PROTECTIVE_PUT,I004
2024-08-09,I004,QQQ,18,insurance,CLOSE,put,1,402.0,2024-11-15,4,450.41,4.961955456274779,4.83790656986791,5.086004342681649,4.83790656986791,0.2535338699481729,-0.15189675465972385,1935.1626279471639,-52.21955456274794,52.21955456274794,INSURANCE_PARTIAL_MONETIZATION,I004
2024-11-05,I004,QQQ,18,insurance,CLOSE,put,1,402.0,2024-11-15,4,492.21,4.06438434130919e-05,0.0,0.010040643843413091,0.0,0.28685545803620405,-8.127258723234245e-06,0.0,-2.616257537365237,2.616257537365237,INSURANCE_DTE_ROLL,I004
2024-12-20,I004,QQQ,19,insurance,OPEN,put,1,481.0,2025-03-21,4,518.66,6.597131231851677,6.432202951055385,6.762059512647968,6.762059512647968,0.21664149768478044,-0.19987326235096267,-2704.823805059187,-68.57131231851669,68.57131231851669,INSURANCE_MODEL_ENTRY_PROTECTIVE_PUT,I004
2025-03-11,I004,QQQ,19,insurance,CLOSE,put,1,481.0,2025-03-21,1,471.6,14.164396691180912,13.810286773901389,14.518506608460434,13.810286773901389,0.287,-0.6442816245674755,1381.028677390139,-36.06099172795228,36.06099172795228,INSURANCE_PARTIAL_MONETIZATION,I004
2025-03-11,I004,QQQ,19,insurance,CLOSE,put,1,481.0,2025-03-21,3,471.6,14.164396691180912,13.810286773901389,14.518506608460434,13.810286773901389,0.287,-0.6442816245674755,4143.086032170417,-108.18297518385684,108.18297518385684,INSURANCE_DTE_ROLL,I004
2025-03-19,I004,QQQ,20,insurance,OPEN,put,1,440.0,2025-06-20,7,480.89,7.137212827818644,6.9587825071231775,7.31564314851411,7.31564314851411,0.24944039548517313,-0.19887474700418994,-5120.950203959877,-129.4512244868264,129.4512244868264,INSURANCE_MODEL_ENTRY_PROTECTIVE_PUT,I004
2025-04-04,I004,QQQ,20,insurance,CLOSE,put,1,440.0,2025-06-20,2,422.67,30.00198656501101,29.251936900885735,30.752036229136284,29.251936900885735,0.28415192153667906,-0.5722938925258204,5850.387380177147,-151.30993282505491,151.30993282505491,INSURANCE_PARTIAL_MONETIZATION,I004
2025-04-15,I004,QQQ,20,insurance,CLOSE,put,1,440.0,2025-06-20,1,457.99,22.892709120247304,22.32039139224112,23.465026848253487,22.32039139224112,0.42612578740728746,-0.3633233301803235,2232.039139224112,-57.88177280061833,57.88177280061833,INSURANCE_PARTIAL_MONETIZATION,I004
2025-06-10,I004,QQQ,20,insurance,CLOSE,put,1,440.0,2025-06-20,4,534.21,5.082273430023093e-06,0.0,0.010005082273430024,0.0,0.25063000505419225,-1.160909072141643e-06,0.0,-2.602032909372009,2.602032909372009,INSURANCE_DTE_ROLL,I004
2025-08-06,I004,QQQ,21,insurance,OPEN,put,1,519.0,2025-11-21,5,567.32,8.540209347452716,8.326704113766398,8.753714581139034,8.753714581139034,0.23660021172040838,-0.19823534544565416,-4376.857290569516,-110.00261684315896,110.00261684315896,INSURANCE_MODEL_ENTRY_PROTECTIVE_PUT,I004
2025-11-11,I004,QQQ,21,insurance,CLOSE,put,1,519.0,2025-11-21,5,621.57,0.00033082692562199506,0.0,0.010330826925621995,0.0,0.28281424055215026,-4.8809381544308124e-05,0.0,-3.4154134628109976,3.4154134628109976,INSURANCE_DTE_ROLL,I004
2026-04-01,I004,QQQ,22,insurance,OPEN,put,1,534.0,2026-06-18,7,584.31,8.656269987129775,8.439863237451531,8.87267673680802,8.87267673680802,0.2696172246606783,-0.2002794716069177,-6210.873715765614,-156.03472477477084,156.03472477477084,INSURANCE_MODEL_ENTRY_PROTECTIVE_PUT,I004
2026-06-08,I004,QQQ,22,insurance,CLOSE,put,1,534.0,2026-06-18,7,716.07,7.748656334598996e-06,0.0,0.0100077486563346,0.0,0.37463412794838497,-8.887317372580295e-07,0.0,-4.555424059434219,4.555424059434219,INSURANCE_DTE_ROLL,I004
2017-05-19,I005,QQQ,1,insurance,OPEN,put,1,130.0,2017-08-18,13,137.84,1.3502835695062814,1.3165264802686243,1.3840406587439384,1.3840406587439384,0.1564834979868187,-0.21241634784097074,-1799.2528563671199,-52.33421600895421,52.33421600895421,INSURANCE_MODEL_ENTRY_PROTECTIVE_PUT,I005
2017-08-08,I005,QQQ,1,insurance,CLOSE,put,1,130.0,2017-08-18,13,144.31,0.0001505395281112612,0.0,0.010150539528111261,0.0,0.17495345090430323,-0.0001462616598206587,0.0,-8.64570138654464,8.64570138654464,INSURANCE_DTE_ROLL,I005
2017-08-16,I005,QQQ,2,insurance,OPEN,put,1,135.0,2017-11-17,13,144.28,1.2267353060678836,1.1960669234161865,1.2574036887195807,1.2574036887195807,0.15696832743170933,-0.18815524554019927,-1634.6247953354548,-48.318897447206275,48.318897447206275,INSURANCE_MODEL_ENTRY_PROTECTIVE_PUT,I005
2017-11-07,I005,QQQ,2,insurance,CLOSE,put,1,135.0,2017-11-17,13,153.88,8.608335842429072e-07,0.0,0.010000860833584244,0.0,0.16718637899662073,-1.03060179094018e-06,0.0,-8.451119083659517,8.451119083659517,INSURANCE_DTE_ROLL,I005
2018-01-31,I005,QQQ,3,insurance,OPEN,put,1,159.0,2018-04-20,11,169.4,1.7166070572253602,1.6736918807947263,1.7595222336559941,1.7595222336559941,0.17966147749898892,-0.20655983350567786,-1935.4744570215937,-54.356694073697305,54.356694073697305,INSURANCE_MODEL_ENTRY_PROTECTIVE_PUT,I005
2018-02-05,I005,QQQ,3,insurance,CLOSE,put,1,159.0,2018-04-20,3,158.12,7.073071062666784,6.8962442861001145,7.249897839233454,6.8962442861001145,0.23710109002678986,-0.49364264276753483,2068.8732858300345,-54.998032970000935,54.998032970000935,INSURANCE_PARTIAL_MONETIZATION,I005
2018-02-14,I005,QQQ,3,insurance,CLOSE,put,1,159.0,2018-04-20,2,162.68,4.2073938576440355,4.102209011202935,4.312578704085136,4.102209011202935,0.22045882247164328,-0.37866008337205553,820.441802240587,-22.336969288220143,22.336969288220143,INSURANCE_PARTIAL_MONETIZATION,I005
2018-04-10,I005,QQQ,3,insurance,CLOSE,put,1,159.0,2018-04-20,6,161.21,2.1426418214125533,2.0890757758772396,2.196207866947867,2.0890757758772396,0.2971985853632461,-0.3780072370993311,1253.4454655263437,-36.03962732118824,36.03962732118824,INSURANCE_DTE_ROLL,I005
2018-06-27,I005,QQQ,4,insurance,OPEN,put,1,157.0,2018-09-21,12,169.73,1.9714298759160869,1.9221441290181847,2.020715622813989,2.020715622813989,0.20780691891516698,-0.19717178853316233,-2424.8587473767866,-66.94289627748239,66.94289627748239,INSURANCE_MODEL_ENTRY_PROTECTIVE_PUT,I005
2018-09-11,I005,QQQ,4,insurance,CLOSE,put,1,157.0,2018-09-21,12,183.12,1.0680765173847568e-05,0.0,0.010010680765173847,0.0,0.21644872214941022,-7.64658227764516e-06,0.0,-7.812816918208618,7.812816918208618,INSURANCE_DTE_ROLL,I005
2018-09-19,I005,QQQ,5,insurance,OPEN,put,1,170.0,2018-12-21,8,182.7,1.9373162990837685,1.8888833916066743,1.9857492065608626,1.9857492065608626,0.1858741740800687,-0.19487332123888124,-1588.59936524869,-43.946325981675336,43.946325981675336,INSURANCE_MODEL_ENTRY_PROTECTIVE_PUT,I005
2018-10-10,I005,QQQ,5,insurance,CLOSE,put,1,170.0,2018-12-21,2,171.73,5.698197498575425,5.555742561111039,5.840652436039811,5.555742561111039,0.22377746313930316,-0.42752346843927946,1111.1485122222077,-29.790987492877196,29.790987492877196,INSURANCE_PARTIAL_MONETIZATION,I005
2018-10-18,I005,QQQ,5,insurance,CLOSE,put,1,170.0,2018-12-21,2,173.18,4.746667497250698,4.62800080981943,4.8653341846819655,4.62800080981943,0.2240098890964391,-0.39172269049791103,925.6001619638861,-25.033337486253526,25.033337486253526,INSURANCE_PARTIAL_MONETIZATION,I005
2018-12-11,I005,QQQ,5,insurance,CLOSE,put,1,170.0,2018-12-21,4,163.61,7.350532021121012,7.166768720592986,7.534295321649037,7.166768720592986,0.2969253689058051,-0.7720021837103895,2866.7074882371944,-76.10532021121018,76.10532021121018,INSURANCE_DTE_ROLL,I005
2019-03-11,I005,QQQ,6,insurance,OPEN,put,1,161.0,2019-06-21,12,174.73,2.3769332029659296,2.3175098728917813,2.436356533040078,2.436356533040078,0.21256469568313857,-0.2040401737118239,-2923.6278396480934,-79.10799608897788,79.10799608897788,INSURANCE_MODEL_ENTRY_PROTECTIVE_PUT,I005
2019-05-17,I005,QQQ,6,insurance,CLOSE,put,1,161.0,2019-06-21,6,183.04,0.15372603662329976,0.14372603662329975,0.16372603662329976,0.14372603662329975,0.22730468940725937,-0.030041697343464867,86.23562197397985,-9.900000000000006,9.900000000000006,INSURANCE_PARTIAL_MONETIZATION,I005
2019-06-11,I005,QQQ,6,insurance,CLOSE,put,1,161.0,2019-06-21,6,183.4,0.000865879906064862,0.0,0.010865879906064862,0.0,0.2392442748091603,-0.0004504927797825685,0.0,-4.419527943638918,4.419527943638918,INSURANCE_DTE_ROLL,I005
2019-08-02,I005,QQQ,7,insurance,OPEN,put,1,173.0,2019-10-18,11,187.35,2.244094988101338,2.1879926133988046,2.3001973628038717,2.3001973628038717,0.22519924799187233,-0.19785263918418414,-2530.2170990842587,-68.8626121727869,68.8626121727869,INSURANCE_MODEL_ENTRY_PROTECTIVE_PUT,I005
2019-08-14,I005,QQQ,7,insurance,CLOSE,put,1,173.0,2019-10-18,5,182.76,3.44465945805635,3.3585429716049413,3.5307759445077584,3.3585429716049413,0.24894495547939877,-0.27551254794163527,1679.2714858024706,-46.30824322570429,46.30824322570429,INSURANCE_PARTIAL_MONETIZATION,I005
2019-10-08,I005,QQQ,7,insurance,CLOSE,put,1,173.0,2019-10-18,6,185.42,0.16418419208473978,0.15418419208473977,0.1741841920847398,0.15418419208473977,0.25751105598101603,-0.049071104273087425,92.51051525084387,-9.900000000000006,9.900000000000006,INSURANCE_DTE_ROLL,I005
2019-10-16,I005,QQQ,8,insurance,OPEN,put,1,177.0,2020-01-17,3,193.04,2.5653546101076756,2.501220744854984,2.6294884753603673,2.6294884753603673,0.22416722073196269,-0.19926265783639496,-788.8465426081102,-21.190159575807513,21.190159575807513,INSURANCE_MODEL_ENTRY_PROTECTIVE_PUT,I005
2020-01-07,I005,QQQ,8,insurance,CLOSE,put,1,177.0,2020-01-17,3,215.53,2.6109144244267975e-08,0.0,0.010000026109144244,0.0,0.2174882266969795,-1.9498739079930725e-08,0.0,-1.9500078327432735,1.9500078327432735,INSURANCE_DTE_ROLL,I005
2020-01-27,I005,QQQ,9,insurance,OPEN,put,1,202.0,2020-04-17,10,218.1,2.6508850022170023,2.584612877161577,2.7171571272724275,2.7171571272724275,0.21464260014077557,-0.20383268671637694,-2717.1571272724277,-72.77212505542524,72.77212505542524,INSURANCE_MODEL_ENTRY_PROTECTIVE_PUT,I005
2020-02-27,I005,QQQ,9,insurance,CLOSE,put,1,202.0,2020-04-17,2,205.64,8.589510279084948,8.374772522107824,8.804248036062072,8.374772522107824,0.3463517666044231,-0.4157926234172418,1674.9545044215647,-44.24755139542481,44.24755139542481,INSURANCE_PARTIAL_MONETIZATION,I005
2020-03-12,I005,QQQ,9,insurance,CLOSE,put,1,202.0,2020-04-17,3,177.32,30.325348767907855,29.567215048710157,31.083482487105552,29.567215048710157,0.623629526996555,-0.7149649242179706,8870.164514613047,-229.3901157593093,229.3901157593093,INSURANCE_PARTIAL_MONETIZATION,I005
2020-04-07,I005,QQQ,9,insurance,CLOSE,put,1,202.0,2020-04-17,5,196.4,14.089987109504065,13.737737431766464,14.442236787241667,13.737737431766464,0.8404344850634161,-0.553124653234948,6868.868715883232,-179.37483886880082,179.37483886880082,INSURANCE_DTE_ROLL,I005
2020-09-11,I005,QQQ,10,insurance,OPEN,put,1,234.0,2020-12-18,9,270.45,6.387534161530944,6.22784580749267,6.547222515569217,6.547222515569217,0.3716877884391531,-0.1997846337380108,-5892.500264012296,-149.56951863444607,149.56951863444607,INSURANCE_MODEL_ENTRY_PROTECTIVE_PUT,I005
2020-09-14,I005,QQQ,10,insurance,CLOSE,put,1,234.0,2020-12-18,4,275.16,5.342745345637077,5.20917671199615,5.476313979278004,5.20917671199615,0.3730860065612771,-0.17337617879964506,2083.67068479846,-56.0274534563707,56.0274534563707,INSURANCE_PARTIAL_MONETIZATION,I005
2020-12-08,I005,QQQ,10,insurance,CLOSE,put,1,234.0,2020-12-18,5,308.29,4.265191369572465e-06,0.0,0.010004265191369573,0.0,0.35506918810211163,-1.186739592276715e-06,0.0,-3.2521325956847864,3.2521325956847864,INSURANCE_DTE_ROLL,I005
2021-02-03,I005,QQQ,11,insurance,OPEN,put,1,280.0,2021-05-21,10,326.38,8.240851337075796,8.034830053648902,8.44687262050269,8.44687262050269,0.37899163532846175,-0.19931831687174623,-8446.87262050269,-212.52128342689417,212.52128342689417,INSURANCE_MODEL_ENTRY_PROTECTIVE_PUT,I005
2021-05-11,I005,QQQ,11,insurance,CLOSE,put,1,280.0,2021-05-21,10,325.31,0.01854892261865615,0.00854892261865615,0.02854892261865615,0.00854892261865615,0.3368061694998617,-0.003305741138809956,8.54892261865615,-16.5,16.5,INSURANCE_DTE_ROLL,I005
2021-05-19,I005,QQQ,12,insurance,OPEN,put,1,283.0,2021-08-20,1,322.59,6.6989776596441,6.531503218152998,6.866452101135203,6.866452101135203,0.3394741891054344,-0.19963384277565047,-686.6452101135203,-17.397444149110267,17.397444149110267,INSURANCE_MODEL_ENTRY_PROTECTIVE_PUT,I005
2021-08-10,I005,QQQ,12,insurance,CLOSE,put,1,283.0,2021-08-20,1,366.84,1.2416631446895386e-08,0.0,0.010000012416631447,0.0,0.2736666666666666,-4.502630957101785e-09,0.0,-0.6500012416631447,0.6500012416631447,INSURANCE_DTE_ROLL,I005
2021-09-23,I005,QQQ,13,insurance,OPEN,put,1,335.0,2021-12-17,1,372.98,6.137636839718823,5.984195918725852,6.291077760711794,6.291077760711794,0.28552064766801727,-0.20000094283712602,-629.1077760711794,-15.994092099297058,15.994092099297058,INSURANCE_MODEL_ENTRY_PROTECTIVE_PUT,I005
2021-12-07,I005,QQQ,13,insurance,CLOSE,put,1,335.0,2021-12-17,1,397.83,0.0029232943840290515,0.0,0.012923294384029052,0.0,0.3189959090566322,-0.0005191698410121376,0.0,-0.9423294384029052,0.9423294384029052,INSURANCE_DTE_ROLL,I005
2022-01-03,I005,QQQ,14,insurance,OPEN,put,1,361.0,2022-04-14,14,401.68,6.7191174014988775,6.5511394664614055,6.887095336536349,6.887095336536349,0.2629158579288747,-0.20191613794828664,-9641.933471150889,-244.26910905246072,244.26910905246072,INSURANCE_MODEL_ENTRY_PROTECTIVE_PUT,I005
2022-01-18,I005,QQQ,14,insurance,CLOSE,put,1,361.0,2022-04-14,3,370.55,14.474875236696647,14.113003355779231,14.836747117614063,14.113003355779231,0.2649864199627623,-0.39650178189261515,4233.9010067337695,-110.51156427522486,110.51156427522486,INSURANCE_PARTIAL_MONETIZATION,I005
2022-01-27,I005,QQQ,14,insurance,CLOSE,put,1,361.0,2022-04-14,4,341.1,30.484472854040376,29.722361032689367,31.246584675391386,29.722361032689367,0.291770601716441,-0.6402596429755034,11888.944413075747,-307.4447285404038,307.4447285404038,INSURANCE_PARTIAL_MONETIZATION,I005
2022-04-04,I005,QQQ,14,insurance,CLOSE,put,1,361.0,2022-04-14,7,369.3,3.6380888909012725,3.547136668628741,3.729041113173804,3.547136668628741,0.2913541774290496,-0.3099739129904318,2482.9956680401187,-68.21655559077215,68.21655559077215,INSURANCE_DTE_ROLL,I005
2023-03-14,I005,QQQ,15,insurance,OPEN,put,1,262.0,2023-06-16,10,297.37,6.602402480620505,6.437342418604993,6.767462542636017,6.767462542636017,0.35992404098036196,-0.1992001237937326,-6767.462542636017,-171.56006201551227,171.56006201551227,INSURANCE_MODEL_ENTRY_PROTECTIVE_PUT,I005
2023-06-06,I005,QQQ,15,insurance,CLOSE,put,1,262.0,2023-06-16,10,354.84,8.815932491506616e-13,0.0,0.010000000000881594,0.0,0.25816181941156574,-4.312492649964533e-13,0.0,-6.5000000008815935,6.5000000008815935,INSURANCE_DTE_ROLL,I005
2023-09-27,I005,QQQ,16,insurance,OPEN,put,1,326.0,2023-12-15,4,355.04,5.178343700673253,5.048885108156421,5.307802293190084,5.307802293190084,0.26481665662791354,-0.1997580771964997,-2123.1209172760337,-54.38343700673267,54.38343700673267,INSURANCE_MODEL_ENTRY_PROTECTIVE_PUT,I005
2023-12-05,I005,QQQ,16,insurance,CLOSE,put,1,326.0,2023-12-15,4,387.29,6.99027427592398e-07,0.0,0.010000699027427593,0.0,0.21023090578119757,-2.766922209465938e-07,0.0,-2.600279610971037,2.600279610971037,INSURANCE_DTE_ROLL,I005
2024-08-06,I005,QQQ,17,insurance,OPEN,put,1,402.0,2024-11-15,8,439.53,6.856448347321731,6.6850371386386875,7.027859556004774,7.027859556004774,0.25013443865099366,-0.1993126797144773,-5622.28764480382,-142.3289669464346,142.3289669464346,INSURANCE_MODEL_ENTRY_PROTECTIVE_PUT,I005
2024-08-09,I005,QQQ,17,insurance,CLOSE,put,1,402.0,2024-11-15,4,450.41,4.961955456274779,4.83790656986791,5.086004342681649,4.83790656986791,0.2535338699481729,-0.15189675465972385,1935.1626279471639,-52.21955456274794,52.21955456274794,INSURANCE_PARTIAL_MONETIZATION,I005
2024-11-05,I005,QQQ,17,insurance,CLOSE,put,1,402.0,2024-11-15,4,492.21,4.06438434130919e-05,0.0,0.010040643843413091,0.0,0.28685545803620405,-8.127258723234245e-06,0.0,-2.616257537365237,2.616257537365237,INSURANCE_DTE_ROLL,I005
2024-12-20,I005,QQQ,18,insurance,OPEN,put,1,481.0,2025-03-21,7,518.66,6.597131231851677,6.432202951055385,6.762059512647968,6.762059512647968,0.21664149768478044,-0.19987326235096267,-4733.441658853578,-119.99979655740421,119.99979655740421,INSURANCE_MODEL_ENTRY_PROTECTIVE_PUT,I005
2025-03-11,I005,QQQ,18,insurance,CLOSE,put,1,481.0,2025-03-21,2,471.6,14.164396691180912,13.810286773901389,14.518506608460434,13.810286773901389,0.287,-0.6442816245674755,2762.057354780278,-72.12198345590456,72.12198345590456,INSURANCE_PARTIAL_MONETIZATION,I005
2025-03-11,I005,QQQ,18,insurance,CLOSE,put,1,481.0,2025-03-21,5,471.6,14.164396691180912,13.810286773901389,14.518506608460434,13.810286773901389,0.287,-0.6442816245674755,6905.143386950695,-180.3049586397614,180.3049586397614,INSURANCE_DTE_ROLL,I005
2025-03-19,I005,QQQ,19,insurance,OPEN,put,1,440.0,2025-06-20,7,480.89,7.137212827818644,6.9587825071231775,7.31564314851411,7.31564314851411,0.24944039548517313,-0.19887474700418994,-5120.950203959877,-129.4512244868264,129.4512244868264,INSURANCE_MODEL_ENTRY_PROTECTIVE_PUT,I005
2025-04-04,I005,QQQ,19,insurance,CLOSE,put,1,440.0,2025-06-20,2,422.67,30.00198656501101,29.251936900885735,30.752036229136284,29.251936900885735,0.28415192153667906,-0.5722938925258204,5850.387380177147,-151.30993282505491,151.30993282505491,INSURANCE_PARTIAL_MONETIZATION,I005
2025-04-15,I005,QQQ,19,insurance,CLOSE,put,1,440.0,2025-06-20,1,457.99,22.892709120247304,22.32039139224112,23.465026848253487,22.32039139224112,0.42612578740728746,-0.3633233301803235,2232.039139224112,-57.88177280061833,57.88177280061833,INSURANCE_PARTIAL_MONETIZATION,I005
2025-06-10,I005,QQQ,19,insurance,CLOSE,put,1,440.0,2025-06-20,4,534.21,5.082273430023093e-06,0.0,0.010005082273430024,0.0,0.25063000505419225,-1.160909072141643e-06,0.0,-2.602032909372009,2.602032909372009,INSURANCE_DTE_ROLL,I005
2025-08-06,I005,QQQ,20,insurance,OPEN,put,1,519.0,2025-11-21,7,567.32,8.540209347452716,8.326704113766398,8.753714581139034,8.753714581139034,0.23660021172040838,-0.19823534544565416,-6127.600206797324,-154.00366358042254,154.00366358042254,INSURANCE_MODEL_ENTRY_PROTECTIVE_PUT,I005
2025-11-11,I005,QQQ,20,insurance,CLOSE,put,1,519.0,2025-11-21,7,621.57,0.00033082692562199506,0.0,0.010330826925621995,0.0,0.28281424055215026,-4.8809381544308124e-05,0.0,-4.781578847935396,4.781578847935396,INSURANCE_DTE_ROLL,I005
2025-11-19,I005,QQQ,21,insurance,OPEN,put,1,545.0,2026-02-20,1,599.87,9.795710017714981,9.550817267272107,10.040602768157855,10.040602768157855,0.269633494417481,-0.20083695327617979,-1004.0602768157855,-25.139275044287416,25.139275044287416,INSURANCE_MODEL_ENTRY_PROTECTIVE_PUT,I005
2026-02-02,I005,QQQ,21,insurance,CLOSE,put,1,545.0,2026-02-20,1,626.14,0.0672851502157008,0.057285150215700804,0.0772851502157008,0.057285150215700804,0.2535671814610151,-0.005847832246888619,5.728515021570081,-1.6500000000000004,1.6500000000000004,INSURANCE_RECOVERY_EXIT,I005
2026-04-01,I005,QQQ,22,insurance,OPEN,put,1,534.0,2026-06-18,7,584.31,8.656269987129775,8.439863237451531,8.87267673680802,8.87267673680802,0.2696172246606783,-0.2002794716069177,-6210.873715765614,-156.03472477477084,156.03472477477084,INSURANCE_MODEL_ENTRY_PROTECTIVE_PUT,I005
2026-06-08,I005,QQQ,22,insurance,CLOSE,put,1,534.0,2026-06-18,7,716.07,7.748656334598996e-06,0.0,0.0100077486563346,0.0,0.37463412794838497,-8.887317372580295e-07,0.0,-4.555424059434219,4.555424059434219,INSURANCE_DTE_ROLL,I005
2017-05-19,I006,QQQ,1,insurance,OPEN,put,1,130.0,2017-08-18,13,137.84,1.3502835695062814,1.3165264802686243,1.3840406587439384,1.3840406587439384,0.1564834979868187,-0.21241634784097074,-1799.2528563671199,-52.33421600895421,52.33421600895421,INSURANCE_MODEL_ENTRY_PROTECTIVE_PUT,I006
2017-08-08,I006,QQQ,1,insurance,CLOSE,put,1,130.0,2017-08-18,13,144.31,0.0001505395281112612,0.0,0.010150539528111261,0.0,0.17495345090430323,-0.0001462616598206587,0.0,-8.64570138654464,8.64570138654464,INSURANCE_DTE_ROLL,I006
2017-08-16,I006,QQQ,2,insurance,OPEN,put,1,135.0,2017-11-17,13,144.28,1.2267353060678836,1.1960669234161865,1.2574036887195807,1.2574036887195807,0.15696832743170933,-0.18815524554019927,-1634.6247953354548,-48.318897447206275,48.318897447206275,INSURANCE_MODEL_ENTRY_PROTECTIVE_PUT,I006
2017-11-07,I006,QQQ,2,insurance,CLOSE,put,1,135.0,2017-11-17,13,153.88,8.608335842429072e-07,0.0,0.010000860833584244,0.0,0.16718637899662073,-1.03060179094018e-06,0.0,-8.451119083659517,8.451119083659517,INSURANCE_DTE_ROLL,I006
2018-01-31,I006,QQQ,3,insurance,OPEN,put,1,159.0,2018-04-20,11,169.4,1.7166070572253602,1.6736918807947263,1.7595222336559941,1.7595222336559941,0.17966147749898892,-0.20655983350567786,-1935.4744570215937,-54.356694073697305,54.356694073697305,INSURANCE_MODEL_ENTRY_PROTECTIVE_PUT,I006
2018-02-05,I006,QQQ,3,insurance,CLOSE,put,1,159.0,2018-04-20,3,158.12,7.073071062666784,6.8962442861001145,7.249897839233454,6.8962442861001145,0.23710109002678986,-0.49364264276753483,2068.8732858300345,-54.998032970000935,54.998032970000935,INSURANCE_PARTIAL_MONETIZATION,I006
2018-02-14,I006,QQQ,3,insurance,CLOSE,put,1,159.0,2018-04-20,2,162.68,4.2073938576440355,4.102209011202935,4.312578704085136,4.102209011202935,0.22045882247164328,-0.37866008337205553,820.441802240587,-22.336969288220143,22.336969288220143,INSURANCE_PARTIAL_MONETIZATION,I006
2018-04-10,I006,QQQ,3,insurance,CLOSE,put,1,159.0,2018-04-20,6,161.21,2.1426418214125533,2.0890757758772396,2.196207866947867,2.0890757758772396,0.2971985853632461,-0.3780072370993311,1253.4454655263437,-36.03962732118824,36.03962732118824,INSURANCE_DTE_ROLL,I006
2018-06-27,I006,QQQ,4,insurance,OPEN,put,1,157.0,2018-09-21,12,169.73,1.9714298759160869,1.9221441290181847,2.020715622813989,2.020715622813989,0.20780691891516698,-0.19717178853316233,-2424.8587473767866,-66.94289627748239,66.94289627748239,INSURANCE_MODEL_ENTRY_PROTECTIVE_PUT,I006
2018-09-11,I006,QQQ,4,insurance,CLOSE,put,1,157.0,2018-09-21,12,183.12,1.0680765173847568e-05,0.0,0.010010680765173847,0.0,0.21644872214941022,-7.64658227764516e-06,0.0,-7.812816918208618,7.812816918208618,INSURANCE_DTE_ROLL,I006
2018-09-19,I006,QQQ,5,insurance,OPEN,put,1,170.0,2018-12-21,11,182.7,1.9373162990837685,1.8888833916066743,1.9857492065608626,1.9857492065608626,0.1858741740800687,-0.19487332123888124,-2184.324127216949,-60.426198224803585,60.426198224803585,INSURANCE_MODEL_ENTRY_PROTECTIVE_PUT,I006
2018-10-10,I006,QQQ,5,insurance,CLOSE,put,1,170.0,2018-12-21,3,171.73,5.698197498575425,5.555742561111039,5.840652436039811,5.555742561111039,0.22377746313930316,-0.42752346843927946,1666.7227683333117,-44.686481239315796,44.686481239315796,INSURANCE_PARTIAL_MONETIZATION,I006
2018-10-18,I006,QQQ,5,insurance,CLOSE,put,1,170.0,2018-12-21,2,173.18,4.746667497250698,4.62800080981943,4.8653341846819655,4.62800080981943,0.2240098890964391,-0.39172269049791103,925.6001619638861,-25.033337486253526,25.033337486253526,INSURANCE_PARTIAL_MONETIZATION,I006
2018-12-11,I006,QQQ,5,insurance,CLOSE,put,1,170.0,2018-12-21,6,163.61,7.350532021121012,7.166768720592986,7.534295321649037,7.166768720592986,0.2969253689058051,-0.7720021837103895,4300.061232355792,-114.1579803168153,114.1579803168153,INSURANCE_DTE_ROLL,I006
2019-03-11,I006,QQQ,6,insurance,OPEN,put,1,161.0,2019-06-21,12,174.73,2.3769332029659296,2.3175098728917813,2.436356533040078,2.436356533040078,0.21256469568313857,-0.2040401737118239,-2923.6278396480934,-79.10799608897788,79.10799608897788,INSURANCE_MODEL_ENTRY_PROTECTIVE_PUT,I006
2019-05-17,I006,QQQ,6,insurance,CLOSE,put,1,161.0,2019-06-21,6,183.04,0.15372603662329976,0.14372603662329975,0.16372603662329976,0.14372603662329975,0.22730468940725937,-0.030041697343464867,86.23562197397985,-9.900000000000006,9.900000000000006,INSURANCE_PARTIAL_MONETIZATION,I006
2019-06-11,I006,QQQ,6,insurance,CLOSE,put,1,161.0,2019-06-21,6,183.4,0.000865879906064862,0.0,0.010865879906064862,0.0,0.2392442748091603,-0.0004504927797825685,0.0,-4.419527943638918,4.419527943638918,INSURANCE_DTE_ROLL,I006
2019-08-02,I006,QQQ,7,insurance,OPEN,put,1,173.0,2019-10-18,12,187.35,2.244094988101338,2.1879926133988046,2.3001973628038717,2.3001973628038717,0.22519924799187233,-0.19785263918418414,-2760.236835364646,-75.12284964304025,75.12284964304025,INSURANCE_MODEL_ENTRY_PROTECTIVE_PUT,I006
2019-08-14,I006,QQQ,7,insurance,CLOSE,put,1,173.0,2019-10-18,6,182.76,3.44465945805635,3.3585429716049413,3.5307759445077584,3.3585429716049413,0.24894495547939877,-0.27551254794163527,2015.1257829629649,-55.56989187084514,55.56989187084514,INSURANCE_PARTIAL_MONETIZATION,I006
2019-10-08,I006,QQQ,7,insurance,CLOSE,put,1,173.0,2019-10-18,6,185.42,0.16418419208473978,0.15418419208473977,0.1741841920847398,0.15418419208473977,0.25751105598101603,-0.049071104273087425,92.51051525084387,-9.900000000000006,9.900000000000006,INSURANCE_DTE_ROLL,I006
2019-10-16,I006,QQQ,8,insurance,OPEN,put,1,177.0,2020-01-17,8,193.04,2.5653546101076756,2.501220744854984,2.6294884753603673,2.6294884753603673,0.22416722073196269,-0.19926265783639496,-2103.590780288294,-56.50709220215337,56.50709220215337,INSURANCE_MODEL_ENTRY_PROTECTIVE_PUT,I006
2020-01-07,I006,QQQ,8,insurance,CLOSE,put,1,177.0,2020-01-17,8,215.53,2.6109144244267975e-08,0.0,0.010000026109144244,0.0,0.2174882266969795,-1.9498739079930725e-08,0.0,-5.200020887315396,5.200020887315396,INSURANCE_DTE_ROLL,I006
2020-01-27,I006,QQQ,9,insurance,OPEN,put,1,202.0,2020-04-17,10,218.1,2.6508850022170023,2.584612877161577,2.7171571272724275,2.7171571272724275,0.21464260014077557,-0.20383268671637694,-2717.1571272724277,-72.77212505542524,72.77212505542524,INSURANCE_MODEL_ENTRY_PROTECTIVE_PUT,I006
2020-02-27,I006,QQQ,9,insurance,CLOSE,put,1,202.0,2020-04-17,2,205.64,8.589510279084948,8.374772522107824,8.804248036062072,8.374772522107824,0.3463517666044231,-0.4157926234172418,1674.9545044215647,-44.24755139542481,44.24755139542481,INSURANCE_PARTIAL_MONETIZATION,I006
2020-03-12,I006,QQQ,9,insurance,CLOSE,put,1,202.0,2020-04-17,3,177.32,30.325348767907855,29.567215048710157,31.083482487105552,29.567215048710157,0.623629526996555,-0.7149649242179706,8870.164514613047,-229.3901157593093,229.3901157593093,INSURANCE_PARTIAL_MONETIZATION,I006
2020-04-07,I006,QQQ,9,insurance,CLOSE,put,1,202.0,2020-04-17,5,196.4,14.089987109504065,13.737737431766464,14.442236787241667,13.737737431766464,0.8404344850634161,-0.553124653234948,6868.868715883232,-179.37483886880082,179.37483886880082,INSURANCE_DTE_ROLL,I006
2020-09-11,I006,QQQ,10,insurance,OPEN,put,1,234.0,2020-12-18,11,270.45,6.387534161530944,6.22784580749267,6.547222515569217,6.547222515569217,0.3716877884391531,-0.1997846337380108,-7201.944767126139,-182.80718944210076,182.80718944210076,INSURANCE_MODEL_ENTRY_PROTECTIVE_PUT,I006
2020-09-14,I006,QQQ,10,insurance,CLOSE,put,1,234.0,2020-12-18,5,275.16,5.342745345637077,5.20917671199615,5.476313979278004,5.20917671199615,0.3730860065612771,-0.17337617879964506,2604.5883559980753,-70.03431682046337,70.03431682046337,INSURANCE_PARTIAL_MONETIZATION,I006
2020-12-08,I006,QQQ,10,insurance,CLOSE,put,1,234.0,2020-12-18,6,308.29,4.265191369572465e-06,0.0,0.010004265191369573,0.0,0.35506918810211163,-1.186739592276715e-06,0.0,-3.902559114821744,3.902559114821744,INSURANCE_DTE_ROLL,I006
2021-02-03,I006,QQQ,11,insurance,OPEN,put,1,280.0,2021-05-21,10,326.38,8.240851337075796,8.034830053648902,8.44687262050269,8.44687262050269,0.37899163532846175,-0.19931831687174623,-8446.87262050269,-212.52128342689417,212.52128342689417,INSURANCE_MODEL_ENTRY_PROTECTIVE_PUT,I006
2021-05-11,I006,QQQ,11,insurance,CLOSE,put,1,280.0,2021-05-21,10,325.31,0.01854892261865615,0.00854892261865615,0.02854892261865615,0.00854892261865615,0.3368061694998617,-0.003305741138809956,8.54892261865615,-16.5,16.5,INSURANCE_DTE_ROLL,I006
2021-05-19,I006,QQQ,12,insurance,OPEN,put,1,283.0,2021-08-20,4,322.59,6.6989776596441,6.531503218152998,6.866452101135203,6.866452101135203,0.3394741891054344,-0.19963384277565047,-2746.580840454081,-69.58977659644107,69.58977659644107,INSURANCE_MODEL_ENTRY_PROTECTIVE_PUT,I006
2021-08-10,I006,QQQ,12,insurance,CLOSE,put,1,283.0,2021-08-20,4,366.84,1.2416631446895386e-08,0.0,0.010000012416631447,0.0,0.2736666666666666,-4.502630957101785e-09,0.0,-2.6000049666525786,2.6000049666525786,INSURANCE_DTE_ROLL,I006
2021-09-23,I006,QQQ,13,insurance,OPEN,put,1,335.0,2021-12-17,1,372.98,6.137636839718823,5.984195918725852,6.291077760711794,6.291077760711794,0.28552064766801727,-0.20000094283712602,-629.1077760711794,-15.994092099297058,15.994092099297058,INSURANCE_MODEL_ENTRY_PROTECTIVE_PUT,I006
2021-12-07,I006,QQQ,13,insurance,CLOSE,put,1,335.0,2021-12-17,1,397.83,0.0029232943840290515,0.0,0.012923294384029052,0.0,0.3189959090566322,-0.0005191698410121376,0.0,-0.9423294384029052,0.9423294384029052,INSURANCE_DTE_ROLL,I006
2022-01-03,I006,QQQ,14,insurance,OPEN,put,1,361.0,2022-04-14,17,401.68,6.7191174014988775,6.5511394664614055,6.887095336536349,6.887095336536349,0.2629158579288747,-0.20191613794828664,-11708.062072111794,-296.6124895637023,296.6124895637023,INSURANCE_MODEL_ENTRY_PROTECTIVE_PUT,I006
2022-01-18,I006,QQQ,14,insurance,CLOSE,put,1,361.0,2022-04-14,4,370.55,14.474875236696647,14.113003355779231,14.836747117614063,14.113003355779231,0.2649864199627623,-0.39650178189261515,5645.201342311692,-147.34875236696647,147.34875236696647,INSURANCE_PARTIAL_MONETIZATION,I006
2022-01-27,I006,QQQ,14,insurance,CLOSE,put,1,361.0,2022-04-14,4,341.1,30.484472854040376,29.722361032689367,31.246584675391386,29.722361032689367,0.291770601716441,-0.6402596429755034,11888.944413075747,-307.4447285404038,307.4447285404038,INSURANCE_PARTIAL_MONETIZATION,I006
2022-04-04,I006,QQQ,14,insurance,CLOSE,put,1,361.0,2022-04-14,9,369.3,3.6380888909012725,3.547136668628741,3.729041113173804,3.547136668628741,0.2913541774290496,-0.3099739129904318,3192.423001765867,-87.70700004527846,87.70700004527846,INSURANCE_DTE_ROLL,I006
2023-03-14,I006,QQQ,15,insurance,OPEN,put,1,262.0,2023-06-16,10,297.37,6.602402480620505,6.437342418604993,6.767462542636017,6.767462542636017,0.35992404098036196,-0.1992001237937326,-6767.462542636017,-171.56006201551227,171.56006201551227,INSURANCE_MODEL_ENTRY_PROTECTIVE_PUT,I006
2023-06-06,I006,QQQ,15,insurance,CLOSE,put,1,262.0,2023-06-16,10,354.84,8.815932491506616e-13,0.0,0.010000000000881594,0.0,0.25816181941156574,-4.312492649964533e-13,0.0,-6.5000000008815935,6.5000000008815935,INSURANCE_DTE_ROLL,I006
2023-09-27,I006,QQQ,16,insurance,OPEN,put,1,326.0,2023-12-15,7,355.04,5.178343700673253,5.048885108156421,5.307802293190084,5.307802293190084,0.26481665662791354,-0.1997580771964997,-3715.461605233059,-95.17101476178216,95.17101476178216,INSURANCE_MODEL_ENTRY_PROTECTIVE_PUT,I006
2023-12-05,I006,QQQ,16,insurance,CLOSE,put,1,326.0,2023-12-15,7,387.29,6.99027427592398e-07,0.0,0.010000699027427593,0.0,0.21023090578119757,-2.766922209465938e-07,0.0,-4.550489319199315,4.550489319199315,INSURANCE_DTE_ROLL,I006
2024-08-06,I006,QQQ,17,insurance,OPEN,put,1,402.0,2024-11-15,8,439.53,6.856448347321731,6.6850371386386875,7.027859556004774,7.027859556004774,0.25013443865099366,-0.1993126797144773,-5622.28764480382,-142.3289669464346,142.3289669464346,INSURANCE_MODEL_ENTRY_PROTECTIVE_PUT,I006
2024-08-09,I006,QQQ,17,insurance,CLOSE,put,1,402.0,2024-11-15,4,450.41,4.961955456274779,4.83790656986791,5.086004342681649,4.83790656986791,0.2535338699481729,-0.15189675465972385,1935.1626279471639,-52.21955456274794,52.21955456274794,INSURANCE_PARTIAL_MONETIZATION,I006
2024-11-05,I006,QQQ,17,insurance,CLOSE,put,1,402.0,2024-11-15,4,492.21,4.06438434130919e-05,0.0,0.010040643843413091,0.0,0.28685545803620405,-8.127258723234245e-06,0.0,-2.616257537365237,2.616257537365237,INSURANCE_DTE_ROLL,I006
2024-12-20,I006,QQQ,18,insurance,OPEN,put,1,481.0,2025-03-21,7,518.66,6.597131231851677,6.432202951055385,6.762059512647968,6.762059512647968,0.21664149768478044,-0.19987326235096267,-4733.441658853578,-119.99979655740421,119.99979655740421,INSURANCE_MODEL_ENTRY_PROTECTIVE_PUT,I006
2025-03-11,I006,QQQ,18,insurance,CLOSE,put,1,481.0,2025-03-21,2,471.6,14.164396691180912,13.810286773901389,14.518506608460434,13.810286773901389,0.287,-0.6442816245674755,2762.057354780278,-72.12198345590456,72.12198345590456,INSURANCE_PARTIAL_MONETIZATION,I006
2025-03-11,I006,QQQ,18,insurance,CLOSE,put,1,481.0,2025-03-21,5,471.6,14.164396691180912,13.810286773901389,14.518506608460434,13.810286773901389,0.287,-0.6442816245674755,6905.143386950695,-180.3049586397614,180.3049586397614,INSURANCE_DTE_ROLL,I006
2025-03-19,I006,QQQ,19,insurance,OPEN,put,1,440.0,2025-06-20,7,480.89,7.137212827818644,6.9587825071231775,7.31564314851411,7.31564314851411,0.24944039548517313,-0.19887474700418994,-5120.950203959877,-129.4512244868264,129.4512244868264,INSURANCE_MODEL_ENTRY_PROTECTIVE_PUT,I006
2025-04-04,I006,QQQ,19,insurance,CLOSE,put,1,440.0,2025-06-20,2,422.67,30.00198656501101,29.251936900885735,30.752036229136284,29.251936900885735,0.28415192153667906,-0.5722938925258204,5850.387380177147,-151.30993282505491,151.30993282505491,INSURANCE_PARTIAL_MONETIZATION,I006
2025-04-15,I006,QQQ,19,insurance,CLOSE,put,1,440.0,2025-06-20,1,457.99,22.892709120247304,22.32039139224112,23.465026848253487,22.32039139224112,0.42612578740728746,-0.3633233301803235,2232.039139224112,-57.88177280061833,57.88177280061833,INSURANCE_PARTIAL_MONETIZATION,I006
2025-06-10,I006,QQQ,19,insurance,CLOSE,put,1,440.0,2025-06-20,4,534.21,5.082273430023093e-06,0.0,0.010005082273430024,0.0,0.25063000505419225,-1.160909072141643e-06,0.0,-2.602032909372009,2.602032909372009,INSURANCE_DTE_ROLL,I006
2025-08-06,I006,QQQ,20,insurance,OPEN,put,1,519.0,2025-11-21,7,567.32,8.540209347452716,8.326704113766398,8.753714581139034,8.753714581139034,0.23660021172040838,-0.19823534544565416,-6127.600206797324,-154.00366358042254,154.00366358042254,INSURANCE_MODEL_ENTRY_PROTECTIVE_PUT,I006
2025-11-11,I006,QQQ,20,insurance,CLOSE,put,1,519.0,2025-11-21,7,621.57,0.00033082692562199506,0.0,0.010330826925621995,0.0,0.28281424055215026,-4.8809381544308124e-05,0.0,-4.781578847935396,4.781578847935396,INSURANCE_DTE_ROLL,I006
2025-11-19,I006,QQQ,21,insurance,OPEN,put,1,545.0,2026-02-20,3,599.87,9.795710017714981,9.550817267272107,10.040602768157855,10.040602768157855,0.269633494417481,-0.20083695327617979,-3012.1808304473566,-75.41782513286226,75.41782513286226,INSURANCE_MODEL_ENTRY_PROTECTIVE_PUT,I006
2026-02-02,I006,QQQ,21,insurance,CLOSE,put,1,545.0,2026-02-20,3,626.14,0.0672851502157008,0.057285150215700804,0.0772851502157008,0.057285150215700804,0.2535671814610151,-0.005847832246888619,17.18554506471024,-4.950000000000001,4.950000000000001,INSURANCE_RECOVERY_EXIT,I006
2026-04-01,I006,QQQ,22,insurance,OPEN,put,1,534.0,2026-06-18,7,584.31,8.656269987129775,8.439863237451531,8.87267673680802,8.87267673680802,0.2696172246606783,-0.2002794716069177,-6210.873715765614,-156.03472477477084,156.03472477477084,INSURANCE_MODEL_ENTRY_PROTECTIVE_PUT,I006
2026-06-08,I006,QQQ,22,insurance,CLOSE,put,1,534.0,2026-06-18,7,716.07,7.748656334598996e-06,0.0,0.0100077486563346,0.0,0.37463412794838497,-8.887317372580295e-07,0.0,-4.555424059434219,4.555424059434219,INSURANCE_DTE_ROLL,I006
2017-05-19,I007,QQQ,1,insurance,OPEN,put,1,133.0,2017-08-18,7,137.84,2.0879810391195406,2.035781513141552,2.140180565097529,2.140180565097529,0.15177644089496922,-0.3016831057805613,-1498.1263955682703,-41.08966818459202,41.08966818459202,INSURANCE_MODEL_ENTRY_PROTECTIVE_PUT,I007
2017-08-08,I007,QQQ,1,insurance,CLOSE,put,1,133.0,2017-08-18,7,144.31,0.002127147075298319,0.0,0.01212714707529832,0.0,0.1702042997713256,-0.001793989430813744,0.0,-6.039002952708823,6.039002952708823,INSURANCE_DTE_ROLL,I007
2018-01-31,I007,QQQ,2,insurance,OPEN,put,1,163.0,2018-04-20,6,169.4,2.674765938670035,2.607896790203284,2.741635087136786,2.741635087136786,0.17383461876929196,-0.29596172371145835,-1644.9810522820717,-44.02148908005058,44.02148908005058,INSURANCE_MODEL_ENTRY_PROTECTIVE_PUT,I007
2018-02-05,I007,QQQ,2,insurance,CLOSE,put,1,163.0,2018-04-20,2,158.12,9.39760184378639,9.16266179769173,9.63254188988105,9.16266179769173,0.23710109002678986,-0.5856428302593646,1832.5323595383459,-48.28800921893209,48.28800921893209,INSURANCE_PARTIAL_MONETIZATION,I007
2018-02-14,I007,QQQ,2,insurance,CLOSE,put,1,163.0,2018-04-20,1,162.68,5.8765049290137625,5.729592305788419,6.023417552239106,5.729592305788419,0.2132237885831565,-0.4838405166561447,572.9592305788419,-15.341262322534371,15.341262322534371,INSURANCE_PARTIAL_MONETIZATION,I007
2018-04-10,I007,QQQ,2,insurance,CLOSE,put,1,163.0,2018-04-20,3,161.21,4.066990972409798,3.965316198099553,4.168665746720043,3.965316198099553,0.2912103567628561,-0.5789669577366954,1189.5948594298657,-32.45243229307346,32.45243229307346,INSURANCE_DTE_ROLL,I007
2019-03-11,I007,QQQ,3,insurance,OPEN,put,1,167.0,2019-06-21,4,174.73,3.80161816404442,3.7065777099433097,3.8966586181455307,3.8966586181455307,0.2027703413447372,-0.3012417020955963,-1558.6634472582123,-40.6161816404442,40.6161816404442,INSURANCE_MODEL_ENTRY_PROTECTIVE_PUT,I007
2019-05-17,I007,QQQ,3,insurance,CLOSE,put,1,167.0,2019-06-21,2,183.04,0.4486296019172116,0.4374138618692813,0.4598453419651419,0.4374138618692813,0.2178380433884471,-0.07830987218630979,87.48277237385625,-3.5431480095860604,3.5431480095860604,INSURANCE_PARTIAL_MONETIZATION,I007
2019-06-11,I007,QQQ,3,insurance,CLOSE,put,1,167.0,2019-06-21,2,183.4,0.014209946115964156,0.004209946115964156,0.024209946115964158,0.004209946115964156,0.2293217011995638,-0.006248835849766397,0.8419892231928312,-3.3,3.3,INSURANCE_DTE_ROLL,I007
2019-10-24,I007,QQQ,4,insurance,OPEN,put,1,185.0,2020-01-17,1,194.09,3.7561051888014134,3.6622025590813783,3.8500078185214486,3.8500078185214486,0.2077988527804331,-0.2912002169956937,-385.0007818521449,-10.040262972003516,10.040262972003516,INSURANCE_MODEL_ENTRY_PROTECTIVE_PUT,I007
2020-01-07,I007,QQQ,4,insurance,CLOSE,put,1,185.0,2020-01-17,1,215.53,6.2502572737188926e-06,0.0,0.01000625025727372,0.0,0.2079396719714193,-4.065725727652143e-06,0.0,-0.6506250257273719,0.6506250257273719,INSURANCE_DTE_ROLL,I007
2020-01-27,I007,QQQ,5,insurance,OPEN,put,1,209.0,2020-04-17,4,218.1,4.336991763011753,4.228566968936459,4.4454165570870465,4.4454165570870465,0.20533920570742928,-0.30535607977341567,-1778.1666228348186,-45.96991763011753,45.96991763011753,INSURANCE_MODEL_ENTRY_PROTECTIVE_PUT,I007
2020-02-27,I007,QQQ,5,insurance,CLOSE,put,1,209.0,2020-04-17,1,205.64,11.950533019745905,11.651769694252257,12.249296345239552,11.651769694252257,0.337393544692248,-0.5229738309069005,1165.1769694252257,-30.526332549364724,30.526332549364724,INSURANCE_PARTIAL_MONETIZATION,I007
2020-03-12,I007,QQQ,5,insurance,CLOSE,put,1,209.0,2020-04-17,1,177.32,35.94335990851141,35.04477591079863,36.841943906224195,35.04477591079863,0.623629526996555,-0.7708051399489487,3504.4775910798626,-90.50839977127839,90.50839977127839,INSURANCE_PARTIAL_MONETIZATION,I007
2020-04-07,I007,QQQ,5,insurance,CLOSE,put,1,209.0,2020-04-17,2,196.4,18.665207734630457,18.198577541264694,19.13183792799622,18.198577541264694,0.8404344850634161,-0.6474227795596481,3639.715508252939,-94.62603867315256,94.62603867315256,INSURANCE_DTE_ROLL,I007
2021-02-03,I007,QQQ,6,insurance,OPEN,put,1,301.0,2021-05-21,2,326.38,13.169445672285377,12.840209530478242,13.498681814092512,13.498681814092512,0.34884076649945167,-0.30250086904139073,-2699.7363628185026,-67.14722836142695,67.14722836142695,INSURANCE_MODEL_ENTRY_PROTECTIVE_PUT,I007
2021-05-11,I007,QQQ,6,insurance,CLOSE,put,1,301.0,2021-05-21,2,325.31,0.4577566118925951,0.4463126965952802,0.46920052718990995,0.4463126965952802,0.30982913221235137,-0.06209580515826661,89.26253931905605,-3.5887830594629735,3.5887830594629735,INSURANCE_DTE_ROLL,I007
2022-01-03,I007,QQQ,7,insurance,OPEN,put,1,378.0,2022-04-14,2,401.68,10.740959850323563,10.472435854065473,11.009483846581652,11.009483846581652,0.2484262223611498,-0.30026542349623025,-2201.8967693163304,-55.00479925161788,55.00479925161788,INSURANCE_MODEL_ENTRY_PROTECTIVE_PUT,I007
2022-01-19,I007,QQQ,7,insurance,CLOSE,put,1,378.0,2022-04-14,1,366.48,24.667706288989763,24.05101363176502,25.284398946214505,24.05101363176502,0.2540090260091512,-0.5774484000911311,2405.101363176502,-62.31926572247426,62.31926572247426,INSURANCE_PARTIAL_MONETIZATION,I007
2022-04-04,I007,QQQ,7,insurance,CLOSE,put,1,378.0,2022-04-14,1,369.3,12.1460861895319,11.842434034793602,12.449738344270198,11.842434034793602,0.2818522533714421,-0.6826734092303779,1184.2434034793603,-31.01521547382982,31.01521547382982,INSURANCE_DTE_ROLL,I007
2023-03-14,I007,QQQ,8,insurance,OPEN,put,1,279.0,2023-06-16,2,297.37,10.494747266604719,10.232378584939601,10.757115948269837,10.757115948269837,0.33373280734977273,-0.2994736488384762,-2151.4231896539673,-53.77373633302352,53.77373633302352,INSURANCE_MODEL_ENTRY_PROTECTIVE_PUT,I007
2023-06-06,I007,QQQ,8,insurance,CLOSE,put,1,279.0,2023-06-16,2,354.84,2.464813345738652e-09,0.0,0.010000002464813347,0.0,0.24483834967872842,-1.0725011595247818e-09,0.0,-1.3000004929626692,1.3000004929626692,INSURANCE_DTE_ROLL,I007
2024-08-06,I007,QQQ,9,insurance,OPEN,put,1,421.0,2024-11-15,2,439.53,11.259060058664971,10.977583557198347,11.540536560131596,11.540536560131596,0.2357567217114418,-0.3030714884802644,-2308.107312026319,-57.595300293324854,57.595300293324854,INSURANCE_MODEL_ENTRY_PROTECTIVE_PUT,I007
2024-08-09,I007,QQQ,9,insurance,CLOSE,put,1,421.0,2024-11-15,1,450.41,8.395044396052583,8.185168286151269,8.604920505953897,8.185168286151269,0.23971863110964145,-0.2392871911761016,818.5168286151269,-21.63761099013142,21.63761099013142,INSURANCE_PARTIAL_MONETIZATION,I007
2024-11-05,I007,QQQ,9,insurance,CLOSE,put,1,421.0,2024-11-15,1,492.21,0.0013456099560385792,0.0,0.01134560995603858,0.0,0.2738274821722435,-0.00023705922939876937,0.0,-0.784560995603858,0.784560995603858,INSURANCE_DTE_ROLL,I007
2024-12-24,I007,QQQ,10,insurance,OPEN,put,1,511.0,2025-03-21,1,529.96,10.041538965736095,9.790500491592692,10.292577439879498,10.292577439879498,0.1945221638009842,-0.299021804056651,-1029.2577439879499,-25.753847414340306,25.753847414340306,INSURANCE_MODEL_ENTRY_PROTECTIVE_PUT,I007
2025-03-11,I007,QQQ,10,insurance,CLOSE,put,1,511.0,2025-03-21,1,471.6,39.333077170669185,38.349750241402454,40.316404099935916,38.349750241402454,0.287,-0.9497366014977068,3834.9750241402453,-98.98269292667311,98.98269292667311,INSURANCE_DTE_ROLL,I007
2025-03-19,I007,QQQ,11,insurance,OPEN,put,1,459.0,2025-06-20,2,480.89,11.519773819913382,11.231779474415548,11.807768165411217,11.807768165411217,0.2363295074380941,-0.29752381523477994,-2361.5536330822433,-58.89886909956684,58.89886909956684,INSURANCE_MODEL_ENTRY_PROTECTIVE_PUT,I007
2025-04-04,I007,QQQ,11,insurance,CLOSE,put,1,459.0,2025-06-20,1,422.67,42.86035326673874,41.788844435070274,43.93186209840721,41.788844435070274,0.28415192153667906,-0.69334908374518,4178.884443507028,-107.80088316684672,107.80088316684672,INSURANCE_PARTIAL_MONETIZATION,I007
2025-06-10,I007,QQQ,11,insurance,CLOSE,put,1,459.0,2025-06-20,1,534.21,0.0002754713580232111,0.0,0.010275471358023211,0.0,0.24005607345425958,-5.54327431177182e-05,0.0,-0.6775471358023212,0.6775471358023212,INSURANCE_DTE_ROLL,I007
2025-08-18,I007,QQQ,12,insurance,OPEN,put,1,553.0,2025-11-21,1,577.11,12.747639419069941,12.428948433593192,13.06633040454669,13.06633040454669,0.21679713876408793,-0.29738843739328524,-1306.633040454669,-32.51909854767492,32.51909854767492,INSURANCE_MODEL_ENTRY_PROTECTIVE_PUT,I007
2025-11-11,I007,QQQ,12,insurance,CLOSE,put,1,553.0,2025-11-21,1,621.57,0.027632268838175822,0.01763226883817582,0.037632268838175824,0.01763226883817582,0.26421343935518127,-0.003297587657223589,1.763226883817582,-1.6500000000000004,1.6500000000000004,INSURANCE_DTE_ROLL,I007
2026-04-01,I007,QQQ,13,insurance,OPEN,put,1,557.0,2026-06-18,2,584.31,14.029208903484886,13.678478680897763,14.379939126072008,14.379939126072008,0.2555187907236643,-0.30034237288455207,-2875.9878252144017,-71.4460445174245,71.4460445174245,INSURANCE_MODEL_ENTRY_PROTECTIVE_PUT,I007
2026-06-08,I007,QQQ,13,insurance,CLOSE,put,1,557.0,2026-06-18,2,716.07,0.00010275457645529847,0.0,0.010102754576455299,0.0,0.3615678076165738,-1.1026232287886106e-05,0.0,-1.3205509152910597,1.3205509152910597,INSURANCE_DTE_ROLL,I007
2017-05-19,I008,QQQ,1,insurance,OPEN,put,1,133.0,2017-08-18,10,137.84,2.0879810391195406,2.035781513141552,2.140180565097529,2.140180565097529,0.15177644089496922,-0.3016831057805613,-2140.1805650975293,-58.6995259779886,58.6995259779886,INSURANCE_MODEL_ENTRY_PROTECTIVE_PUT,I008
2017-08-08,I008,QQQ,1,insurance,CLOSE,put,1,133.0,2017-08-18,10,144.31,0.002127147075298319,0.0,0.01212714707529832,0.0,0.1702042997713256,-0.001793989430813744,0.0,-8.62714707529832,8.62714707529832,INSURANCE_DTE_ROLL,I008
2018-01-31,I008,QQQ,2,insurance,OPEN,put,1,163.0,2018-04-20,8,169.4,2.674765938670035,2.607896790203284,2.741635087136786,2.741635087136786,0.17383461876929196,-0.29596172371145835,-2193.3080697094288,-58.69531877340077,58.69531877340077,INSURANCE_MODEL_ENTRY_PROTECTIVE_PUT,I008
2018-02-05,I008,QQQ,2,insurance,CLOSE,put,1,163.0,2018-04-20,2,158.12,9.39760184378639,9.16266179769173,9.63254188988105,9.16266179769173,0.23710109002678986,-0.5856428302593646,1832.5323595383459,-48.28800921893209,48.28800921893209,INSURANCE_PARTIAL_MONETIZATION,I008
2018-02-14,I008,QQQ,2,insurance,CLOSE,put,1,163.0,2018-04-20,2,162.68,5.8765049290137625,5.729592305788419,6.023417552239106,5.729592305788419,0.2132237885831565,-0.4838405166561447,1145.9184611576839,-30.682524645068742,30.682524645068742,INSURANCE_PARTIAL_MONETIZATION,I008
2018-04-10,I008,QQQ,2,insurance,CLOSE,put,1,163.0,2018-04-20,4,161.21,4.066990972409798,3.965316198099553,4.168665746720043,3.965316198099553,0.2912103567628561,-0.5789669577366954,1586.126479239821,-43.26990972409794,43.26990972409794,INSURANCE_DTE_ROLL,I008
2019-03-11,I008,QQQ,3,insurance,OPEN,put,1,167.0,2019-06-21,6,174.73,3.80161816404442,3.7065777099433097,3.8966586181455307,3.8966586181455307,0.2027703413447372,-0.3012417020955963,-2337.9951708873186,-60.9242724606663,60.9242724606663,INSURANCE_MODEL_ENTRY_PROTECTIVE_PUT,I008
2019-05-17,I008,QQQ,3,insurance,CLOSE,put,1,167.0,2019-06-21,3,183.04,0.4486296019172116,0.4374138618692813,0.4598453419651419,0.4374138618692813,0.2178380433884471,-0.07830987218630979,131.22415856078436,-5.3147220143790905,5.3147220143790905,INSURANCE_PARTIAL_MONETIZATION,I008
2019-06-11,I008,QQQ,3,insurance,CLOSE,put,1,167.0,2019-06-21,3,183.4,0.014209946115964156,0.004209946115964156,0.024209946115964158,0.004209946115964156,0.2293217011995638,-0.006248835849766397,1.2629838347892468,-4.95,4.95,INSURANCE_DTE_ROLL,I008
2020-01-27,I008,QQQ,4,insurance,OPEN,put,1,209.0,2020-04-17,6,218.1,4.336991763011753,4.228566968936459,4.4454165570870465,4.4454165570870465,0.20533920570742928,-0.30535607977341567,-2667.249934252228,-68.9548764451763,68.9548764451763,INSURANCE_MODEL_ENTRY_PROTECTIVE_PUT,I008
2020-02-27,I008,QQQ,4,insurance,CLOSE,put,1,209.0,2020-04-17,2,205.64,11.950533019745905,11.651769694252257,12.249296345239552,11.651769694252257,0.337393544692248,-0.5229738309069005,2330.3539388504514,-61.05266509872945,61.05266509872945,INSURANCE_PARTIAL_MONETIZATION,I008
2020-03-12,I008,QQQ,4,insurance,CLOSE,put,1,209.0,2020-04-17,1,177.32,35.94335990851141,35.04477591079863,36.841943906224195,35.04477591079863,0.623629526996555,-0.7708051399489487,3504.4775910798626,-90.50839977127839,90.50839977127839,INSURANCE_PARTIAL_MONETIZATION,I008
2020-04-07,I008,QQQ,4,insurance,CLOSE,put,1,209.0,2020-04-17,3,196.4,18.665207734630457,18.198577541264694,19.13183792799622,18.198577541264694,0.8404344850634161,-0.6474227795596481,5459.573262379408,-141.93905800972885,141.93905800972885,INSURANCE_DTE_ROLL,I008
2021-02-03,I008,QQQ,5,insurance,OPEN,put,1,301.0,2021-05-21,2,326.38,13.169445672285377,12.840209530478242,13.498681814092512,13.498681814092512,0.34884076649945167,-0.30250086904139073,-2699.7363628185026,-67.14722836142695,67.14722836142695,INSURANCE_MODEL_ENTRY_PROTECTIVE_PUT,I008
2021-05-11,I008,QQQ,5,insurance,CLOSE,put,1,301.0,2021-05-21,2,325.31,0.4577566118925951,0.4463126965952802,0.46920052718990995,0.4463126965952802,0.30982913221235137,-0.06209580515826661,89.26253931905605,-3.5887830594629735,3.5887830594629735,INSURANCE_DTE_ROLL,I008
2021-05-20,I008,QQQ,6,insurance,OPEN,put,1,307.0,2021-08-20,1,328.83,10.66827528282596,10.40156840075531,10.934982164896608,10.934982164896608,0.30733374450630513,-0.30331004712728005,-1093.4982164896608,-27.320688207064862,27.320688207064862,INSURANCE_MODEL_ENTRY_PROTECTIVE_PUT,I008
2021-08-10,I008,QQQ,6,insurance,CLOSE,put,1,307.0,2021-08-20,1,366.84,3.406239528870852e-05,0.0,0.010034062395288708,0.0,0.2536666666666666,-1.0241365394272213e-05,0.0,-0.6534062395288709,0.6534062395288709,INSURANCE_DTE_ROLL,I008
2022-01-03,I008,QQQ,7,insurance,OPEN,put,1,378.0,2022-04-14,3,401.68,10.740959850323563,10.472435854065473,11.009483846581652,11.009483846581652,0.2484262223611498,-0.30026542349623025,-3302.8451539744956,-82.50719887742683,82.50719887742683,INSURANCE_MODEL_ENTRY_PROTECTIVE_PUT,I008
2022-01-19,I008,QQQ,7,insurance,CLOSE,put,1,378.0,2022-04-14,1,366.48,24.667706288989763,24.05101363176502,25.284398946214505,24.05101363176502,0.2540090260091512,-0.5774484000911311,2405.101363176502,-62.31926572247426,62.31926572247426,INSURANCE_PARTIAL_MONETIZATION,I008
2022-04-04,I008,QQQ,7,insurance,CLOSE,put,1,378.0,2022-04-14,2,369.3,12.1460861895319,11.842434034793602,12.449738344270198,11.842434034793602,0.2818522533714421,-0.6826734092303779,2368.4868069587205,-62.03043094765964,62.03043094765964,INSURANCE_DTE_ROLL,I008
2023-03-14,I008,QQQ,8,insurance,OPEN,put,1,279.0,2023-06-16,3,297.37,10.494747266604719,10.232378584939601,10.757115948269837,10.757115948269837,0.33373280734977273,-0.2994736488384762,-3227.1347844809507,-80.6606044995353,80.6606044995353,INSURANCE_MODEL_ENTRY_PROTECTIVE_PUT,I008
2023-06-06,I008,QQQ,8,insurance,CLOSE,put,1,279.0,2023-06-16,3,354.84,2.464813345738652e-09,0.0,0.010000002464813347,0.0,0.24483834967872842,-1.0725011595247818e-09,0.0,-1.950000739444004,1.950000739444004,INSURANCE_DTE_ROLL,I008
2024-08-06,I008,QQQ,9,insurance,OPEN,put,1,421.0,2024-11-15,3,439.53,11.259060058664971,10.977583557198347,11.540536560131596,11.540536560131596,0.2357567217114418,-0.3030714884802644,-3462.1609680394786,-86.39295043998729,86.39295043998729,INSURANCE_MODEL_ENTRY_PROTECTIVE_PUT,I008
2024-08-09,I008,QQQ,9,insurance,CLOSE,put,1,421.0,2024-11-15,1,450.41,8.395044396052583,8.185168286151269,8.604920505953897,8.185168286151269,0.23971863110964145,-0.2392871911761016,818.5168286151269,-21.63761099013142,21.63761099013142,INSURANCE_PARTIAL_MONETIZATION,I008
2024-11-05,I008,QQQ,9,insurance,CLOSE,put,1,421.0,2024-11-15,2,492.21,0.0013456099560385792,0.0,0.01134560995603858,0.0,0.2738274821722435,-0.00023705922939876937,0.0,-1.569121991207716,1.569121991207716,INSURANCE_DTE_ROLL,I008
2025-01-02,I008,QQQ,10,insurance,OPEN,put,1,492.0,2025-03-21,4,510.23,9.697970733816902,9.45552146547148,9.940420002162325,9.940420002162325,0.20396276133549482,-0.3013751441573346,-3976.16800086493,-99.57970733816916,99.57970733816916,INSURANCE_MODEL_ENTRY_PROTECTIVE_PUT,I008
2025-03-10,I008,QQQ,10,insurance,CLOSE,put,1,492.0,2025-03-21,1,472.73,21.739615012865215,21.196124637543583,22.283105388186847,21.196124637543583,0.2884,-0.7733815749073462,2119.6124637543585,-54.99903753216318,54.99903753216318,INSURANCE_PARTIAL_MONETIZATION,I008
2025-03-11,I008,QQQ,10,insurance,CLOSE,put,1,492.0,2025-03-21,3,471.6,22.32007033101263,21.762068572737313,22.878072089287947,21.762068572737313,0.287,-0.801146293560933,6528.620571821193,-169.35052748259514,169.35052748259514,INSURANCE_DTE_ROLL,I008
2026-04-01,I008,QQQ,11,insurance,OPEN,put,1,557.0,2026-06-18,3,584.31,14.029208903484886,13.678478680897763,14.379939126072008,14.379939126072008,0.2555187907236643,-0.30034237288455207,-4313.981737821603,-107.16906677613675,107.16906677613675,INSURANCE_MODEL_ENTRY_PROTECTIVE_PUT,I008
2026-06-08,I008,QQQ,11,insurance,CLOSE,put,1,557.0,2026-06-18,3,716.07,0.00010275457645529847,0.0,0.010102754576455299,0.0,0.3615678076165738,-1.1026232287886106e-05,0.0,-1.9808263729365898,1.9808263729365898,INSURANCE_DTE_ROLL,I008
2017-05-19,I009,QQQ,1,insurance,OPEN,put,1,133.0,2017-08-18,13,137.84,2.0879810391195406,2.035781513141552,2.140180565097529,2.140180565097529,0.15177644089496922,-0.3016831057805613,-2782.234734626788,-76.30938377138519,76.30938377138519,INSURANCE_MODEL_ENTRY_PROTECTIVE_PUT,I009
2017-08-08,I009,QQQ,1,insurance,CLOSE,put,1,133.0,2017-08-18,13,144.31,0.002127147075298319,0.0,0.01212714707529832,0.0,0.1702042997713256,-0.001793989430813744,0.0,-11.215291197887815,11.215291197887815,INSURANCE_DTE_ROLL,I009
2017-08-16,I009,QQQ,2,insurance,OPEN,put,1,139.0,2017-11-17,2,144.28,2.1501765514319118,2.096422137646114,2.2039309652177095,2.2039309652177095,0.1510150406770301,-0.29674572233346774,-440.7861930435419,-12.050882757159542,12.050882757159542,INSURANCE_MODEL_ENTRY_PROTECTIVE_PUT,I009
2017-11-07,I009,QQQ,2,insurance,CLOSE,put,1,139.0,2017-11-17,2,153.88,6.561134846499311e-05,0.0,0.010065611348464993,0.0,0.16168079022615023,-6.7546449061479e-05,0.0,-1.3131222696929987,1.3131222696929987,INSURANCE_DTE_ROLL,I009
2018-01-31,I009,QQQ,3,insurance,OPEN,put,1,163.0,2018-04-20,11,169.4,2.674765938670035,2.607896790203284,2.741635087136786,2.741635087136786,0.17383461876929196,-0.29596172371145835,-3015.7985958504646,-80.70606331342606,80.70606331342606,INSURANCE_MODEL_ENTRY_PROTECTIVE_PUT,I009
2018-02-05,I009,QQQ,3,insurance,CLOSE,put,1,163.0,2018-04-20,3,158.12,9.39760184378639,9.16266179769173,9.63254188988105,9.16266179769173,0.23710109002678986,-0.5856428302593646,2748.7985393075187,-72.43201382839814,72.43201382839814,INSURANCE_PARTIAL_MONETIZATION,I009
2018-02-14,I009,QQQ,3,insurance,CLOSE,put,1,163.0,2018-04-20,2,162.68,5.8765049290137625,5.729592305788419,6.023417552239106,5.729592305788419,0.2132237885831565,-0.4838405166561447,1145.9184611576839,-30.682524645068742,30.682524645068742,INSURANCE_PARTIAL_MONETIZATION,I009
2018-04-10,I009,QQQ,3,insurance,CLOSE,put,1,163.0,2018-04-20,6,161.21,4.066990972409798,3.965316198099553,4.168665746720043,3.965316198099553,0.2912103567628561,-0.5789669577366954,2379.1897188597313,-64.90486458614691,64.90486458614691,INSURANCE_DTE_ROLL,I009
2018-06-27,I009,QQQ,4,insurance,OPEN,put,1,163.0,2018-09-21,1,169.73,3.4029448926184216,3.317871270302961,3.488018514933882,3.488018514933882,0.19790218029349876,-0.30878808476369035,-348.8018514933882,-9.157362231546045,9.157362231546045,INSURANCE_MODEL_ENTRY_PROTECTIVE_PUT,I009
2018-09-11,I009,QQQ,4,insurance,CLOSE,put,1,163.0,2018-09-21,1,183.12,0.0005200816550820497,0.0,0.01052008165508205,0.0,0.20768561598951504,-0.0003195877675747434,0.0,-0.702008165508205,0.702008165508205,INSURANCE_DTE_ROLL,I009
2019-03-11,I009,QQQ,5,insurance,OPEN,put,1,167.0,2019-06-21,9,174.73,3.80161816404442,3.7065777099433097,3.8966586181455307,3.8966586181455307,0.2027703413447372,-0.3012417020955963,-3506.9927563309775,-91.38640869099945,91.38640869099945,INSURANCE_MODEL_ENTRY_PROTECTIVE_PUT,I009
2019-05-17,I009,QQQ,5,insurance,CLOSE,put,1,167.0,2019-06-21,4,183.04,0.4486296019172116,0.4374138618692813,0.4598453419651419,0.4374138618692813,0.2178380433884471,-0.07830987218630979,174.9655447477125,-7.086296019172121,7.086296019172121,INSURANCE_PARTIAL_MONETIZATION,I009
2019-06-11,I009,QQQ,5,insurance,CLOSE,put,1,167.0,2019-06-21,5,183.4,0.014209946115964156,0.004209946115964156,0.024209946115964158,0.004209946115964156,0.2293217011995638,-0.006248835849766397,2.104973057982078,-8.25,8.25,INSURANCE_DTE_ROLL,I009
2019-10-24,I009,QQQ,6,insurance,OPEN,put,1,185.0,2020-01-17,1,194.09,3.7561051888014134,3.6622025590813783,3.8500078185214486,3.8500078185214486,0.2077988527804331,-0.2912002169956937,-385.0007818521449,-10.040262972003516,10.040262972003516,INSURANCE_MODEL_ENTRY_PROTECTIVE_PUT,I009
2020-01-07,I009,QQQ,6,insurance,CLOSE,put,1,185.0,2020-01-17,1,215.53,6.2502572737188926e-06,0.0,0.01000625025727372,0.0,0.2079396719714193,-4.065725727652143e-06,0.0,-0.6506250257273719,0.6506250257273719,INSURANCE_DTE_ROLL,I009
2020-01-27,I009,QQQ,7,insurance,OPEN,put,1,209.0,2020-04-17,9,218.1,4.336991763011753,4.228566968936459,4.4454165570870465,4.4454165570870465,0.20533920570742928,-0.30535607977341567,-4000.8749013783417,-103.43231466776443,103.43231466776443,INSURANCE_MODEL_ENTRY_PROTECTIVE_PUT,I009
2020-02-27,I009,QQQ,7,insurance,CLOSE,put,1,209.0,2020-04-17,2,205.64,11.950533019745905,11.651769694252257,12.249296345239552,11.651769694252257,0.337393544692248,-0.5229738309069005,2330.3539388504514,-61.05266509872945,61.05266509872945,INSURANCE_PARTIAL_MONETIZATION,I009
2020-03-12,I009,QQQ,7,insurance,CLOSE,put,1,209.0,2020-04-17,2,177.32,35.94335990851141,35.04477591079863,36.841943906224195,35.04477591079863,0.623629526996555,-0.7708051399489487,7008.955182159725,-181.01679954255678,181.01679954255678,INSURANCE_PARTIAL_MONETIZATION,I009
2020-04-07,I009,QQQ,7,insurance,CLOSE,put,1,209.0,2020-04-17,5,196.4,18.665207734630457,18.198577541264694,19.13183792799622,18.198577541264694,0.8404344850634161,-0.6474227795596481,9099.288770632347,-236.5650966828814,236.5650966828814,INSURANCE_DTE_ROLL,I009
2020-09-11,I009,QQQ,8,insurance,OPEN,put,1,250.0,2020-12-18,1,270.45,10.132468782693564,9.879157063126225,10.385780502260904,10.385780502260904,0.3442506275855132,-0.3001005795898834,-1038.5780502260905,-25.98117195673391,25.98117195673391,INSURANCE_MODEL_ENTRY_PROTECTIVE_PUT,I009
2020-12-08,I009,QQQ,8,insurance,CLOSE,put,1,250.0,2020-12-18,1,308.29,0.0002848676781001813,0.0,0.010284867678100182,0.0,0.3347662266048201,-7.010256939487843e-05,0.0,-0.6784867678100182,0.6784867678100182,INSURANCE_DTE_ROLL,I009
2021-02-03,I009,QQQ,9,insurance,OPEN,put,1,301.0,2021-05-21,4,326.38,13.169445672285377,12.840209530478242,13.498681814092512,13.498681814092512,0.34884076649945167,-0.30250086904139073,-5399.472725637005,-134.2944567228539,134.2944567228539,INSURANCE_MODEL_ENTRY_PROTECTIVE_PUT,I009
2021-05-11,I009,QQQ,9,insurance,CLOSE,put,1,301.0,2021-05-21,4,325.31,0.4577566118925951,0.4463126965952802,0.46920052718990995,0.4463126965952802,0.30982913221235137,-0.06209580515826661,178.5250786381121,-7.177566118925947,7.177566118925947,INSURANCE_DTE_ROLL,I009
2022-01-03,I009,QQQ,10,insurance,OPEN,put,1,378.0,2022-04-14,5,401.68,10.740959850323563,10.472435854065473,11.009483846581652,11.009483846581652,0.2484262223611498,-0.30026542349623025,-5504.741923290826,-137.5119981290447,137.5119981290447,INSURANCE_MODEL_ENTRY_PROTECTIVE_PUT,I009
2022-01-19,I009,QQQ,10,insurance,CLOSE,put,1,378.0,2022-04-14,1,366.48,24.667706288989763,24.05101363176502,25.284398946214505,24.05101363176502,0.2540090260091512,-0.5774484000911311,2405.101363176502,-62.31926572247426,62.31926572247426,INSURANCE_PARTIAL_MONETIZATION,I009
2022-01-27,I009,QQQ,10,insurance,CLOSE,put,1,378.0,2022-04-14,1,341.1,43.17633973755301,42.09693124411418,44.255748230991834,42.09693124411418,0.291770601716441,-0.7585890485857052,4209.6931244114185,-108.59084934388267,108.59084934388267,INSURANCE_PARTIAL_MONETIZATION,I009
2022-04-04,I009,QQQ,10,insurance,CLOSE,put,1,378.0,2022-04-14,3,369.3,12.1460861895319,11.842434034793602,12.449738344270198,11.842434034793602,0.2818522533714421,-0.6826734092303779,3552.7302104380806,-93.04564642148947,93.04564642148947,INSURANCE_DTE_ROLL,I009
2023-03-14,I009,QQQ,11,insurance,OPEN,put,1,279.0,2023-06-16,4,297.37,10.494747266604719,10.232378584939601,10.757115948269837,10.757115948269837,0.33373280734977273,-0.2994736488384762,-4302.8463793079345,-107.54747266604704,107.54747266604704,INSURANCE_MODEL_ENTRY_PROTECTIVE_PUT,I009
2023-06-06,I009,QQQ,11,insurance,CLOSE,put,1,279.0,2023-06-16,4,354.84,2.464813345738652e-09,0.0,0.010000002464813347,0.0,0.24483834967872842,-1.0725011595247818e-09,0.0,-2.6000009859253383,2.6000009859253383,INSURANCE_DTE_ROLL,I009
2023-09-27,I009,QQQ,12,insurance,OPEN,put,1,340.0,2023-12-15,1,355.04,8.428930483259123,8.218207221177645,8.6396537453406,8.6396537453406,0.250864951185901,-0.3006493034320307,-863.9653745340601,-21.722326208147805,21.722326208147805,INSURANCE_MODEL_ENTRY_PROTECTIVE_PUT,I009
2023-12-05,I009,QQQ,12,insurance,CLOSE,put,1,340.0,2023-12-15,1,387.29,0.00010543993134214807,0.0,0.010105439931342148,0.0,0.20101842934235328,-3.5789531144462816e-05,0.0,-0.6605439931342149,0.6605439931342149,INSURANCE_DTE_ROLL,I009
2024-08-06,I009,QQQ,13,insurance,OPEN,put,1,421.0,2024-11-15,5,439.53,11.259060058664971,10.977583557198347,11.540536560131596,11.540536560131596,0.2357567217114418,-0.3030714884802644,-5770.268280065798,-143.98825073331216,143.98825073331216,INSURANCE_MODEL_ENTRY_PROTECTIVE_PUT,I009
2024-08-09,I009,QQQ,13,insurance,CLOSE,put,1,421.0,2024-11-15,2,450.41,8.395044396052583,8.185168286151269,8.604920505953897,8.185168286151269,0.23971863110964145,-0.2392871911761016,1637.0336572302538,-43.27522198026284,43.27522198026284,INSURANCE_PARTIAL_MONETIZATION,I009
2024-11-05,I009,QQQ,13,insurance,CLOSE,put,1,421.0,2024-11-15,3,492.21,0.0013456099560385792,0.0,0.01134560995603858,0.0,0.2738274821722435,-0.00023705922939876937,0.0,-2.353682986811574,2.353682986811574,INSURANCE_DTE_ROLL,I009
2025-01-02,I009,QQQ,14,insurance,OPEN,put,1,492.0,2025-03-21,6,510.23,9.697970733816902,9.45552146547148,9.940420002162325,9.940420002162325,0.20396276133549482,-0.3013751441573346,-5964.252001297395,-149.36956100725374,149.36956100725374,INSURANCE_MODEL_ENTRY_PROTECTIVE_PUT,I009
2025-03-10,I009,QQQ,14,insurance,CLOSE,put,1,492.0,2025-03-21,2,472.73,21.739615012865215,21.196124637543583,22.283105388186847,21.196124637543583,0.2884,-0.7733815749073462,4239.224927508717,-109.99807506432636,109.99807506432636,INSURANCE_PARTIAL_MONETIZATION,I009
2025-03-11,I009,QQQ,14,insurance,CLOSE,put,1,492.0,2025-03-21,4,471.6,22.32007033101263,21.762068572737313,22.878072089287947,21.762068572737313,0.287,-0.801146293560933,8704.827429094925,-225.80070331012686,225.80070331012686,INSURANCE_DTE_ROLL,I009
2025-08-08,I009,QQQ,15,insurance,OPEN,put,1,550.0,2025-11-21,1,574.55,13.618962388363371,13.278488328654287,13.959436448072456,13.959436448072456,0.21853141597346054,-0.2993118336565989,-1395.9436448072456,-34.69740597090843,34.69740597090843,INSURANCE_MODEL_ENTRY_PROTECTIVE_PUT,I009
2025-11-11,I009,QQQ,15,insurance,CLOSE,put,1,550.0,2025-11-21,1,621.57,0.019455068393585906,0.009455068393585906,0.029455068393585908,0.009455068393585906,0.2658546865196197,-0.0023733538285868765,0.9455068393585906,-1.65,1.65,INSURANCE_DTE_ROLL,I009
2026-04-01,I009,QQQ,16,insurance,OPEN,put,1,557.0,2026-06-18,5,584.31,14.029208903484886,13.678478680897763,14.379939126072008,14.379939126072008,0.2555187907236643,-0.30034237288455207,-7189.969563036004,-178.61511129356126,178.61511129356126,INSURANCE_MODEL_ENTRY_PROTECTIVE_PUT,I009
2026-06-08,I009,QQQ,16,insurance,CLOSE,put,1,557.0,2026-06-18,5,716.07,0.00010275457645529847,0.0,0.010102754576455299,0.0,0.3615678076165738,-1.1026232287886106e-05,0.0,-3.3013772882276493,3.3013772882276493,INSURANCE_DTE_ROLL,I009
2017-05-19,I010,QQQ,1,insurance,OPEN,put,1,133.0,2017-08-18,13,137.84,2.0879810391195406,2.035781513141552,2.140180565097529,2.140180565097529,0.15177644089496922,-0.3016831057805613,-2782.234734626788,-76.30938377138519,76.30938377138519,INSURANCE_MODEL_ENTRY_PROTECTIVE_PUT,I010
2017-08-08,I010,QQQ,1,insurance,CLOSE,put,1,133.0,2017-08-18,13,144.31,0.002127147075298319,0.0,0.01212714707529832,0.0,0.1702042997713256,-0.001793989430813744,0.0,-11.215291197887815,11.215291197887815,INSURANCE_DTE_ROLL,I010
2017-08-16,I010,QQQ,2,insurance,OPEN,put,1,139.0,2017-11-17,7,144.28,2.1501765514319118,2.096422137646114,2.2039309652177095,2.2039309652177095,0.1510150406770301,-0.29674572233346774,-1542.7516756523967,-42.17808965005839,42.17808965005839,INSURANCE_MODEL_ENTRY_PROTECTIVE_PUT,I010
2017-11-07,I010,QQQ,2,insurance,CLOSE,put,1,139.0,2017-11-17,7,153.88,6.561134846499311e-05,0.0,0.010065611348464993,0.0,0.16168079022615023,-6.7546449061479e-05,0.0,-4.595927943925495,4.595927943925495,INSURANCE_DTE_ROLL,I010
2018-01-31,I010,QQQ,3,insurance,OPEN,put,1,163.0,2018-04-20,11,169.4,2.674765938670035,2.607896790203284,2.741635087136786,2.741635087136786,0.17383461876929196,-0.29596172371145835,-3015.7985958504646,-80.70606331342606,80.70606331342606,INSURANCE_MODEL_ENTRY_PROTECTIVE_PUT,I010
2018-02-05,I010,QQQ,3,insurance,CLOSE,put,1,163.0,2018-04-20,3,158.12,9.39760184378639,9.16266179769173,9.63254188988105,9.16266179769173,0.23710109002678986,-0.5856428302593646,2748.7985393075187,-72.43201382839814,72.43201382839814,INSURANCE_PARTIAL_MONETIZATION,I010
2018-02-14,I010,QQQ,3,insurance,CLOSE,put,1,163.0,2018-04-20,2,162.68,5.8765049290137625,5.729592305788419,6.023417552239106,5.729592305788419,0.2132237885831565,-0.4838405166561447,1145.9184611576839,-30.682524645068742,30.682524645068742,INSURANCE_PARTIAL_MONETIZATION,I010
2018-04-10,I010,QQQ,3,insurance,CLOSE,put,1,163.0,2018-04-20,6,161.21,4.066990972409798,3.965316198099553,4.168665746720043,3.965316198099553,0.2912103567628561,-0.5789669577366954,2379.1897188597313,-64.90486458614691,64.90486458614691,INSURANCE_DTE_ROLL,I010
2018-06-27,I010,QQQ,4,insurance,OPEN,put,1,163.0,2018-09-21,4,169.73,3.4029448926184216,3.317871270302961,3.488018514933882,3.488018514933882,0.19790218029349876,-0.30878808476369035,-1395.2074059735528,-36.62944892618418,36.62944892618418,INSURANCE_MODEL_ENTRY_PROTECTIVE_PUT,I010
2018-09-11,I010,QQQ,4,insurance,CLOSE,put,1,163.0,2018-09-21,4,183.12,0.0005200816550820497,0.0,0.01052008165508205,0.0,0.20768561598951504,-0.0003195877675747434,0.0,-2.80803266203282,2.80803266203282,INSURANCE_DTE_ROLL,I010
2018-09-19,I010,QQQ,5,insurance,OPEN,put,1,176.0,2018-12-21,1,182.7,3.352605055250585,3.2687899288693205,3.4364201816318496,3.4364201816318496,0.1775823893627422,-0.3053115756699459,-343.64201816318496,-9.031512638126454,9.031512638126454,INSURANCE_MODEL_ENTRY_PROTECTIVE_PUT,I010
2018-12-11,I010,QQQ,5,insurance,CLOSE,put,1,176.0,2018-12-21,1,163.61,12.567565056960518,12.253375930536505,12.881754183384531,12.253375930536505,0.2969253689058051,-0.9265125044643441,1225.3375930536504,-32.06891264240133,32.06891264240133,INSURANCE_DTE_ROLL,I010
2019-03-11,I010,QQQ,6,insurance,OPEN,put,1,167.0,2019-06-21,12,174.73,3.80161816404442,3.7065777099433097,3.8966586181455307,3.8966586181455307,0.2027703413447372,-0.3012417020955963,-4675.990341774637,-121.8485449213326,121.8485449213326,INSURANCE_MODEL_ENTRY_PROTECTIVE_PUT,I010
2019-05-17,I010,QQQ,6,insurance,CLOSE,put,1,167.0,2019-06-21,6,183.04,0.4486296019172116,0.4374138618692813,0.4598453419651419,0.4374138618692813,0.2178380433884471,-0.07830987218630979,262.4483171215687,-10.629444028758181,10.629444028758181,INSURANCE_PARTIAL_MONETIZATION,I010
2019-06-11,I010,QQQ,6,insurance,CLOSE,put,1,167.0,2019-06-21,6,183.4,0.014209946115964156,0.004209946115964156,0.024209946115964158,0.004209946115964156,0.2293217011995638,-0.006248835849766397,2.5259676695784936,-9.9,9.9,INSURANCE_DTE_ROLL,I010
2019-08-02,I010,QQQ,7,insurance,OPEN,put,1,179.0,2019-10-18,1,187.35,3.64057571268129,3.549561319864258,3.7315901054983223,3.7315901054983223,0.21549586926331768,-0.29503766611058646,-373.1590105498322,-9.751439281703217,9.751439281703217,INSURANCE_MODEL_ENTRY_PROTECTIVE_PUT,I010
2019-10-08,I010,QQQ,7,insurance,CLOSE,put,1,179.0,2019-10-18,1,185.42,0.7855083561056517,0.7658706472030105,0.805146065008293,0.7658706472030105,0.24615305792255418,-0.18631365142404768,76.58706472030104,-2.613770890264127,2.613770890264127,INSURANCE_DTE_ROLL,I010
2020-01-27,I010,QQQ,8,insurance,OPEN,put,1,209.0,2020-04-17,10,218.1,4.336991763011753,4.228566968936459,4.4454165570870465,4.4454165570870465,0.20533920570742928,-0.30535607977341567,-4445.416557087046,-114.92479407529382,114.92479407529382,INSURANCE_MODEL_ENTRY_PROTECTIVE_PUT,I010
2020-02-27,I010,QQQ,8,insurance,CLOSE,put,1,209.0,2020-04-17,2,205.64,11.950533019745905,11.651769694252257,12.249296345239552,11.651769694252257,0.337393544692248,-0.5229738309069005,2330.3539388504514,-61.05266509872945,61.05266509872945,INSURANCE_PARTIAL_MONETIZATION,I010
2020-03-12,I010,QQQ,8,insurance,CLOSE,put,1,209.0,2020-04-17,3,177.32,35.94335990851141,35.04477591079863,36.841943906224195,35.04477591079863,0.623629526996555,-0.7708051399489487,10513.432773239587,-271.5251993138351,271.5251993138351,INSURANCE_PARTIAL_MONETIZATION,I010
2020-04-07,I010,QQQ,8,insurance,CLOSE,put,1,209.0,2020-04-17,5,196.4,18.665207734630457,18.198577541264694,19.13183792799622,18.198577541264694,0.8404344850634161,-0.6474227795596481,9099.288770632347,-236.5650966828814,236.5650966828814,INSURANCE_DTE_ROLL,I010
2020-09-11,I010,QQQ,9,insurance,OPEN,put,1,250.0,2020-12-18,2,270.45,10.132468782693564,9.879157063126225,10.385780502260904,10.385780502260904,0.3442506275855132,-0.3001005795898834,-2077.156100452181,-51.96234391346782,51.96234391346782,INSURANCE_MODEL_ENTRY_PROTECTIVE_PUT,I010
2020-09-14,I010,QQQ,9,insurance,CLOSE,put,1,250.0,2020-12-18,1,275.16,8.649850966352076,8.433604692193274,8.866097240510879,8.433604692193274,0.34650819665486376,-0.26599074639890613,843.3604692193275,-22.274627415880225,22.274627415880225,INSURANCE_PARTIAL_MONETIZATION,I010
2020-12-08,I010,QQQ,9,insurance,CLOSE,put,1,250.0,2020-12-18,1,308.29,0.0002848676781001813,0.0,0.010284867678100182,0.0,0.3347662266048201,-7.010256939487843e-05,0.0,-0.6784867678100182,0.6784867678100182,INSURANCE_DTE_ROLL,I010
2021-02-03,I010,QQQ,10,insurance,OPEN,put,1,301.0,2021-05-21,5,326.38,13.169445672285377,12.840209530478242,13.498681814092512,13.498681814092512,0.34884076649945167,-0.30250086904139073,-6749.340907046257,-167.8680709035674,167.8680709035674,INSURANCE_MODEL_ENTRY_PROTECTIVE_PUT,I010
2021-05-11,I010,QQQ,10,insurance,CLOSE,put,1,301.0,2021-05-21,5,325.31,0.4577566118925951,0.4463126965952802,0.46920052718990995,0.4463126965952802,0.30982913221235137,-0.06209580515826661,223.1563482976401,-8.971957648657433,8.971957648657433,INSURANCE_DTE_ROLL,I010
2021-09-23,I010,QQQ,11,insurance,OPEN,put,1,351.0,2021-12-17,1,372.98,9.904537340245227,9.656923906739097,10.152150773751357,10.152150773751357,0.2695827582761522,-0.2998121659356243,-1015.2150773751357,-25.411343350612995,25.411343350612995,INSURANCE_MODEL_ENTRY_PROTECTIVE_PUT,I010
2021-12-07,I010,QQQ,11,insurance,CLOSE,put,1,351.0,2021-12-17,1,397.83,0.03861798986149356,0.02861798986149356,0.048617989861493564,0.02861798986149356,0.3034375047130684,-0.005925681888020644,2.8617989861493562,-1.6500000000000004,1.6500000000000004,INSURANCE_DTE_ROLL,I010
2022-01-03,I010,QQQ,12,insurance,OPEN,put,1,378.0,2022-04-14,7,401.68,10.740959850323563,10.472435854065473,11.009483846581652,11.009483846581652,0.2484262223611498,-0.30026542349623025,-7706.638692607156,-192.5167973806626,192.5167973806626,INSURANCE_MODEL_ENTRY_PROTECTIVE_PUT,I010
2022-01-19,I010,QQQ,12,insurance,CLOSE,put,1,378.0,2022-04-14,2,366.48,24.667706288989763,24.05101363176502,25.284398946214505,24.05101363176502,0.2540090260091512,-0.5774484000911311,4810.202726353004,-124.63853144494853,124.63853144494853,INSURANCE_PARTIAL_MONETIZATION,I010
2022-01-27,I010,QQQ,12,insurance,CLOSE,put,1,378.0,2022-04-14,1,341.1,43.17633973755301,42.09693124411418,44.255748230991834,42.09693124411418,0.291770601716441,-0.7585890485857052,4209.6931244114185,-108.59084934388267,108.59084934388267,INSURANCE_PARTIAL_MONETIZATION,I010
2022-04-04,I010,QQQ,12,insurance,CLOSE,put,1,378.0,2022-04-14,4,369.3,12.1460861895319,11.842434034793602,12.449738344270198,11.842434034793602,0.2818522533714421,-0.6826734092303779,4736.973613917441,-124.06086189531928,124.06086189531928,INSURANCE_DTE_ROLL,I010
2023-03-14,I010,QQQ,13,insurance,OPEN,put,1,279.0,2023-06-16,6,297.37,10.494747266604719,10.232378584939601,10.757115948269837,10.757115948269837,0.33373280734977273,-0.2994736488384762,-6454.269568961901,-161.3212089990706,161.3212089990706,INSURANCE_MODEL_ENTRY_PROTECTIVE_PUT,I010
2023-06-06,I010,QQQ,13,insurance,CLOSE,put,1,279.0,2023-06-16,6,354.84,2.464813345738652e-09,0.0,0.010000002464813347,0.0,0.24483834967872842,-1.0725011595247818e-09,0.0,-3.900001478888008,3.900001478888008,INSURANCE_DTE_ROLL,I010
2023-09-27,I010,QQQ,14,insurance,OPEN,put,1,340.0,2023-12-15,1,355.04,8.428930483259123,8.218207221177645,8.6396537453406,8.6396537453406,0.250864951185901,-0.3006493034320307,-863.9653745340601,-21.722326208147805,21.722326208147805,INSURANCE_MODEL_ENTRY_PROTECTIVE_PUT,I010
2023-12-05,I010,QQQ,14,insurance,CLOSE,put,1,340.0,2023-12-15,1,387.29,0.00010543993134214807,0.0,0.010105439931342148,0.0,0.20101842934235328,-3.5789531144462816e-05,0.0,-0.6605439931342149,0.6605439931342149,INSURANCE_DTE_ROLL,I010
2024-08-06,I010,QQQ,15,insurance,OPEN,put,1,421.0,2024-11-15,7,439.53,11.259060058664971,10.977583557198347,11.540536560131596,11.540536560131596,0.2357567217114418,-0.3030714884802644,-8078.375592092117,-201.583551026637,201.583551026637,INSURANCE_MODEL_ENTRY_PROTECTIVE_PUT,I010
2024-08-09,I010,QQQ,15,insurance,CLOSE,put,1,421.0,2024-11-15,3,450.41,8.395044396052583,8.185168286151269,8.604920505953897,8.185168286151269,0.23971863110964145,-0.2392871911761016,2455.5504858453805,-64.91283297039426,64.91283297039426,INSURANCE_PARTIAL_MONETIZATION,I010
2024-11-05,I010,QQQ,15,insurance,CLOSE,put,1,421.0,2024-11-15,4,492.21,0.0013456099560385792,0.0,0.01134560995603858,0.0,0.2738274821722435,-0.00023705922939876937,0.0,-3.138243982415432,3.138243982415432,INSURANCE_DTE_ROLL,I010
2025-01-02,I010,QQQ,16,insurance,OPEN,put,1,492.0,2025-03-21,7,510.23,9.697970733816902,9.45552146547148,9.940420002162325,9.940420002162325,0.20396276133549482,-0.3013751441573346,-6958.294001513627,-174.26448784179604,174.26448784179604,INSURANCE_MODEL_ENTRY_PROTECTIVE_PUT,I010
2025-03-10,I010,QQQ,16,insurance,CLOSE,put,1,492.0,2025-03-21,2,472.73,21.739615012865215,21.196124637543583,22.283105388186847,21.196124637543583,0.2884,-0.7733815749073462,4239.224927508717,-109.99807506432636,109.99807506432636,INSURANCE_PARTIAL_MONETIZATION,I010
2025-03-11,I010,QQQ,16,insurance,CLOSE,put,1,492.0,2025-03-21,5,471.6,22.32007033101263,21.762068572737313,22.878072089287947,21.762068572737313,0.287,-0.801146293560933,10881.034286368656,-282.25087913765856,282.25087913765856,INSURANCE_DTE_ROLL,I010
2025-03-19,I010,QQQ,17,insurance,OPEN,put,1,459.0,2025-06-20,1,480.89,11.519773819913382,11.231779474415548,11.807768165411217,11.807768165411217,0.2363295074380941,-0.29752381523477994,-1180.7768165411217,-29.44943454978342,29.44943454978342,INSURANCE_MODEL_ENTRY_PROTECTIVE_PUT,I010
2025-06-10,I010,QQQ,17,insurance,CLOSE,put,1,459.0,2025-06-20,1,534.21,0.0002754713580232111,0.0,0.010275471358023211,0.0,0.24005607345425958,-5.54327431177182e-05,0.0,-0.6775471358023212,0.6775471358023212,INSURANCE_DTE_ROLL,I010
2025-08-06,I010,QQQ,18,insurance,OPEN,put,1,543.0,2025-11-21,1,567.32,14.101492985680409,13.748955661038398,14.45403031032242,14.45403031032242,0.2232872895229487,-0.30246768346938535,-1445.4030310322419,-35.90373246420109,35.90373246420109,INSURANCE_MODEL_ENTRY_PROTECTIVE_PUT,I010
2025-11-11,I010,QQQ,18,insurance,CLOSE,put,1,543.0,2025-11-21,1,621.57,0.008323851769945323,0.0,0.018323851769945325,0.0,0.26968426323664274,-0.0010659405584487569,0.0,-1.4823851769945322,1.4823851769945322,INSURANCE_DTE_ROLL,I010
2026-04-01,I010,QQQ,19,insurance,OPEN,put,1,557.0,2026-06-18,6,584.31,14.029208903484886,13.678478680897763,14.379939126072008,14.379939126072008,0.2555187907236643,-0.30034237288455207,-8627.963475643206,-214.3381335522735,214.3381335522735,INSURANCE_MODEL_ENTRY_PROTECTIVE_PUT,I010
2026-06-08,I010,QQQ,19,insurance,CLOSE,put,1,557.0,2026-06-18,6,716.07,0.00010275457645529847,0.0,0.010102754576455299,0.0,0.3615678076165738,-1.1026232287886106e-05,0.0,-3.9616527458731796,3.9616527458731796,INSURANCE_DTE_ROLL,I010
2017-05-19,I011,QQQ,1,insurance,OPEN,put,1,133.0,2017-08-18,13,137.84,2.0879810391195406,2.035781513141552,2.140180565097529,2.140180565097529,0.15177644089496922,-0.3016831057805613,-2782.234734626788,-76.30938377138519,76.30938377138519,INSURANCE_MODEL_ENTRY_PROTECTIVE_PUT,I011
2017-08-08,I011,QQQ,1,insurance,CLOSE,put,1,133.0,2017-08-18,13,144.31,0.002127147075298319,0.0,0.01212714707529832,0.0,0.1702042997713256,-0.001793989430813744,0.0,-11.215291197887815,11.215291197887815,INSURANCE_DTE_ROLL,I011
2017-08-16,I011,QQQ,2,insurance,OPEN,put,1,139.0,2017-11-17,12,144.28,2.1501765514319118,2.096422137646114,2.2039309652177095,2.2039309652177095,0.1510150406770301,-0.29674572233346774,-2644.7171582612514,-72.30529654295724,72.30529654295724,INSURANCE_MODEL_ENTRY_PROTECTIVE_PUT,I011
2017-11-07,I011,QQQ,2,insurance,CLOSE,put,1,139.0,2017-11-17,12,153.88,6.561134846499311e-05,0.0,0.010065611348464993,0.0,0.16168079022615023,-6.7546449061479e-05,0.0,-7.878733618157993,7.878733618157993,INSURANCE_DTE_ROLL,I011
2018-01-31,I011,QQQ,3,insurance,OPEN,put,1,163.0,2018-04-20,11,169.4,2.674765938670035,2.607896790203284,2.741635087136786,2.741635087136786,0.17383461876929196,-0.29596172371145835,-3015.7985958504646,-80.70606331342606,80.70606331342606,INSURANCE_MODEL_ENTRY_PROTECTIVE_PUT,I011
2018-02-05,I011,QQQ,3,insurance,CLOSE,put,1,163.0,2018-04-20,3,158.12,9.39760184378639,9.16266179769173,9.63254188988105,9.16266179769173,0.23710109002678986,-0.5856428302593646,2748.7985393075187,-72.43201382839814,72.43201382839814,INSURANCE_PARTIAL_MONETIZATION,I011
2018-02-14,I011,QQQ,3,insurance,CLOSE,put,1,163.0,2018-04-20,2,162.68,5.8765049290137625,5.729592305788419,6.023417552239106,5.729592305788419,0.2132237885831565,-0.4838405166561447,1145.9184611576839,-30.682524645068742,30.682524645068742,INSURANCE_PARTIAL_MONETIZATION,I011
2018-04-10,I011,QQQ,3,insurance,CLOSE,put,1,163.0,2018-04-20,6,161.21,4.066990972409798,3.965316198099553,4.168665746720043,3.965316198099553,0.2912103567628561,-0.5789669577366954,2379.1897188597313,-64.90486458614691,64.90486458614691,INSURANCE_DTE_ROLL,I011
2018-06-27,I011,QQQ,4,insurance,OPEN,put,1,163.0,2018-09-21,8,169.73,3.4029448926184216,3.317871270302961,3.488018514933882,3.488018514933882,0.19790218029349876,-0.30878808476369035,-2790.4148119471056,-73.25889785236836,73.25889785236836,INSURANCE_MODEL_ENTRY_PROTECTIVE_PUT,I011
2018-09-11,I011,QQQ,4,insurance,CLOSE,put,1,163.0,2018-09-21,8,183.12,0.0005200816550820497,0.0,0.01052008165508205,0.0,0.20768561598951504,-0.0003195877675747434,0.0,-5.61606532406564,5.61606532406564,INSURANCE_DTE_ROLL,I011
2019-03-11,I011,QQQ,5,insurance,OPEN,put,1,167.0,2019-06-21,12,174.73,3.80161816404442,3.7065777099433097,3.8966586181455307,3.8966586181455307,0.2027703413447372,-0.3012417020955963,-4675.990341774637,-121.8485449213326,121.8485449213326,INSURANCE_MODEL_ENTRY_PROTECTIVE_PUT,I011
2019-05-17,I011,QQQ,5,insurance,CLOSE,put,1,167.0,2019-06-21,6,183.04,0.4486296019172116,0.4374138618692813,0.4598453419651419,0.4374138618692813,0.2178380433884471,-0.07830987218630979,262.4483171215687,-10.629444028758181,10.629444028758181,INSURANCE_PARTIAL_MONETIZATION,I011
2019-06-11,I011,QQQ,5,insurance,CLOSE,put,1,167.0,2019-06-21,6,183.4,0.014209946115964156,0.004209946115964156,0.024209946115964158,0.004209946115964156,0.2293217011995638,-0.006248835849766397,2.5259676695784936,-9.9,9.9,INSURANCE_DTE_ROLL,I011
2019-08-02,I011,QQQ,6,insurance,OPEN,put,1,179.0,2019-10-18,4,187.35,3.64057571268129,3.549561319864258,3.7315901054983223,3.7315901054983223,0.21549586926331768,-0.29503766611058646,-1492.6360421993288,-39.00575712681287,39.00575712681287,INSURANCE_MODEL_ENTRY_PROTECTIVE_PUT,I011
2019-08-14,I011,QQQ,6,insurance,CLOSE,put,1,179.0,2019-10-18,2,182.76,5.3356329849365665,5.202242160313152,5.469023809559981,5.202242160313152,0.23759488152137148,-0.38974618879525896,1040.4484320626304,-27.97816492468287,27.97816492468287,INSURANCE_PARTIAL_MONETIZATION,I011
2019-10-08,I011,QQQ,6,insurance,CLOSE,put,1,179.0,2019-10-18,2,185.42,0.7855083561056517,0.7658706472030105,0.805146065008293,0.7658706472030105,0.24615305792255418,-0.18631365142404768,153.1741294406021,-5.227541780528254,5.227541780528254,INSURANCE_DTE_ROLL,I011
2020-01-27,I011,QQQ,7,insurance,OPEN,put,1,209.0,2020-04-17,10,218.1,4.336991763011753,4.228566968936459,4.4454165570870465,4.4454165570870465,0.20533920570742928,-0.30535607977341567,-4445.416557087046,-114.92479407529382,114.92479407529382,INSURANCE_MODEL_ENTRY_PROTECTIVE_PUT,I011
2020-02-27,I011,QQQ,7,insurance,CLOSE,put,1,209.0,2020-04-17,2,205.64,11.950533019745905,11.651769694252257,12.249296345239552,11.651769694252257,0.337393544692248,-0.5229738309069005,2330.3539388504514,-61.05266509872945,61.05266509872945,INSURANCE_PARTIAL_MONETIZATION,I011
2020-03-12,I011,QQQ,7,insurance,CLOSE,put,1,209.0,2020-04-17,3,177.32,35.94335990851141,35.04477591079863,36.841943906224195,35.04477591079863,0.623629526996555,-0.7708051399489487,10513.432773239587,-271.5251993138351,271.5251993138351,INSURANCE_PARTIAL_MONETIZATION,I011
2020-04-07,I011,QQQ,7,insurance,CLOSE,put,1,209.0,2020-04-17,5,196.4,18.665207734630457,18.198577541264694,19.13183792799622,18.198577541264694,0.8404344850634161,-0.6474227795596481,9099.288770632347,-236.5650966828814,236.5650966828814,INSURANCE_DTE_ROLL,I011
2020-09-11,I011,QQQ,8,insurance,OPEN,put,1,250.0,2020-12-18,4,270.45,10.132468782693564,9.879157063126225,10.385780502260904,10.385780502260904,0.3442506275855132,-0.3001005795898834,-4154.312200904362,-103.92468782693564,103.92468782693564,INSURANCE_MODEL_ENTRY_PROTECTIVE_PUT,I011
2020-09-14,I011,QQQ,8,insurance,CLOSE,put,1,250.0,2020-12-18,2,275.16,8.649850966352076,8.433604692193274,8.866097240510879,8.433604692193274,0.34650819665486376,-0.26599074639890613,1686.720938438655,-44.54925483176045,44.54925483176045,INSURANCE_PARTIAL_MONETIZATION,I011
2020-12-08,I011,QQQ,8,insurance,CLOSE,put,1,250.0,2020-12-18,2,308.29,0.0002848676781001813,0.0,0.010284867678100182,0.0,0.3347662266048201,-7.010256939487843e-05,0.0,-1.3569735356200363,1.3569735356200363,INSURANCE_DTE_ROLL,I011
2021-02-03,I011,QQQ,9,insurance,OPEN,put,1,301.0,2021-05-21,7,326.38,13.169445672285377,12.840209530478242,13.498681814092512,13.498681814092512,0.34884076649945167,-0.30250086904139073,-9449.07726986476,-235.01529926499435,235.01529926499435,INSURANCE_MODEL_ENTRY_PROTECTIVE_PUT,I011
2021-05-11,I011,QQQ,9,insurance,CLOSE,put,1,301.0,2021-05-21,7,325.31,0.4577566118925951,0.4463126965952802,0.46920052718990995,0.4463126965952802,0.30982913221235137,-0.06209580515826661,312.41888761669617,-12.560740708120406,12.560740708120406,INSURANCE_DTE_ROLL,I011
2022-01-03,I011,QQQ,10,insurance,OPEN,put,1,378.0,2022-04-14,9,401.68,10.740959850323563,10.472435854065473,11.009483846581652,11.009483846581652,0.2484262223611498,-0.30026542349623025,-9908.535461923486,-247.52159663228048,247.52159663228048,INSURANCE_MODEL_ENTRY_PROTECTIVE_PUT,I011
2022-01-19,I011,QQQ,10,insurance,CLOSE,put,1,378.0,2022-04-14,2,366.48,24.667706288989763,24.05101363176502,25.284398946214505,24.05101363176502,0.2540090260091512,-0.5774484000911311,4810.202726353004,-124.63853144494853,124.63853144494853,INSURANCE_PARTIAL_MONETIZATION,I011
2022-01-27,I011,QQQ,10,insurance,CLOSE,put,1,378.0,2022-04-14,2,341.1,43.17633973755301,42.09693124411418,44.255748230991834,42.09693124411418,0.291770601716441,-0.7585890485857052,8419.386248822837,-217.18169868776533,217.18169868776533,INSURANCE_PARTIAL_MONETIZATION,I011
2022-04-04,I011,QQQ,10,insurance,CLOSE,put,1,378.0,2022-04-14,5,369.3,12.1460861895319,11.842434034793602,12.449738344270198,11.842434034793602,0.2818522533714421,-0.6826734092303779,5921.217017396802,-155.07607736914912,155.07607736914912,INSURANCE_DTE_ROLL,I011
2023-03-14,I011,QQQ,11,insurance,OPEN,put,1,279.0,2023-06-16,7,297.37,10.494747266604719,10.232378584939601,10.757115948269837,10.757115948269837,0.33373280734977273,-0.2994736488384762,-7529.981163788885,-188.20807716558235,188.20807716558235,INSURANCE_MODEL_ENTRY_PROTECTIVE_PUT,I011
2023-06-06,I011,QQQ,11,insurance,CLOSE,put,1,279.0,2023-06-16,7,354.84,2.464813345738652e-09,0.0,0.010000002464813347,0.0,0.24483834967872842,-1.0725011595247818e-09,0.0,-4.550001725369341,4.550001725369341,INSURANCE_DTE_ROLL,I011
2023-09-27,I011,QQQ,12,insurance,OPEN,put,1,340.0,2023-12-15,1,355.04,8.428930483259123,8.218207221177645,8.6396537453406,8.6396537453406,0.250864951185901,-0.3006493034320307,-863.9653745340601,-21.722326208147805,21.722326208147805,INSURANCE_MODEL_ENTRY_PROTECTIVE_PUT,I011
2023-12-05,I011,QQQ,12,insurance,CLOSE,put,1,340.0,2023-12-15,1,387.29,0.00010543993134214807,0.0,0.010105439931342148,0.0,0.20101842934235328,-3.5789531144462816e-05,0.0,-0.6605439931342149,0.6605439931342149,INSURANCE_DTE_ROLL,I011
2024-08-06,I011,QQQ,13,insurance,OPEN,put,1,421.0,2024-11-15,8,439.53,11.259060058664971,10.977583557198347,11.540536560131596,11.540536560131596,0.2357567217114418,-0.3030714884802644,-9232.429248105276,-230.38120117329942,230.38120117329942,INSURANCE_MODEL_ENTRY_PROTECTIVE_PUT,I011
2024-08-09,I011,QQQ,13,insurance,CLOSE,put,1,421.0,2024-11-15,4,450.41,8.395044396052583,8.185168286151269,8.604920505953897,8.185168286151269,0.23971863110964145,-0.2392871911761016,3274.0673144605075,-86.55044396052568,86.55044396052568,INSURANCE_PARTIAL_MONETIZATION,I011
2024-11-05,I011,QQQ,13,insurance,CLOSE,put,1,421.0,2024-11-15,4,492.21,0.0013456099560385792,0.0,0.01134560995603858,0.0,0.2738274821722435,-0.00023705922939876937,0.0,-3.138243982415432,3.138243982415432,INSURANCE_DTE_ROLL,I011
2024-12-20,I011,QQQ,14,insurance,OPEN,put,1,499.0,2025-03-21,1,518.66,10.80206412072559,10.53201251770745,11.072115723743728,11.072115723743728,0.20647141955300774,-0.30079695101737586,-1107.2115723743727,-27.6551603018139,27.6551603018139,INSURANCE_MODEL_ENTRY_PROTECTIVE_PUT,I011
2025-03-11,I011,QQQ,14,insurance,CLOSE,put,1,499.0,2025-03-21,1,471.6,28.26706533042227,27.560388697161713,28.973741963682826,27.560388697161713,0.287,-0.873458198818366,2756.038869716171,-71.31766332605568,71.31766332605568,INSURANCE_DTE_ROLL,I011
2025-03-19,I011,QQQ,15,insurance,OPEN,put,1,459.0,2025-06-20,7,480.89,11.519773819913382,11.231779474415548,11.807768165411217,11.807768165411217,0.2363295074380941,-0.29752381523477994,-8265.437715787852,-206.14604184848395,206.14604184848395,INSURANCE_MODEL_ENTRY_PROTECTIVE_PUT,I011
2025-04-04,I011,QQQ,15,insurance,CLOSE,put,1,459.0,2025-06-20,2,422.67,42.86035326673874,41.788844435070274,43.93186209840721,41.788844435070274,0.28415192153667906,-0.69334908374518,8357.768887014056,-215.60176633369343,215.60176633369343,INSURANCE_PARTIAL_MONETIZATION,I011
2025-04-15,I011,QQQ,15,insurance,CLOSE,put,1,459.0,2025-06-20,1,457.99,30.11708501556285,29.36415789017378,30.87001214095192,29.36415789017378,0.40241527784868,-0.4550544445934446,2936.415789017378,-75.94271253890713,75.94271253890713,INSURANCE_PARTIAL_MONETIZATION,I011
2025-06-10,I011,QQQ,15,insurance,CLOSE,put,1,459.0,2025-06-20,4,534.21,0.0002754713580232111,0.0,0.010275471358023211,0.0,0.24005607345425958,-5.54327431177182e-05,0.0,-2.7101885432092847,2.7101885432092847,INSURANCE_DTE_ROLL,I011
2025-08-06,I011,QQQ,16,insurance,OPEN,put,1,543.0,2025-11-21,2,567.32,14.101492985680409,13.748955661038398,14.45403031032242,14.45403031032242,0.2232872895229487,-0.30246768346938535,-2890.8060620644837,-71.80746492840218,71.80746492840218,INSURANCE_MODEL_ENTRY_PROTECTIVE_PUT,I011
2025-11-11,I011,QQQ,16,insurance,CLOSE,put,1,543.0,2025-11-21,2,621.57,0.008323851769945323,0.0,0.018323851769945325,0.0,0.26968426323664274,-0.0010659405584487569,0.0,-2.9647703539890644,2.9647703539890644,INSURANCE_DTE_ROLL,I011
2025-11-28,I011,QQQ,17,insurance,OPEN,put,1,594.0,2026-02-20,1,619.25,13.288039820940014,12.955838825416514,13.620240816463514,13.620240816463514,0.22096028421672875,-0.3009016114031166,-1362.0240816463515,-33.870099552350034,33.870099552350034,INSURANCE_MODEL_ENTRY_PROTECTIVE_PUT,I011
2026-02-10,I011,QQQ,17,insurance,CLOSE,put,1,594.0,2026-02-20,1,611.47,3.267692724173628,3.1860004060692875,3.3493850422779685,3.1860004060692875,0.24465395685806335,-0.22422160867079283,318.60004060692876,-8.819231810434053,8.819231810434053,INSURANCE_DTE_ROLL,I011
2026-04-01,I011,QQQ,18,insurance,OPEN,put,1,557.0,2026-06-18,7,584.31,14.029208903484886,13.678478680897763,14.379939126072008,14.379939126072008,0.2555187907236643,-0.30034237288455207,-10065.957388250406,-250.06115581098575,250.06115581098575,INSURANCE_MODEL_ENTRY_PROTECTIVE_PUT,I011
2026-06-08,I011,QQQ,18,insurance,CLOSE,put,1,557.0,2026-06-18,7,716.07,0.00010275457645529847,0.0,0.010102754576455299,0.0,0.3615678076165738,-1.1026232287886106e-05,0.0,-4.621928203518709,4.621928203518709,INSURANCE_DTE_ROLL,I011
2017-05-19,I012,QQQ,1,insurance,OPEN,put,1,133.0,2017-08-18,13,137.84,2.0879810391195406,2.035781513141552,2.140180565097529,2.140180565097529,0.15177644089496922,-0.3016831057805613,-2782.234734626788,-76.30938377138519,76.30938377138519,INSURANCE_MODEL_ENTRY_PROTECTIVE_PUT,I012
2017-08-08,I012,QQQ,1,insurance,CLOSE,put,1,133.0,2017-08-18,13,144.31,0.002127147075298319,0.0,0.01212714707529832,0.0,0.1702042997713256,-0.001793989430813744,0.0,-11.215291197887815,11.215291197887815,INSURANCE_DTE_ROLL,I012
2017-08-16,I012,QQQ,2,insurance,OPEN,put,1,139.0,2017-11-17,13,144.28,2.1501765514319118,2.096422137646114,2.2039309652177095,2.2039309652177095,0.1510150406770301,-0.29674572233346774,-2865.1102547830224,-78.33073792153702,78.33073792153702,INSURANCE_MODEL_ENTRY_PROTECTIVE_PUT,I012
2017-11-07,I012,QQQ,2,insurance,CLOSE,put,1,139.0,2017-11-17,13,153.88,6.561134846499311e-05,0.0,0.010065611348464993,0.0,0.16168079022615023,-6.7546449061479e-05,0.0,-8.535294753004493,8.535294753004493,INSURANCE_DTE_ROLL,I012
2018-01-31,I012,QQQ,3,insurance,OPEN,put,1,163.0,2018-04-20,11,169.4,2.674765938670035,2.607896790203284,2.741635087136786,2.741635087136786,0.17383461876929196,-0.29596172371145835,-3015.7985958504646,-80.70606331342606,80.70606331342606,INSURANCE_MODEL_ENTRY_PROTECTIVE_PUT,I012
2018-02-05,I012,QQQ,3,insurance,CLOSE,put,1,163.0,2018-04-20,3,158.12,9.39760184378639,9.16266179769173,9.63254188988105,9.16266179769173,0.23710109002678986,-0.5856428302593646,2748.7985393075187,-72.43201382839814,72.43201382839814,INSURANCE_PARTIAL_MONETIZATION,I012
2018-02-14,I012,QQQ,3,insurance,CLOSE,put,1,163.0,2018-04-20,2,162.68,5.8765049290137625,5.729592305788419,6.023417552239106,5.729592305788419,0.2132237885831565,-0.4838405166561447,1145.9184611576839,-30.682524645068742,30.682524645068742,INSURANCE_PARTIAL_MONETIZATION,I012
2018-04-10,I012,QQQ,3,insurance,CLOSE,put,1,163.0,2018-04-20,6,161.21,4.066990972409798,3.965316198099553,4.168665746720043,3.965316198099553,0.2912103567628561,-0.5789669577366954,2379.1897188597313,-64.90486458614691,64.90486458614691,INSURANCE_DTE_ROLL,I012
2018-06-27,I012,QQQ,4,insurance,OPEN,put,1,163.0,2018-09-21,11,169.73,3.4029448926184216,3.317871270302961,3.488018514933882,3.488018514933882,0.19790218029349876,-0.30878808476369035,-3836.82036642727,-100.7309845470065,100.7309845470065,INSURANCE_MODEL_ENTRY_PROTECTIVE_PUT,I012
2018-09-11,I012,QQQ,4,insurance,CLOSE,put,1,163.0,2018-09-21,11,183.12,0.0005200816550820497,0.0,0.01052008165508205,0.0,0.20768561598951504,-0.0003195877675747434,0.0,-7.722089820590255,7.722089820590255,INSURANCE_DTE_ROLL,I012
2018-09-25,I012,QQQ,5,insurance,OPEN,put,1,177.0,2018-12-21,1,184.14,3.1469244957433986,3.0682513833498137,3.2255976081369835,3.2255976081369835,0.17924456426732863,-0.2952372713327053,-322.55976081369835,-8.517311239358488,8.517311239358488,INSURANCE_MODEL_ENTRY_PROTECTIVE_PUT,I012
2018-12-11,I012,QQQ,5,insurance,CLOSE,put,1,177.0,2018-12-21,1,163.61,13.507297379826042,13.169614945330391,13.844979814321693,13.169614945330391,0.2969253689058051,-0.9412407242875234,1316.961494533039,-34.418243449565104,34.418243449565104,INSURANCE_DTE_ROLL,I012
2019-03-11,I012,QQQ,6,insurance,OPEN,put,1,167.0,2019-06-21,12,174.73,3.80161816404442,3.7065777099433097,3.8966586181455307,3.8966586181455307,0.2027703413447372,-0.3012417020955963,-4675.990341774637,-121.8485449213326,121.8485449213326,INSURANCE_MODEL_ENTRY_PROTECTIVE_PUT,I012
2019-05-17,I012,QQQ,6,insurance,CLOSE,put,1,167.0,2019-06-21,6,183.04,0.4486296019172116,0.4374138618692813,0.4598453419651419,0.4374138618692813,0.2178380433884471,-0.07830987218630979,262.4483171215687,-10.629444028758181,10.629444028758181,INSURANCE_PARTIAL_MONETIZATION,I012
2019-06-11,I012,QQQ,6,insurance,CLOSE,put,1,167.0,2019-06-21,6,183.4,0.014209946115964156,0.004209946115964156,0.024209946115964158,0.004209946115964156,0.2293217011995638,-0.006248835849766397,2.5259676695784936,-9.9,9.9,INSURANCE_DTE_ROLL,I012
2019-08-02,I012,QQQ,7,insurance,OPEN,put,1,179.0,2019-10-18,7,187.35,3.64057571268129,3.549561319864258,3.7315901054983223,3.7315901054983223,0.21549586926331768,-0.29503766611058646,-2612.1130738488255,-68.26007497192252,68.26007497192252,INSURANCE_MODEL_ENTRY_PROTECTIVE_PUT,I012
2019-08-14,I012,QQQ,7,insurance,CLOSE,put,1,179.0,2019-10-18,3,182.76,5.3356329849365665,5.202242160313152,5.469023809559981,5.202242160313152,0.23759488152137148,-0.38974618879525896,1560.6726480939456,-41.9672473870243,41.9672473870243,INSURANCE_PARTIAL_MONETIZATION,I012
2019-10-08,I012,QQQ,7,insurance,CLOSE,put,1,179.0,2019-10-18,4,185.42,0.7855083561056517,0.7658706472030105,0.805146065008293,0.7658706472030105,0.24615305792255418,-0.18631365142404768,306.3482588812042,-10.455083561056508,10.455083561056508,INSURANCE_DTE_ROLL,I012
2019-10-24,I012,QQQ,8,insurance,OPEN,put,1,185.0,2020-01-17,1,194.09,3.7561051888014134,3.6622025590813783,3.8500078185214486,3.8500078185214486,0.2077988527804331,-0.2912002169956937,-385.0007818521449,-10.040262972003516,10.040262972003516,INSURANCE_MODEL_ENTRY_PROTECTIVE_PUT,I012
2020-01-07,I012,QQQ,8,insurance,CLOSE,put,1,185.0,2020-01-17,1,215.53,6.2502572737188926e-06,0.0,0.01000625025727372,0.0,0.2079396719714193,-4.065725727652143e-06,0.0,-0.6506250257273719,0.6506250257273719,INSURANCE_DTE_ROLL,I012
2020-01-27,I012,QQQ,9,insurance,OPEN,put,1,209.0,2020-04-17,10,218.1,4.336991763011753,4.228566968936459,4.4454165570870465,4.4454165570870465,0.20533920570742928,-0.30535607977341567,-4445.416557087046,-114.92479407529382,114.92479407529382,INSURANCE_MODEL_ENTRY_PROTECTIVE_PUT,I012
2020-02-27,I012,QQQ,9,insurance,CLOSE,put,1,209.0,2020-04-17,2,205.64,11.950533019745905,11.651769694252257,12.249296345239552,11.651769694252257,0.337393544692248,-0.5229738309069005,2330.3539388504514,-61.05266509872945,61.05266509872945,INSURANCE_PARTIAL_MONETIZATION,I012
2020-03-12,I012,QQQ,9,insurance,CLOSE,put,1,209.0,2020-04-17,3,177.32,35.94335990851141,35.04477591079863,36.841943906224195,35.04477591079863,0.623629526996555,-0.7708051399489487,10513.432773239587,-271.5251993138351,271.5251993138351,INSURANCE_PARTIAL_MONETIZATION,I012
2020-04-07,I012,QQQ,9,insurance,CLOSE,put,1,209.0,2020-04-17,5,196.4,18.665207734630457,18.198577541264694,19.13183792799622,18.198577541264694,0.8404344850634161,-0.6474227795596481,9099.288770632347,-236.5650966828814,236.5650966828814,INSURANCE_DTE_ROLL,I012
2020-09-11,I012,QQQ,10,insurance,OPEN,put,1,250.0,2020-12-18,5,270.45,10.132468782693564,9.879157063126225,10.385780502260904,10.385780502260904,0.3442506275855132,-0.3001005795898834,-5192.890251130452,-129.90585978366954,129.90585978366954,INSURANCE_MODEL_ENTRY_PROTECTIVE_PUT,I012
2020-09-14,I012,QQQ,10,insurance,CLOSE,put,1,250.0,2020-12-18,2,275.16,8.649850966352076,8.433604692193274,8.866097240510879,8.433604692193274,0.34650819665486376,-0.26599074639890613,1686.720938438655,-44.54925483176045,44.54925483176045,INSURANCE_PARTIAL_MONETIZATION,I012
2020-12-08,I012,QQQ,10,insurance,CLOSE,put,1,250.0,2020-12-18,3,308.29,0.0002848676781001813,0.0,0.010284867678100182,0.0,0.3347662266048201,-7.010256939487843e-05,0.0,-2.0354603034300545,2.0354603034300545,INSURANCE_DTE_ROLL,I012
2021-02-03,I012,QQQ,11,insurance,OPEN,put,1,301.0,2021-05-21,8,326.38,13.169445672285377,12.840209530478242,13.498681814092512,13.498681814092512,0.34884076649945167,-0.30250086904139073,-10798.94545127401,-268.5889134457078,268.5889134457078,INSURANCE_MODEL_ENTRY_PROTECTIVE_PUT,I012
2021-05-11,I012,QQQ,11,insurance,CLOSE,put,1,301.0,2021-05-21,8,325.31,0.4577566118925951,0.4463126965952802,0.46920052718990995,0.4463126965952802,0.30982913221235137,-0.06209580515826661,357.0501572762242,-14.355132237851894,14.355132237851894,INSURANCE_DTE_ROLL,I012
2021-10-21,I012,QQQ,12,insurance,OPEN,put,1,355.0,2022-01-21,1,377.27,9.780627425105266,9.536111739477635,10.025143110732897,10.025143110732897,0.25567138848896465,-0.29771417476049994,-1002.5143110732896,-25.10156856276309,25.10156856276309,INSURANCE_MODEL_ENTRY_PROTECTIVE_PUT,I012
2022-01-11,I012,QQQ,12,insurance,CLOSE,put,1,355.0,2022-01-21,1,385.82,0.21044697220923858,0.20044697220923857,0.2204469722092386,0.20044697220923857,0.2718929552641128,-0.03070212547581377,20.044697220923858,-1.6500000000000008,1.6500000000000008,INSURANCE_DTE_ROLL,I012
2022-01-20,I012,QQQ,13,insurance,OPEN,put,1,340.0,2022-04-14,9,361.72,10.217704561625169,9.96226194758454,10.473147175665797,10.473147175665797,0.2843277214505843,-0.302199431964923,-9425.832458099218,-235.74835263656567,235.74835263656567,INSURANCE_MODEL_ENTRY_PROTECTIVE_PUT,I012
2022-01-27,I012,QQQ,13,insurance,CLOSE,put,1,340.0,2022-04-14,4,341.1,17.831813868010812,17.386018521310543,18.27760921471108,17.386018521310543,0.2931819810563182,-0.4650461459148991,6954.407408524217,-180.91813868010755,180.91813868010755,INSURANCE_PARTIAL_MONETIZATION,I012
2022-04-04,I012,QQQ,13,insurance,CLOSE,put,1,340.0,2022-04-14,5,369.3,0.4464931390472593,0.4353308105710778,0.4576554675234408,0.4353308105710778,0.31539519010492406,-0.05370577960494365,217.6654052855389,-8.831164238090741,8.831164238090741,INSURANCE_DTE_ROLL,I012
2023-03-14,I012,QQQ,14,insurance,OPEN,put,1,279.0,2023-06-16,9,297.37,10.494747266604719,10.232378584939601,10.757115948269837,10.757115948269837,0.33373280734977273,-0.2994736488384762,-9681.404353442853,-241.98181349860585,241.98181349860585,INSURANCE_MODEL_ENTRY_PROTECTIVE_PUT,I012
2023-06-06,I012,QQQ,14,insurance,CLOSE,put,1,279.0,2023-06-16,9,354.84,2.464813345738652e-09,0.0,0.010000002464813347,0.0,0.24483834967872842,-1.0725011595247818e-09,0.0,-5.850002218332012,5.850002218332012,INSURANCE_DTE_ROLL,I012
2023-09-27,I012,QQQ,15,insurance,OPEN,put,1,340.0,2023-12-15,1,355.04,8.428930483259123,8.218207221177645,8.6396537453406,8.6396537453406,0.250864951185901,-0.3006493034320307,-863.9653745340601,-21.722326208147805,21.722326208147805,INSURANCE_MODEL_ENTRY_PROTECTIVE_PUT,I012
2023-12-05,I012,QQQ,15,insurance,CLOSE,put,1,340.0,2023-12-15,1,387.29,0.00010543993134214807,0.0,0.010105439931342148,0.0,0.20101842934235328,-3.5789531144462816e-05,0.0,-0.6605439931342149,0.6605439931342149,INSURANCE_DTE_ROLL,I012
2024-08-06,I012,QQQ,16,insurance,OPEN,put,1,421.0,2024-11-15,7,439.53,11.259060058664971,10.977583557198347,11.540536560131596,11.540536560131596,0.2357567217114418,-0.3030714884802644,-8078.375592092117,-201.583551026637,201.583551026637,INSURANCE_MODEL_ENTRY_PROTECTIVE_PUT,I012
2024-08-09,I012,QQQ,16,insurance,CLOSE,put,1,421.0,2024-11-15,3,450.41,8.395044396052583,8.185168286151269,8.604920505953897,8.185168286151269,0.23971863110964145,-0.2392871911761016,2455.5504858453805,-64.91283297039426,64.91283297039426,INSURANCE_PARTIAL_MONETIZATION,I012
2024-11-05,I012,QQQ,16,insurance,CLOSE,put,1,421.0,2024-11-15,4,492.21,0.0013456099560385792,0.0,0.01134560995603858,0.0,0.2738274821722435,-0.00023705922939876937,0.0,-3.138243982415432,3.138243982415432,INSURANCE_DTE_ROLL,I012
2024-12-20,I012,QQQ,17,insurance,OPEN,put,1,499.0,2025-03-21,4,518.66,10.80206412072559,10.53201251770745,11.072115723743728,11.072115723743728,0.20647141955300774,-0.30079695101737586,-4428.846289497491,-110.6206412072556,110.6206412072556,INSURANCE_MODEL_ENTRY_PROTECTIVE_PUT,I012
2025-03-10,I012,QQQ,17,insurance,CLOSE,put,1,499.0,2025-03-21,1,472.73,27.514760248664402,26.826891242447793,28.20262925488101,26.826891242447793,0.2884,-0.8489666223480191,2682.689124244779,-69.43690062166087,69.43690062166087,INSURANCE_PARTIAL_MONETIZATION,I012
2025-03-11,I012,QQQ,17,insurance,CLOSE,put,1,499.0,2025-03-21,3,471.6,28.26706533042227,27.560388697161713,28.973741963682826,27.560388697161713,0.287,-0.873458198818366,8268.116609148514,-213.952989978167,213.952989978167,INSURANCE_DTE_ROLL,I012
2025-03-19,I012,QQQ,18,insurance,OPEN,put,1,459.0,2025-06-20,7,480.89,11.519773819913382,11.231779474415548,11.807768165411217,11.807768165411217,0.2363295074380941,-0.29752381523477994,-8265.437715787852,-206.14604184848395,206.14604184848395,INSURANCE_MODEL_ENTRY_PROTECTIVE_PUT,I012
2025-04-04,I012,QQQ,18,insurance,CLOSE,put,1,459.0,2025-06-20,2,422.67,42.86035326673874,41.788844435070274,43.93186209840721,41.788844435070274,0.28415192153667906,-0.69334908374518,8357.768887014056,-215.60176633369343,215.60176633369343,INSURANCE_PARTIAL_MONETIZATION,I012
2025-04-15,I012,QQQ,18,insurance,CLOSE,put,1,459.0,2025-06-20,1,457.99,30.11708501556285,29.36415789017378,30.87001214095192,29.36415789017378,0.40241527784868,-0.4550544445934446,2936.415789017378,-75.94271253890713,75.94271253890713,INSURANCE_PARTIAL_MONETIZATION,I012
2025-06-10,I012,QQQ,18,insurance,CLOSE,put,1,459.0,2025-06-20,4,534.21,0.0002754713580232111,0.0,0.010275471358023211,0.0,0.24005607345425958,-5.54327431177182e-05,0.0,-2.7101885432092847,2.7101885432092847,INSURANCE_DTE_ROLL,I012
2025-08-06,I012,QQQ,19,insurance,OPEN,put,1,543.0,2025-11-21,4,567.32,14.101492985680409,13.748955661038398,14.45403031032242,14.45403031032242,0.2232872895229487,-0.30246768346938535,-5781.6121241289675,-143.61492985680437,143.61492985680437,INSURANCE_MODEL_ENTRY_PROTECTIVE_PUT,I012
2025-11-11,I012,QQQ,19,insurance,CLOSE,put,1,543.0,2025-11-21,4,621.57,0.008323851769945323,0.0,0.018323851769945325,0.0,0.26968426323664274,-0.0010659405584487569,0.0,-5.929540707978129,5.929540707978129,INSURANCE_DTE_ROLL,I012
2026-04-01,I012,QQQ,20,insurance,OPEN,put,1,557.0,2026-06-18,7,584.31,14.029208903484886,13.678478680897763,14.379939126072008,14.379939126072008,0.2555187907236643,-0.30034237288455207,-10065.957388250406,-250.06115581098575,250.06115581098575,INSURANCE_MODEL_ENTRY_PROTECTIVE_PUT,I012
2026-06-08,I012,QQQ,20,insurance,CLOSE,put,1,557.0,2026-06-18,7,716.07,0.00010275457645529847,0.0,0.010102754576455299,0.0,0.3615678076165738,-1.1026232287886106e-05,0.0,-4.621928203518709,4.621928203518709,INSURANCE_DTE_ROLL,I012
2017-05-19,I013,QQQ,1,insurance,OPEN,put,1,131.0,2017-08-18,13,137.84,1.567721170466612,1.5285281412049467,1.6069141997282774,1.6069141997282774,0.15491447895620222,-0.23998560750666012,-2088.9884596467605,-59.40093804016495,59.40093804016495,INSURANCE_MODEL_ENTRY_PUT_SPREAD,I013
2017-05-19,I013,QQQ,1,insurance,OPEN,put,-1,125.0,2017-08-18,13,137.84,0.6031936800381068,0.5881138380371541,0.6182735220390595,0.5881138380371541,0.16432859313990122,-0.10719307871229418,764.5479894483003,-28.0537946012385,28.0537946012385,INSURANCE_MODEL_ENTRY_PUT_SPREAD,I013
2017-08-08,I013,QQQ,1,insurance,CLOSE,put,1,131.0,2017-08-18,13,144.31,0.00037922309550211114,0.0,0.010379223095502111,0.0,0.17337040052664401,-0.00035251971425331305,0.0,-8.942990024152746,8.942990024152746,INSURANCE_DTE_ROLL,I013
2017-08-08,I013,QQQ,1,insurance,CLOSE,put,-1,125.0,2017-08-18,13,144.31,8.189945214832103e-07,0.0,0.010000818994521484,0.010000818994521484,0.18286870279259926,-9.579889405193658e-07,-13.001064692877929,-21.450000000000003,21.450000000000003,INSURANCE_DTE_ROLL,I013
2017-08-16,I013,QQQ,2,insurance,OPEN,put,1,137.0,2017-11-17,2,144.28,1.6359083879971266,1.5950106782971984,1.6768060976970547,1.6768060976970547,0.15399168405436972,-0.23846754152976304,-335.3612195394109,-9.479541939985625,9.479541939985625,INSURANCE_MODEL_ENTRY_PUT_SPREAD,I013
2017-08-16,I013,QQQ,2,insurance,OPEN,put,-1,130.0,2017-11-17,2,144.28,0.5612412689968362,0.5472102372719153,0.5752723007217572,0.5472102372719153,0.1644099358750584,-0.0963099863079094,109.44204745438306,-4.1062063449841855,4.1062063449841855,INSURANCE_MODEL_ENTRY_PUT_SPREAD,I013
2017-11-07,I013,QQQ,2,insurance,CLOSE,put,1,137.0,2017-11-17,2,153.88,8.157233712584831e-06,0.0,0.010008157233712584,0.0,0.1644335846113855,-9.094955392361101e-06,0.0,-1.301631446742517,1.301631446742517,INSURANCE_DTE_ROLL,I013
2017-11-07,I013,QQQ,2,insurance,CLOSE,put,-1,130.0,2017-11-17,2,153.88,1.5627905388137296e-09,0.0,0.01000000156279054,0.01000000156279054,0.17406836495970884,-2.1707067725592428e-09,-2.000000312558108,-3.3,3.3,INSURANCE_DTE_ROLL,I013
2018-01-31,I013,QQQ,3,insurance,OPEN,put,1,161.0,2018-04-20,11,169.4,2.152560800057728,2.0987467800562847,2.206374820059171,2.206374820059171,0.17674804813414044,-0.24869441200661946,-2427.012302065088,-66.34542200158752,66.34542200158752,INSURANCE_MODEL_ENTRY_PUT_SPREAD,I013
2018-01-31,I013,QQQ,3,insurance,OPEN,put,-1,152.0,2018-04-20,11,169.4,0.7245499292768756,0.7064361810449536,0.7426636775087975,0.7064361810449536,0.18985848027595856,-0.09876573534228274,777.079799149449,-27.075123055114105,27.075123055114105,INSURANCE_MODEL_ENTRY_PUT_SPREAD,I013
2018-02-05,I013,QQQ,3,insurance,CLOSE,put,1,161.0,2018-04-20,3,158.12,8.190108194655181,7.985355489788802,8.39486089952156,7.985355489788802,0.23710109002678986,-0.5402030939387124,2395.6066469366406,-63.37581145991386,63.37581145991386,INSURANCE_PARTIAL_MONETIZATION,I013
2018-02-05,I013,QQQ,3,insurance,CLOSE,put,-1,152.0,2018-04-20,3,158.12,4.260912102521921,4.154389299958873,4.367434905084969,4.367434905084969,0.25086650873692096,-0.3375090463786293,-1310.2304715254907,-33.90684076891441,33.90684076891441,INSURANCE_PARTIAL_MONETIZATION,I013
2018-02-14,I013,QQQ,3,insurance,CLOSE,put,1,161.0,2018-04-20,2,162.68,4.982013682235518,4.85746334017963,5.106564024291406,4.85746334017963,0.21652673883659612,-0.4300479073408139,971.492668035926,-26.210068411177556,26.210068411177556,INSURANCE_PARTIAL_MONETIZATION,I013
2018-02-14,I013,QQQ,3,insurance,CLOSE,put,-1,152.0,2018-04-20,2,162.68,2.209813836017858,2.154568490117412,2.2650591819183044,2.2650591819183044,0.23422111519430824,-0.22610507552780187,-453.01183638366086,-12.349069180089256,12.349069180089256,INSURANCE_PARTIAL_MONETIZATION,I013
2018-04-10,I013,QQQ,3,insurance,CLOSE,put,1,161.0,2018-04-20,6,161.21,2.9783235526760024,2.9038654638591024,3.0527816414929023,2.9038654638591024,0.2917793739601782,-0.47735236654522184,1742.3192783154616,-48.57485329013998,48.57485329013998,INSURANCE_DTE_ROLL,I013
2018-04-10,I013,QQQ,3,insurance,CLOSE,put,-1,152.0,2018-04-20,6,161.21,0.5302316944511354,0.516975902089857,0.5434874868124138,0.5434874868124138,0.31616582527398357,-0.12396427485927229,-326.09249208744825,-11.853475416767031,11.853475416767031,INSURANCE_DTE_ROLL,I013
2018-08-29,I013,QQQ,4,insurance,OPEN,put,1,178.0,2018-11-16,1,186.74,2.296912406762864,2.2394895965937924,2.354335216931936,2.354335216931936,0.17170383977600376,-0.2482581539315518,-235.43352169319357,-6.3922810169071695,6.3922810169071695,INSURANCE_MODEL_ENTRY_PUT_SPREAD,I013
2018-08-29,I013,QQQ,4,insurance,OPEN,put,-1,168.0,2018-11-16,1,186.74,0.7389785908061981,0.7205041260360432,0.757453055576353,0.7205041260360432,0.18459129334938407,-0.09487452345457956,72.05041260360431,-2.4974464770154907,2.4974464770154907,INSURANCE_MODEL_ENTRY_PUT_SPREAD,I013
2018-11-06,I013,QQQ,4,insurance,CLOSE,put,1,178.0,2018-11-16,1,170.24,8.940902817130166,8.71738024670191,9.16442538755842,8.71738024670191,0.34591883920093774,-0.7708750631269778,871.7380246701911,-23.002257042825484,23.002257042825484,INSURANCE_DTE_ROLL,I013
2018-11-06,I013,QQQ,4,insurance,CLOSE,put,-1,168.0,2018-11-16,1,170.24,2.888323690470287,2.8161155982085297,2.960531782732044,2.960531782732044,0.3527461847114826,-0.39599967012535875,-296.0531782732044,-7.870809226175718,7.870809226175718,INSURANCE_DTE_ROLL,I013
2019-03-11,I013,QQQ,5,insurance,OPEN,put,1,164.0,2019-06-21,9,174.73,3.020302350918371,2.9447947921454114,3.0958099096913303,3.0958099096913303,0.20766751851393783,-0.24948789793797627,-2786.2289187221972,-73.8068028956635,73.8068028956635,INSURANCE_MODEL_ENTRY_PUT_SPREAD,I013
2019-03-11,I013,QQQ,5,insurance,OPEN,put,-1,152.0,2019-06-21,9,174.73,1.0953044766057936,1.0679218646906488,1.1226870885209383,1.0679218646906488,0.22725622719074057,-0.10384963445133572,961.1296782215838,-30.494350723630316,30.494350723630316,INSURANCE_MODEL_ENTRY_PUT_SPREAD,I013
2019-05-17,I013,QQQ,5,insurance,CLOSE,put,1,164.0,2019-06-21,4,183.04,0.2667042229372054,0.2567042229372054,0.2767042229372054,0.2567042229372054,0.22257136639785324,-0.04938557322978832,102.68168917488217,-6.600000000000003,6.600000000000003,INSURANCE_PARTIAL_MONETIZATION,I013
2019-05-17,I013,QQQ,5,insurance,CLOSE,put,-1,152.0,2019-06-21,4,183.04,0.02453409004301954,0.01453409004301954,0.03453409004301954,0.03453409004301954,0.2415046584354778,-0.005494625928727899,-13.813636017207816,-6.600000000000001,6.600000000000001,INSURANCE_PARTIAL_MONETIZATION,I013
2019-06-11,I013,QQQ,5,insurance,CLOSE,put,1,164.0,2019-06-21,5,183.4,0.0037208735258510983,0.0,0.013720873525851099,0.0,0.23428298800436204,-0.001789078824720522,0.0,-5.110436762925549,5.110436762925549,INSURANCE_DTE_ROLL,I013
2019-06-11,I013,QQQ,5,insurance,CLOSE,put,-1,152.0,2019-06-21,5,183.4,5.527506562571041e-06,0.0,0.010005527506562572,0.010005527506562572,0.25412813522355504,-3.4745453223730102e-06,-5.002763753281286,-8.25,8.25,INSURANCE_DTE_ROLL,I013
2020-01-27,I013,QQQ,6,insurance,OPEN,put,1,205.0,2020-04-17,8,218.1,3.2908673765274514,3.2085956921142653,3.3731390609406375,3.3731390609406375,0.2106554310979129,-0.24406102534165564,-2698.5112487525103,-71.01734753054889,71.01734753054889,INSURANCE_MODEL_ENTRY_PUT_SPREAD,I013
2020-01-27,I013,QQQ,6,insurance,OPEN,put,-1,191.0,2020-04-17,8,218.1,1.1222564670941395,1.094200055416786,1.150312878771493,1.094200055416786,0.2292622199646055,-0.09677309070482724,875.3600443334288,-27.64512934188272,27.64512934188272,INSURANCE_MODEL_ENTRY_PUT_SPREAD,I013
2020-02-27,I013,QQQ,6,insurance,CLOSE,put,1,205.0,2020-04-17,2,205.64,9.832771309925022,9.586952027176896,10.078590592673148,9.586952027176896,0.3389686166768062,-0.46132054958337715,1917.390405435379,-50.46385654962525,50.46385654962525,INSURANCE_PARTIAL_MONETIZATION,I013
2020-02-27,I013,QQQ,6,insurance,CLOSE,put,-1,191.0,2020-04-17,2,205.64,5.057894871110577,4.931447499332812,5.1843422428883414,5.1843422428883414,0.37342331633901793,-0.2703134782523378,-1036.8684485776682,-26.589474355552955,26.589474355552955,INSURANCE_PARTIAL_MONETIZATION,I013
2020-03-12,I013,QQQ,6,insurance,CLOSE,put,1,205.0,2020-04-17,2,177.32,32.691575237928504,31.87428585698029,33.508864618876714,31.87428585698029,0.623629526996555,-0.7399093329358275,6374.857171396058,-164.75787618964281,164.75787618964281,INSURANCE_PARTIAL_MONETIZATION,I013
2020-03-12,I013,QQQ,6,insurance,CLOSE,put,-1,191.0,2020-04-17,2,177.32,22.26564364282288,21.70900255175231,22.82228473389345,22.82228473389345,0.623629526996555,-0.6112200308102443,-4564.4569467786905,-112.62821821411411,112.62821821411411,INSURANCE_PARTIAL_MONETIZATION,I013
2020-04-07,I013,QQQ,6,insurance,CLOSE,put,1,205.0,2020-04-17,4,196.4,15.973217934333434,15.573887485975098,16.372548382691768,15.573887485975098,0.8404344850634161,-0.5946430637208358,6229.554994390039,-162.33217934333447,162.33217934333447,INSURANCE_DTE_ROLL,I013
2020-04-07,I013,QQQ,6,insurance,CLOSE,put,-1,191.0,2020-04-17,4,196.4,8.703444574141841,8.485858459788295,8.921030688495387,8.921030688495387,0.8750959887752984,-0.3959446501172617,-3568.4122753981546,-89.6344457414184,89.6344457414184,INSURANCE_DTE_ROLL,I013
2020-09-11,I013,QQQ,7,insurance,OPEN,put,1,243.0,2020-12-18,1,270.45,8.314582603273934,8.106718038192085,8.522447168355782,8.522447168355782,0.3562543854589807,-0.2525963869863692,-852.2447168355782,-21.436456508184868,21.436456508184868,INSURANCE_MODEL_ENTRY_PUT_SPREAD,I013
2020-09-11,I013,QQQ,7,insurance,OPEN,put,-1,210.0,2020-12-18,1,270.45,2.98617526067693,2.911520879160007,3.0608296421938532,2.911520879160007,0.412843529719613,-0.0994981768490754,291.1520879160007,-8.115438151692317,8.115438151692317,INSURANCE_MODEL_ENTRY_PUT_SPREAD,I013
2020-12-08,I013,QQQ,7,insurance,CLOSE,put,1,243.0,2020-12-18,1,308.29,4.895991613293026e-05,0.0,0.01004895991613293,0.0,0.3436487722598851,-1.27623529769448e-05,0.0,-0.654895991613293,0.654895991613293,INSURANCE_DTE_ROLL,I013
2020-12-08,I013,QQQ,7,insurance,CLOSE,put,-1,210.0,2020-12-18,1,308.29,2.3126644677296357e-09,0.0,0.010000002312664468,0.010000002312664468,0.38552363034804893,-7.396671245113014e-10,-1.0000002312664469,-1.65,1.65,INSURANCE_DTE_ROLL,I013
2021-02-03,I013,QQQ,8,insurance,OPEN,put,1,291.0,2021-05-21,4,326.38,10.580259694452579,10.315753202091264,10.844766186813894,10.844766186813894,0.36319832308469463,-0.24947684217159796,-4337.906474725558,-108.40259694452607,108.40259694452607,INSURANCE_MODEL_ENTRY_PUT_SPREAD,I013
2021-02-03,I013,QQQ,8,insurance,OPEN,put,-1,250.0,2021-05-21,4,326.38,3.9464639471154186,3.847802348437533,4.045125545793304,3.847802348437533,0.42206430508419046,-0.10100108330415294,1539.1209393750132,-42.06463947115415,42.06463947115415,INSURANCE_MODEL_ENTRY_PUT_SPREAD,I013
2021-05-11,I013,QQQ,8,insurance,CLOSE,put,1,291.0,2021-05-21,4,325.31,0.11100813640022089,0.1010081364002209,0.12100813640022089,0.1010081364002209,0.3226753404444991,-0.017391238271428855,40.40325456008836,-6.599999999999998,6.599999999999998,INSURANCE_DTE_ROLL,I013
2021-05-11,I013,QQQ,8,insurance,CLOSE,put,-1,250.0,2021-05-21,4,325.31,4.332223190164214e-05,0.0,0.010043322231901642,0.010043322231901642,0.37534479419630506,-9.900189024662391e-06,-4.0173288927606565,-6.6,6.6,INSURANCE_DTE_ROLL,I013
2022-01-03,I013,QQQ,9,insurance,OPEN,put,1,370.0,2022-04-14,5,401.68,8.65240897107499,8.436098746798116,8.868719195351865,8.868719195351865,0.25524487439302035,-0.2506505997768318,-4434.3595976759325,-111.4051121384372,111.4051121384372,INSURANCE_MODEL_ENTRY_PUT_SPREAD,I013
2022-01-03,I013,QQQ,9,insurance,OPEN,put,-1,335.0,2022-04-14,5,401.68,3.054337935462108,2.9779794870755554,3.130696383848661,2.9779794870755554,0.2850764770324539,-0.10036938414267023,1488.9897435377775,-41.429224193276355,41.429224193276355,INSURANCE_MODEL_ENTRY_PUT_SPREAD,I013
2022-01-20,I013,QQQ,9,insurance,CLOSE,put,1,370.0,2022-04-14,1,361.72,22.81640257678353,22.245992512363944,23.386812641203118,22.245992512363944,0.2608344494118827,-0.5486745683728483,2224.5992512363946,-57.691006441958685,57.691006441958685,INSURANCE_PARTIAL_MONETIZATION,I013
2022-01-20,I013,QQQ,9,insurance,CLOSE,put,-1,335.0,2022-04-14,1,361.72,8.867290904706309,8.645608632088651,9.088973177323966,9.088973177323966,0.28973593324586555,-0.2684412512029026,-908.8973177323967,-22.81822726176577,22.81822726176577,INSURANCE_PARTIAL_MONETIZATION,I013
2022-01-27,I013,QQQ,9,insurance,CLOSE,put,1,370.0,2022-04-14,1,341.1,36.972614133025814,36.04829877970017,37.89692948635146,36.04829877970017,0.291770601716441,-0.7062801283704285,3604.8298779700167,-93.08153533256461,93.08153533256461,INSURANCE_PARTIAL_MONETIZATION,I013
2022-01-27,I013,QQQ,9,insurance,CLOSE,put,-1,335.0,2022-04-14,1,341.1,15.73913668037818,15.345658263368726,16.132615097387635,16.132615097387635,0.2995973416921239,-0.42216470801612804,-1613.2615097387636,-39.99784170094545,39.99784170094545,INSURANCE_PARTIAL_MONETIZATION,I013
2022-04-04,I013,QQQ,9,insurance,CLOSE,put,1,370.0,2022-04-14,3,369.3,7.230716728614368,7.049948810399009,7.411484646829727,7.049948810399009,0.2818522533714421,-0.5066816470921752,2114.9846431197025,-56.18037546460776,56.18037546460776,INSURANCE_DTE_ROLL,I013
2022-04-04,I013,QQQ,9,insurance,CLOSE,put,-1,335.0,2022-04-14,3,369.3,0.2446147358977253,0.2346147358977253,0.2546147358977253,0.2546147358977253,0.32111924074203696,-0.031378870078879774,-76.38442076931759,-4.950000000000003,4.950000000000003,INSURANCE_DTE_ROLL,I013
2023-03-14,I013,QQQ,10,insurance,OPEN,put,1,271.0,2023-06-16,4,297.37,8.472692470269436,8.2608751585127,8.684509782026172,8.684509782026172,0.3460580937641677,-0.24859988509188122,-3473.803912810469,-87.32692470269436,87.32692470269436,INSURANCE_MODEL_ENTRY_PUT_SPREAD,I013
2023-03-14,I013,QQQ,10,insurance,OPEN,put,-1,237.0,2023-06-16,4,297.37,3.134980226241691,3.0566057205856487,3.213354731897733,3.0566057205856487,0.3984405610253461,-0.10075182117527043,1222.6422882342595,-33.94980226241684,33.94980226241684,INSURANCE_MODEL_ENTRY_PUT_SPREAD,I013
2023-06-06,I013,QQQ,10,insurance,CLOSE,put,1,271.0,2023-06-16,4,354.84,6.779618491986603e-11,0.0,0.010000000067796186,0.0,0.2511082177882989,-3.118648159607556e-11,0.0,-2.600000027118474,2.600000027118474,INSURANCE_DTE_ROLL,I013
2023-06-06,I013,QQQ,10,insurance,CLOSE,put,-1,237.0,2023-06-16,4,354.84,0.0,0.0,0.01,0.01,0.2777551572539736,0.0,-4.0,-6.6,6.6,INSURANCE_DTE_ROLL,I013
2023-09-27,I013,QQQ,11,insurance,OPEN,put,1,333.0,2023-12-15,1,355.04,6.639036294456417,6.473060387095007,6.805012201817828,6.805012201817828,0.2578408039069073,-0.24668930192858887,-680.5012201817827,-17.247590736141042,17.247590736141042,INSURANCE_MODEL_ENTRY_PUT_SPREAD,I013
2023-09-27,I013,QQQ,11,insurance,OPEN,put,-1,305.0,2023-12-15,1,355.04,2.318199775704187,2.2602447813115822,2.3761547700967918,2.2602447813115822,0.2857442147909323,-0.09836568013364008,226.02447813115822,-6.445499439260477,6.445499439260477,INSURANCE_MODEL_ENTRY_PUT_SPREAD,I013
2023-12-05,I013,QQQ,11,insurance,CLOSE,put,1,333.0,2023-12-15,1,387.29,9.487328625588194e-06,0.0,0.010009487328625588,0.0,0.20562466756177541,-3.4949707586450465e-06,0.0,-0.6509487328625588,0.6509487328625588,INSURANCE_DTE_ROLL,I013
2023-12-05,I013,QQQ,11,insurance,CLOSE,put,-1,305.0,2023-12-15,1,387.29,8.794913604878505e-11,0.0,0.010000000087949136,0.010000000087949136,0.22404962043946397,-4.132171675838381e-11,-1.0000000087949137,-1.65,1.65,INSURANCE_DTE_ROLL,I013
2024-08-06,I013,QQQ,12,insurance,OPEN,put,1,412.0,2024-11-15,5,439.53,8.945791837174923,8.72214704124555,9.169436633104295,9.169436633104295,0.24256721920912425,-0.25018892460303455,-4584.718316552147,-115.07239796468619,115.07239796468619,INSURANCE_MODEL_ENTRY_PUT_SPREAD,I013
2024-08-06,I013,QQQ,12,insurance,OPEN,put,-1,375.0,2024-11-15,5,439.53,3.164845894390801,3.085724747031031,3.243967041750571,3.085724747031031,0.2705659311440411,-0.10044611153493724,1542.8623735155156,-42.81057367988497,42.81057367988497,INSURANCE_MODEL_ENTRY_PUT_SPREAD,I013
2024-08-09,I013,QQQ,12,insurance,CLOSE,put,1,412.0,2024-11-15,2,450.41,6.577435549193169,6.412999660463339,6.741871437922998,6.412999660463339,0.2462626916121037,-0.194238015339157,1282.5999320926678,-34.187177745965876,34.187177745965876,INSURANCE_PARTIAL_MONETIZATION,I013
2024-08-09,I013,QQQ,12,insurance,CLOSE,put,-1,375.0,2024-11-15,2,450.41,2.189611487455913,2.134871200269515,2.244351774642311,2.244351774642311,0.2731660514555598,-0.07279274013728869,-448.87035492846223,-12.248057437279602,12.248057437279602,INSURANCE_PARTIAL_MONETIZATION,I013
2024-11-05,I013,QQQ,12,insurance,CLOSE,put,1,412.0,2024-11-15,3,492.21,0.00027226806945652646,0.0,0.010272268069456527,0.0,0.27999862863411956,-5.1119960896914584e-05,0.0,-2.0316804208369583,2.0316804208369583,INSURANCE_DTE_ROLL,I013
2024-11-05,I013,QQQ,12,insurance,CLOSE,put,-1,375.0,2024-11-15,3,492.21,1.2394077695314785e-07,0.0,0.010000123940776953,0.010000123940776953,0.30536889742183215,-2.847881236584924e-08,-3.000037182233086,-4.95,4.95,INSURANCE_DTE_ROLL,I013
2025-01-02,I013,QQQ,13,insurance,OPEN,put,1,484.0,2025-03-21,6,510.23,7.621762574359877,7.43121851000088,7.812306638718875,7.812306638718875,0.2085157132696918,-0.24788274375630015,-4687.383983231325,-118.22643861539838,118.22643861539838,INSURANCE_MODEL_ENTRY_PUT_SPREAD,I013
2025-01-02,I013,QQQ,13,insurance,OPEN,put,-1,452.0,2025-03-21,6,510.23,2.616753349322579,2.5513345155895144,2.6821721830556435,2.5513345155895144,0.2267275210064797,-0.09904994101518418,1530.8007093537085,-43.15130023983874,43.15130023983874,INSURANCE_MODEL_ENTRY_PUT_SPREAD,I013
2025-03-10,I013,QQQ,13,insurance,CLOSE,put,1,484.0,2025-03-21,2,472.73,15.850460582526921,15.454199067963748,16.246722097090093,15.454199067963748,0.2884,-0.6637514499764614,3090.8398135927496,-80.55230291263467,80.55230291263467,INSURANCE_PARTIAL_MONETIZATION,I013
2025-03-10,I013,QQQ,13,insurance,CLOSE,put,-1,452.0,2025-03-21,2,472.73,2.6543735376942124,2.588014199251857,2.7207328761365677,2.7207328761365677,0.307370232479428,-0.18719060525994474,-544.1465752273135,-14.571867688471063,14.571867688471063,INSURANCE_PARTIAL_MONETIZATION,I013
2025-03-11,I013,QQQ,13,insurance,CLOSE,put,1,484.0,2025-03-21,4,471.6,16.218191040227282,15.8127362642216,16.623645816232965,15.8127362642216,0.287,-0.691734590827955,6325.09450568864,-164.78191040227267,164.78191040227267,INSURANCE_DTE_ROLL,I013
2025-03-11,I013,QQQ,13,insurance,CLOSE,put,-1,452.0,2025-03-21,4,471.6,2.508214548798847,2.4455091850788757,2.5709199125188182,2.5709199125188182,0.30489185750636133,-0.1876154261476287,-1028.3679650075273,-27.682145487988507,27.682145487988507,INSURANCE_DTE_ROLL,I013
2026-04-01,I013,QQQ,14,insurance,OPEN,put,1,546.0,2026-06-18,4,584.31,11.190156390598446,10.910402480833485,11.469910300363408,11.469910300363408,0.2622615199978884,-0.249043971243966,-4587.964120145363,-114.5015639059846,114.5015639059846,INSURANCE_MODEL_ENTRY_PUT_SPREAD,I013
2026-04-01,I013,QQQ,14,insurance,OPEN,put,-1,500.0,2026-06-18,4,584.31,3.950890441050568,3.852118180024304,4.049662702076832,3.852118180024304,0.29045838787191636,-0.10036776647056779,1540.8472720097216,-42.10890441050561,42.10890441050561,INSURANCE_MODEL_ENTRY_PUT_SPREAD,I013
2026-06-08,I013,QQQ,14,insurance,CLOSE,put,1,546.0,2026-06-18,4,716.07,3.069388107842597e-05,0.0,0.010030693881078426,0.0,0.3678169173404835,-3.4042559954311795e-06,0.0,-2.6122775524313706,2.6122775524313706,INSURANCE_DTE_ROLL,I013
2026-06-08,I013,QQQ,14,insurance,CLOSE,put,-1,500.0,2026-06-18,4,716.07,1.1130990460670644e-07,0.0,0.010000111309904606,0.010000111309904606,0.39394955800410575,-1.3880339810587695e-08,-4.000044523961843,-6.6,6.6,INSURANCE_DTE_ROLL,I013
2017-05-19,I014,QQQ,1,insurance,OPEN,put,1,131.0,2017-08-18,13,137.84,1.567721170466612,1.5285281412049467,1.6069141997282774,1.6069141997282774,0.15491447895620222,-0.23998560750666012,-2088.9884596467605,-59.40093804016495,59.40093804016495,INSURANCE_MODEL_ENTRY_PUT_SPREAD,I014
2017-05-19,I014,QQQ,1,insurance,OPEN,put,-1,125.0,2017-08-18,13,137.84,0.6031936800381068,0.5881138380371541,0.6182735220390595,0.5881138380371541,0.16432859313990122,-0.10719307871229418,764.5479894483003,-28.0537946012385,28.0537946012385,INSURANCE_MODEL_ENTRY_PUT_SPREAD,I014
2017-08-08,I014,QQQ,1,insurance,CLOSE,put,1,131.0,2017-08-18,13,144.31,0.00037922309550211114,0.0,0.010379223095502111,0.0,0.17337040052664401,-0.00035251971425331305,0.0,-8.942990024152746,8.942990024152746,INSURANCE_DTE_ROLL,I014
2017-08-08,I014,QQQ,1,insurance,CLOSE,put,-1,125.0,2017-08-18,13,144.31,8.189945214832103e-07,0.0,0.010000818994521484,0.010000818994521484,0.18286870279259926,-9.579889405193658e-07,-13.001064692877929,-21.450000000000003,21.450000000000003,INSURANCE_DTE_ROLL,I014
2017-08-16,I014,QQQ,2,insurance,OPEN,put,1,137.0,2017-11-17,7,144.28,1.6359083879971266,1.5950106782971984,1.6768060976970547,1.6768060976970547,0.15399168405436972,-0.23846754152976304,-1173.7642683879383,-33.17839678994968,33.17839678994968,INSURANCE_MODEL_ENTRY_PUT_SPREAD,I014
2017-08-16,I014,QQQ,2,insurance,OPEN,put,-1,130.0,2017-11-17,7,144.28,0.5612412689968362,0.5472102372719153,0.5752723007217572,0.5472102372719153,0.1644099358750584,-0.0963099863079094,383.0471660903407,-14.371722207444648,14.371722207444648,INSURANCE_MODEL_ENTRY_PUT_SPREAD,I014
2017-11-07,I014,QQQ,2,insurance,CLOSE,put,1,137.0,2017-11-17,7,153.88,8.157233712584831e-06,0.0,0.010008157233712584,0.0,0.1644335846113855,-9.094955392361101e-06,0.0,-4.555710063598809,4.555710063598809,INSURANCE_DTE_ROLL,I014
2017-11-07,I014,QQQ,2,insurance,CLOSE,put,-1,130.0,2017-11-17,7,153.88,1.5627905388137296e-09,0.0,0.01000000156279054,0.01000000156279054,0.17406836495970884,-2.1707067725592428e-09,-7.000001093953378,-11.55,11.55,INSURANCE_DTE_ROLL,I014
2018-01-31,I014,QQQ,3,insurance,OPEN,put,1,161.0,2018-04-20,11,169.4,2.152560800057728,2.0987467800562847,2.206374820059171,2.206374820059171,0.17674804813414044,-0.24869441200661946,-2427.012302065088,-66.34542200158752,66.34542200158752,INSURANCE_MODEL_ENTRY_PUT_SPREAD,I014
2018-01-31,I014,QQQ,3,insurance,OPEN,put,-1,152.0,2018-04-20,11,169.4,0.7245499292768756,0.7064361810449536,0.7426636775087975,0.7064361810449536,0.18985848027595856,-0.09876573534228274,777.079799149449,-27.075123055114105,27.075123055114105,INSURANCE_MODEL_ENTRY_PUT_SPREAD,I014
2018-02-05,I014,QQQ,3,insurance,CLOSE,put,1,161.0,2018-04-20,3,158.12,8.190108194655181,7.985355489788802,8.39486089952156,7.985355489788802,0.23710109002678986,-0.5402030939387124,2395.6066469366406,-63.37581145991386,63.37581145991386,INSURANCE_PARTIAL_MONETIZATION,I014
2018-02-05,I014,QQQ,3,insurance,CLOSE,put,-1,152.0,2018-04-20,3,158.12,4.260912102521921,4.154389299958873,4.367434905084969,4.367434905084969,0.25086650873692096,-0.3375090463786293,-1310.2304715254907,-33.90684076891441,33.90684076891441,INSURANCE_PARTIAL_MONETIZATION,I014
2018-02-14,I014,QQQ,3,insurance,CLOSE,put,1,161.0,2018-04-20,2,162.68,4.982013682235518,4.85746334017963,5.106564024291406,4.85746334017963,0.21652673883659612,-0.4300479073408139,971.492668035926,-26.210068411177556,26.210068411177556,INSURANCE_PARTIAL_MONETIZATION,I014
2018-02-14,I014,QQQ,3,insurance,CLOSE,put,-1,152.0,2018-04-20,2,162.68,2.209813836017858,2.154568490117412,2.2650591819183044,2.2650591819183044,0.23422111519430824,-0.22610507552780187,-453.01183638366086,-12.349069180089256,12.349069180089256,INSURANCE_PARTIAL_MONETIZATION,I014
2018-04-10,I014,QQQ,3,insurance,CLOSE,put,1,161.0,2018-04-20,6,161.21,2.9783235526760024,2.9038654638591024,3.0527816414929023,2.9038654638591024,0.2917793739601782,-0.47735236654522184,1742.3192783154616,-48.57485329013998,48.57485329013998,INSURANCE_DTE_ROLL,I014
2018-04-10,I014,QQQ,3,insurance,CLOSE,put,-1,152.0,2018-04-20,6,161.21,0.5302316944511354,0.516975902089857,0.5434874868124138,0.5434874868124138,0.31616582527398357,-0.12396427485927229,-326.09249208744825,-11.853475416767031,11.853475416767031,INSURANCE_DTE_ROLL,I014
2018-06-27,I014,QQQ,4,insurance,OPEN,put,1,160.0,2018-09-21,3,169.73,2.6072513392342245,2.542070055753369,2.67243262271508,2.67243262271508,0.20285454960433288,-0.24888469514385186,-801.729786814524,-21.504385044256683,21.504385044256683,INSURANCE_MODEL_ENTRY_PUT_SPREAD,I014
2018-06-27,I014,QQQ,4,insurance,OPEN,put,-1,149.0,2018-09-21,3,169.73,0.8780361493028863,0.8560852455703142,0.8999870530354585,0.8560852455703142,0.22101323707739132,-0.09776232982302051,256.8255736710943,-8.53527111977164,8.53527111977164,INSURANCE_MODEL_ENTRY_PUT_SPREAD,I014
2018-09-11,I014,QQQ,4,insurance,CLOSE,put,1,160.0,2018-09-21,3,183.12,8.039544751949762e-05,0.0,0.010080395447519498,0.0,0.21206716906946266,-5.357423445170001e-05,0.0,-1.9741186342558494,1.9741186342558494,INSURANCE_DTE_ROLL,I014
2018-09-11,I014,QQQ,4,insurance,CLOSE,put,-1,149.0,2018-09-21,3,183.12,2.403274450253055e-08,0.0,0.010000024032744503,0.010000024032744503,0.22813286369593708,-2.0114908080469634e-08,-3.000007209823351,-4.95,4.95,INSURANCE_DTE_ROLL,I014
2018-09-19,I014,QQQ,5,insurance,OPEN,put,1,173.0,2018-12-21,1,182.7,2.5657247970000157,2.5015816770750154,2.629867916925016,2.629867916925016,0.18172828172140543,-0.24605361369517123,-262.9867916925016,-7.064311992500022,7.064311992500022,INSURANCE_MODEL_ENTRY_PUT_SPREAD,I014
2018-09-19,I014,QQQ,5,insurance,OPEN,put,-1,162.0,2018-12-21,1,182.7,0.8586984886349889,0.8372310264191142,0.8801659508508636,0.8372310264191142,0.196929887036504,-0.09646122802212809,83.72310264191142,-2.79674622158747,2.79674622158747,INSURANCE_MODEL_ENTRY_PUT_SPREAD,I014
2018-12-11,I014,QQQ,5,insurance,CLOSE,put,1,173.0,2018-12-21,1,163.61,9.849720340817811,9.603477332297366,10.095963349338255,9.603477332297366,0.2969253689058051,-0.8645683330081761,960.3477332297366,-25.274300852044455,25.274300852044455,INSURANCE_DTE_ROLL,I014
2018-12-11,I014,QQQ,5,insurance,CLOSE,put,-1,162.0,2018-12-21,1,163.61,2.4661874893602374,2.4045328021262313,2.5278421765942434,2.5278421765942434,0.30130819859780145,-0.408159097204771,-252.78421765942434,-6.815468723400603,6.815468723400603,INSURANCE_DTE_ROLL,I014
2019-03-11,I014,QQQ,6,insurance,OPEN,put,1,164.0,2019-06-21,11,174.73,3.020302350918371,2.9447947921454114,3.0958099096913303,3.0958099096913303,0.20766751851393783,-0.24948789793797627,-3405.3909006604636,-90.2083146502554,90.2083146502554,INSURANCE_MODEL_ENTRY_PUT_SPREAD,I014
2019-03-11,I014,QQQ,6,insurance,OPEN,put,-1,152.0,2019-06-21,11,174.73,1.0953044766057936,1.0679218646906488,1.1226870885209383,1.0679218646906488,0.22725622719074057,-0.10384963445133572,1174.7140511597136,-37.27087310665927,37.27087310665927,INSURANCE_MODEL_ENTRY_PUT_SPREAD,I014
2019-05-17,I014,QQQ,6,insurance,CLOSE,put,1,164.0,2019-06-21,5,183.04,0.2667042229372054,0.2567042229372054,0.2767042229372054,0.2567042229372054,0.22257136639785324,-0.04938557322978832,128.35211146860271,-8.250000000000004,8.250000000000004,INSURANCE_PARTIAL_MONETIZATION,I014
2019-05-17,I014,QQQ,6,insurance,CLOSE,put,-1,152.0,2019-06-21,5,183.04,0.02453409004301954,0.01453409004301954,0.03453409004301954,0.03453409004301954,0.2415046584354778,-0.005494625928727899,-17.26704502150977,-8.25,8.25,INSURANCE_PARTIAL_MONETIZATION,I014
2019-06-11,I014,QQQ,6,insurance,CLOSE,put,1,164.0,2019-06-21,6,183.4,0.0037208735258510983,0.0,0.013720873525851099,0.0,0.23428298800436204,-0.001789078824720522,0.0,-6.132524115510659,6.132524115510659,INSURANCE_DTE_ROLL,I014
2019-06-11,I014,QQQ,6,insurance,CLOSE,put,-1,152.0,2019-06-21,6,183.4,5.527506562571041e-06,0.0,0.010005527506562572,0.010005527506562572,0.25412813522355504,-3.4745453223730102e-06,-6.003316503937544,-9.9,9.9,INSURANCE_DTE_ROLL,I014
2019-08-02,I014,QQQ,7,insurance,OPEN,put,1,176.0,2019-10-18,1,187.35,2.872879319195384,2.8010573362154996,2.9447013021752686,2.9447013021752686,0.22034755862759503,-0.24322299253573215,-294.47013021752684,-7.832198297988452,7.832198297988452,INSURANCE_MODEL_ENTRY_PUT_SPREAD,I014
2019-08-02,I014,QQQ,7,insurance,OPEN,put,-1,164.0,2019-10-18,1,187.35,1.007101309579543,0.9819237768400544,1.0322788423190314,0.9819237768400544,0.23975431608470432,-0.09866002689998792,98.19237768400544,-3.1677532739488528,3.1677532739488528,INSURANCE_MODEL_ENTRY_PUT_SPREAD,I014
2019-10-08,I014,QQQ,7,insurance,CLOSE,put,1,176.0,2019-10-18,1,185.42,0.3753017232717397,0.3653017232717397,0.3853017232717397,0.3653017232717397,0.2518320569517851,-0.10065268788545707,36.53017232717397,-1.6500000000000008,1.6500000000000008,INSURANCE_DTE_ROLL,I014
2019-10-08,I014,QQQ,7,insurance,CLOSE,put,-1,164.0,2019-10-18,1,185.42,0.008210109046626557,0.0,0.01821010904662656,0.01821010904662656,0.27454805306870883,-0.003170205454297853,-1.821010904662656,-1.6500000000000004,1.6500000000000004,INSURANCE_DTE_ROLL,I014
2019-11-04,I014,QQQ,8,insurance,OPEN,put,1,189.0,2020-01-17,1,200.1,2.7841535385750475,2.7145497001106715,2.8537573770394236,2.8537573770394236,0.20260537349518523,-0.2453961571919141,-285.3757377039424,-7.6103838464376015,7.6103838464376015,INSURANCE_MODEL_ENTRY_PUT_SPREAD,I014
2019-11-04,I014,QQQ,8,insurance,OPEN,put,-1,178.0,2020-01-17,1,200.1,1.0201507178768416,0.9946469499299206,1.0456544858237626,0.9946469499299206,0.21802861992042424,-0.10427197119744126,99.46469499299207,-3.2003767946920996,3.2003767946920996,INSURANCE_MODEL_ENTRY_PUT_SPREAD,I014
2020-01-07,I014,QQQ,8,insurance,CLOSE,put,1,189.0,2020-01-17,1,215.53,7.11067342981566e-05,0.0,0.010071106734298157,0.0,0.20316539460863914,-4.253720906390751e-05,0.0,-0.6571106734298157,0.6571106734298157,INSURANCE_DTE_ROLL,I014
2020-01-07,I014,QQQ,8,insurance,CLOSE,put,-1,178.0,2020-01-17,1,215.53,5.4105020804574614e-08,0.0,0.010000054105020804,0.010000054105020804,0.2162946573562845,-3.9786006063799565e-08,-1.0000054105020804,-1.65,1.65,INSURANCE_DTE_ROLL,I014
2020-01-27,I014,QQQ,9,insurance,OPEN,put,1,205.0,2020-04-17,10,218.1,3.2908673765274514,3.2085956921142653,3.3731390609406375,3.3731390609406375,0.2106554310979129,-0.24406102534165564,-3373.139060940638,-88.77168441318611,88.77168441318611,INSURANCE_MODEL_ENTRY_PUT_SPREAD,I014
2020-01-27,I014,QQQ,9,insurance,OPEN,put,-1,191.0,2020-04-17,10,218.1,1.1222564670941395,1.094200055416786,1.150312878771493,1.094200055416786,0.2292622199646055,-0.09677309070482724,1094.200055416786,-34.556411677353395,34.556411677353395,INSURANCE_MODEL_ENTRY_PUT_SPREAD,I014
2020-02-27,I014,QQQ,9,insurance,CLOSE,put,1,205.0,2020-04-17,2,205.64,9.832771309925022,9.586952027176896,10.078590592673148,9.586952027176896,0.3389686166768062,-0.46132054958337715,1917.390405435379,-50.46385654962525,50.46385654962525,INSURANCE_PARTIAL_MONETIZATION,I014
2020-02-27,I014,QQQ,9,insurance,CLOSE,put,-1,191.0,2020-04-17,2,205.64,5.057894871110577,4.931447499332812,5.1843422428883414,5.1843422428883414,0.37342331633901793,-0.2703134782523378,-1036.8684485776682,-26.589474355552955,26.589474355552955,INSURANCE_PARTIAL_MONETIZATION,I014
2020-03-12,I014,QQQ,9,insurance,CLOSE,put,1,205.0,2020-04-17,3,177.32,32.691575237928504,31.87428585698029,33.508864618876714,31.87428585698029,0.623629526996555,-0.7399093329358275,9562.285757094087,-247.1368142844642,247.1368142844642,INSURANCE_PARTIAL_MONETIZATION,I014
2020-03-12,I014,QQQ,9,insurance,CLOSE,put,-1,191.0,2020-04-17,3,177.32,22.26564364282288,21.70900255175231,22.82228473389345,22.82228473389345,0.623629526996555,-0.6112200308102443,-6846.685420168036,-168.94232732117115,168.94232732117115,INSURANCE_PARTIAL_MONETIZATION,I014
2020-04-07,I014,QQQ,9,insurance,CLOSE,put,1,205.0,2020-04-17,5,196.4,15.973217934333434,15.573887485975098,16.372548382691768,15.573887485975098,0.8404344850634161,-0.5946430637208358,7786.943742987549,-202.9152241791681,202.9152241791681,INSURANCE_DTE_ROLL,I014
2020-04-07,I014,QQQ,9,insurance,CLOSE,put,-1,191.0,2020-04-17,5,196.4,8.703444574141841,8.485858459788295,8.921030688495387,8.921030688495387,0.8750959887752984,-0.3959446501172617,-4460.515344247693,-112.043057176773,112.043057176773,INSURANCE_DTE_ROLL,I014
2020-09-11,I014,QQQ,10,insurance,OPEN,put,1,243.0,2020-12-18,2,270.45,8.314582603273934,8.106718038192085,8.522447168355782,8.522447168355782,0.3562543854589807,-0.2525963869863692,-1704.4894336711563,-42.872913016369736,42.872913016369736,INSURANCE_MODEL_ENTRY_PUT_SPREAD,I014
2020-09-11,I014,QQQ,10,insurance,OPEN,put,-1,210.0,2020-12-18,2,270.45,2.98617526067693,2.911520879160007,3.0608296421938532,2.911520879160007,0.412843529719613,-0.0994981768490754,582.3041758320014,-16.230876303384633,16.230876303384633,INSURANCE_MODEL_ENTRY_PUT_SPREAD,I014
2020-09-14,I014,QQQ,10,insurance,CLOSE,put,1,243.0,2020-12-18,1,275.16,7.036882109840683,6.860960057094665,7.2128041625867,6.860960057094665,0.35813598848891964,-0.22186696068982495,686.0960057094666,-18.242205274601723,18.242205274601723,INSURANCE_PARTIAL_MONETIZATION,I014
2020-09-14,I014,QQQ,10,insurance,CLOSE,put,-1,210.0,2020-12-18,1,275.16,2.4103524291326544,2.350093618404338,2.4706112398609705,2.4706112398609705,0.4129527214208971,-0.0833366116781142,-247.06112398609704,-6.6758810728316185,6.6758810728316185,INSURANCE_PARTIAL_MONETIZATION,I014
2020-12-08,I014,QQQ,10,insurance,CLOSE,put,1,243.0,2020-12-18,1,308.29,4.895991613293026e-05,0.0,0.01004895991613293,0.0,0.3436487722598851,-1.27623529769448e-05,0.0,-0.654895991613293,0.654895991613293,INSURANCE_DTE_ROLL,I014
2020-12-08,I014,QQQ,10,insurance,CLOSE,put,-1,210.0,2020-12-18,1,308.29,2.3126644677296357e-09,0.0,0.010000002312664468,0.010000002312664468,0.38552363034804893,-7.396671245113014e-10,-1.0000002312664469,-1.65,1.65,INSURANCE_DTE_ROLL,I014
2021-02-03,I014,QQQ,11,insurance,OPEN,put,1,291.0,2021-05-21,5,326.38,10.580259694452579,10.315753202091264,10.844766186813894,10.844766186813894,0.36319832308469463,-0.24947684217159796,-5422.383093406947,-135.50324618065758,135.50324618065758,INSURANCE_MODEL_ENTRY_PUT_SPREAD,I014
2021-02-03,I014,QQQ,11,insurance,OPEN,put,-1,250.0,2021-05-21,5,326.38,3.9464639471154186,3.847802348437533,4.045125545793304,3.847802348437533,0.42206430508419046,-0.10100108330415294,1923.9011742187665,-52.58079933894269,52.58079933894269,INSURANCE_MODEL_ENTRY_PUT_SPREAD,I014
2021-05-11,I014,QQQ,11,insurance,CLOSE,put,1,291.0,2021-05-21,5,325.31,0.11100813640022089,0.1010081364002209,0.12100813640022089,0.1010081364002209,0.3226753404444991,-0.017391238271428855,50.504068200110446,-8.249999999999998,8.249999999999998,INSURANCE_DTE_ROLL,I014
2021-05-11,I014,QQQ,11,insurance,CLOSE,put,-1,250.0,2021-05-21,5,325.31,4.332223190164214e-05,0.0,0.010043322231901642,0.010043322231901642,0.37534479419630506,-9.900189024662391e-06,-5.02166111595082,-8.25,8.25,INSURANCE_DTE_ROLL,I014
2021-12-27,I014,QQQ,12,insurance,OPEN,put,1,373.0,2022-03-18,1,403.48,7.950999288181293,7.752224305976761,8.149774270385826,8.149774270385826,0.26659916289985247,-0.2473767494960031,-814.9774270385826,-20.527498220453303,20.527498220453303,INSURANCE_MODEL_ENTRY_PUT_SPREAD,I014
2021-12-27,I014,QQQ,12,insurance,OPEN,put,-1,341.0,2022-03-18,1,403.48,2.8587416387066114,2.787273097738946,2.9302101796742765,2.787273097738946,0.2950870520788215,-0.10119947141855194,278.7273097738946,-7.79685409676652,7.79685409676652,INSURANCE_MODEL_ENTRY_PUT_SPREAD,I014
2022-03-08,I014,QQQ,12,insurance,CLOSE,put,1,373.0,2022-03-18,1,323.35,49.74483179975431,48.50121100476045,50.98845259474817,48.50121100476045,0.38020000000000004,-0.9872799561697032,4850.121100476045,-125.01207949938592,125.01207949938592,INSURANCE_DTE_ROLL,I014
2022-03-08,I014,QQQ,12,insurance,CLOSE,put,-1,341.0,2022-03-18,1,323.35,19.97812812878618,19.478674925566526,20.477581332005837,20.477581332005837,0.38020000000000004,-0.7919757322217762,-2047.7581332005836,-50.595320321965524,50.595320321965524,INSURANCE_DTE_ROLL,I014
2022-08-23,I014,QQQ,13,insurance,OPEN,put,1,287.0,2022-11-18,6,314.1,8.351858414561619,8.143061954197579,8.560654874925659,8.560654874925659,0.3330105534681808,-0.2514230963149182,-5136.392924955395,-129.17787621842385,129.17787621842385,INSURANCE_MODEL_ENTRY_PUT_SPREAD,I014
2022-08-23,I014,QQQ,13,insurance,OPEN,put,-1,253.0,2022-11-18,6,314.1,2.9697341149302936,2.8954907620570363,3.043977467803551,2.8954907620570363,0.38088522077438863,-0.09928836279454999,1737.2944572342217,-48.446011723954406,48.446011723954406,INSURANCE_MODEL_ENTRY_PUT_SPREAD,I014
2022-09-09,I014,QQQ,13,insurance,CLOSE,put,1,287.0,2022-11-18,3,307.09,8.201884534638552,7.996837421272588,8.406931648004516,7.996837421272588,0.3248497050672189,-0.2807025137559529,2399.0512263817764,-63.46413400978925,63.46413400978925,INSURANCE_PARTIAL_MONETIZATION,I014
2022-09-09,I014,QQQ,13,insurance,CLOSE,put,-1,253.0,2022-11-18,3,307.09,2.485574558085826,2.4234351941336807,2.5477139220379716,2.5477139220379716,0.37397813551700215,-0.09778191094642884,-764.3141766113915,-20.591809185643644,20.591809185643644,INSURANCE_PARTIAL_MONETIZATION,I014
2022-11-08,I014,QQQ,13,insurance,CLOSE,put,1,287.0,2022-11-18,3,269.54,18.017577631379908,17.56713819059541,18.468017072164404,17.56713819059541,0.3153,-0.8763686112267048,5270.141457178623,-137.08183223534888,137.08183223534888,INSURANCE_DTE_ROLL,I014
2022-11-08,I014,QQQ,13,insurance,CLOSE,put,-1,253.0,2022-11-18,3,269.54,0.9645669992541812,0.9404528242728267,0.9886811742355357,0.9886811742355357,0.3443220115752765,-0.1236617144254248,-296.6043522706607,-9.184252494406346,9.184252494406346,INSURANCE_DTE_ROLL,I014
2023-03-14,I014,QQQ,14,insurance,OPEN,put,1,271.0,2023-06-16,5,297.37,8.472692470269436,8.2608751585127,8.684509782026172,8.684509782026172,0.3460580937641677,-0.24859988509188122,-4342.254891013086,-109.15865587836795,109.15865587836795,INSURANCE_MODEL_ENTRY_PUT_SPREAD,I014
2023-03-14,I014,QQQ,14,insurance,OPEN,put,-1,237.0,2023-06-16,5,297.37,3.134980226241691,3.0566057205856487,3.213354731897733,3.0566057205856487,0.3984405610253461,-0.10075182117527043,1528.3028602928243,-42.437252828021045,42.437252828021045,INSURANCE_MODEL_ENTRY_PUT_SPREAD,I014
2023-06-06,I014,QQQ,14,insurance,CLOSE,put,1,271.0,2023-06-16,5,354.84,6.779618491986603e-11,0.0,0.010000000067796186,0.0,0.2511082177882989,-3.118648159607556e-11,0.0,-3.2500000338980923,3.2500000338980923,INSURANCE_DTE_ROLL,I014
2023-06-06,I014,QQQ,14,insurance,CLOSE,put,-1,237.0,2023-06-16,5,354.84,0.0,0.0,0.01,0.01,0.2777551572539736,0.0,-5.0,-8.25,8.25,INSURANCE_DTE_ROLL,I014
2023-09-27,I014,QQQ,15,insurance,OPEN,put,1,333.0,2023-12-15,1,355.04,6.639036294456417,6.473060387095007,6.805012201817828,6.805012201817828,0.2578408039069073,-0.24668930192858887,-680.5012201817827,-17.247590736141042,17.247590736141042,INSURANCE_MODEL_ENTRY_PUT_SPREAD,I014
2023-09-27,I014,QQQ,15,insurance,OPEN,put,-1,305.0,2023-12-15,1,355.04,2.318199775704187,2.2602447813115822,2.3761547700967918,2.2602447813115822,0.2857442147909323,-0.09836568013364008,226.02447813115822,-6.445499439260477,6.445499439260477,INSURANCE_MODEL_ENTRY_PUT_SPREAD,I014
2023-12-05,I014,QQQ,15,insurance,CLOSE,put,1,333.0,2023-12-15,1,387.29,9.487328625588194e-06,0.0,0.010009487328625588,0.0,0.20562466756177541,-3.4949707586450465e-06,0.0,-0.6509487328625588,0.6509487328625588,INSURANCE_DTE_ROLL,I014
2023-12-05,I014,QQQ,15,insurance,CLOSE,put,-1,305.0,2023-12-15,1,387.29,8.794913604878505e-11,0.0,0.010000000087949136,0.010000000087949136,0.22404962043946397,-4.132171675838381e-11,-1.0000000087949137,-1.65,1.65,INSURANCE_DTE_ROLL,I014
2024-08-06,I014,QQQ,16,insurance,OPEN,put,1,412.0,2024-11-15,6,439.53,8.945791837174923,8.72214704124555,9.169436633104295,9.169436633104295,0.24256721920912425,-0.25018892460303455,-5501.661979862577,-138.0868775576234,138.0868775576234,INSURANCE_MODEL_ENTRY_PUT_SPREAD,I014
2024-08-06,I014,QQQ,16,insurance,OPEN,put,-1,375.0,2024-11-15,6,439.53,3.164845894390801,3.085724747031031,3.243967041750571,3.085724747031031,0.2705659311440411,-0.10044611153493724,1851.4348482186188,-51.372688415861965,51.372688415861965,INSURANCE_MODEL_ENTRY_PUT_SPREAD,I014
2024-08-09,I014,QQQ,16,insurance,CLOSE,put,1,412.0,2024-11-15,3,450.41,6.577435549193169,6.412999660463339,6.741871437922998,6.412999660463339,0.2462626916121037,-0.194238015339157,1923.8998981390018,-51.28076661894882,51.28076661894882,INSURANCE_PARTIAL_MONETIZATION,I014
2024-08-09,I014,QQQ,16,insurance,CLOSE,put,-1,375.0,2024-11-15,3,450.41,2.189611487455913,2.134871200269515,2.244351774642311,2.244351774642311,0.2731660514555598,-0.07279274013728869,-673.3055323926933,-18.3720861559194,18.3720861559194,INSURANCE_PARTIAL_MONETIZATION,I014
2024-11-05,I014,QQQ,16,insurance,CLOSE,put,1,412.0,2024-11-15,3,492.21,0.00027226806945652646,0.0,0.010272268069456527,0.0,0.27999862863411956,-5.1119960896914584e-05,0.0,-2.0316804208369583,2.0316804208369583,INSURANCE_DTE_ROLL,I014
2024-11-05,I014,QQQ,16,insurance,CLOSE,put,-1,375.0,2024-11-15,3,492.21,1.2394077695314785e-07,0.0,0.010000123940776953,0.010000123940776953,0.30536889742183215,-2.847881236584924e-08,-3.000037182233086,-4.95,4.95,INSURANCE_DTE_ROLL,I014
2024-12-20,I014,QQQ,17,insurance,OPEN,put,1,491.0,2025-03-21,1,518.66,8.720815532736538,8.502795144418124,8.93883592105495,8.93883592105495,0.21099145427824006,-0.2525429368332851,-893.883592105495,-22.452038831841307,22.452038831841307,INSURANCE_MODEL_ENTRY_PUT_SPREAD,I014
2024-12-20,I014,QQQ,17,insurance,OPEN,put,-1,455.0,2025-03-21,1,518.66,3.010102326683878,2.934849768516781,3.085354884850975,2.934849768516781,0.23133161054178547,-0.1008555519110246,293.48497685167814,-8.175255816709686,8.175255816709686,INSURANCE_MODEL_ENTRY_PUT_SPREAD,I014
2025-03-11,I014,QQQ,17,insurance,CLOSE,put,1,491.0,2025-03-21,1,471.6,21.51257076524962,20.97475649611838,22.05038503438086,20.97475649611838,0.287,-0.7889886149020718,2097.475649611838,-54.43142691312391,54.43142691312391,INSURANCE_DTE_ROLL,I014
2025-03-11,I014,QQQ,17,insurance,CLOSE,put,-1,455.0,2025-03-21,1,471.6,3.105462554501969,3.02782599063942,3.183099118364518,3.183099118364518,0.30215330788804073,-0.22301940849545324,-318.3099118364518,-8.413656386254914,8.413656386254914,INSURANCE_DTE_ROLL,I014
2025-03-19,I014,QQQ,18,insurance,OPEN,put,1,450.0,2025-06-20,6,480.89,9.225521079912525,8.994883052914712,9.456159106910338,9.456159106910338,0.24253992809197364,-0.24740186388653915,-5673.695464146203,-142.28281619868767,142.28281619868767,INSURANCE_MODEL_ENTRY_PUT_SPREAD,I014
2025-03-19,I014,QQQ,18,insurance,OPEN,put,-1,412.0,2025-06-20,6,480.89,3.2923487222235295,3.2100400041679413,3.3746574402791176,3.2100400041679413,0.2687617041861317,-0.10048648028112332,1926.024002500765,-53.28523083335289,53.28523083335289,INSURANCE_MODEL_ENTRY_PUT_SPREAD,I014
2025-04-04,I014,QQQ,18,insurance,CLOSE,put,1,450.0,2025-06-20,2,422.67,36.499906980935805,35.58740930641241,37.4124046554592,35.58740930641241,0.28415192153667906,-0.638345950224253,7117.481861282482,-183.79953490467875,183.79953490467875,INSURANCE_PARTIAL_MONETIZATION,I014
2025-04-04,I014,QQQ,18,insurance,CLOSE,put,-1,412.0,2025-06-20,2,422.67,16.20026967212891,15.795262930325688,16.605276413932135,16.605276413932135,0.2949117377152452,-0.376729826939972,-3321.055282786427,-82.3013483606447,82.3013483606447,INSURANCE_PARTIAL_MONETIZATION,I014
2025-04-15,I014,QQQ,18,insurance,CLOSE,put,1,450.0,2025-06-20,1,457.99,26.441911165043564,25.780863385917474,27.102958944169654,25.780863385917474,0.41294595997059624,-0.4101572905620355,2578.0863385917473,-66.75477791260899,66.75477791260899,INSURANCE_PARTIAL_MONETIZATION,I014
2025-04-15,I014,QQQ,18,insurance,CLOSE,put,-1,412.0,2025-06-20,1,457.99,15.006301546388869,14.631144007729148,15.38145908504859,15.38145908504859,0.46302930423002275,-0.2512327962234185,-1538.145908504859,-38.1657538659721,38.1657538659721,INSURANCE_PARTIAL_MONETIZATION,I014
2025-06-10,I014,QQQ,18,insurance,CLOSE,put,1,450.0,2025-06-20,3,534.21,4.4464597483972156e-05,0.0,0.010044464597483971,0.0,0.24506477789633294,-9.535635321413638e-06,0.0,-1.9633393792451919,1.9633393792451919,INSURANCE_DTE_ROLL,I014
2025-06-10,I014,QQQ,18,insurance,CLOSE,put,-1,412.0,2025-06-20,3,534.21,5.355389558337906e-09,0.0,0.010000005355389559,0.010000005355389559,0.2662126410961982,-1.413008269792518e-09,-3.0000016066168675,-4.95,4.95,INSURANCE_DTE_ROLL,I014
2025-08-06,I014,QQQ,19,insurance,OPEN,put,1,532.0,2025-11-21,1,567.32,11.262942685486792,10.981369118349622,11.54451625262396,11.54451625262396,0.22938904553011774,-0.25094561832166407,-1154.451625262396,-28.807356713716906,28.807356713716906,INSURANCE_MODEL_ENTRY_PUT_SPREAD,I014
2025-08-06,I014,QQQ,19,insurance,OPEN,put,-1,485.0,2025-11-21,1,567.32,3.913182952100051,3.8153533782975497,4.011012525902553,3.8153533782975497,0.25546018483347627,-0.0994130316169515,381.53533782975495,-10.432957380250146,10.432957380250146,INSURANCE_MODEL_ENTRY_PUT_SPREAD,I014
2025-11-11,I014,QQQ,19,insurance,CLOSE,put,1,532.0,2025-11-21,1,621.57,0.0020150492581717805,0.0,0.01201504925817178,0.0,0.2757021695062503,-0.00027654310763756566,0.0,-0.8515049258171781,0.8515049258171781,INSURANCE_DTE_ROLL,I014
2025-11-11,I014,QQQ,19,insurance,CLOSE,put,-1,485.0,2025-11-21,1,621.57,1.5267171394177945e-06,0.0,0.010001526717139417,0.010001526717139417,0.3014150417491192,-2.6237940197453295e-07,-1.0001526717139417,-1.65,1.65,INSURANCE_DTE_ROLL,I014
2026-04-01,I014,QQQ,20,insurance,OPEN,put,1,546.0,2026-06-18,6,584.31,11.190156390598446,10.910402480833485,11.469910300363408,11.469910300363408,0.2622615199978884,-0.249043971243966,-6881.946180218045,-171.7523458589769,171.7523458589769,INSURANCE_MODEL_ENTRY_PUT_SPREAD,I014
2026-04-01,I014,QQQ,20,insurance,OPEN,put,-1,500.0,2026-06-18,6,584.31,3.950890441050568,3.852118180024304,4.049662702076832,3.852118180024304,0.29045838787191636,-0.10036776647056779,2311.2709080145823,-63.16335661575841,63.16335661575841,INSURANCE_MODEL_ENTRY_PUT_SPREAD,I014
2026-06-08,I014,QQQ,20,insurance,CLOSE,put,1,546.0,2026-06-18,6,716.07,3.069388107842597e-05,0.0,0.010030693881078426,0.0,0.3678169173404835,-3.4042559954311795e-06,0.0,-3.918416328647056,3.918416328647056,INSURANCE_DTE_ROLL,I014
2026-06-08,I014,QQQ,20,insurance,CLOSE,put,-1,500.0,2026-06-18,6,716.07,1.1130990460670644e-07,0.0,0.010000111309904606,0.010000111309904606,0.39394955800410575,-1.3880339810587695e-08,-6.000066785942764,-9.9,9.9,INSURANCE_DTE_ROLL,I014
2017-05-19,I015,QQQ,1,insurance,OPEN,put,1,131.0,2017-08-18,13,137.84,1.567721170466612,1.5285281412049467,1.6069141997282774,1.6069141997282774,0.15491447895620222,-0.23998560750666012,-2088.9884596467605,-59.40093804016495,59.40093804016495,INSURANCE_MODEL_ENTRY_PUT_SPREAD,I015
2017-05-19,I015,QQQ,1,insurance,OPEN,put,-1,125.0,2017-08-18,13,137.84,0.6031936800381068,0.5881138380371541,0.6182735220390595,0.5881138380371541,0.16432859313990122,-0.10719307871229418,764.5479894483003,-28.0537946012385,28.0537946012385,INSURANCE_MODEL_ENTRY_PUT_SPREAD,I015
2017-08-08,I015,QQQ,1,insurance,CLOSE,put,1,131.0,2017-08-18,13,144.31,0.00037922309550211114,0.0,0.010379223095502111,0.0,0.17337040052664401,-0.00035251971425331305,0.0,-8.942990024152746,8.942990024152746,INSURANCE_DTE_ROLL,I015
2017-08-08,I015,QQQ,1,insurance,CLOSE,put,-1,125.0,2017-08-18,13,144.31,8.189945214832103e-07,0.0,0.010000818994521484,0.010000818994521484,0.18286870279259926,-9.579889405193658e-07,-13.001064692877929,-21.450000000000003,21.450000000000003,INSURANCE_DTE_ROLL,I015
2017-08-16,I015,QQQ,2,insurance,OPEN,put,1,137.0,2017-11-17,13,144.28,1.6359083879971266,1.5950106782971984,1.6768060976970547,1.6768060976970547,0.15399168405436972,-0.23846754152976304,-2179.8479270061707,-61.617022609906556,61.617022609906556,INSURANCE_MODEL_ENTRY_PUT_SPREAD,I015
2017-08-16,I015,QQQ,2,insurance,OPEN,put,-1,130.0,2017-11-17,13,144.28,0.5612412689968362,0.5472102372719153,0.5752723007217572,0.5472102372719153,0.1644099358750584,-0.0963099863079094,711.3733084534899,-26.69034124239721,26.69034124239721,INSURANCE_MODEL_ENTRY_PUT_SPREAD,I015
2017-11-07,I015,QQQ,2,insurance,CLOSE,put,1,137.0,2017-11-17,13,153.88,8.157233712584831e-06,0.0,0.010008157233712584,0.0,0.1644335846113855,-9.094955392361101e-06,0.0,-8.46060440382636,8.46060440382636,INSURANCE_DTE_ROLL,I015
2017-11-07,I015,QQQ,2,insurance,CLOSE,put,-1,130.0,2017-11-17,13,153.88,1.5627905388137296e-09,0.0,0.01000000156279054,0.01000000156279054,0.17406836495970884,-2.1707067725592428e-09,-13.000002031627702,-21.450000000000003,21.450000000000003,INSURANCE_DTE_ROLL,I015
2018-01-31,I015,QQQ,3,insurance,OPEN,put,1,161.0,2018-04-20,11,169.4,2.152560800057728,2.0987467800562847,2.206374820059171,2.206374820059171,0.17674804813414044,-0.24869441200661946,-2427.012302065088,-66.34542200158752,66.34542200158752,INSURANCE_MODEL_ENTRY_PUT_SPREAD,I015
2018-01-31,I015,QQQ,3,insurance,OPEN,put,-1,152.0,2018-04-20,11,169.4,0.7245499292768756,0.7064361810449536,0.7426636775087975,0.7064361810449536,0.18985848027595856,-0.09876573534228274,777.079799149449,-27.075123055114105,27.075123055114105,INSURANCE_MODEL_ENTRY_PUT_SPREAD,I015
2018-02-05,I015,QQQ,3,insurance,CLOSE,put,1,161.0,2018-04-20,3,158.12,8.190108194655181,7.985355489788802,8.39486089952156,7.985355489788802,0.23710109002678986,-0.5402030939387124,2395.6066469366406,-63.37581145991386,63.37581145991386,INSURANCE_PARTIAL_MONETIZATION,I015
2018-02-05,I015,QQQ,3,insurance,CLOSE,put,-1,152.0,2018-04-20,3,158.12,4.260912102521921,4.154389299958873,4.367434905084969,4.367434905084969,0.25086650873692096,-0.3375090463786293,-1310.2304715254907,-33.90684076891441,33.90684076891441,INSURANCE_PARTIAL_MONETIZATION,I015
2018-02-14,I015,QQQ,3,insurance,CLOSE,put,1,161.0,2018-04-20,2,162.68,4.982013682235518,4.85746334017963,5.106564024291406,4.85746334017963,0.21652673883659612,-0.4300479073408139,971.492668035926,-26.210068411177556,26.210068411177556,INSURANCE_PARTIAL_MONETIZATION,I015
2018-02-14,I015,QQQ,3,insurance,CLOSE,put,-1,152.0,2018-04-20,2,162.68,2.209813836017858,2.154568490117412,2.2650591819183044,2.2650591819183044,0.23422111519430824,-0.22610507552780187,-453.01183638366086,-12.349069180089256,12.349069180089256,INSURANCE_PARTIAL_MONETIZATION,I015
2018-04-10,I015,QQQ,3,insurance,CLOSE,put,1,161.0,2018-04-20,6,161.21,2.9783235526760024,2.9038654638591024,3.0527816414929023,2.9038654638591024,0.2917793739601782,-0.47735236654522184,1742.3192783154616,-48.57485329013998,48.57485329013998,INSURANCE_DTE_ROLL,I015
2018-04-10,I015,QQQ,3,insurance,CLOSE,put,-1,152.0,2018-04-20,6,161.21,0.5302316944511354,0.516975902089857,0.5434874868124138,0.5434874868124138,0.31616582527398357,-0.12396427485927229,-326.09249208744825,-11.853475416767031,11.853475416767031,INSURANCE_DTE_ROLL,I015
2018-06-27,I015,QQQ,4,insurance,OPEN,put,1,160.0,2018-09-21,10,169.73,2.6072513392342245,2.542070055753369,2.67243262271508,2.67243262271508,0.20285454960433288,-0.24888469514385186,-2672.43262271508,-71.68128348085561,71.68128348085561,INSURANCE_MODEL_ENTRY_PUT_SPREAD,I015
2018-06-27,I015,QQQ,4,insurance,OPEN,put,-1,149.0,2018-09-21,10,169.73,0.8780361493028863,0.8560852455703142,0.8999870530354585,0.8560852455703142,0.22101323707739132,-0.09776232982302051,856.0852455703141,-28.450903732572137,28.450903732572137,INSURANCE_MODEL_ENTRY_PUT_SPREAD,I015
2018-09-11,I015,QQQ,4,insurance,CLOSE,put,1,160.0,2018-09-21,10,183.12,8.039544751949762e-05,0.0,0.010080395447519498,0.0,0.21206716906946266,-5.357423445170001e-05,0.0,-6.580395447519497,6.580395447519497,INSURANCE_DTE_ROLL,I015
2018-09-11,I015,QQQ,4,insurance,CLOSE,put,-1,149.0,2018-09-21,10,183.12,2.403274450253055e-08,0.0,0.010000024032744503,0.010000024032744503,0.22813286369593708,-2.0114908080469634e-08,-10.000024032744504,-16.5,16.5,INSURANCE_DTE_ROLL,I015
2019-03-11,I015,QQQ,5,insurance,OPEN,put,1,164.0,2019-06-21,12,174.73,3.020302350918371,2.9447947921454114,3.0958099096913303,3.0958099096913303,0.20766751851393783,-0.24948789793797627,-3714.9718916295965,-98.40907052755134,98.40907052755134,INSURANCE_MODEL_ENTRY_PUT_SPREAD,I015
2019-03-11,I015,QQQ,5,insurance,OPEN,put,-1,152.0,2019-06-21,12,174.73,1.0953044766057936,1.0679218646906488,1.1226870885209383,1.0679218646906488,0.22725622719074057,-0.10384963445133572,1281.5062376287785,-40.659134298173754,40.659134298173754,INSURANCE_MODEL_ENTRY_PUT_SPREAD,I015
2019-05-17,I015,QQQ,5,insurance,CLOSE,put,1,164.0,2019-06-21,6,183.04,0.2667042229372054,0.2567042229372054,0.2767042229372054,0.2567042229372054,0.22257136639785324,-0.04938557322978832,154.02253376232323,-9.900000000000006,9.900000000000006,INSURANCE_PARTIAL_MONETIZATION,I015
2019-05-17,I015,QQQ,5,insurance,CLOSE,put,-1,152.0,2019-06-21,6,183.04,0.02453409004301954,0.01453409004301954,0.03453409004301954,0.03453409004301954,0.2415046584354778,-0.005494625928727899,-20.720454025811726,-9.900000000000002,9.900000000000002,INSURANCE_PARTIAL_MONETIZATION,I015
2019-06-11,I015,QQQ,5,insurance,CLOSE,put,1,164.0,2019-06-21,6,183.4,0.0037208735258510983,0.0,0.013720873525851099,0.0,0.23428298800436204,-0.001789078824720522,0.0,-6.132524115510659,6.132524115510659,INSURANCE_DTE_ROLL,I015
2019-06-11,I015,QQQ,5,insurance,CLOSE,put,-1,152.0,2019-06-21,6,183.4,5.527506562571041e-06,0.0,0.010005527506562572,0.010005527506562572,0.25412813522355504,-3.4745453223730102e-06,-6.003316503937544,-9.9,9.9,INSURANCE_DTE_ROLL,I015
2019-08-02,I015,QQQ,6,insurance,OPEN,put,1,176.0,2019-10-18,7,187.35,2.872879319195384,2.8010573362154996,2.9447013021752686,2.9447013021752686,0.22034755862759503,-0.24322299253573215,-2061.290911522688,-54.82538808591916,54.82538808591916,INSURANCE_MODEL_ENTRY_PUT_SPREAD,I015
2019-08-02,I015,QQQ,6,insurance,OPEN,put,-1,164.0,2019-10-18,7,187.35,1.007101309579543,0.9819237768400544,1.0322788423190314,0.9819237768400544,0.23975431608470432,-0.09866002689998792,687.346643788038,-22.17427291764197,22.17427291764197,INSURANCE_MODEL_ENTRY_PUT_SPREAD,I015
2019-08-14,I015,QQQ,6,insurance,CLOSE,put,1,176.0,2019-10-18,3,182.76,4.307916687856434,4.2002187706600225,4.415614605052845,4.2002187706600225,0.24326991850038512,-0.3298463235068154,1260.065631198007,-34.25937515892336,34.25937515892336,INSURANCE_PARTIAL_MONETIZATION,I015
2019-08-14,I015,QQQ,6,insurance,CLOSE,put,-1,164.0,2019-10-18,3,182.76,1.6637685893586145,1.622174374624649,1.70536280409258,1.70536280409258,0.2659700664164397,-0.14897945487451844,-511.60884122777395,-14.42826442018962,14.42826442018962,INSURANCE_PARTIAL_MONETIZATION,I015
2019-10-08,I015,QQQ,6,insurance,CLOSE,put,1,176.0,2019-10-18,4,185.42,0.3753017232717397,0.3653017232717397,0.3853017232717397,0.3653017232717397,0.2518320569517851,-0.10065268788545707,146.1206893086959,-6.600000000000003,6.600000000000003,INSURANCE_DTE_ROLL,I015
2019-10-08,I015,QQQ,6,insurance,CLOSE,put,-1,164.0,2019-10-18,4,185.42,0.008210109046626557,0.0,0.01821010904662656,0.01821010904662656,0.27454805306870883,-0.003170205454297853,-7.284043618650624,-6.600000000000001,6.600000000000001,INSURANCE_DTE_ROLL,I015
2020-01-27,I015,QQQ,7,insurance,OPEN,put,1,205.0,2020-04-17,10,218.1,3.2908673765274514,3.2085956921142653,3.3731390609406375,3.3731390609406375,0.2106554310979129,-0.24406102534165564,-3373.139060940638,-88.77168441318611,88.77168441318611,INSURANCE_MODEL_ENTRY_PUT_SPREAD,I015
2020-01-27,I015,QQQ,7,insurance,OPEN,put,-1,191.0,2020-04-17,10,218.1,1.1222564670941395,1.094200055416786,1.150312878771493,1.094200055416786,0.2292622199646055,-0.09677309070482724,1094.200055416786,-34.556411677353395,34.556411677353395,INSURANCE_MODEL_ENTRY_PUT_SPREAD,I015
2020-02-27,I015,QQQ,7,insurance,CLOSE,put,1,205.0,2020-04-17,2,205.64,9.832771309925022,9.586952027176896,10.078590592673148,9.586952027176896,0.3389686166768062,-0.46132054958337715,1917.390405435379,-50.46385654962525,50.46385654962525,INSURANCE_PARTIAL_MONETIZATION,I015
2020-02-27,I015,QQQ,7,insurance,CLOSE,put,-1,191.0,2020-04-17,2,205.64,5.057894871110577,4.931447499332812,5.1843422428883414,5.1843422428883414,0.37342331633901793,-0.2703134782523378,-1036.8684485776682,-26.589474355552955,26.589474355552955,INSURANCE_PARTIAL_MONETIZATION,I015
2020-03-12,I015,QQQ,7,insurance,CLOSE,put,1,205.0,2020-04-17,3,177.32,32.691575237928504,31.87428585698029,33.508864618876714,31.87428585698029,0.623629526996555,-0.7399093329358275,9562.285757094087,-247.1368142844642,247.1368142844642,INSURANCE_PARTIAL_MONETIZATION,I015
2020-03-12,I015,QQQ,7,insurance,CLOSE,put,-1,191.0,2020-04-17,3,177.32,22.26564364282288,21.70900255175231,22.82228473389345,22.82228473389345,0.623629526996555,-0.6112200308102443,-6846.685420168036,-168.94232732117115,168.94232732117115,INSURANCE_PARTIAL_MONETIZATION,I015
2020-04-07,I015,QQQ,7,insurance,CLOSE,put,1,205.0,2020-04-17,5,196.4,15.973217934333434,15.573887485975098,16.372548382691768,15.573887485975098,0.8404344850634161,-0.5946430637208358,7786.943742987549,-202.9152241791681,202.9152241791681,INSURANCE_DTE_ROLL,I015
2020-04-07,I015,QQQ,7,insurance,CLOSE,put,-1,191.0,2020-04-17,5,196.4,8.703444574141841,8.485858459788295,8.921030688495387,8.921030688495387,0.8750959887752984,-0.3959446501172617,-4460.515344247693,-112.043057176773,112.043057176773,INSURANCE_DTE_ROLL,I015
2020-09-11,I015,QQQ,8,insurance,OPEN,put,1,243.0,2020-12-18,5,270.45,8.314582603273934,8.106718038192085,8.522447168355782,8.522447168355782,0.3562543854589807,-0.2525963869863692,-4261.223584177891,-107.18228254092435,107.18228254092435,INSURANCE_MODEL_ENTRY_PUT_SPREAD,I015
2020-09-11,I015,QQQ,8,insurance,OPEN,put,-1,210.0,2020-12-18,5,270.45,2.98617526067693,2.911520879160007,3.0608296421938532,2.911520879160007,0.412843529719613,-0.0994981768490754,1455.7604395800035,-40.57719075846158,40.57719075846158,INSURANCE_MODEL_ENTRY_PUT_SPREAD,I015
2020-09-14,I015,QQQ,8,insurance,CLOSE,put,1,243.0,2020-12-18,2,275.16,7.036882109840683,6.860960057094665,7.2128041625867,6.860960057094665,0.35813598848891964,-0.22186696068982495,1372.1920114189331,-36.484410549203446,36.484410549203446,INSURANCE_PARTIAL_MONETIZATION,I015
2020-09-14,I015,QQQ,8,insurance,CLOSE,put,-1,210.0,2020-12-18,2,275.16,2.4103524291326544,2.350093618404338,2.4706112398609705,2.4706112398609705,0.4129527214208971,-0.0833366116781142,-494.1222479721941,-13.351762145663237,13.351762145663237,INSURANCE_PARTIAL_MONETIZATION,I015
2020-12-08,I015,QQQ,8,insurance,CLOSE,put,1,243.0,2020-12-18,3,308.29,4.895991613293026e-05,0.0,0.01004895991613293,0.0,0.3436487722598851,-1.27623529769448e-05,0.0,-1.9646879748398793,1.9646879748398793,INSURANCE_DTE_ROLL,I015
2020-12-08,I015,QQQ,8,insurance,CLOSE,put,-1,210.0,2020-12-18,3,308.29,2.3126644677296357e-09,0.0,0.010000002312664468,0.010000002312664468,0.38552363034804893,-7.396671245113014e-10,-3.0000006937993406,-4.95,4.95,INSURANCE_DTE_ROLL,I015
2021-02-03,I015,QQQ,9,insurance,OPEN,put,1,291.0,2021-05-21,7,326.38,10.580259694452579,10.315753202091264,10.844766186813894,10.844766186813894,0.36319832308469463,-0.24947684217159796,-7591.336330769726,-189.70454465292065,189.70454465292065,INSURANCE_MODEL_ENTRY_PUT_SPREAD,I015
2021-02-03,I015,QQQ,9,insurance,OPEN,put,-1,250.0,2021-05-21,7,326.38,3.9464639471154186,3.847802348437533,4.045125545793304,3.847802348437533,0.42206430508419046,-0.10100108330415294,2693.461643906273,-73.61311907451976,73.61311907451976,INSURANCE_MODEL_ENTRY_PUT_SPREAD,I015
2021-05-11,I015,QQQ,9,insurance,CLOSE,put,1,291.0,2021-05-21,7,325.31,0.11100813640022089,0.1010081364002209,0.12100813640022089,0.1010081364002209,0.3226753404444991,-0.017391238271428855,70.70569548015462,-11.549999999999997,11.549999999999997,INSURANCE_DTE_ROLL,I015
2021-05-11,I015,QQQ,9,insurance,CLOSE,put,-1,250.0,2021-05-21,7,325.31,4.332223190164214e-05,0.0,0.010043322231901642,0.010043322231901642,0.37534479419630506,-9.900189024662391e-06,-7.030325562331149,-11.55,11.55,INSURANCE_DTE_ROLL,I015
2021-05-19,I015,QQQ,10,insurance,OPEN,put,1,292.0,2021-08-20,1,322.59,8.611079479206467,8.395802492226306,8.826356466186628,8.826356466186628,0.32747627941782825,-0.24878607399426644,-882.6356466186628,-22.177698698016094,22.177698698016094,INSURANCE_MODEL_ENTRY_PUT_SPREAD,I015
2021-05-19,I015,QQQ,10,insurance,OPEN,put,-1,258.0,2021-08-20,1,322.59,3.1602600903179834,3.081253588060034,3.239266592575933,3.081253588060034,0.37280171601545153,-0.10115126155455413,308.12535880600336,-8.550650225794959,8.550650225794959,INSURANCE_MODEL_ENTRY_PUT_SPREAD,I015
2021-08-10,I015,QQQ,10,insurance,CLOSE,put,1,292.0,2021-08-20,1,366.84,2.947195359222801e-07,0.0,0.010000294719535922,0.0,0.2661666666666666,-1.0040652695906454e-07,0.0,-0.6500294719535923,0.6500294719535923,INSURANCE_DTE_ROLL,I015
2021-08-10,I015,QQQ,10,insurance,CLOSE,put,-1,258.0,2021-08-20,1,366.84,5.338651009014027e-13,0.0,0.010000000000533865,0.010000000000533865,0.29449999999999993,-2.2023960875505833e-13,-1.0000000000533864,-1.65,1.65,INSURANCE_DTE_ROLL,I015
2021-12-27,I015,QQQ,11,insurance,OPEN,put,1,373.0,2022-03-18,1,403.48,7.950999288181293,7.752224305976761,8.149774270385826,8.149774270385826,0.26659916289985247,-0.2473767494960031,-814.9774270385826,-20.527498220453303,20.527498220453303,INSURANCE_MODEL_ENTRY_PUT_SPREAD,I015
2021-12-27,I015,QQQ,11,insurance,OPEN,put,-1,341.0,2022-03-18,1,403.48,2.8587416387066114,2.787273097738946,2.9302101796742765,2.787273097738946,0.2950870520788215,-0.10119947141855194,278.7273097738946,-7.79685409676652,7.79685409676652,INSURANCE_MODEL_ENTRY_PUT_SPREAD,I015
2022-03-08,I015,QQQ,11,insurance,CLOSE,put,1,373.0,2022-03-18,1,323.35,49.74483179975431,48.50121100476045,50.98845259474817,48.50121100476045,0.38020000000000004,-0.9872799561697032,4850.121100476045,-125.01207949938592,125.01207949938592,INSURANCE_DTE_ROLL,I015
2022-03-08,I015,QQQ,11,insurance,CLOSE,put,-1,341.0,2022-03-18,1,323.35,19.97812812878618,19.478674925566526,20.477581332005837,20.477581332005837,0.38020000000000004,-0.7919757322217762,-2047.7581332005836,-50.595320321965524,50.595320321965524,INSURANCE_DTE_ROLL,I015
2022-08-23,I015,QQQ,12,insurance,OPEN,put,1,287.0,2022-11-18,8,314.1,8.351858414561619,8.143061954197579,8.560654874925659,8.560654874925659,0.3330105534681808,-0.2514230963149182,-6848.5238999405265,-172.2371682912318,172.2371682912318,INSURANCE_MODEL_ENTRY_PUT_SPREAD,I015
2022-08-23,I015,QQQ,12,insurance,OPEN,put,-1,253.0,2022-11-18,8,314.1,2.9697341149302936,2.8954907620570363,3.043977467803551,2.8954907620570363,0.38088522077438863,-0.09928836279454999,2316.392609645629,-64.59468229860587,64.59468229860587,INSURANCE_MODEL_ENTRY_PUT_SPREAD,I015
2022-09-09,I015,QQQ,12,insurance,CLOSE,put,1,287.0,2022-11-18,4,307.09,8.201884534638552,7.996837421272588,8.406931648004516,7.996837421272588,0.3248497050672189,-0.2807025137559529,3198.734968509035,-84.61884534638565,84.61884534638565,INSURANCE_PARTIAL_MONETIZATION,I015
2022-09-09,I015,QQQ,12,insurance,CLOSE,put,-1,253.0,2022-11-18,4,307.09,2.485574558085826,2.4234351941336807,2.5477139220379716,2.5477139220379716,0.37397813551700215,-0.09778191094642884,-1019.0855688151887,-27.455745580858192,27.455745580858192,INSURANCE_PARTIAL_MONETIZATION,I015
2022-11-08,I015,QQQ,12,insurance,CLOSE,put,1,287.0,2022-11-18,4,269.54,18.017577631379908,17.56713819059541,18.468017072164404,17.56713819059541,0.3153,-0.8763686112267048,7026.855276238164,-182.7757763137985,182.7757763137985,INSURANCE_DTE_ROLL,I015
2022-11-08,I015,QQQ,12,insurance,CLOSE,put,-1,253.0,2022-11-18,4,269.54,0.9645669992541812,0.9404528242728267,0.9886811742355357,0.9886811742355357,0.3443220115752765,-0.1236617144254248,-395.4724696942143,-12.245669992541794,12.245669992541794,INSURANCE_DTE_ROLL,I015
2023-03-14,I015,QQQ,13,insurance,OPEN,put,1,271.0,2023-06-16,8,297.37,8.472692470269436,8.2608751585127,8.684509782026172,8.684509782026172,0.3460580937641677,-0.24859988509188122,-6947.607825620938,-174.6538494053887,174.6538494053887,INSURANCE_MODEL_ENTRY_PUT_SPREAD,I015
2023-03-14,I015,QQQ,13,insurance,OPEN,put,-1,237.0,2023-06-16,8,297.37,3.134980226241691,3.0566057205856487,3.213354731897733,3.0566057205856487,0.3984405610253461,-0.10075182117527043,2445.284576468519,-67.89960452483368,67.89960452483368,INSURANCE_MODEL_ENTRY_PUT_SPREAD,I015
2023-06-06,I015,QQQ,13,insurance,CLOSE,put,1,271.0,2023-06-16,8,354.84,6.779618491986603e-11,0.0,0.010000000067796186,0.0,0.2511082177882989,-3.118648159607556e-11,0.0,-5.200000054236948,5.200000054236948,INSURANCE_DTE_ROLL,I015
2023-06-06,I015,QQQ,13,insurance,CLOSE,put,-1,237.0,2023-06-16,8,354.84,0.0,0.0,0.01,0.01,0.2777551572539736,0.0,-8.0,-13.2,13.2,INSURANCE_DTE_ROLL,I015
2023-09-27,I015,QQQ,14,insurance,OPEN,put,1,333.0,2023-12-15,2,355.04,6.639036294456417,6.473060387095007,6.805012201817828,6.805012201817828,0.2578408039069073,-0.24668930192858887,-1361.0024403635655,-34.495181472282084,34.495181472282084,INSURANCE_MODEL_ENTRY_PUT_SPREAD,I015
2023-09-27,I015,QQQ,14,insurance,OPEN,put,-1,305.0,2023-12-15,2,355.04,2.318199775704187,2.2602447813115822,2.3761547700967918,2.2602447813115822,0.2857442147909323,-0.09836568013364008,452.04895626231644,-12.890998878520953,12.890998878520953,INSURANCE_MODEL_ENTRY_PUT_SPREAD,I015
2023-12-05,I015,QQQ,14,insurance,CLOSE,put,1,333.0,2023-12-15,2,387.29,9.487328625588194e-06,0.0,0.010009487328625588,0.0,0.20562466756177541,-3.4949707586450465e-06,0.0,-1.3018974657251177,1.3018974657251177,INSURANCE_DTE_ROLL,I015
2023-12-05,I015,QQQ,14,insurance,CLOSE,put,-1,305.0,2023-12-15,2,387.29,8.794913604878505e-11,0.0,0.010000000087949136,0.010000000087949136,0.22404962043946397,-4.132171675838381e-11,-2.0000000175898274,-3.3,3.3,INSURANCE_DTE_ROLL,I015
2024-08-06,I015,QQQ,15,insurance,OPEN,put,1,412.0,2024-11-15,8,439.53,8.945791837174923,8.72214704124555,9.169436633104295,9.169436633104295,0.24256721920912425,-0.25018892460303455,-7335.549306483436,-184.11583674349788,184.11583674349788,INSURANCE_MODEL_ENTRY_PUT_SPREAD,I015
2024-08-06,I015,QQQ,15,insurance,OPEN,put,-1,375.0,2024-11-15,8,439.53,3.164845894390801,3.085724747031031,3.243967041750571,3.085724747031031,0.2705659311440411,-0.10044611153493724,2468.579797624825,-68.49691788781595,68.49691788781595,INSURANCE_MODEL_ENTRY_PUT_SPREAD,I015
2024-08-09,I015,QQQ,15,insurance,CLOSE,put,1,412.0,2024-11-15,4,450.41,6.577435549193169,6.412999660463339,6.741871437922998,6.412999660463339,0.2462626916121037,-0.194238015339157,2565.1998641853356,-68.37435549193175,68.37435549193175,INSURANCE_PARTIAL_MONETIZATION,I015
2024-08-09,I015,QQQ,15,insurance,CLOSE,put,-1,375.0,2024-11-15,4,450.41,2.189611487455913,2.134871200269515,2.244351774642311,2.244351774642311,0.2731660514555598,-0.07279274013728869,-897.7407098569245,-24.496114874559204,24.496114874559204,INSURANCE_PARTIAL_MONETIZATION,I015
2024-11-05,I015,QQQ,15,insurance,CLOSE,put,1,412.0,2024-11-15,4,492.21,0.00027226806945652646,0.0,0.010272268069456527,0.0,0.27999862863411956,-5.1119960896914584e-05,0.0,-2.7089072277826105,2.7089072277826105,INSURANCE_DTE_ROLL,I015
2024-11-05,I015,QQQ,15,insurance,CLOSE,put,-1,375.0,2024-11-15,4,492.21,1.2394077695314785e-07,0.0,0.010000123940776953,0.010000123940776953,0.30536889742183215,-2.847881236584924e-08,-4.000049576310781,-6.6,6.6,INSURANCE_DTE_ROLL,I015
2024-12-20,I015,QQQ,16,insurance,OPEN,put,1,491.0,2025-03-21,2,518.66,8.720815532736538,8.502795144418124,8.93883592105495,8.93883592105495,0.21099145427824006,-0.2525429368332851,-1787.76718421099,-44.904077663682614,44.904077663682614,INSURANCE_MODEL_ENTRY_PUT_SPREAD,I015
2024-12-20,I015,QQQ,16,insurance,OPEN,put,-1,455.0,2025-03-21,2,518.66,3.010102326683878,2.934849768516781,3.085354884850975,2.934849768516781,0.23133161054178547,-0.1008555519110246,586.9699537033563,-16.350511633419373,16.350511633419373,INSURANCE_MODEL_ENTRY_PUT_SPREAD,I015
2025-03-10,I015,QQQ,16,insurance,CLOSE,put,1,491.0,2025-03-21,1,472.73,20.95827529328716,20.43431841095498,21.482232175619338,20.43431841095498,0.2884,-0.7609657687216563,2043.431841095498,-53.045688233217895,53.045688233217895,INSURANCE_PARTIAL_MONETIZATION,I015
2025-03-10,I015,QQQ,16,insurance,CLOSE,put,-1,455.0,2025-03-21,1,472.73,3.246506942893518,3.16534426932118,3.327669616465856,3.327669616465856,0.304624902164026,-0.22043093037427441,-332.76696164658557,-8.766267357233787,8.766267357233787,INSURANCE_PARTIAL_MONETIZATION,I015
2025-03-11,I015,QQQ,16,insurance,CLOSE,put,1,491.0,2025-03-21,1,471.6,21.51257076524962,20.97475649611838,22.05038503438086,20.97475649611838,0.287,-0.7889886149020718,2097.475649611838,-54.43142691312391,54.43142691312391,INSURANCE_DTE_ROLL,I015
2025-03-11,I015,QQQ,16,insurance,CLOSE,put,-1,455.0,2025-03-21,1,471.6,3.105462554501969,3.02782599063942,3.183099118364518,3.183099118364518,0.30215330788804073,-0.22301940849545324,-318.3099118364518,-8.413656386254914,8.413656386254914,INSURANCE_DTE_ROLL,I015
2025-03-19,I015,QQQ,17,insurance,OPEN,put,1,450.0,2025-06-20,7,480.89,9.225521079912525,8.994883052914712,9.456159106910338,9.456159106910338,0.24253992809197364,-0.24740186388653915,-6619.311374837237,-165.99661889846897,165.99661889846897,INSURANCE_MODEL_ENTRY_PUT_SPREAD,I015
2025-03-19,I015,QQQ,17,insurance,OPEN,put,-1,412.0,2025-06-20,7,480.89,3.2923487222235295,3.2100400041679413,3.3746574402791176,3.2100400041679413,0.2687617041861317,-0.10048648028112332,2247.028002917559,-62.1661026389117,62.1661026389117,INSURANCE_MODEL_ENTRY_PUT_SPREAD,I015
2025-04-04,I015,QQQ,17,insurance,CLOSE,put,1,450.0,2025-06-20,2,422.67,36.499906980935805,35.58740930641241,37.4124046554592,35.58740930641241,0.28415192153667906,-0.638345950224253,7117.481861282482,-183.79953490467875,183.79953490467875,INSURANCE_PARTIAL_MONETIZATION,I015
2025-04-04,I015,QQQ,17,insurance,CLOSE,put,-1,412.0,2025-06-20,2,422.67,16.20026967212891,15.795262930325688,16.605276413932135,16.605276413932135,0.2949117377152452,-0.376729826939972,-3321.055282786427,-82.3013483606447,82.3013483606447,INSURANCE_PARTIAL_MONETIZATION,I015
2025-04-15,I015,QQQ,17,insurance,CLOSE,put,1,450.0,2025-06-20,1,457.99,26.441911165043564,25.780863385917474,27.102958944169654,25.780863385917474,0.41294595997059624,-0.4101572905620355,2578.0863385917473,-66.75477791260899,66.75477791260899,INSURANCE_PARTIAL_MONETIZATION,I015
2025-04-15,I015,QQQ,17,insurance,CLOSE,put,-1,412.0,2025-06-20,1,457.99,15.006301546388869,14.631144007729148,15.38145908504859,15.38145908504859,0.46302930423002275,-0.2512327962234185,-1538.145908504859,-38.1657538659721,38.1657538659721,INSURANCE_PARTIAL_MONETIZATION,I015
2025-06-10,I015,QQQ,17,insurance,CLOSE,put,1,450.0,2025-06-20,4,534.21,4.4464597483972156e-05,0.0,0.010044464597483971,0.0,0.24506477789633294,-9.535635321413638e-06,0.0,-2.617785838993589,2.617785838993589,INSURANCE_DTE_ROLL,I015
2025-06-10,I015,QQQ,17,insurance,CLOSE,put,-1,412.0,2025-06-20,4,534.21,5.355389558337906e-09,0.0,0.010000005355389559,0.010000005355389559,0.2662126410961982,-1.413008269792518e-09,-4.000002142155823,-6.6,6.6,INSURANCE_DTE_ROLL,I015
2025-08-06,I015,QQQ,18,insurance,OPEN,put,1,532.0,2025-11-21,3,567.32,11.262942685486792,10.981369118349622,11.54451625262396,11.54451625262396,0.22938904553011774,-0.25094561832166407,-3463.3548757871877,-86.42207014115073,86.42207014115073,INSURANCE_MODEL_ENTRY_PUT_SPREAD,I015
2025-08-06,I015,QQQ,18,insurance,OPEN,put,-1,485.0,2025-11-21,3,567.32,3.913182952100051,3.8153533782975497,4.011012525902553,3.8153533782975497,0.25546018483347627,-0.0994130316169515,1144.6060134892648,-31.298872140750436,31.298872140750436,INSURANCE_MODEL_ENTRY_PUT_SPREAD,I015
2025-11-11,I015,QQQ,18,insurance,CLOSE,put,1,532.0,2025-11-21,3,621.57,0.0020150492581717805,0.0,0.01201504925817178,0.0,0.2757021695062503,-0.00027654310763756566,0.0,-2.5545147774515344,2.5545147774515344,INSURANCE_DTE_ROLL,I015
2025-11-11,I015,QQQ,18,insurance,CLOSE,put,-1,485.0,2025-11-21,3,621.57,1.5267171394177945e-06,0.0,0.010001526717139417,0.010001526717139417,0.3014150417491192,-2.6237940197453295e-07,-3.000458015141825,-4.95,4.95,INSURANCE_DTE_ROLL,I015
2025-11-28,I015,QQQ,19,insurance,OPEN,put,1,584.0,2026-02-20,1,619.25,10.685810337597701,10.418665079157758,10.952955596037643,10.952955596037643,0.22600407993786392,-0.25171729095697243,-1095.2955596037643,-27.36452584399425,27.36452584399425,INSURANCE_MODEL_ENTRY_PUT_SPREAD,I015
2025-11-28,I015,QQQ,19,insurance,OPEN,put,-1,540.0,2026-02-20,1,619.25,3.706592026944712,3.613927226271094,3.7992568276183296,3.613927226271094,0.24819678111085855,-0.10077182551425314,361.39272262710944,-9.916480067361771,9.916480067361771,INSURANCE_MODEL_ENTRY_PUT_SPREAD,I015
2026-02-10,I015,QQQ,19,insurance,CLOSE,put,1,584.0,2026-02-20,1,611.47,1.598938610187389,1.5589651449327042,1.6389120754420738,1.5589651449327042,0.2504089407493418,-0.12483567119614915,155.89651449327042,-4.647346525468482,4.647346525468482,INSURANCE_DTE_ROLL,I015
2026-02-10,I015,QQQ,19,insurance,CLOSE,put,-1,540.0,2026-02-20,1,611.47,0.0241268399282748,0.014126839928274801,0.0341268399282748,0.0341268399282748,0.27573086987096673,-0.002839805720172098,-3.41268399282748,-1.6500000000000004,1.6500000000000004,INSURANCE_DTE_ROLL,I015
2026-04-01,I015,QQQ,20,insurance,OPEN,put,1,546.0,2026-06-18,7,584.31,11.190156390598446,10.910402480833485,11.469910300363408,11.469910300363408,0.2622615199978884,-0.249043971243966,-8028.937210254386,-200.37773683547306,200.37773683547306,INSURANCE_MODEL_ENTRY_PUT_SPREAD,I015
2026-04-01,I015,QQQ,20,insurance,OPEN,put,-1,500.0,2026-06-18,7,584.31,3.950890441050568,3.852118180024304,4.049662702076832,3.852118180024304,0.29045838787191636,-0.10036776647056779,2696.4827260170127,-73.69058271838482,73.69058271838482,INSURANCE_MODEL_ENTRY_PUT_SPREAD,I015
2026-06-08,I015,QQQ,20,insurance,CLOSE,put,1,546.0,2026-06-18,7,716.07,3.069388107842597e-05,0.0,0.010030693881078426,0.0,0.3678169173404835,-3.4042559954311795e-06,0.0,-4.571485716754898,4.571485716754898,INSURANCE_DTE_ROLL,I015
2026-06-08,I015,QQQ,20,insurance,CLOSE,put,-1,500.0,2026-06-18,7,716.07,1.1130990460670644e-07,0.0,0.010000111309904606,0.010000111309904606,0.39394955800410575,-1.3880339810587695e-08,-7.000077916933225,-11.55,11.55,INSURANCE_DTE_ROLL,I015
2017-05-19,I016,QQQ,1,insurance,OPEN,put,1,131.0,2017-08-18,13,137.84,1.567721170466612,1.5285281412049467,1.6069141997282774,1.6069141997282774,0.15491447895620222,-0.23998560750666012,-2088.9884596467605,-59.40093804016495,59.40093804016495,INSURANCE_MODEL_ENTRY_PUT_SPREAD,I016
2017-05-19,I016,QQQ,1,insurance,OPEN,put,-1,125.0,2017-08-18,13,137.84,0.6031936800381068,0.5881138380371541,0.6182735220390595,0.5881138380371541,0.16432859313990122,-0.10719307871229418,764.5479894483003,-28.0537946012385,28.0537946012385,INSURANCE_MODEL_ENTRY_PUT_SPREAD,I016
2017-08-08,I016,QQQ,1,insurance,CLOSE,put,1,131.0,2017-08-18,13,144.31,0.00037922309550211114,0.0,0.010379223095502111,0.0,0.17337040052664401,-0.00035251971425331305,0.0,-8.942990024152746,8.942990024152746,INSURANCE_DTE_ROLL,I016
2017-08-08,I016,QQQ,1,insurance,CLOSE,put,-1,125.0,2017-08-18,13,144.31,8.189945214832103e-07,0.0,0.010000818994521484,0.010000818994521484,0.18286870279259926,-9.579889405193658e-07,-13.001064692877929,-21.450000000000003,21.450000000000003,INSURANCE_DTE_ROLL,I016
2017-08-16,I016,QQQ,2,insurance,OPEN,put,1,137.0,2017-11-17,13,144.28,1.6359083879971266,1.5950106782971984,1.6768060976970547,1.6768060976970547,0.15399168405436972,-0.23846754152976304,-2179.8479270061707,-61.617022609906556,61.617022609906556,INSURANCE_MODEL_ENTRY_PUT_SPREAD,I016
2017-08-16,I016,QQQ,2,insurance,OPEN,put,-1,130.0,2017-11-17,13,144.28,0.5612412689968362,0.5472102372719153,0.5752723007217572,0.5472102372719153,0.1644099358750584,-0.0963099863079094,711.3733084534899,-26.69034124239721,26.69034124239721,INSURANCE_MODEL_ENTRY_PUT_SPREAD,I016
2017-11-07,I016,QQQ,2,insurance,CLOSE,put,1,137.0,2017-11-17,13,153.88,8.157233712584831e-06,0.0,0.010008157233712584,0.0,0.1644335846113855,-9.094955392361101e-06,0.0,-8.46060440382636,8.46060440382636,INSURANCE_DTE_ROLL,I016
2017-11-07,I016,QQQ,2,insurance,CLOSE,put,-1,130.0,2017-11-17,13,153.88,1.5627905388137296e-09,0.0,0.01000000156279054,0.01000000156279054,0.17406836495970884,-2.1707067725592428e-09,-13.000002031627702,-21.450000000000003,21.450000000000003,INSURANCE_DTE_ROLL,I016
2018-01-31,I016,QQQ,3,insurance,OPEN,put,1,161.0,2018-04-20,11,169.4,2.152560800057728,2.0987467800562847,2.206374820059171,2.206374820059171,0.17674804813414044,-0.24869441200661946,-2427.012302065088,-66.34542200158752,66.34542200158752,INSURANCE_MODEL_ENTRY_PUT_SPREAD,I016
2018-01-31,I016,QQQ,3,insurance,OPEN,put,-1,152.0,2018-04-20,11,169.4,0.7245499292768756,0.7064361810449536,0.7426636775087975,0.7064361810449536,0.18985848027595856,-0.09876573534228274,777.079799149449,-27.075123055114105,27.075123055114105,INSURANCE_MODEL_ENTRY_PUT_SPREAD,I016
2018-02-05,I016,QQQ,3,insurance,CLOSE,put,1,161.0,2018-04-20,3,158.12,8.190108194655181,7.985355489788802,8.39486089952156,7.985355489788802,0.23710109002678986,-0.5402030939387124,2395.6066469366406,-63.37581145991386,63.37581145991386,INSURANCE_PARTIAL_MONETIZATION,I016
2018-02-05,I016,QQQ,3,insurance,CLOSE,put,-1,152.0,2018-04-20,3,158.12,4.260912102521921,4.154389299958873,4.367434905084969,4.367434905084969,0.25086650873692096,-0.3375090463786293,-1310.2304715254907,-33.90684076891441,33.90684076891441,INSURANCE_PARTIAL_MONETIZATION,I016
2018-02-14,I016,QQQ,3,insurance,CLOSE,put,1,161.0,2018-04-20,2,162.68,4.982013682235518,4.85746334017963,5.106564024291406,4.85746334017963,0.21652673883659612,-0.4300479073408139,971.492668035926,-26.210068411177556,26.210068411177556,INSURANCE_PARTIAL_MONETIZATION,I016
2018-02-14,I016,QQQ,3,insurance,CLOSE,put,-1,152.0,2018-04-20,2,162.68,2.209813836017858,2.154568490117412,2.2650591819183044,2.2650591819183044,0.23422111519430824,-0.22610507552780187,-453.01183638366086,-12.349069180089256,12.349069180089256,INSURANCE_PARTIAL_MONETIZATION,I016
2018-04-10,I016,QQQ,3,insurance,CLOSE,put,1,161.0,2018-04-20,6,161.21,2.9783235526760024,2.9038654638591024,3.0527816414929023,2.9038654638591024,0.2917793739601782,-0.47735236654522184,1742.3192783154616,-48.57485329013998,48.57485329013998,INSURANCE_DTE_ROLL,I016
2018-04-10,I016,QQQ,3,insurance,CLOSE,put,-1,152.0,2018-04-20,6,161.21,0.5302316944511354,0.516975902089857,0.5434874868124138,0.5434874868124138,0.31616582527398357,-0.12396427485927229,-326.09249208744825,-11.853475416767031,11.853475416767031,INSURANCE_DTE_ROLL,I016
2018-06-27,I016,QQQ,4,insurance,OPEN,put,1,160.0,2018-09-21,12,169.73,2.6072513392342245,2.542070055753369,2.67243262271508,2.67243262271508,0.20285454960433288,-0.24888469514385186,-3206.919147258096,-86.01754017702673,86.01754017702673,INSURANCE_MODEL_ENTRY_PUT_SPREAD,I016
2018-06-27,I016,QQQ,4,insurance,OPEN,put,-1,149.0,2018-09-21,12,169.73,0.8780361493028863,0.8560852455703142,0.8999870530354585,0.8560852455703142,0.22101323707739132,-0.09776232982302051,1027.302294684377,-34.14108447908656,34.14108447908656,INSURANCE_MODEL_ENTRY_PUT_SPREAD,I016
2018-09-11,I016,QQQ,4,insurance,CLOSE,put,1,160.0,2018-09-21,12,183.12,8.039544751949762e-05,0.0,0.010080395447519498,0.0,0.21206716906946266,-5.357423445170001e-05,0.0,-7.896474537023398,7.896474537023398,INSURANCE_DTE_ROLL,I016
2018-09-11,I016,QQQ,4,insurance,CLOSE,put,-1,149.0,2018-09-21,12,183.12,2.403274450253055e-08,0.0,0.010000024032744503,0.010000024032744503,0.22813286369593708,-2.0114908080469634e-08,-12.000028839293403,-19.8,19.8,INSURANCE_DTE_ROLL,I016
2018-09-19,I016,QQQ,5,insurance,OPEN,put,1,173.0,2018-12-21,5,182.7,2.5657247970000157,2.5015816770750154,2.629867916925016,2.629867916925016,0.18172828172140543,-0.24605361369517123,-1314.933958462508,-35.3215599625001,35.3215599625001,INSURANCE_MODEL_ENTRY_PUT_SPREAD,I016
2018-09-19,I016,QQQ,5,insurance,OPEN,put,-1,162.0,2018-12-21,5,182.7,0.8586984886349889,0.8372310264191142,0.8801659508508636,0.8372310264191142,0.196929887036504,-0.09646122802212809,418.6155132095571,-13.98373110793735,13.98373110793735,INSURANCE_MODEL_ENTRY_PUT_SPREAD,I016
2018-10-10,I016,QQQ,5,insurance,CLOSE,put,1,173.0,2018-12-21,1,171.73,7.098216094613946,6.920760692248598,7.275671496979294,6.920760692248598,0.22044631432618692,-0.4978060731625522,692.0760692248598,-18.395540236534828,18.395540236534828,INSURANCE_PARTIAL_MONETIZATION,I016
2018-10-10,I016,QQQ,5,insurance,CLOSE,put,-1,162.0,2018-12-21,1,171.73,3.092253825443123,3.014947479807045,3.169560171079201,3.169560171079201,0.2391816195005344,-0.26403003755009924,-316.9560171079201,-8.380634563607808,8.380634563607808,INSURANCE_PARTIAL_MONETIZATION,I016
2018-10-18,I016,QQQ,5,insurance,CLOSE,put,1,173.0,2018-12-21,1,173.18,5.975134922266037,5.825756549209386,6.1245132953226875,5.825756549209386,0.21834512651743393,-0.4647814893869902,582.5756549209385,-15.587837305665092,15.587837305665092,INSURANCE_PARTIAL_MONETIZATION,I016
2018-10-18,I016,QQQ,5,insurance,CLOSE,put,-1,162.0,2018-12-21,1,173.18,2.413811684671032,2.353466392554256,2.4741569767878078,2.4741569767878078,0.239115922640453,-0.22821537789679075,-247.4156976787808,-6.684529211677598,6.684529211677598,INSURANCE_PARTIAL_MONETIZATION,I016
2018-12-11,I016,QQQ,5,insurance,CLOSE,put,1,173.0,2018-12-21,3,163.61,9.849720340817811,9.603477332297366,10.095963349338255,9.603477332297366,0.2969253689058051,-0.8645683330081761,2881.04319968921,-75.82290255613337,75.82290255613337,INSURANCE_DTE_ROLL,I016
2018-12-11,I016,QQQ,5,insurance,CLOSE,put,-1,162.0,2018-12-21,3,163.61,2.4661874893602374,2.4045328021262313,2.5278421765942434,2.5278421765942434,0.30130819859780145,-0.408159097204771,-758.352652978273,-20.446406170201808,20.446406170201808,INSURANCE_DTE_ROLL,I016
2019-03-11,I016,QQQ,6,insurance,OPEN,put,1,164.0,2019-06-21,12,174.73,3.020302350918371,2.9447947921454114,3.0958099096913303,3.0958099096913303,0.20766751851393783,-0.24948789793797627,-3714.9718916295965,-98.40907052755134,98.40907052755134,INSURANCE_MODEL_ENTRY_PUT_SPREAD,I016
2019-03-11,I016,QQQ,6,insurance,OPEN,put,-1,152.0,2019-06-21,12,174.73,1.0953044766057936,1.0679218646906488,1.1226870885209383,1.0679218646906488,0.22725622719074057,-0.10384963445133572,1281.5062376287785,-40.659134298173754,40.659134298173754,INSURANCE_MODEL_ENTRY_PUT_SPREAD,I016
2019-05-17,I016,QQQ,6,insurance,CLOSE,put,1,164.0,2019-06-21,6,183.04,0.2667042229372054,0.2567042229372054,0.2767042229372054,0.2567042229372054,0.22257136639785324,-0.04938557322978832,154.02253376232323,-9.900000000000006,9.900000000000006,INSURANCE_PARTIAL_MONETIZATION,I016
2019-05-17,I016,QQQ,6,insurance,CLOSE,put,-1,152.0,2019-06-21,6,183.04,0.02453409004301954,0.01453409004301954,0.03453409004301954,0.03453409004301954,0.2415046584354778,-0.005494625928727899,-20.720454025811726,-9.900000000000002,9.900000000000002,INSURANCE_PARTIAL_MONETIZATION,I016
2019-06-11,I016,QQQ,6,insurance,CLOSE,put,1,164.0,2019-06-21,6,183.4,0.0037208735258510983,0.0,0.013720873525851099,0.0,0.23428298800436204,-0.001789078824720522,0.0,-6.132524115510659,6.132524115510659,INSURANCE_DTE_ROLL,I016
2019-06-11,I016,QQQ,6,insurance,CLOSE,put,-1,152.0,2019-06-21,6,183.4,5.527506562571041e-06,0.0,0.010005527506562572,0.010005527506562572,0.25412813522355504,-3.4745453223730102e-06,-6.003316503937544,-9.9,9.9,INSURANCE_DTE_ROLL,I016
2019-08-02,I016,QQQ,7,insurance,OPEN,put,1,176.0,2019-10-18,11,187.35,2.872879319195384,2.8010573362154996,2.9447013021752686,2.9447013021752686,0.22034755862759503,-0.24322299253573215,-3239.1714323927954,-86.15418127787296,86.15418127787296,INSURANCE_MODEL_ENTRY_PUT_SPREAD,I016
2019-08-02,I016,QQQ,7,insurance,OPEN,put,-1,164.0,2019-10-18,11,187.35,1.007101309579543,0.9819237768400544,1.0322788423190314,0.9819237768400544,0.23975431608470432,-0.09866002689998792,1080.1161545240598,-34.84528601343738,34.84528601343738,INSURANCE_MODEL_ENTRY_PUT_SPREAD,I016
2019-08-14,I016,QQQ,7,insurance,CLOSE,put,1,176.0,2019-10-18,5,182.76,4.307916687856434,4.2002187706600225,4.415614605052845,4.2002187706600225,0.24326991850038512,-0.3298463235068154,2100.1093853300113,-57.0989585982056,57.0989585982056,INSURANCE_PARTIAL_MONETIZATION,I016
2019-08-14,I016,QQQ,7,insurance,CLOSE,put,-1,164.0,2019-10-18,5,182.76,1.6637685893586145,1.622174374624649,1.70536280409258,1.70536280409258,0.2659700664164397,-0.14897945487451844,-852.6814020462899,-24.047107366982704,24.047107366982704,INSURANCE_PARTIAL_MONETIZATION,I016
2019-10-08,I016,QQQ,7,insurance,CLOSE,put,1,176.0,2019-10-18,6,185.42,0.3753017232717397,0.3653017232717397,0.3853017232717397,0.3653017232717397,0.2518320569517851,-0.10065268788545707,219.18103396304383,-9.900000000000006,9.900000000000006,INSURANCE_DTE_ROLL,I016
2019-10-08,I016,QQQ,7,insurance,CLOSE,put,-1,164.0,2019-10-18,6,185.42,0.008210109046626557,0.0,0.01821010904662656,0.01821010904662656,0.27454805306870883,-0.003170205454297853,-10.926065427975935,-9.900000000000002,9.900000000000002,INSURANCE_DTE_ROLL,I016
2019-10-16,I016,QQQ,8,insurance,OPEN,put,1,181.0,2020-01-17,2,193.04,3.4246744457194893,3.3390575845765023,3.5102913068624764,3.5102913068624764,0.21797190371495775,-0.2539556761009132,-702.0582613724953,-18.42337222859741,18.42337222859741,INSURANCE_MODEL_ENTRY_PUT_SPREAD,I016
2019-10-16,I016,QQQ,8,insurance,OPEN,put,-1,167.0,2020-01-17,2,193.04,1.1735684825363037,1.1442292704728962,1.2029076945997113,1.1442292704728962,0.2396555132744751,-0.10065896609017097,228.84585409457924,-7.167842412681501,7.167842412681501,INSURANCE_MODEL_ENTRY_PUT_SPREAD,I016
2020-01-07,I016,QQQ,8,insurance,CLOSE,put,1,181.0,2020-01-17,2,215.53,4.4681343443266097e-07,0.0,0.010000446813434432,0.0,0.2127139493341994,-3.1276067797792047e-07,0.0,-1.3000893626868866,1.3000893626868866,INSURANCE_DTE_ROLL,I016
2020-01-07,I016,QQQ,8,insurance,CLOSE,put,-1,167.0,2020-01-17,2,215.53,9.10525448858508e-12,0.0,0.010000000009105255,0.010000000009105255,0.2294239201039298,-7.767778896079725e-12,-2.000000001821051,-3.3,3.3,INSURANCE_DTE_ROLL,I016
2020-01-27,I016,QQQ,9,insurance,OPEN,put,1,205.0,2020-04-17,10,218.1,3.2908673765274514,3.2085956921142653,3.3731390609406375,3.3731390609406375,0.2106554310979129,-0.24406102534165564,-3373.139060940638,-88.77168441318611,88.77168441318611,INSURANCE_MODEL_ENTRY_PUT_SPREAD,I016
2020-01-27,I016,QQQ,9,insurance,OPEN,put,-1,191.0,2020-04-17,10,218.1,1.1222564670941395,1.094200055416786,1.150312878771493,1.094200055416786,0.2292622199646055,-0.09677309070482724,1094.200055416786,-34.556411677353395,34.556411677353395,INSURANCE_MODEL_ENTRY_PUT_SPREAD,I016
2020-02-27,I016,QQQ,9,insurance,CLOSE,put,1,205.0,2020-04-17,2,205.64,9.832771309925022,9.586952027176896,10.078590592673148,9.586952027176896,0.3389686166768062,-0.46132054958337715,1917.390405435379,-50.46385654962525,50.46385654962525,INSURANCE_PARTIAL_MONETIZATION,I016
2020-02-27,I016,QQQ,9,insurance,CLOSE,put,-1,191.0,2020-04-17,2,205.64,5.057894871110577,4.931447499332812,5.1843422428883414,5.1843422428883414,0.37342331633901793,-0.2703134782523378,-1036.8684485776682,-26.589474355552955,26.589474355552955,INSURANCE_PARTIAL_MONETIZATION,I016
2020-03-12,I016,QQQ,9,insurance,CLOSE,put,1,205.0,2020-04-17,3,177.32,32.691575237928504,31.87428585698029,33.508864618876714,31.87428585698029,0.623629526996555,-0.7399093329358275,9562.285757094087,-247.1368142844642,247.1368142844642,INSURANCE_PARTIAL_MONETIZATION,I016
2020-03-12,I016,QQQ,9,insurance,CLOSE,put,-1,191.0,2020-04-17,3,177.32,22.26564364282288,21.70900255175231,22.82228473389345,22.82228473389345,0.623629526996555,-0.6112200308102443,-6846.685420168036,-168.94232732117115,168.94232732117115,INSURANCE_PARTIAL_MONETIZATION,I016
2020-04-07,I016,QQQ,9,insurance,CLOSE,put,1,205.0,2020-04-17,5,196.4,15.973217934333434,15.573887485975098,16.372548382691768,15.573887485975098,0.8404344850634161,-0.5946430637208358,7786.943742987549,-202.9152241791681,202.9152241791681,INSURANCE_DTE_ROLL,I016
2020-04-07,I016,QQQ,9,insurance,CLOSE,put,-1,191.0,2020-04-17,5,196.4,8.703444574141841,8.485858459788295,8.921030688495387,8.921030688495387,0.8750959887752984,-0.3959446501172617,-4460.515344247693,-112.043057176773,112.043057176773,INSURANCE_DTE_ROLL,I016
2020-09-11,I016,QQQ,10,insurance,OPEN,put,1,243.0,2020-12-18,8,270.45,8.314582603273934,8.106718038192085,8.522447168355782,8.522447168355782,0.3562543854589807,-0.2525963869863692,-6817.957734684625,-171.49165206547895,171.49165206547895,INSURANCE_MODEL_ENTRY_PUT_SPREAD,I016
2020-09-11,I016,QQQ,10,insurance,OPEN,put,-1,210.0,2020-12-18,8,270.45,2.98617526067693,2.911520879160007,3.0608296421938532,2.911520879160007,0.412843529719613,-0.0994981768490754,2329.2167033280057,-64.92350521353853,64.92350521353853,INSURANCE_MODEL_ENTRY_PUT_SPREAD,I016
2020-09-14,I016,QQQ,10,insurance,CLOSE,put,1,243.0,2020-12-18,4,275.16,7.036882109840683,6.860960057094665,7.2128041625867,6.860960057094665,0.35813598848891964,-0.22186696068982495,2744.3840228378663,-72.96882109840689,72.96882109840689,INSURANCE_PARTIAL_MONETIZATION,I016
2020-09-14,I016,QQQ,10,insurance,CLOSE,put,-1,210.0,2020-12-18,4,275.16,2.4103524291326544,2.350093618404338,2.4706112398609705,2.4706112398609705,0.4129527214208971,-0.0833366116781142,-988.2444959443882,-26.703524291326474,26.703524291326474,INSURANCE_PARTIAL_MONETIZATION,I016
2020-12-08,I016,QQQ,10,insurance,CLOSE,put,1,243.0,2020-12-18,4,308.29,4.895991613293026e-05,0.0,0.01004895991613293,0.0,0.3436487722598851,-1.27623529769448e-05,0.0,-2.619583966453172,2.619583966453172,INSURANCE_DTE_ROLL,I016
2020-12-08,I016,QQQ,10,insurance,CLOSE,put,-1,210.0,2020-12-18,4,308.29,2.3126644677296357e-09,0.0,0.010000002312664468,0.010000002312664468,0.38552363034804893,-7.396671245113014e-10,-4.0000009250657875,-6.6,6.6,INSURANCE_DTE_ROLL,I016
2021-02-03,I016,QQQ,11,insurance,OPEN,put,1,291.0,2021-05-21,10,326.38,10.580259694452579,10.315753202091264,10.844766186813894,10.844766186813894,0.36319832308469463,-0.24947684217159796,-10844.766186813895,-271.00649236131517,271.00649236131517,INSURANCE_MODEL_ENTRY_PUT_SPREAD,I016
2021-02-03,I016,QQQ,11,insurance,OPEN,put,-1,250.0,2021-05-21,10,326.38,3.9464639471154186,3.847802348437533,4.045125545793304,3.847802348437533,0.42206430508419046,-0.10100108330415294,3847.802348437533,-105.16159867788538,105.16159867788538,INSURANCE_MODEL_ENTRY_PUT_SPREAD,I016
2021-05-11,I016,QQQ,11,insurance,CLOSE,put,1,291.0,2021-05-21,10,325.31,0.11100813640022089,0.1010081364002209,0.12100813640022089,0.1010081364002209,0.3226753404444991,-0.017391238271428855,101.00813640022089,-16.499999999999996,16.499999999999996,INSURANCE_DTE_ROLL,I016
2021-05-11,I016,QQQ,11,insurance,CLOSE,put,-1,250.0,2021-05-21,10,325.31,4.332223190164214e-05,0.0,0.010043322231901642,0.010043322231901642,0.37534479419630506,-9.900189024662391e-06,-10.04332223190164,-16.5,16.5,INSURANCE_DTE_ROLL,I016
2021-09-23,I016,QQQ,12,insurance,OPEN,put,1,344.0,2021-12-17,1,372.98,8.071006456576782,7.869231295162363,8.272781617991201,8.272781617991201,0.2765555848850932,-0.25273256100005487,-827.2781617991202,-20.82751614144192,20.82751614144192,INSURANCE_MODEL_ENTRY_PUT_SPREAD,I016
2021-09-23,I016,QQQ,12,insurance,OPEN,put,-1,311.0,2021-12-17,1,372.98,2.7874796585381034,2.717792667074651,2.857166650001556,2.717792667074651,0.30942748175581497,-0.09932260220687816,271.77926670746507,-7.618699146345259,7.618699146345259,INSURANCE_MODEL_ENTRY_PUT_SPREAD,I016
2021-12-07,I016,QQQ,12,insurance,CLOSE,put,1,344.0,2021-12-17,1,397.83,0.013107395407781164,0.0031073954077811636,0.023107395407781166,0.0031073954077811636,0.31024430661337754,-0.002153731330597675,0.3107395407781164,-1.65,1.65,INSURANCE_DTE_ROLL,I016
2021-12-07,I016,QQQ,12,insurance,CLOSE,put,-1,311.0,2021-12-17,1,397.83,2.9398150737347875e-05,0.0,0.010029398150737348,0.010029398150737348,0.342333515571978,-6.156579027717125e-06,-1.0029398150737348,-1.65,1.65,INSURANCE_DTE_ROLL,I016
2022-01-03,I016,QQQ,13,insurance,OPEN,put,1,370.0,2022-04-14,13,401.68,8.65240897107499,8.436098746798116,8.868719195351865,8.868719195351865,0.25524487439302035,-0.2506505997768318,-11529.334953957425,-289.6532915599367,289.6532915599367,INSURANCE_MODEL_ENTRY_PUT_SPREAD,I016
2022-01-03,I016,QQQ,13,insurance,OPEN,put,-1,335.0,2022-04-14,13,401.68,3.054337935462108,2.9779794870755554,3.130696383848661,2.9779794870755554,0.2850764770324539,-0.10036938414267023,3871.3733331982216,-107.71598290251852,107.71598290251852,INSURANCE_MODEL_ENTRY_PUT_SPREAD,I016
2022-01-20,I016,QQQ,13,insurance,CLOSE,put,1,370.0,2022-04-14,3,361.72,22.81640257678353,22.245992512363944,23.386812641203118,22.245992512363944,0.2608344494118827,-0.5486745683728483,6673.797753709184,-173.07301932587603,173.07301932587603,INSURANCE_PARTIAL_MONETIZATION,I016
2022-01-20,I016,QQQ,13,insurance,CLOSE,put,-1,335.0,2022-04-14,3,361.72,8.867290904706309,8.645608632088651,9.088973177323966,9.088973177323966,0.28973593324586555,-0.2684412512029026,-2726.69195319719,-68.45468178529732,68.45468178529732,INSURANCE_PARTIAL_MONETIZATION,I016
2022-01-27,I016,QQQ,13,insurance,CLOSE,put,1,370.0,2022-04-14,3,341.1,36.972614133025814,36.04829877970017,37.89692948635146,36.04829877970017,0.291770601716441,-0.7062801283704285,10814.48963391005,-279.2446059976938,279.2446059976938,INSURANCE_PARTIAL_MONETIZATION,I016
2022-01-27,I016,QQQ,13,insurance,CLOSE,put,-1,335.0,2022-04-14,3,341.1,15.73913668037818,15.345658263368726,16.132615097387635,16.132615097387635,0.2995973416921239,-0.42216470801612804,-4839.784529216291,-119.99352510283636,119.99352510283636,INSURANCE_PARTIAL_MONETIZATION,I016
2022-04-04,I016,QQQ,13,insurance,CLOSE,put,1,370.0,2022-04-14,7,369.3,7.230716728614368,7.049948810399009,7.411484646829727,7.049948810399009,0.2818522533714421,-0.5066816470921752,4934.964167279306,-131.08754275075145,131.08754275075145,INSURANCE_DTE_ROLL,I016
2022-04-04,I016,QQQ,13,insurance,CLOSE,put,-1,335.0,2022-04-14,7,369.3,0.2446147358977253,0.2346147358977253,0.2546147358977253,0.2546147358977253,0.32111924074203696,-0.031378870078879774,-178.2303151284077,-11.550000000000006,11.550000000000006,INSURANCE_DTE_ROLL,I016
2023-03-14,I016,QQQ,14,insurance,OPEN,put,1,271.0,2023-06-16,9,297.37,8.472692470269436,8.2608751585127,8.684509782026172,8.684509782026172,0.3460580937641677,-0.24859988509188122,-7816.058803823555,-196.4855805810623,196.4855805810623,INSURANCE_MODEL_ENTRY_PUT_SPREAD,I016
2023-03-14,I016,QQQ,14,insurance,OPEN,put,-1,237.0,2023-06-16,9,297.37,3.134980226241691,3.0566057205856487,3.213354731897733,3.0566057205856487,0.3984405610253461,-0.10075182117527043,2750.945148527084,-76.38705509043788,76.38705509043788,INSURANCE_MODEL_ENTRY_PUT_SPREAD,I016
2023-06-06,I016,QQQ,14,insurance,CLOSE,put,1,271.0,2023-06-16,9,354.84,6.779618491986603e-11,0.0,0.010000000067796186,0.0,0.2511082177882989,-3.118648159607556e-11,0.0,-5.8500000610165666,5.8500000610165666,INSURANCE_DTE_ROLL,I016
2023-06-06,I016,QQQ,14,insurance,CLOSE,put,-1,237.0,2023-06-16,9,354.84,0.0,0.0,0.01,0.01,0.2777551572539736,0.0,-9.0,-14.850000000000001,14.850000000000001,INSURANCE_DTE_ROLL,I016
2023-09-27,I016,QQQ,15,insurance,OPEN,put,1,333.0,2023-12-15,4,355.04,6.639036294456417,6.473060387095007,6.805012201817828,6.805012201817828,0.2578408039069073,-0.24668930192858887,-2722.004880727131,-68.99036294456417,68.99036294456417,INSURANCE_MODEL_ENTRY_PUT_SPREAD,I016
2023-09-27,I016,QQQ,15,insurance,OPEN,put,-1,305.0,2023-12-15,4,355.04,2.318199775704187,2.2602447813115822,2.3761547700967918,2.2602447813115822,0.2857442147909323,-0.09836568013364008,904.0979125246329,-25.781997757041907,25.781997757041907,INSURANCE_MODEL_ENTRY_PUT_SPREAD,I016
2023-12-05,I016,QQQ,15,insurance,CLOSE,put,1,333.0,2023-12-15,4,387.29,9.487328625588194e-06,0.0,0.010009487328625588,0.0,0.20562466756177541,-3.4949707586450465e-06,0.0,-2.6037949314502353,2.6037949314502353,INSURANCE_DTE_ROLL,I016
2023-12-05,I016,QQQ,15,insurance,CLOSE,put,-1,305.0,2023-12-15,4,387.29,8.794913604878505e-11,0.0,0.010000000087949136,0.010000000087949136,0.22404962043946397,-4.132171675838381e-11,-4.000000035179655,-6.6,6.6,INSURANCE_DTE_ROLL,I016
2024-08-06,I016,QQQ,16,insurance,OPEN,put,1,412.0,2024-11-15,8,439.53,8.945791837174923,8.72214704124555,9.169436633104295,9.169436633104295,0.24256721920912425,-0.25018892460303455,-7335.549306483436,-184.11583674349788,184.11583674349788,INSURANCE_MODEL_ENTRY_PUT_SPREAD,I016
2024-08-06,I016,QQQ,16,insurance,OPEN,put,-1,375.0,2024-11-15,8,439.53,3.164845894390801,3.085724747031031,3.243967041750571,3.085724747031031,0.2705659311440411,-0.10044611153493724,2468.579797624825,-68.49691788781595,68.49691788781595,INSURANCE_MODEL_ENTRY_PUT_SPREAD,I016
2024-08-09,I016,QQQ,16,insurance,CLOSE,put,1,412.0,2024-11-15,4,450.41,6.577435549193169,6.412999660463339,6.741871437922998,6.412999660463339,0.2462626916121037,-0.194238015339157,2565.1998641853356,-68.37435549193175,68.37435549193175,INSURANCE_PARTIAL_MONETIZATION,I016
2024-08-09,I016,QQQ,16,insurance,CLOSE,put,-1,375.0,2024-11-15,4,450.41,2.189611487455913,2.134871200269515,2.244351774642311,2.244351774642311,0.2731660514555598,-0.07279274013728869,-897.7407098569245,-24.496114874559204,24.496114874559204,INSURANCE_PARTIAL_MONETIZATION,I016
2024-11-05,I016,QQQ,16,insurance,CLOSE,put,1,412.0,2024-11-15,4,492.21,0.00027226806945652646,0.0,0.010272268069456527,0.0,0.27999862863411956,-5.1119960896914584e-05,0.0,-2.7089072277826105,2.7089072277826105,INSURANCE_DTE_ROLL,I016
2024-11-05,I016,QQQ,16,insurance,CLOSE,put,-1,375.0,2024-11-15,4,492.21,1.2394077695314785e-07,0.0,0.010000123940776953,0.010000123940776953,0.30536889742183215,-2.847881236584924e-08,-4.000049576310781,-6.6,6.6,INSURANCE_DTE_ROLL,I016
2024-12-20,I016,QQQ,17,insurance,OPEN,put,1,491.0,2025-03-21,6,518.66,8.720815532736538,8.502795144418124,8.93883592105495,8.93883592105495,0.21099145427824006,-0.2525429368332851,-5363.30155263297,-134.71223299104784,134.71223299104784,INSURANCE_MODEL_ENTRY_PUT_SPREAD,I016
2024-12-20,I016,QQQ,17,insurance,OPEN,put,-1,455.0,2025-03-21,6,518.66,3.010102326683878,2.934849768516781,3.085354884850975,2.934849768516781,0.23133161054178547,-0.1008555519110246,1760.909861110069,-49.05153490025811,49.05153490025811,INSURANCE_MODEL_ENTRY_PUT_SPREAD,I016
2025-03-10,I016,QQQ,17,insurance,CLOSE,put,1,491.0,2025-03-21,2,472.73,20.95827529328716,20.43431841095498,21.482232175619338,20.43431841095498,0.2884,-0.7609657687216563,4086.863682190996,-106.09137646643579,106.09137646643579,INSURANCE_PARTIAL_MONETIZATION,I016
2025-03-10,I016,QQQ,17,insurance,CLOSE,put,-1,455.0,2025-03-21,2,472.73,3.246506942893518,3.16534426932118,3.327669616465856,3.327669616465856,0.304624902164026,-0.22043093037427441,-665.5339232931711,-17.532534714467573,17.532534714467573,INSURANCE_PARTIAL_MONETIZATION,I016
2025-03-11,I016,QQQ,17,insurance,CLOSE,put,1,491.0,2025-03-21,4,471.6,21.51257076524962,20.97475649611838,22.05038503438086,20.97475649611838,0.287,-0.7889886149020718,8389.902598447352,-217.72570765249563,217.72570765249563,INSURANCE_DTE_ROLL,I016
2025-03-11,I016,QQQ,17,insurance,CLOSE,put,-1,455.0,2025-03-21,4,471.6,3.105462554501969,3.02782599063942,3.183099118364518,3.183099118364518,0.30215330788804073,-0.22301940849545324,-1273.2396473458073,-33.654625545019655,33.654625545019655,INSURANCE_DTE_ROLL,I016
2025-03-19,I016,QQQ,18,insurance,OPEN,put,1,450.0,2025-06-20,7,480.89,9.225521079912525,8.994883052914712,9.456159106910338,9.456159106910338,0.24253992809197364,-0.24740186388653915,-6619.311374837237,-165.99661889846897,165.99661889846897,INSURANCE_MODEL_ENTRY_PUT_SPREAD,I016
2025-03-19,I016,QQQ,18,insurance,OPEN,put,-1,412.0,2025-06-20,7,480.89,3.2923487222235295,3.2100400041679413,3.3746574402791176,3.2100400041679413,0.2687617041861317,-0.10048648028112332,2247.028002917559,-62.1661026389117,62.1661026389117,INSURANCE_MODEL_ENTRY_PUT_SPREAD,I016
2025-04-04,I016,QQQ,18,insurance,CLOSE,put,1,450.0,2025-06-20,2,422.67,36.499906980935805,35.58740930641241,37.4124046554592,35.58740930641241,0.28415192153667906,-0.638345950224253,7117.481861282482,-183.79953490467875,183.79953490467875,INSURANCE_PARTIAL_MONETIZATION,I016
2025-04-04,I016,QQQ,18,insurance,CLOSE,put,-1,412.0,2025-06-20,2,422.67,16.20026967212891,15.795262930325688,16.605276413932135,16.605276413932135,0.2949117377152452,-0.376729826939972,-3321.055282786427,-82.3013483606447,82.3013483606447,INSURANCE_PARTIAL_MONETIZATION,I016
2025-04-15,I016,QQQ,18,insurance,CLOSE,put,1,450.0,2025-06-20,1,457.99,26.441911165043564,25.780863385917474,27.102958944169654,25.780863385917474,0.41294595997059624,-0.4101572905620355,2578.0863385917473,-66.75477791260899,66.75477791260899,INSURANCE_PARTIAL_MONETIZATION,I016
2025-04-15,I016,QQQ,18,insurance,CLOSE,put,-1,412.0,2025-06-20,1,457.99,15.006301546388869,14.631144007729148,15.38145908504859,15.38145908504859,0.46302930423002275,-0.2512327962234185,-1538.145908504859,-38.1657538659721,38.1657538659721,INSURANCE_PARTIAL_MONETIZATION,I016
2025-06-10,I016,QQQ,18,insurance,CLOSE,put,1,450.0,2025-06-20,4,534.21,4.4464597483972156e-05,0.0,0.010044464597483971,0.0,0.24506477789633294,-9.535635321413638e-06,0.0,-2.617785838993589,2.617785838993589,INSURANCE_DTE_ROLL,I016
2025-06-10,I016,QQQ,18,insurance,CLOSE,put,-1,412.0,2025-06-20,4,534.21,5.355389558337906e-09,0.0,0.010000005355389559,0.010000005355389559,0.2662126410961982,-1.413008269792518e-09,-4.000002142155823,-6.6,6.6,INSURANCE_DTE_ROLL,I016
2025-08-06,I016,QQQ,19,insurance,OPEN,put,1,532.0,2025-11-21,6,567.32,11.262942685486792,10.981369118349622,11.54451625262396,11.54451625262396,0.22938904553011774,-0.25094561832166407,-6926.709751574375,-172.84414028230145,172.84414028230145,INSURANCE_MODEL_ENTRY_PUT_SPREAD,I016
2025-08-06,I016,QQQ,19,insurance,OPEN,put,-1,485.0,2025-11-21,6,567.32,3.913182952100051,3.8153533782975497,4.011012525902553,3.8153533782975497,0.25546018483347627,-0.0994130316169515,2289.2120269785296,-62.59774428150087,62.59774428150087,INSURANCE_MODEL_ENTRY_PUT_SPREAD,I016
2025-11-11,I016,QQQ,19,insurance,CLOSE,put,1,532.0,2025-11-21,6,621.57,0.0020150492581717805,0.0,0.01201504925817178,0.0,0.2757021695062503,-0.00027654310763756566,0.0,-5.109029554903069,5.109029554903069,INSURANCE_DTE_ROLL,I016
2025-11-11,I016,QQQ,19,insurance,CLOSE,put,-1,485.0,2025-11-21,6,621.57,1.5267171394177945e-06,0.0,0.010001526717139417,0.010001526717139417,0.3014150417491192,-2.6237940197453295e-07,-6.00091603028365,-9.9,9.9,INSURANCE_DTE_ROLL,I016
2025-11-24,I016,QQQ,20,insurance,OPEN,put,1,567.0,2026-02-20,1,605.16,11.638313767405634,11.347355923220494,11.929271611590774,11.929271611590774,0.24522359968059165,-0.25119238830292423,-1192.9271611590775,-29.745784418514013,29.745784418514013,INSURANCE_MODEL_ENTRY_PUT_SPREAD,I016
2025-11-24,I016,QQQ,20,insurance,OPEN,put,-1,519.0,2026-02-20,1,605.16,4.063351234424353,3.961767453563744,4.164935015284962,3.961767453563744,0.2718783387763082,-0.1002944579211175,396.1767453563744,-10.808378086060882,10.808378086060882,INSURANCE_MODEL_ENTRY_PUT_SPREAD,I016
2026-02-10,I016,QQQ,20,insurance,CLOSE,put,1,567.0,2026-02-20,1,611.47,0.38630525156285955,0.37630525156285954,0.39630525156285956,0.37630525156285954,0.26019241336451504,-0.03629674592397722,37.630525156285955,-1.6500000000000008,1.6500000000000008,INSURANCE_DTE_ROLL,I016
2026-02-10,I016,QQQ,20,insurance,CLOSE,put,-1,519.0,2026-02-20,1,611.47,0.0018351472153045612,0.0,0.011835147215304561,0.011835147215304561,0.28781633604265133,-0.0002468464138224626,-1.1835147215304562,-1.65,1.65,INSURANCE_DTE_ROLL,I016
2026-04-01,I016,QQQ,21,insurance,OPEN,put,1,546.0,2026-06-18,7,584.31,11.190156390598446,10.910402480833485,11.469910300363408,11.469910300363408,0.2622615199978884,-0.249043971243966,-8028.937210254386,-200.37773683547306,200.37773683547306,INSURANCE_MODEL_ENTRY_PUT_SPREAD,I016
2026-04-01,I016,QQQ,21,insurance,OPEN,put,-1,500.0,2026-06-18,7,584.31,3.950890441050568,3.852118180024304,4.049662702076832,3.852118180024304,0.29045838787191636,-0.10036776647056779,2696.4827260170127,-73.69058271838482,73.69058271838482,INSURANCE_MODEL_ENTRY_PUT_SPREAD,I016
2026-06-08,I016,QQQ,21,insurance,CLOSE,put,1,546.0,2026-06-18,7,716.07,3.069388107842597e-05,0.0,0.010030693881078426,0.0,0.3678169173404835,-3.4042559954311795e-06,0.0,-4.571485716754898,4.571485716754898,INSURANCE_DTE_ROLL,I016
2026-06-08,I016,QQQ,21,insurance,CLOSE,put,-1,500.0,2026-06-18,7,716.07,1.1130990460670644e-07,0.0,0.010000111309904606,0.010000111309904606,0.39394955800410575,-1.3880339810587695e-08,-7.000077916933225,-11.55,11.55,INSURANCE_DTE_ROLL,I016
2017-05-19,I017,QQQ,1,insurance,OPEN,put,1,131.0,2017-08-18,13,137.84,1.567721170466612,1.5285281412049467,1.6069141997282774,1.6069141997282774,0.15491447895620222,-0.23998560750666012,-2088.9884596467605,-59.40093804016495,59.40093804016495,INSURANCE_MODEL_ENTRY_PUT_SPREAD,I017
2017-05-19,I017,QQQ,1,insurance,OPEN,put,-1,125.0,2017-08-18,13,137.84,0.6031936800381068,0.5881138380371541,0.6182735220390595,0.5881138380371541,0.16432859313990122,-0.10719307871229418,764.5479894483003,-28.0537946012385,28.0537946012385,INSURANCE_MODEL_ENTRY_PUT_SPREAD,I017
2017-08-08,I017,QQQ,1,insurance,CLOSE,put,1,131.0,2017-08-18,13,144.31,0.00037922309550211114,0.0,0.010379223095502111,0.0,0.17337040052664401,-0.00035251971425331305,0.0,-8.942990024152746,8.942990024152746,INSURANCE_DTE_ROLL,I017
2017-08-08,I017,QQQ,1,insurance,CLOSE,put,-1,125.0,2017-08-18,13,144.31,8.189945214832103e-07,0.0,0.010000818994521484,0.010000818994521484,0.18286870279259926,-9.579889405193658e-07,-13.001064692877929,-21.450000000000003,21.450000000000003,INSURANCE_DTE_ROLL,I017
2017-08-16,I017,QQQ,2,insurance,OPEN,put,1,137.0,2017-11-17,13,144.28,1.6359083879971266,1.5950106782971984,1.6768060976970547,1.6768060976970547,0.15399168405436972,-0.23846754152976304,-2179.8479270061707,-61.617022609906556,61.617022609906556,INSURANCE_MODEL_ENTRY_PUT_SPREAD,I017
2017-08-16,I017,QQQ,2,insurance,OPEN,put,-1,130.0,2017-11-17,13,144.28,0.5612412689968362,0.5472102372719153,0.5752723007217572,0.5472102372719153,0.1644099358750584,-0.0963099863079094,711.3733084534899,-26.69034124239721,26.69034124239721,INSURANCE_MODEL_ENTRY_PUT_SPREAD,I017
2017-11-07,I017,QQQ,2,insurance,CLOSE,put,1,137.0,2017-11-17,13,153.88,8.157233712584831e-06,0.0,0.010008157233712584,0.0,0.1644335846113855,-9.094955392361101e-06,0.0,-8.46060440382636,8.46060440382636,INSURANCE_DTE_ROLL,I017
2017-11-07,I017,QQQ,2,insurance,CLOSE,put,-1,130.0,2017-11-17,13,153.88,1.5627905388137296e-09,0.0,0.01000000156279054,0.01000000156279054,0.17406836495970884,-2.1707067725592428e-09,-13.000002031627702,-21.450000000000003,21.450000000000003,INSURANCE_DTE_ROLL,I017
2018-01-31,I017,QQQ,3,insurance,OPEN,put,1,161.0,2018-04-20,11,169.4,2.152560800057728,2.0987467800562847,2.206374820059171,2.206374820059171,0.17674804813414044,-0.24869441200661946,-2427.012302065088,-66.34542200158752,66.34542200158752,INSURANCE_MODEL_ENTRY_PUT_SPREAD,I017
2018-01-31,I017,QQQ,3,insurance,OPEN,put,-1,152.0,2018-04-20,11,169.4,0.7245499292768756,0.7064361810449536,0.7426636775087975,0.7064361810449536,0.18985848027595856,-0.09876573534228274,777.079799149449,-27.075123055114105,27.075123055114105,INSURANCE_MODEL_ENTRY_PUT_SPREAD,I017
2018-02-05,I017,QQQ,3,insurance,CLOSE,put,1,161.0,2018-04-20,3,158.12,8.190108194655181,7.985355489788802,8.39486089952156,7.985355489788802,0.23710109002678986,-0.5402030939387124,2395.6066469366406,-63.37581145991386,63.37581145991386,INSURANCE_PARTIAL_MONETIZATION,I017
2018-02-05,I017,QQQ,3,insurance,CLOSE,put,-1,152.0,2018-04-20,3,158.12,4.260912102521921,4.154389299958873,4.367434905084969,4.367434905084969,0.25086650873692096,-0.3375090463786293,-1310.2304715254907,-33.90684076891441,33.90684076891441,INSURANCE_PARTIAL_MONETIZATION,I017
2018-02-14,I017,QQQ,3,insurance,CLOSE,put,1,161.0,2018-04-20,2,162.68,4.982013682235518,4.85746334017963,5.106564024291406,4.85746334017963,0.21652673883659612,-0.4300479073408139,971.492668035926,-26.210068411177556,26.210068411177556,INSURANCE_PARTIAL_MONETIZATION,I017
2018-02-14,I017,QQQ,3,insurance,CLOSE,put,-1,152.0,2018-04-20,2,162.68,2.209813836017858,2.154568490117412,2.2650591819183044,2.2650591819183044,0.23422111519430824,-0.22610507552780187,-453.01183638366086,-12.349069180089256,12.349069180089256,INSURANCE_PARTIAL_MONETIZATION,I017
2018-04-10,I017,QQQ,3,insurance,CLOSE,put,1,161.0,2018-04-20,6,161.21,2.9783235526760024,2.9038654638591024,3.0527816414929023,2.9038654638591024,0.2917793739601782,-0.47735236654522184,1742.3192783154616,-48.57485329013998,48.57485329013998,INSURANCE_DTE_ROLL,I017
2018-04-10,I017,QQQ,3,insurance,CLOSE,put,-1,152.0,2018-04-20,6,161.21,0.5302316944511354,0.516975902089857,0.5434874868124138,0.5434874868124138,0.31616582527398357,-0.12396427485927229,-326.09249208744825,-11.853475416767031,11.853475416767031,INSURANCE_DTE_ROLL,I017
2018-06-27,I017,QQQ,4,insurance,OPEN,put,1,160.0,2018-09-21,12,169.73,2.6072513392342245,2.542070055753369,2.67243262271508,2.67243262271508,0.20285454960433288,-0.24888469514385186,-3206.919147258096,-86.01754017702673,86.01754017702673,INSURANCE_MODEL_ENTRY_PUT_SPREAD,I017
2018-06-27,I017,QQQ,4,insurance,OPEN,put,-1,149.0,2018-09-21,12,169.73,0.8780361493028863,0.8560852455703142,0.8999870530354585,0.8560852455703142,0.22101323707739132,-0.09776232982302051,1027.302294684377,-34.14108447908656,34.14108447908656,INSURANCE_MODEL_ENTRY_PUT_SPREAD,I017
2018-09-11,I017,QQQ,4,insurance,CLOSE,put,1,160.0,2018-09-21,12,183.12,8.039544751949762e-05,0.0,0.010080395447519498,0.0,0.21206716906946266,-5.357423445170001e-05,0.0,-7.896474537023398,7.896474537023398,INSURANCE_DTE_ROLL,I017
2018-09-11,I017,QQQ,4,insurance,CLOSE,put,-1,149.0,2018-09-21,12,183.12,2.403274450253055e-08,0.0,0.010000024032744503,0.010000024032744503,0.22813286369593708,-2.0114908080469634e-08,-12.000028839293403,-19.8,19.8,INSURANCE_DTE_ROLL,I017
2018-09-19,I017,QQQ,5,insurance,OPEN,put,1,173.0,2018-12-21,11,182.7,2.5657247970000157,2.5015816770750154,2.629867916925016,2.629867916925016,0.18172828172140543,-0.24605361369517123,-2892.8547086175176,-77.70743191750024,77.70743191750024,INSURANCE_MODEL_ENTRY_PUT_SPREAD,I017
2018-09-19,I017,QQQ,5,insurance,OPEN,put,-1,162.0,2018-12-21,11,182.7,0.8586984886349889,0.8372310264191142,0.8801659508508636,0.8372310264191142,0.196929887036504,-0.09646122802212809,920.9541290610257,-30.764208437462173,30.764208437462173,INSURANCE_MODEL_ENTRY_PUT_SPREAD,I017
2018-10-10,I017,QQQ,5,insurance,CLOSE,put,1,173.0,2018-12-21,3,171.73,7.098216094613946,6.920760692248598,7.275671496979294,6.920760692248598,0.22044631432618692,-0.4978060731625522,2076.2282076745796,-55.18662070960449,55.18662070960449,INSURANCE_PARTIAL_MONETIZATION,I017
2018-10-10,I017,QQQ,5,insurance,CLOSE,put,-1,162.0,2018-12-21,3,171.73,3.092253825443123,3.014947479807045,3.169560171079201,3.169560171079201,0.2391816195005344,-0.26403003755009924,-950.8680513237603,-25.141903690823423,25.141903690823423,INSURANCE_PARTIAL_MONETIZATION,I017
2018-10-18,I017,QQQ,5,insurance,CLOSE,put,1,173.0,2018-12-21,2,173.18,5.975134922266037,5.825756549209386,6.1245132953226875,5.825756549209386,0.21834512651743393,-0.4647814893869902,1165.151309841877,-31.175674611330184,31.175674611330184,INSURANCE_PARTIAL_MONETIZATION,I017
2018-10-18,I017,QQQ,5,insurance,CLOSE,put,-1,162.0,2018-12-21,2,173.18,2.413811684671032,2.353466392554256,2.4741569767878078,2.4741569767878078,0.239115922640453,-0.22821537789679075,-494.8313953575616,-13.369058423355195,13.369058423355195,INSURANCE_PARTIAL_MONETIZATION,I017
2018-12-11,I017,QQQ,5,insurance,CLOSE,put,1,173.0,2018-12-21,6,163.61,9.849720340817811,9.603477332297366,10.095963349338255,9.603477332297366,0.2969253689058051,-0.8645683330081761,5762.08639937842,-151.64580511226674,151.64580511226674,INSURANCE_DTE_ROLL,I017
2018-12-11,I017,QQQ,5,insurance,CLOSE,put,-1,162.0,2018-12-21,6,163.61,2.4661874893602374,2.4045328021262313,2.5278421765942434,2.5278421765942434,0.30130819859780145,-0.408159097204771,-1516.705305956546,-40.892812340403616,40.892812340403616,INSURANCE_DTE_ROLL,I017
2019-03-11,I017,QQQ,6,insurance,OPEN,put,1,164.0,2019-06-21,12,174.73,3.020302350918371,2.9447947921454114,3.0958099096913303,3.0958099096913303,0.20766751851393783,-0.24948789793797627,-3714.9718916295965,-98.40907052755134,98.40907052755134,INSURANCE_MODEL_ENTRY_PUT_SPREAD,I017
2019-03-11,I017,QQQ,6,insurance,OPEN,put,-1,152.0,2019-06-21,12,174.73,1.0953044766057936,1.0679218646906488,1.1226870885209383,1.0679218646906488,0.22725622719074057,-0.10384963445133572,1281.5062376287785,-40.659134298173754,40.659134298173754,INSURANCE_MODEL_ENTRY_PUT_SPREAD,I017
2019-05-17,I017,QQQ,6,insurance,CLOSE,put,1,164.0,2019-06-21,6,183.04,0.2667042229372054,0.2567042229372054,0.2767042229372054,0.2567042229372054,0.22257136639785324,-0.04938557322978832,154.02253376232323,-9.900000000000006,9.900000000000006,INSURANCE_PARTIAL_MONETIZATION,I017
2019-05-17,I017,QQQ,6,insurance,CLOSE,put,-1,152.0,2019-06-21,6,183.04,0.02453409004301954,0.01453409004301954,0.03453409004301954,0.03453409004301954,0.2415046584354778,-0.005494625928727899,-20.720454025811726,-9.900000000000002,9.900000000000002,INSURANCE_PARTIAL_MONETIZATION,I017
2019-06-11,I017,QQQ,6,insurance,CLOSE,put,1,164.0,2019-06-21,6,183.4,0.0037208735258510983,0.0,0.013720873525851099,0.0,0.23428298800436204,-0.001789078824720522,0.0,-6.132524115510659,6.132524115510659,INSURANCE_DTE_ROLL,I017
2019-06-11,I017,QQQ,6,insurance,CLOSE,put,-1,152.0,2019-06-21,6,183.4,5.527506562571041e-06,0.0,0.010005527506562572,0.010005527506562572,0.25412813522355504,-3.4745453223730102e-06,-6.003316503937544,-9.9,9.9,INSURANCE_DTE_ROLL,I017
2019-08-02,I017,QQQ,7,insurance,OPEN,put,1,176.0,2019-10-18,12,187.35,2.872879319195384,2.8010573362154996,2.9447013021752686,2.9447013021752686,0.22034755862759503,-0.24322299253573215,-3533.641562610322,-93.98637957586142,93.98637957586142,INSURANCE_MODEL_ENTRY_PUT_SPREAD,I017
2019-08-02,I017,QQQ,7,insurance,OPEN,put,-1,164.0,2019-10-18,12,187.35,1.007101309579543,0.9819237768400544,1.0322788423190314,0.9819237768400544,0.23975431608470432,-0.09866002689998792,1178.3085322080651,-38.013039287386235,38.013039287386235,INSURANCE_MODEL_ENTRY_PUT_SPREAD,I017
2019-08-14,I017,QQQ,7,insurance,CLOSE,put,1,176.0,2019-10-18,6,182.76,4.307916687856434,4.2002187706600225,4.415614605052845,4.2002187706600225,0.24326991850038512,-0.3298463235068154,2520.131262396014,-68.51875031784672,68.51875031784672,INSURANCE_PARTIAL_MONETIZATION,I017
2019-08-14,I017,QQQ,7,insurance,CLOSE,put,-1,164.0,2019-10-18,6,182.76,1.6637685893586145,1.622174374624649,1.70536280409258,1.70536280409258,0.2659700664164397,-0.14897945487451844,-1023.2176824555479,-28.85652884037924,28.85652884037924,INSURANCE_PARTIAL_MONETIZATION,I017
2019-10-08,I017,QQQ,7,insurance,CLOSE,put,1,176.0,2019-10-18,6,185.42,0.3753017232717397,0.3653017232717397,0.3853017232717397,0.3653017232717397,0.2518320569517851,-0.10065268788545707,219.18103396304383,-9.900000000000006,9.900000000000006,INSURANCE_DTE_ROLL,I017
2019-10-08,I017,QQQ,7,insurance,CLOSE,put,-1,164.0,2019-10-18,6,185.42,0.008210109046626557,0.0,0.01821010904662656,0.01821010904662656,0.27454805306870883,-0.003170205454297853,-10.926065427975935,-9.900000000000002,9.900000000000002,INSURANCE_DTE_ROLL,I017
2019-10-16,I017,QQQ,8,insurance,OPEN,put,1,181.0,2020-01-17,7,193.04,3.4246744457194893,3.3390575845765023,3.5102913068624764,3.5102913068624764,0.21797190371495775,-0.2539556761009132,-2457.2039148037334,-64.48180280009093,64.48180280009093,INSURANCE_MODEL_ENTRY_PUT_SPREAD,I017
2019-10-16,I017,QQQ,8,insurance,OPEN,put,-1,167.0,2020-01-17,7,193.04,1.1735684825363037,1.1442292704728962,1.2029076945997113,1.1442292704728962,0.2396555132744751,-0.10065896609017097,800.9604893310274,-25.087448444385256,25.087448444385256,INSURANCE_MODEL_ENTRY_PUT_SPREAD,I017
2020-01-07,I017,QQQ,8,insurance,CLOSE,put,1,181.0,2020-01-17,7,215.53,4.4681343443266097e-07,0.0,0.010000446813434432,0.0,0.2127139493341994,-3.1276067797792047e-07,0.0,-4.550312769404103,4.550312769404103,INSURANCE_DTE_ROLL,I017
2020-01-07,I017,QQQ,8,insurance,CLOSE,put,-1,167.0,2020-01-17,7,215.53,9.10525448858508e-12,0.0,0.010000000009105255,0.010000000009105255,0.2294239201039298,-7.767778896079725e-12,-7.0000000063736785,-11.55,11.55,INSURANCE_DTE_ROLL,I017
2020-01-27,I017,QQQ,9,insurance,OPEN,put,1,205.0,2020-04-17,10,218.1,3.2908673765274514,3.2085956921142653,3.3731390609406375,3.3731390609406375,0.2106554310979129,-0.24406102534165564,-3373.139060940638,-88.77168441318611,88.77168441318611,INSURANCE_MODEL_ENTRY_PUT_SPREAD,I017
2020-01-27,I017,QQQ,9,insurance,OPEN,put,-1,191.0,2020-04-17,10,218.1,1.1222564670941395,1.094200055416786,1.150312878771493,1.094200055416786,0.2292622199646055,-0.09677309070482724,1094.200055416786,-34.556411677353395,34.556411677353395,INSURANCE_MODEL_ENTRY_PUT_SPREAD,I017
2020-02-27,I017,QQQ,9,insurance,CLOSE,put,1,205.0,2020-04-17,2,205.64,9.832771309925022,9.586952027176896,10.078590592673148,9.586952027176896,0.3389686166768062,-0.46132054958337715,1917.390405435379,-50.46385654962525,50.46385654962525,INSURANCE_PARTIAL_MONETIZATION,I017
2020-02-27,I017,QQQ,9,insurance,CLOSE,put,-1,191.0,2020-04-17,2,205.64,5.057894871110577,4.931447499332812,5.1843422428883414,5.1843422428883414,0.37342331633901793,-0.2703134782523378,-1036.8684485776682,-26.589474355552955,26.589474355552955,INSURANCE_PARTIAL_MONETIZATION,I017
2020-03-12,I017,QQQ,9,insurance,CLOSE,put,1,205.0,2020-04-17,3,177.32,32.691575237928504,31.87428585698029,33.508864618876714,31.87428585698029,0.623629526996555,-0.7399093329358275,9562.285757094087,-247.1368142844642,247.1368142844642,INSURANCE_PARTIAL_MONETIZATION,I017
2020-03-12,I017,QQQ,9,insurance,CLOSE,put,-1,191.0,2020-04-17,3,177.32,22.26564364282288,21.70900255175231,22.82228473389345,22.82228473389345,0.623629526996555,-0.6112200308102443,-6846.685420168036,-168.94232732117115,168.94232732117115,INSURANCE_PARTIAL_MONETIZATION,I017
2020-04-07,I017,QQQ,9,insurance,CLOSE,put,1,205.0,2020-04-17,5,196.4,15.973217934333434,15.573887485975098,16.372548382691768,15.573887485975098,0.8404344850634161,-0.5946430637208358,7786.943742987549,-202.9152241791681,202.9152241791681,INSURANCE_DTE_ROLL,I017
2020-04-07,I017,QQQ,9,insurance,CLOSE,put,-1,191.0,2020-04-17,5,196.4,8.703444574141841,8.485858459788295,8.921030688495387,8.921030688495387,0.8750959887752984,-0.3959446501172617,-4460.515344247693,-112.043057176773,112.043057176773,INSURANCE_DTE_ROLL,I017
2020-09-11,I017,QQQ,10,insurance,OPEN,put,1,243.0,2020-12-18,11,270.45,8.314582603273934,8.106718038192085,8.522447168355782,8.522447168355782,0.3562543854589807,-0.2525963869863692,-9374.69188519136,-235.80102159003357,235.80102159003357,INSURANCE_MODEL_ENTRY_PUT_SPREAD,I017
2020-09-11,I017,QQQ,10,insurance,OPEN,put,-1,210.0,2020-12-18,11,270.45,2.98617526067693,2.911520879160007,3.0608296421938532,2.911520879160007,0.412843529719613,-0.0994981768490754,3202.672967076008,-89.26981966861548,89.26981966861548,INSURANCE_MODEL_ENTRY_PUT_SPREAD,I017
2020-09-14,I017,QQQ,10,insurance,CLOSE,put,1,243.0,2020-12-18,5,275.16,7.036882109840683,6.860960057094665,7.2128041625867,6.860960057094665,0.35813598848891964,-0.22186696068982495,3430.480028547333,-91.21102637300862,91.21102637300862,INSURANCE_PARTIAL_MONETIZATION,I017
2020-09-14,I017,QQQ,10,insurance,CLOSE,put,-1,210.0,2020-12-18,5,275.16,2.4103524291326544,2.350093618404338,2.4706112398609705,2.4706112398609705,0.4129527214208971,-0.0833366116781142,-1235.3056199304851,-33.37940536415809,33.37940536415809,INSURANCE_PARTIAL_MONETIZATION,I017
2020-12-08,I017,QQQ,10,insurance,CLOSE,put,1,243.0,2020-12-18,6,308.29,4.895991613293026e-05,0.0,0.01004895991613293,0.0,0.3436487722598851,-1.27623529769448e-05,0.0,-3.9293759496797587,3.9293759496797587,INSURANCE_DTE_ROLL,I017
2020-12-08,I017,QQQ,10,insurance,CLOSE,put,-1,210.0,2020-12-18,6,308.29,2.3126644677296357e-09,0.0,0.010000002312664468,0.010000002312664468,0.38552363034804893,-7.396671245113014e-10,-6.000001387598681,-9.9,9.9,INSURANCE_DTE_ROLL,I017
2021-02-03,I017,QQQ,11,insurance,OPEN,put,1,291.0,2021-05-21,10,326.38,10.580259694452579,10.315753202091264,10.844766186813894,10.844766186813894,0.36319832308469463,-0.24947684217159796,-10844.766186813895,-271.00649236131517,271.00649236131517,INSURANCE_MODEL_ENTRY_PUT_SPREAD,I017
2021-02-03,I017,QQQ,11,insurance,OPEN,put,-1,250.0,2021-05-21,10,326.38,3.9464639471154186,3.847802348437533,4.045125545793304,3.847802348437533,0.42206430508419046,-0.10100108330415294,3847.802348437533,-105.16159867788538,105.16159867788538,INSURANCE_MODEL_ENTRY_PUT_SPREAD,I017
2021-05-11,I017,QQQ,11,insurance,CLOSE,put,1,291.0,2021-05-21,10,325.31,0.11100813640022089,0.1010081364002209,0.12100813640022089,0.1010081364002209,0.3226753404444991,-0.017391238271428855,101.00813640022089,-16.499999999999996,16.499999999999996,INSURANCE_DTE_ROLL,I017
2021-05-11,I017,QQQ,11,insurance,CLOSE,put,-1,250.0,2021-05-21,10,325.31,4.332223190164214e-05,0.0,0.010043322231901642,0.010043322231901642,0.37534479419630506,-9.900189024662391e-06,-10.04332223190164,-16.5,16.5,INSURANCE_DTE_ROLL,I017
2021-05-19,I017,QQQ,12,insurance,OPEN,put,1,292.0,2021-08-20,3,322.59,8.611079479206467,8.395802492226306,8.826356466186628,8.826356466186628,0.32747627941782825,-0.24878607399426644,-2647.9069398559886,-66.53309609404829,66.53309609404829,INSURANCE_MODEL_ENTRY_PUT_SPREAD,I017
2021-05-19,I017,QQQ,12,insurance,OPEN,put,-1,258.0,2021-08-20,3,322.59,3.1602600903179834,3.081253588060034,3.239266592575933,3.081253588060034,0.37280171601545153,-0.10115126155455413,924.3760764180101,-25.651950677384875,25.651950677384875,INSURANCE_MODEL_ENTRY_PUT_SPREAD,I017
2021-08-10,I017,QQQ,12,insurance,CLOSE,put,1,292.0,2021-08-20,3,366.84,2.947195359222801e-07,0.0,0.010000294719535922,0.0,0.2661666666666666,-1.0040652695906454e-07,0.0,-1.950088415860777,1.950088415860777,INSURANCE_DTE_ROLL,I017
2021-08-10,I017,QQQ,12,insurance,CLOSE,put,-1,258.0,2021-08-20,3,366.84,5.338651009014027e-13,0.0,0.010000000000533865,0.010000000000533865,0.29449999999999993,-2.2023960875505833e-13,-3.000000000160159,-4.95,4.95,INSURANCE_DTE_ROLL,I017
2021-09-23,I017,QQQ,13,insurance,OPEN,put,1,344.0,2021-12-17,1,372.98,8.071006456576782,7.869231295162363,8.272781617991201,8.272781617991201,0.2765555848850932,-0.25273256100005487,-827.2781617991202,-20.82751614144192,20.82751614144192,INSURANCE_MODEL_ENTRY_PUT_SPREAD,I017
2021-09-23,I017,QQQ,13,insurance,OPEN,put,-1,311.0,2021-12-17,1,372.98,2.7874796585381034,2.717792667074651,2.857166650001556,2.717792667074651,0.30942748175581497,-0.09932260220687816,271.77926670746507,-7.618699146345259,7.618699146345259,INSURANCE_MODEL_ENTRY_PUT_SPREAD,I017
2021-12-07,I017,QQQ,13,insurance,CLOSE,put,1,344.0,2021-12-17,1,397.83,0.013107395407781164,0.0031073954077811636,0.023107395407781166,0.0031073954077811636,0.31024430661337754,-0.002153731330597675,0.3107395407781164,-1.65,1.65,INSURANCE_DTE_ROLL,I017
2021-12-07,I017,QQQ,13,insurance,CLOSE,put,-1,311.0,2021-12-17,1,397.83,2.9398150737347875e-05,0.0,0.010029398150737348,0.010029398150737348,0.342333515571978,-6.156579027717125e-06,-1.0029398150737348,-1.65,1.65,INSURANCE_DTE_ROLL,I017
2021-12-15,I017,QQQ,14,insurance,OPEN,put,1,366.0,2022-03-18,1,397.05,8.300736321348339,8.09321791331463,8.508254729382047,8.508254729382047,0.2608025473811312,-0.2490080543360887,-850.8254729382047,-21.401840803370845,21.401840803370845,INSURANCE_MODEL_ENTRY_PUT_SPREAD,I017
2021-12-15,I017,QQQ,14,insurance,OPEN,put,-1,332.0,2022-03-18,1,397.05,2.9088413702737412,2.8361203360168976,2.981562404530585,2.8361203360168976,0.29078491969206427,-0.09918749731008071,283.61203360168975,-7.922103425684362,7.922103425684362,INSURANCE_MODEL_ENTRY_PUT_SPREAD,I017
2022-03-08,I017,QQQ,14,insurance,CLOSE,put,1,366.0,2022-03-18,1,323.35,42.857718066319705,41.78627511466171,43.9291610179777,41.78627511466171,0.38020000000000004,-0.9735454349475942,4178.627511466171,-107.79429516579927,107.79429516579927,INSURANCE_DTE_ROLL,I017
2022-03-08,I017,QQQ,14,insurance,CLOSE,put,-1,332.0,2022-03-18,1,323.35,13.270207806614678,12.93845261144931,13.601963001780046,13.601963001780046,0.38020000000000004,-0.651144382088046,-1360.1963001780045,-33.825519516536765,33.825519516536765,INSURANCE_DTE_ROLL,I017
2022-08-23,I017,QQQ,15,insurance,OPEN,put,1,287.0,2022-11-18,9,314.1,8.351858414561619,8.143061954197579,8.560654874925659,8.560654874925659,0.3330105534681808,-0.2514230963149182,-7704.589387433092,-193.76681432763579,193.76681432763579,INSURANCE_MODEL_ENTRY_PUT_SPREAD,I017
2022-08-23,I017,QQQ,15,insurance,OPEN,put,-1,253.0,2022-11-18,9,314.1,2.9697341149302936,2.8954907620570363,3.043977467803551,2.8954907620570363,0.38088522077438863,-0.09928836279454999,2605.9416858513323,-72.6690175859316,72.6690175859316,INSURANCE_MODEL_ENTRY_PUT_SPREAD,I017
2022-09-09,I017,QQQ,15,insurance,CLOSE,put,1,287.0,2022-11-18,4,307.09,8.201884534638552,7.996837421272588,8.406931648004516,7.996837421272588,0.3248497050672189,-0.2807025137559529,3198.734968509035,-84.61884534638565,84.61884534638565,INSURANCE_PARTIAL_MONETIZATION,I017
2022-09-09,I017,QQQ,15,insurance,CLOSE,put,-1,253.0,2022-11-18,4,307.09,2.485574558085826,2.4234351941336807,2.5477139220379716,2.5477139220379716,0.37397813551700215,-0.09778191094642884,-1019.0855688151887,-27.455745580858192,27.455745580858192,INSURANCE_PARTIAL_MONETIZATION,I017
2022-11-08,I017,QQQ,15,insurance,CLOSE,put,1,287.0,2022-11-18,5,269.54,18.017577631379908,17.56713819059541,18.468017072164404,17.56713819059541,0.3153,-0.8763686112267048,8783.569095297706,-228.46972039224812,228.46972039224812,INSURANCE_DTE_ROLL,I017
2022-11-08,I017,QQQ,15,insurance,CLOSE,put,-1,253.0,2022-11-18,5,269.54,0.9645669992541812,0.9404528242728267,0.9886811742355357,0.9886811742355357,0.3443220115752765,-0.1236617144254248,-494.3405871177679,-15.307087490677244,15.307087490677244,INSURANCE_DTE_ROLL,I017
2023-03-14,I017,QQQ,16,insurance,OPEN,put,1,271.0,2023-06-16,9,297.37,8.472692470269436,8.2608751585127,8.684509782026172,8.684509782026172,0.3460580937641677,-0.24859988509188122,-7816.058803823555,-196.4855805810623,196.4855805810623,INSURANCE_MODEL_ENTRY_PUT_SPREAD,I017
2023-03-14,I017,QQQ,16,insurance,OPEN,put,-1,237.0,2023-06-16,9,297.37,3.134980226241691,3.0566057205856487,3.213354731897733,3.0566057205856487,0.3984405610253461,-0.10075182117527043,2750.945148527084,-76.38705509043788,76.38705509043788,INSURANCE_MODEL_ENTRY_PUT_SPREAD,I017
2023-06-06,I017,QQQ,16,insurance,CLOSE,put,1,271.0,2023-06-16,9,354.84,6.779618491986603e-11,0.0,0.010000000067796186,0.0,0.2511082177882989,-3.118648159607556e-11,0.0,-5.8500000610165666,5.8500000610165666,INSURANCE_DTE_ROLL,I017
2023-06-06,I017,QQQ,16,insurance,CLOSE,put,-1,237.0,2023-06-16,9,354.84,0.0,0.0,0.01,0.01,0.2777551572539736,0.0,-9.0,-14.850000000000001,14.850000000000001,INSURANCE_DTE_ROLL,I017
2023-09-27,I017,QQQ,17,insurance,OPEN,put,1,333.0,2023-12-15,8,355.04,6.639036294456417,6.473060387095007,6.805012201817828,6.805012201817828,0.2578408039069073,-0.24668930192858887,-5444.009761454262,-137.98072588912834,137.98072588912834,INSURANCE_MODEL_ENTRY_PUT_SPREAD,I017
2023-09-27,I017,QQQ,17,insurance,OPEN,put,-1,305.0,2023-12-15,8,355.04,2.318199775704187,2.2602447813115822,2.3761547700967918,2.2602447813115822,0.2857442147909323,-0.09836568013364008,1808.1958250492657,-51.563995514083814,51.563995514083814,INSURANCE_MODEL_ENTRY_PUT_SPREAD,I017
2023-12-05,I017,QQQ,17,insurance,CLOSE,put,1,333.0,2023-12-15,8,387.29,9.487328625588194e-06,0.0,0.010009487328625588,0.0,0.20562466756177541,-3.4949707586450465e-06,0.0,-5.207589862900471,5.207589862900471,INSURANCE_DTE_ROLL,I017
2023-12-05,I017,QQQ,17,insurance,CLOSE,put,-1,305.0,2023-12-15,8,387.29,8.794913604878505e-11,0.0,0.010000000087949136,0.010000000087949136,0.22404962043946397,-4.132171675838381e-11,-8.00000007035931,-13.2,13.2,INSURANCE_DTE_ROLL,I017
2024-08-06,I017,QQQ,18,insurance,OPEN,put,1,412.0,2024-11-15,8,439.53,8.945791837174923,8.72214704124555,9.169436633104295,9.169436633104295,0.24256721920912425,-0.25018892460303455,-7335.549306483436,-184.11583674349788,184.11583674349788,INSURANCE_MODEL_ENTRY_PUT_SPREAD,I017
2024-08-06,I017,QQQ,18,insurance,OPEN,put,-1,375.0,2024-11-15,8,439.53,3.164845894390801,3.085724747031031,3.243967041750571,3.085724747031031,0.2705659311440411,-0.10044611153493724,2468.579797624825,-68.49691788781595,68.49691788781595,INSURANCE_MODEL_ENTRY_PUT_SPREAD,I017
2024-08-09,I017,QQQ,18,insurance,CLOSE,put,1,412.0,2024-11-15,4,450.41,6.577435549193169,6.412999660463339,6.741871437922998,6.412999660463339,0.2462626916121037,-0.194238015339157,2565.1998641853356,-68.37435549193175,68.37435549193175,INSURANCE_PARTIAL_MONETIZATION,I017
2024-08-09,I017,QQQ,18,insurance,CLOSE,put,-1,375.0,2024-11-15,4,450.41,2.189611487455913,2.134871200269515,2.244351774642311,2.244351774642311,0.2731660514555598,-0.07279274013728869,-897.7407098569245,-24.496114874559204,24.496114874559204,INSURANCE_PARTIAL_MONETIZATION,I017
2024-11-05,I017,QQQ,18,insurance,CLOSE,put,1,412.0,2024-11-15,4,492.21,0.00027226806945652646,0.0,0.010272268069456527,0.0,0.27999862863411956,-5.1119960896914584e-05,0.0,-2.7089072277826105,2.7089072277826105,INSURANCE_DTE_ROLL,I017
2024-11-05,I017,QQQ,18,insurance,CLOSE,put,-1,375.0,2024-11-15,4,492.21,1.2394077695314785e-07,0.0,0.010000123940776953,0.010000123940776953,0.30536889742183215,-2.847881236584924e-08,-4.000049576310781,-6.6,6.6,INSURANCE_DTE_ROLL,I017
2024-12-20,I017,QQQ,19,insurance,OPEN,put,1,491.0,2025-03-21,7,518.66,8.720815532736538,8.502795144418124,8.93883592105495,8.93883592105495,0.21099145427824006,-0.2525429368332851,-6257.185144738465,-157.16427182288916,157.16427182288916,INSURANCE_MODEL_ENTRY_PUT_SPREAD,I017
2024-12-20,I017,QQQ,19,insurance,OPEN,put,-1,455.0,2025-03-21,7,518.66,3.010102326683878,2.934849768516781,3.085354884850975,2.934849768516781,0.23133161054178547,-0.1008555519110246,2054.394837961747,-57.2267907169678,57.2267907169678,INSURANCE_MODEL_ENTRY_PUT_SPREAD,I017
2025-03-10,I017,QQQ,19,insurance,CLOSE,put,1,491.0,2025-03-21,2,472.73,20.95827529328716,20.43431841095498,21.482232175619338,20.43431841095498,0.2884,-0.7609657687216563,4086.863682190996,-106.09137646643579,106.09137646643579,INSURANCE_PARTIAL_MONETIZATION,I017
2025-03-10,I017,QQQ,19,insurance,CLOSE,put,-1,455.0,2025-03-21,2,472.73,3.246506942893518,3.16534426932118,3.327669616465856,3.327669616465856,0.304624902164026,-0.22043093037427441,-665.5339232931711,-17.532534714467573,17.532534714467573,INSURANCE_PARTIAL_MONETIZATION,I017
2025-03-11,I017,QQQ,19,insurance,CLOSE,put,1,491.0,2025-03-21,5,471.6,21.51257076524962,20.97475649611838,22.05038503438086,20.97475649611838,0.287,-0.7889886149020718,10487.37824805919,-272.1571345656196,272.1571345656196,INSURANCE_DTE_ROLL,I017
2025-03-11,I017,QQQ,19,insurance,CLOSE,put,-1,455.0,2025-03-21,5,471.6,3.105462554501969,3.02782599063942,3.183099118364518,3.183099118364518,0.30215330788804073,-0.22301940849545324,-1591.5495591822591,-42.06828193127457,42.06828193127457,INSURANCE_DTE_ROLL,I017
2025-03-19,I017,QQQ,20,insurance,OPEN,put,1,450.0,2025-06-20,7,480.89,9.225521079912525,8.994883052914712,9.456159106910338,9.456159106910338,0.24253992809197364,-0.24740186388653915,-6619.311374837237,-165.99661889846897,165.99661889846897,INSURANCE_MODEL_ENTRY_PUT_SPREAD,I017
2025-03-19,I017,QQQ,20,insurance,OPEN,put,-1,412.0,2025-06-20,7,480.89,3.2923487222235295,3.2100400041679413,3.3746574402791176,3.2100400041679413,0.2687617041861317,-0.10048648028112332,2247.028002917559,-62.1661026389117,62.1661026389117,INSURANCE_MODEL_ENTRY_PUT_SPREAD,I017
2025-04-04,I017,QQQ,20,insurance,CLOSE,put,1,450.0,2025-06-20,2,422.67,36.499906980935805,35.58740930641241,37.4124046554592,35.58740930641241,0.28415192153667906,-0.638345950224253,7117.481861282482,-183.79953490467875,183.79953490467875,INSURANCE_PARTIAL_MONETIZATION,I017
2025-04-04,I017,QQQ,20,insurance,CLOSE,put,-1,412.0,2025-06-20,2,422.67,16.20026967212891,15.795262930325688,16.605276413932135,16.605276413932135,0.2949117377152452,-0.376729826939972,-3321.055282786427,-82.3013483606447,82.3013483606447,INSURANCE_PARTIAL_MONETIZATION,I017
2025-04-15,I017,QQQ,20,insurance,CLOSE,put,1,450.0,2025-06-20,1,457.99,26.441911165043564,25.780863385917474,27.102958944169654,25.780863385917474,0.41294595997059624,-0.4101572905620355,2578.0863385917473,-66.75477791260899,66.75477791260899,INSURANCE_PARTIAL_MONETIZATION,I017
2025-04-15,I017,QQQ,20,insurance,CLOSE,put,-1,412.0,2025-06-20,1,457.99,15.006301546388869,14.631144007729148,15.38145908504859,15.38145908504859,0.46302930423002275,-0.2512327962234185,-1538.145908504859,-38.1657538659721,38.1657538659721,INSURANCE_PARTIAL_MONETIZATION,I017
2025-06-10,I017,QQQ,20,insurance,CLOSE,put,1,450.0,2025-06-20,4,534.21,4.4464597483972156e-05,0.0,0.010044464597483971,0.0,0.24506477789633294,-9.535635321413638e-06,0.0,-2.617785838993589,2.617785838993589,INSURANCE_DTE_ROLL,I017
2025-06-10,I017,QQQ,20,insurance,CLOSE,put,-1,412.0,2025-06-20,4,534.21,5.355389558337906e-09,0.0,0.010000005355389559,0.010000005355389559,0.2662126410961982,-1.413008269792518e-09,-4.000002142155823,-6.6,6.6,INSURANCE_DTE_ROLL,I017
2025-08-06,I017,QQQ,21,insurance,OPEN,put,1,532.0,2025-11-21,7,567.32,11.262942685486792,10.981369118349622,11.54451625262396,11.54451625262396,0.22938904553011774,-0.25094561832166407,-8081.1613768367715,-201.65149699601835,201.65149699601835,INSURANCE_MODEL_ENTRY_PUT_SPREAD,I017
2025-08-06,I017,QQQ,21,insurance,OPEN,put,-1,485.0,2025-11-21,7,567.32,3.913182952100051,3.8153533782975497,4.011012525902553,3.8153533782975497,0.25546018483347627,-0.0994130316169515,2670.7473648082846,-73.03070166175102,73.03070166175102,INSURANCE_MODEL_ENTRY_PUT_SPREAD,I017
2025-11-11,I017,QQQ,21,insurance,CLOSE,put,1,532.0,2025-11-21,7,621.57,0.0020150492581717805,0.0,0.01201504925817178,0.0,0.2757021695062503,-0.00027654310763756566,0.0,-5.960534480720247,5.960534480720247,INSURANCE_DTE_ROLL,I017
2025-11-11,I017,QQQ,21,insurance,CLOSE,put,-1,485.0,2025-11-21,7,621.57,1.5267171394177945e-06,0.0,0.010001526717139417,0.010001526717139417,0.3014150417491192,-2.6237940197453295e-07,-7.001068701997593,-11.55,11.55,INSURANCE_DTE_ROLL,I017
2025-11-19,I017,QQQ,22,insurance,OPEN,put,1,559.0,2026-02-20,2,599.87,12.757924467253417,12.438976355572082,13.076872578934752,13.076872578934752,0.26133312664855496,-0.2518108348399401,-2615.3745157869503,-65.08962233626701,65.08962233626701,INSURANCE_MODEL_ENTRY_PUT_SPREAD,I017
2025-11-19,I017,QQQ,22,insurance,OPEN,put,-1,506.0,2026-02-20,2,599.87,4.428845277376745,4.318124145442326,4.539566409311163,4.318124145442326,0.29275594748806055,-0.0992307179042609,863.6248290884652,-23.44422638688376,23.44422638688376,INSURANCE_MODEL_ENTRY_PUT_SPREAD,I017
2026-02-02,I017,QQQ,22,insurance,CLOSE,put,1,559.0,2026-02-20,2,626.14,0.2082681884563602,0.19826818845636018,0.2182681884563602,0.19826818845636018,0.24644688887469257,-0.01662726236696291,39.65363769127204,-3.3000000000000016,3.3000000000000016,INSURANCE_RECOVERY_EXIT,I017
2026-02-02,I017,QQQ,22,insurance,CLOSE,put,-1,506.0,2026-02-20,2,626.14,0.0017351991710991693,0.0,0.01173519917109917,0.01173519917109917,0.2734022822371993,-0.00018162301089617885,-2.3470398342198338,-3.3,3.3,INSURANCE_RECOVERY_EXIT,I017
2026-04-01,I017,QQQ,23,insurance,OPEN,put,1,546.0,2026-06-18,7,584.31,11.190156390598446,10.910402480833485,11.469910300363408,11.469910300363408,0.2622615199978884,-0.249043971243966,-8028.937210254386,-200.37773683547306,200.37773683547306,INSURANCE_MODEL_ENTRY_PUT_SPREAD,I017
2026-04-01,I017,QQQ,23,insurance,OPEN,put,-1,500.0,2026-06-18,7,584.31,3.950890441050568,3.852118180024304,4.049662702076832,3.852118180024304,0.29045838787191636,-0.10036776647056779,2696.4827260170127,-73.69058271838482,73.69058271838482,INSURANCE_MODEL_ENTRY_PUT_SPREAD,I017
2026-06-08,I017,QQQ,23,insurance,CLOSE,put,1,546.0,2026-06-18,7,716.07,3.069388107842597e-05,0.0,0.010030693881078426,0.0,0.3678169173404835,-3.4042559954311795e-06,0.0,-4.571485716754898,4.571485716754898,INSURANCE_DTE_ROLL,I017
2026-06-08,I017,QQQ,23,insurance,CLOSE,put,-1,500.0,2026-06-18,7,716.07,1.1130990460670644e-07,0.0,0.010000111309904606,0.010000111309904606,0.39394955800410575,-1.3880339810587695e-08,-7.000077916933225,-11.55,11.55,INSURANCE_DTE_ROLL,I017
2017-05-19,I018,QQQ,1,insurance,OPEN,put,1,131.0,2017-08-18,13,137.84,1.567721170466612,1.5285281412049467,1.6069141997282774,1.6069141997282774,0.15491447895620222,-0.23998560750666012,-2088.9884596467605,-59.40093804016495,59.40093804016495,INSURANCE_MODEL_ENTRY_PUT_SPREAD,I018
2017-05-19,I018,QQQ,1,insurance,OPEN,put,-1,125.0,2017-08-18,13,137.84,0.6031936800381068,0.5881138380371541,0.6182735220390595,0.5881138380371541,0.16432859313990122,-0.10719307871229418,764.5479894483003,-28.0537946012385,28.0537946012385,INSURANCE_MODEL_ENTRY_PUT_SPREAD,I018
2017-08-08,I018,QQQ,1,insurance,CLOSE,put,1,131.0,2017-08-18,13,144.31,0.00037922309550211114,0.0,0.010379223095502111,0.0,0.17337040052664401,-0.00035251971425331305,0.0,-8.942990024152746,8.942990024152746,INSURANCE_DTE_ROLL,I018
2017-08-08,I018,QQQ,1,insurance,CLOSE,put,-1,125.0,2017-08-18,13,144.31,8.189945214832103e-07,0.0,0.010000818994521484,0.010000818994521484,0.18286870279259926,-9.579889405193658e-07,-13.001064692877929,-21.450000000000003,21.450000000000003,INSURANCE_DTE_ROLL,I018
2017-08-16,I018,QQQ,2,insurance,OPEN,put,1,137.0,2017-11-17,13,144.28,1.6359083879971266,1.5950106782971984,1.6768060976970547,1.6768060976970547,0.15399168405436972,-0.23846754152976304,-2179.8479270061707,-61.617022609906556,61.617022609906556,INSURANCE_MODEL_ENTRY_PUT_SPREAD,I018
2017-08-16,I018,QQQ,2,insurance,OPEN,put,-1,130.0,2017-11-17,13,144.28,0.5612412689968362,0.5472102372719153,0.5752723007217572,0.5472102372719153,0.1644099358750584,-0.0963099863079094,711.3733084534899,-26.69034124239721,26.69034124239721,INSURANCE_MODEL_ENTRY_PUT_SPREAD,I018
2017-11-07,I018,QQQ,2,insurance,CLOSE,put,1,137.0,2017-11-17,13,153.88,8.157233712584831e-06,0.0,0.010008157233712584,0.0,0.1644335846113855,-9.094955392361101e-06,0.0,-8.46060440382636,8.46060440382636,INSURANCE_DTE_ROLL,I018
2017-11-07,I018,QQQ,2,insurance,CLOSE,put,-1,130.0,2017-11-17,13,153.88,1.5627905388137296e-09,0.0,0.01000000156279054,0.01000000156279054,0.17406836495970884,-2.1707067725592428e-09,-13.000002031627702,-21.450000000000003,21.450000000000003,INSURANCE_DTE_ROLL,I018
2018-01-31,I018,QQQ,3,insurance,OPEN,put,1,161.0,2018-04-20,11,169.4,2.152560800057728,2.0987467800562847,2.206374820059171,2.206374820059171,0.17674804813414044,-0.24869441200661946,-2427.012302065088,-66.34542200158752,66.34542200158752,INSURANCE_MODEL_ENTRY_PUT_SPREAD,I018
2018-01-31,I018,QQQ,3,insurance,OPEN,put,-1,152.0,2018-04-20,11,169.4,0.7245499292768756,0.7064361810449536,0.7426636775087975,0.7064361810449536,0.18985848027595856,-0.09876573534228274,777.079799149449,-27.075123055114105,27.075123055114105,INSURANCE_MODEL_ENTRY_PUT_SPREAD,I018
2018-02-05,I018,QQQ,3,insurance,CLOSE,put,1,161.0,2018-04-20,3,158.12,8.190108194655181,7.985355489788802,8.39486089952156,7.985355489788802,0.23710109002678986,-0.5402030939387124,2395.6066469366406,-63.37581145991386,63.37581145991386,INSURANCE_PARTIAL_MONETIZATION,I018
2018-02-05,I018,QQQ,3,insurance,CLOSE,put,-1,152.0,2018-04-20,3,158.12,4.260912102521921,4.154389299958873,4.367434905084969,4.367434905084969,0.25086650873692096,-0.3375090463786293,-1310.2304715254907,-33.90684076891441,33.90684076891441,INSURANCE_PARTIAL_MONETIZATION,I018
2018-02-14,I018,QQQ,3,insurance,CLOSE,put,1,161.0,2018-04-20,2,162.68,4.982013682235518,4.85746334017963,5.106564024291406,4.85746334017963,0.21652673883659612,-0.4300479073408139,971.492668035926,-26.210068411177556,26.210068411177556,INSURANCE_PARTIAL_MONETIZATION,I018
2018-02-14,I018,QQQ,3,insurance,CLOSE,put,-1,152.0,2018-04-20,2,162.68,2.209813836017858,2.154568490117412,2.2650591819183044,2.2650591819183044,0.23422111519430824,-0.22610507552780187,-453.01183638366086,-12.349069180089256,12.349069180089256,INSURANCE_PARTIAL_MONETIZATION,I018
2018-04-10,I018,QQQ,3,insurance,CLOSE,put,1,161.0,2018-04-20,6,161.21,2.9783235526760024,2.9038654638591024,3.0527816414929023,2.9038654638591024,0.2917793739601782,-0.47735236654522184,1742.3192783154616,-48.57485329013998,48.57485329013998,INSURANCE_DTE_ROLL,I018
2018-04-10,I018,QQQ,3,insurance,CLOSE,put,-1,152.0,2018-04-20,6,161.21,0.5302316944511354,0.516975902089857,0.5434874868124138,0.5434874868124138,0.31616582527398357,-0.12396427485927229,-326.09249208744825,-11.853475416767031,11.853475416767031,INSURANCE_DTE_ROLL,I018
2018-06-27,I018,QQQ,4,insurance,OPEN,put,1,160.0,2018-09-21,12,169.73,2.6072513392342245,2.542070055753369,2.67243262271508,2.67243262271508,0.20285454960433288,-0.24888469514385186,-3206.919147258096,-86.01754017702673,86.01754017702673,INSURANCE_MODEL_ENTRY_PUT_SPREAD,I018
2018-06-27,I018,QQQ,4,insurance,OPEN,put,-1,149.0,2018-09-21,12,169.73,0.8780361493028863,0.8560852455703142,0.8999870530354585,0.8560852455703142,0.22101323707739132,-0.09776232982302051,1027.302294684377,-34.14108447908656,34.14108447908656,INSURANCE_MODEL_ENTRY_PUT_SPREAD,I018
2018-09-11,I018,QQQ,4,insurance,CLOSE,put,1,160.0,2018-09-21,12,183.12,8.039544751949762e-05,0.0,0.010080395447519498,0.0,0.21206716906946266,-5.357423445170001e-05,0.0,-7.896474537023398,7.896474537023398,INSURANCE_DTE_ROLL,I018
2018-09-11,I018,QQQ,4,insurance,CLOSE,put,-1,149.0,2018-09-21,12,183.12,2.403274450253055e-08,0.0,0.010000024032744503,0.010000024032744503,0.22813286369593708,-2.0114908080469634e-08,-12.000028839293403,-19.8,19.8,INSURANCE_DTE_ROLL,I018
2018-09-19,I018,QQQ,5,insurance,OPEN,put,1,173.0,2018-12-21,11,182.7,2.5657247970000157,2.5015816770750154,2.629867916925016,2.629867916925016,0.18172828172140543,-0.24605361369517123,-2892.8547086175176,-77.70743191750024,77.70743191750024,INSURANCE_MODEL_ENTRY_PUT_SPREAD,I018
2018-09-19,I018,QQQ,5,insurance,OPEN,put,-1,162.0,2018-12-21,11,182.7,0.8586984886349889,0.8372310264191142,0.8801659508508636,0.8372310264191142,0.196929887036504,-0.09646122802212809,920.9541290610257,-30.764208437462173,30.764208437462173,INSURANCE_MODEL_ENTRY_PUT_SPREAD,I018
2018-10-10,I018,QQQ,5,insurance,CLOSE,put,1,173.0,2018-12-21,3,171.73,7.098216094613946,6.920760692248598,7.275671496979294,6.920760692248598,0.22044631432618692,-0.4978060731625522,2076.2282076745796,-55.18662070960449,55.18662070960449,INSURANCE_PARTIAL_MONETIZATION,I018
2018-10-10,I018,QQQ,5,insurance,CLOSE,put,-1,162.0,2018-12-21,3,171.73,3.092253825443123,3.014947479807045,3.169560171079201,3.169560171079201,0.2391816195005344,-0.26403003755009924,-950.8680513237603,-25.141903690823423,25.141903690823423,INSURANCE_PARTIAL_MONETIZATION,I018
2018-10-18,I018,QQQ,5,insurance,CLOSE,put,1,173.0,2018-12-21,2,173.18,5.975134922266037,5.825756549209386,6.1245132953226875,5.825756549209386,0.21834512651743393,-0.4647814893869902,1165.151309841877,-31.175674611330184,31.175674611330184,INSURANCE_PARTIAL_MONETIZATION,I018
2018-10-18,I018,QQQ,5,insurance,CLOSE,put,-1,162.0,2018-12-21,2,173.18,2.413811684671032,2.353466392554256,2.4741569767878078,2.4741569767878078,0.239115922640453,-0.22821537789679075,-494.8313953575616,-13.369058423355195,13.369058423355195,INSURANCE_PARTIAL_MONETIZATION,I018
2018-12-11,I018,QQQ,5,insurance,CLOSE,put,1,173.0,2018-12-21,6,163.61,9.849720340817811,9.603477332297366,10.095963349338255,9.603477332297366,0.2969253689058051,-0.8645683330081761,5762.08639937842,-151.64580511226674,151.64580511226674,INSURANCE_DTE_ROLL,I018
2018-12-11,I018,QQQ,5,insurance,CLOSE,put,-1,162.0,2018-12-21,6,163.61,2.4661874893602374,2.4045328021262313,2.5278421765942434,2.5278421765942434,0.30130819859780145,-0.408159097204771,-1516.705305956546,-40.892812340403616,40.892812340403616,INSURANCE_DTE_ROLL,I018
2019-03-11,I018,QQQ,6,insurance,OPEN,put,1,164.0,2019-06-21,12,174.73,3.020302350918371,2.9447947921454114,3.0958099096913303,3.0958099096913303,0.20766751851393783,-0.24948789793797627,-3714.9718916295965,-98.40907052755134,98.40907052755134,INSURANCE_MODEL_ENTRY_PUT_SPREAD,I018
2019-03-11,I018,QQQ,6,insurance,OPEN,put,-1,152.0,2019-06-21,12,174.73,1.0953044766057936,1.0679218646906488,1.1226870885209383,1.0679218646906488,0.22725622719074057,-0.10384963445133572,1281.5062376287785,-40.659134298173754,40.659134298173754,INSURANCE_MODEL_ENTRY_PUT_SPREAD,I018
2019-05-17,I018,QQQ,6,insurance,CLOSE,put,1,164.0,2019-06-21,6,183.04,0.2667042229372054,0.2567042229372054,0.2767042229372054,0.2567042229372054,0.22257136639785324,-0.04938557322978832,154.02253376232323,-9.900000000000006,9.900000000000006,INSURANCE_PARTIAL_MONETIZATION,I018
2019-05-17,I018,QQQ,6,insurance,CLOSE,put,-1,152.0,2019-06-21,6,183.04,0.02453409004301954,0.01453409004301954,0.03453409004301954,0.03453409004301954,0.2415046584354778,-0.005494625928727899,-20.720454025811726,-9.900000000000002,9.900000000000002,INSURANCE_PARTIAL_MONETIZATION,I018
2019-06-11,I018,QQQ,6,insurance,CLOSE,put,1,164.0,2019-06-21,6,183.4,0.0037208735258510983,0.0,0.013720873525851099,0.0,0.23428298800436204,-0.001789078824720522,0.0,-6.132524115510659,6.132524115510659,INSURANCE_DTE_ROLL,I018
2019-06-11,I018,QQQ,6,insurance,CLOSE,put,-1,152.0,2019-06-21,6,183.4,5.527506562571041e-06,0.0,0.010005527506562572,0.010005527506562572,0.25412813522355504,-3.4745453223730102e-06,-6.003316503937544,-9.9,9.9,INSURANCE_DTE_ROLL,I018
2019-08-02,I018,QQQ,7,insurance,OPEN,put,1,176.0,2019-10-18,12,187.35,2.872879319195384,2.8010573362154996,2.9447013021752686,2.9447013021752686,0.22034755862759503,-0.24322299253573215,-3533.641562610322,-93.98637957586142,93.98637957586142,INSURANCE_MODEL_ENTRY_PUT_SPREAD,I018
2019-08-02,I018,QQQ,7,insurance,OPEN,put,-1,164.0,2019-10-18,12,187.35,1.007101309579543,0.9819237768400544,1.0322788423190314,0.9819237768400544,0.23975431608470432,-0.09866002689998792,1178.3085322080651,-38.013039287386235,38.013039287386235,INSURANCE_MODEL_ENTRY_PUT_SPREAD,I018
2019-08-14,I018,QQQ,7,insurance,CLOSE,put,1,176.0,2019-10-18,6,182.76,4.307916687856434,4.2002187706600225,4.415614605052845,4.2002187706600225,0.24326991850038512,-0.3298463235068154,2520.131262396014,-68.51875031784672,68.51875031784672,INSURANCE_PARTIAL_MONETIZATION,I018
2019-08-14,I018,QQQ,7,insurance,CLOSE,put,-1,164.0,2019-10-18,6,182.76,1.6637685893586145,1.622174374624649,1.70536280409258,1.70536280409258,0.2659700664164397,-0.14897945487451844,-1023.2176824555479,-28.85652884037924,28.85652884037924,INSURANCE_PARTIAL_MONETIZATION,I018
2019-10-08,I018,QQQ,7,insurance,CLOSE,put,1,176.0,2019-10-18,6,185.42,0.3753017232717397,0.3653017232717397,0.3853017232717397,0.3653017232717397,0.2518320569517851,-0.10065268788545707,219.18103396304383,-9.900000000000006,9.900000000000006,INSURANCE_DTE_ROLL,I018
2019-10-08,I018,QQQ,7,insurance,CLOSE,put,-1,164.0,2019-10-18,6,185.42,0.008210109046626557,0.0,0.01821010904662656,0.01821010904662656,0.27454805306870883,-0.003170205454297853,-10.926065427975935,-9.900000000000002,9.900000000000002,INSURANCE_DTE_ROLL,I018
2019-10-16,I018,QQQ,8,insurance,OPEN,put,1,181.0,2020-01-17,11,193.04,3.4246744457194893,3.3390575845765023,3.5102913068624764,3.5102913068624764,0.21797190371495775,-0.2539556761009132,-3861.320437548724,-101.32854725728576,101.32854725728576,INSURANCE_MODEL_ENTRY_PUT_SPREAD,I018
2019-10-16,I018,QQQ,8,insurance,OPEN,put,-1,167.0,2020-01-17,11,193.04,1.1735684825363037,1.1442292704728962,1.2029076945997113,1.1442292704728962,0.2396555132744751,-0.10065896609017097,1258.6521975201858,-39.423133269748256,39.423133269748256,INSURANCE_MODEL_ENTRY_PUT_SPREAD,I018
2020-01-07,I018,QQQ,8,insurance,CLOSE,put,1,181.0,2020-01-17,11,215.53,4.4681343443266097e-07,0.0,0.010000446813434432,0.0,0.2127139493341994,-3.1276067797792047e-07,0.0,-7.150491494777876,7.150491494777876,INSURANCE_DTE_ROLL,I018
2020-01-07,I018,QQQ,8,insurance,CLOSE,put,-1,167.0,2020-01-17,11,215.53,9.10525448858508e-12,0.0,0.010000000009105255,0.010000000009105255,0.2294239201039298,-7.767778896079725e-12,-11.00000001001578,-18.15,18.15,INSURANCE_DTE_ROLL,I018
2020-01-27,I018,QQQ,9,insurance,OPEN,put,1,205.0,2020-04-17,10,218.1,3.2908673765274514,3.2085956921142653,3.3731390609406375,3.3731390609406375,0.2106554310979129,-0.24406102534165564,-3373.139060940638,-88.77168441318611,88.77168441318611,INSURANCE_MODEL_ENTRY_PUT_SPREAD,I018
2020-01-27,I018,QQQ,9,insurance,OPEN,put,-1,191.0,2020-04-17,10,218.1,1.1222564670941395,1.094200055416786,1.150312878771493,1.094200055416786,0.2292622199646055,-0.09677309070482724,1094.200055416786,-34.556411677353395,34.556411677353395,INSURANCE_MODEL_ENTRY_PUT_SPREAD,I018
2020-02-27,I018,QQQ,9,insurance,CLOSE,put,1,205.0,2020-04-17,2,205.64,9.832771309925022,9.586952027176896,10.078590592673148,9.586952027176896,0.3389686166768062,-0.46132054958337715,1917.390405435379,-50.46385654962525,50.46385654962525,INSURANCE_PARTIAL_MONETIZATION,I018
2020-02-27,I018,QQQ,9,insurance,CLOSE,put,-1,191.0,2020-04-17,2,205.64,5.057894871110577,4.931447499332812,5.1843422428883414,5.1843422428883414,0.37342331633901793,-0.2703134782523378,-1036.8684485776682,-26.589474355552955,26.589474355552955,INSURANCE_PARTIAL_MONETIZATION,I018
2020-03-12,I018,QQQ,9,insurance,CLOSE,put,1,205.0,2020-04-17,3,177.32,32.691575237928504,31.87428585698029,33.508864618876714,31.87428585698029,0.623629526996555,-0.7399093329358275,9562.285757094087,-247.1368142844642,247.1368142844642,INSURANCE_PARTIAL_MONETIZATION,I018
2020-03-12,I018,QQQ,9,insurance,CLOSE,put,-1,191.0,2020-04-17,3,177.32,22.26564364282288,21.70900255175231,22.82228473389345,22.82228473389345,0.623629526996555,-0.6112200308102443,-6846.685420168036,-168.94232732117115,168.94232732117115,INSURANCE_PARTIAL_MONETIZATION,I018
2020-04-07,I018,QQQ,9,insurance,CLOSE,put,1,205.0,2020-04-17,5,196.4,15.973217934333434,15.573887485975098,16.372548382691768,15.573887485975098,0.8404344850634161,-0.5946430637208358,7786.943742987549,-202.9152241791681,202.9152241791681,INSURANCE_DTE_ROLL,I018
2020-04-07,I018,QQQ,9,insurance,CLOSE,put,-1,191.0,2020-04-17,5,196.4,8.703444574141841,8.485858459788295,8.921030688495387,8.921030688495387,0.8750959887752984,-0.3959446501172617,-4460.515344247693,-112.043057176773,112.043057176773,INSURANCE_DTE_ROLL,I018
2020-09-11,I018,QQQ,10,insurance,OPEN,put,1,243.0,2020-12-18,11,270.45,8.314582603273934,8.106718038192085,8.522447168355782,8.522447168355782,0.3562543854589807,-0.2525963869863692,-9374.69188519136,-235.80102159003357,235.80102159003357,INSURANCE_MODEL_ENTRY_PUT_SPREAD,I018
2020-09-11,I018,QQQ,10,insurance,OPEN,put,-1,210.0,2020-12-18,11,270.45,2.98617526067693,2.911520879160007,3.0608296421938532,2.911520879160007,0.412843529719613,-0.0994981768490754,3202.672967076008,-89.26981966861548,89.26981966861548,INSURANCE_MODEL_ENTRY_PUT_SPREAD,I018
2020-09-14,I018,QQQ,10,insurance,CLOSE,put,1,243.0,2020-12-18,5,275.16,7.036882109840683,6.860960057094665,7.2128041625867,6.860960057094665,0.35813598848891964,-0.22186696068982495,3430.480028547333,-91.21102637300862,91.21102637300862,INSURANCE_PARTIAL_MONETIZATION,I018
2020-09-14,I018,QQQ,10,insurance,CLOSE,put,-1,210.0,2020-12-18,5,275.16,2.4103524291326544,2.350093618404338,2.4706112398609705,2.4706112398609705,0.4129527214208971,-0.0833366116781142,-1235.3056199304851,-33.37940536415809,33.37940536415809,INSURANCE_PARTIAL_MONETIZATION,I018
2020-12-08,I018,QQQ,10,insurance,CLOSE,put,1,243.0,2020-12-18,6,308.29,4.895991613293026e-05,0.0,0.01004895991613293,0.0,0.3436487722598851,-1.27623529769448e-05,0.0,-3.9293759496797587,3.9293759496797587,INSURANCE_DTE_ROLL,I018
2020-12-08,I018,QQQ,10,insurance,CLOSE,put,-1,210.0,2020-12-18,6,308.29,2.3126644677296357e-09,0.0,0.010000002312664468,0.010000002312664468,0.38552363034804893,-7.396671245113014e-10,-6.000001387598681,-9.9,9.9,INSURANCE_DTE_ROLL,I018
2021-02-03,I018,QQQ,11,insurance,OPEN,put,1,291.0,2021-05-21,9,326.38,10.580259694452579,10.315753202091264,10.844766186813894,10.844766186813894,0.36319832308469463,-0.24947684217159796,-9760.289568132506,-243.90584312518365,243.90584312518365,INSURANCE_MODEL_ENTRY_PUT_SPREAD,I018
2021-02-03,I018,QQQ,11,insurance,OPEN,put,-1,250.0,2021-05-21,9,326.38,3.9464639471154186,3.847802348437533,4.045125545793304,3.847802348437533,0.42206430508419046,-0.10100108330415294,3463.02211359378,-94.64543881009683,94.64543881009683,INSURANCE_MODEL_ENTRY_PUT_SPREAD,I018
2021-05-11,I018,QQQ,11,insurance,CLOSE,put,1,291.0,2021-05-21,9,325.31,0.11100813640022089,0.1010081364002209,0.12100813640022089,0.1010081364002209,0.3226753404444991,-0.017391238271428855,90.90732276019881,-14.849999999999998,14.849999999999998,INSURANCE_DTE_ROLL,I018
2021-05-11,I018,QQQ,11,insurance,CLOSE,put,-1,250.0,2021-05-21,9,325.31,4.332223190164214e-05,0.0,0.010043322231901642,0.010043322231901642,0.37534479419630506,-9.900189024662391e-06,-9.038990008711478,-14.850000000000001,14.850000000000001,INSURANCE_DTE_ROLL,I018
2021-05-19,I018,QQQ,12,insurance,OPEN,put,1,292.0,2021-08-20,8,322.59,8.611079479206467,8.395802492226306,8.826356466186628,8.826356466186628,0.32747627941782825,-0.24878607399426644,-7061.085172949302,-177.42158958412875,177.42158958412875,INSURANCE_MODEL_ENTRY_PUT_SPREAD,I018
2021-05-19,I018,QQQ,12,insurance,OPEN,put,-1,258.0,2021-08-20,8,322.59,3.1602600903179834,3.081253588060034,3.239266592575933,3.081253588060034,0.37280171601545153,-0.10115126155455413,2465.002870448027,-68.40520180635967,68.40520180635967,INSURANCE_MODEL_ENTRY_PUT_SPREAD,I018
2021-08-10,I018,QQQ,12,insurance,CLOSE,put,1,292.0,2021-08-20,8,366.84,2.947195359222801e-07,0.0,0.010000294719535922,0.0,0.2661666666666666,-1.0040652695906454e-07,0.0,-5.200235775628738,5.200235775628738,INSURANCE_DTE_ROLL,I018
2021-08-10,I018,QQQ,12,insurance,CLOSE,put,-1,258.0,2021-08-20,8,366.84,5.338651009014027e-13,0.0,0.010000000000533865,0.010000000000533865,0.29449999999999993,-2.2023960875505833e-13,-8.000000000427091,-13.2,13.2,INSURANCE_DTE_ROLL,I018
2021-09-23,I018,QQQ,13,insurance,OPEN,put,1,344.0,2021-12-17,1,372.98,8.071006456576782,7.869231295162363,8.272781617991201,8.272781617991201,0.2765555848850932,-0.25273256100005487,-827.2781617991202,-20.82751614144192,20.82751614144192,INSURANCE_MODEL_ENTRY_PUT_SPREAD,I018
2021-09-23,I018,QQQ,13,insurance,OPEN,put,-1,311.0,2021-12-17,1,372.98,2.7874796585381034,2.717792667074651,2.857166650001556,2.717792667074651,0.30942748175581497,-0.09932260220687816,271.77926670746507,-7.618699146345259,7.618699146345259,INSURANCE_MODEL_ENTRY_PUT_SPREAD,I018
2021-12-07,I018,QQQ,13,insurance,CLOSE,put,1,344.0,2021-12-17,1,397.83,0.013107395407781164,0.0031073954077811636,0.023107395407781166,0.0031073954077811636,0.31024430661337754,-0.002153731330597675,0.3107395407781164,-1.65,1.65,INSURANCE_DTE_ROLL,I018
2021-12-07,I018,QQQ,13,insurance,CLOSE,put,-1,311.0,2021-12-17,1,397.83,2.9398150737347875e-05,0.0,0.010029398150737348,0.010029398150737348,0.342333515571978,-6.156579027717125e-06,-1.0029398150737348,-1.65,1.65,INSURANCE_DTE_ROLL,I018
2022-01-03,I018,QQQ,14,insurance,OPEN,put,1,370.0,2022-04-14,19,401.68,8.65240897107499,8.436098746798116,8.868719195351865,8.868719195351865,0.25524487439302035,-0.2506505997768318,-16850.566471168542,-423.3394261260614,423.3394261260614,INSURANCE_MODEL_ENTRY_PUT_SPREAD,I018
2022-01-03,I018,QQQ,14,insurance,OPEN,put,-1,335.0,2022-04-14,19,401.68,3.054337935462108,2.9779794870755554,3.130696383848661,2.9779794870755554,0.2850764770324539,-0.10036938414267023,5658.1610254435545,-157.43105193445012,157.43105193445012,INSURANCE_MODEL_ENTRY_PUT_SPREAD,I018
2022-01-20,I018,QQQ,14,insurance,CLOSE,put,1,370.0,2022-04-14,4,361.72,22.81640257678353,22.245992512363944,23.386812641203118,22.245992512363944,0.2608344494118827,-0.5486745683728483,8898.397004945578,-230.76402576783474,230.76402576783474,INSURANCE_PARTIAL_MONETIZATION,I018
2022-01-20,I018,QQQ,14,insurance,CLOSE,put,-1,335.0,2022-04-14,4,361.72,8.867290904706309,8.645608632088651,9.088973177323966,9.088973177323966,0.28973593324586555,-0.2684412512029026,-3635.5892709295867,-91.27290904706308,91.27290904706308,INSURANCE_PARTIAL_MONETIZATION,I018
2022-01-27,I018,QQQ,14,insurance,CLOSE,put,1,370.0,2022-04-14,5,341.1,36.972614133025814,36.04829877970017,37.89692948635146,36.04829877970017,0.291770601716441,-0.7062801283704285,18024.149389850085,-465.40767666282306,465.40767666282306,INSURANCE_PARTIAL_MONETIZATION,I018
2022-01-27,I018,QQQ,14,insurance,CLOSE,put,-1,335.0,2022-04-14,5,341.1,15.73913668037818,15.345658263368726,16.132615097387635,16.132615097387635,0.2995973416921239,-0.42216470801612804,-8066.307548693818,-199.98920850472726,199.98920850472726,INSURANCE_PARTIAL_MONETIZATION,I018
2022-04-04,I018,QQQ,14,insurance,CLOSE,put,1,370.0,2022-04-14,10,369.3,7.230716728614368,7.049948810399009,7.411484646829727,7.049948810399009,0.2818522533714421,-0.5066816470921752,7049.948810399009,-187.2679182153592,187.2679182153592,INSURANCE_DTE_ROLL,I018
2022-04-04,I018,QQQ,14,insurance,CLOSE,put,-1,335.0,2022-04-14,10,369.3,0.2446147358977253,0.2346147358977253,0.2546147358977253,0.2546147358977253,0.32111924074203696,-0.031378870078879774,-254.61473589772532,-16.500000000000007,16.500000000000007,INSURANCE_DTE_ROLL,I018
2023-03-14,I018,QQQ,15,insurance,OPEN,put,1,271.0,2023-06-16,9,297.37,8.472692470269436,8.2608751585127,8.684509782026172,8.684509782026172,0.3460580937641677,-0.24859988509188122,-7816.058803823555,-196.4855805810623,196.4855805810623,INSURANCE_MODEL_ENTRY_PUT_SPREAD,I018
2023-03-14,I018,QQQ,15,insurance,OPEN,put,-1,237.0,2023-06-16,9,297.37,3.134980226241691,3.0566057205856487,3.213354731897733,3.0566057205856487,0.3984405610253461,-0.10075182117527043,2750.945148527084,-76.38705509043788,76.38705509043788,INSURANCE_MODEL_ENTRY_PUT_SPREAD,I018
2023-06-06,I018,QQQ,15,insurance,CLOSE,put,1,271.0,2023-06-16,9,354.84,6.779618491986603e-11,0.0,0.010000000067796186,0.0,0.2511082177882989,-3.118648159607556e-11,0.0,-5.8500000610165666,5.8500000610165666,INSURANCE_DTE_ROLL,I018
2023-06-06,I018,QQQ,15,insurance,CLOSE,put,-1,237.0,2023-06-16,9,354.84,0.0,0.0,0.01,0.01,0.2777551572539736,0.0,-9.0,-14.850000000000001,14.850000000000001,INSURANCE_DTE_ROLL,I018
2023-09-27,I018,QQQ,16,insurance,OPEN,put,1,333.0,2023-12-15,8,355.04,6.639036294456417,6.473060387095007,6.805012201817828,6.805012201817828,0.2578408039069073,-0.24668930192858887,-5444.009761454262,-137.98072588912834,137.98072588912834,INSURANCE_MODEL_ENTRY_PUT_SPREAD,I018
2023-09-27,I018,QQQ,16,insurance,OPEN,put,-1,305.0,2023-12-15,8,355.04,2.318199775704187,2.2602447813115822,2.3761547700967918,2.2602447813115822,0.2857442147909323,-0.09836568013364008,1808.1958250492657,-51.563995514083814,51.563995514083814,INSURANCE_MODEL_ENTRY_PUT_SPREAD,I018
2023-12-05,I018,QQQ,16,insurance,CLOSE,put,1,333.0,2023-12-15,8,387.29,9.487328625588194e-06,0.0,0.010009487328625588,0.0,0.20562466756177541,-3.4949707586450465e-06,0.0,-5.207589862900471,5.207589862900471,INSURANCE_DTE_ROLL,I018
2023-12-05,I018,QQQ,16,insurance,CLOSE,put,-1,305.0,2023-12-15,8,387.29,8.794913604878505e-11,0.0,0.010000000087949136,0.010000000087949136,0.22404962043946397,-4.132171675838381e-11,-8.00000007035931,-13.2,13.2,INSURANCE_DTE_ROLL,I018
2024-08-06,I018,QQQ,17,insurance,OPEN,put,1,412.0,2024-11-15,8,439.53,8.945791837174923,8.72214704124555,9.169436633104295,9.169436633104295,0.24256721920912425,-0.25018892460303455,-7335.549306483436,-184.11583674349788,184.11583674349788,INSURANCE_MODEL_ENTRY_PUT_SPREAD,I018
2024-08-06,I018,QQQ,17,insurance,OPEN,put,-1,375.0,2024-11-15,8,439.53,3.164845894390801,3.085724747031031,3.243967041750571,3.085724747031031,0.2705659311440411,-0.10044611153493724,2468.579797624825,-68.49691788781595,68.49691788781595,INSURANCE_MODEL_ENTRY_PUT_SPREAD,I018
2024-08-09,I018,QQQ,17,insurance,CLOSE,put,1,412.0,2024-11-15,4,450.41,6.577435549193169,6.412999660463339,6.741871437922998,6.412999660463339,0.2462626916121037,-0.194238015339157,2565.1998641853356,-68.37435549193175,68.37435549193175,INSURANCE_PARTIAL_MONETIZATION,I018
2024-08-09,I018,QQQ,17,insurance,CLOSE,put,-1,375.0,2024-11-15,4,450.41,2.189611487455913,2.134871200269515,2.244351774642311,2.244351774642311,0.2731660514555598,-0.07279274013728869,-897.7407098569245,-24.496114874559204,24.496114874559204,INSURANCE_PARTIAL_MONETIZATION,I018
2024-11-05,I018,QQQ,17,insurance,CLOSE,put,1,412.0,2024-11-15,4,492.21,0.00027226806945652646,0.0,0.010272268069456527,0.0,0.27999862863411956,-5.1119960896914584e-05,0.0,-2.7089072277826105,2.7089072277826105,INSURANCE_DTE_ROLL,I018
2024-11-05,I018,QQQ,17,insurance,CLOSE,put,-1,375.0,2024-11-15,4,492.21,1.2394077695314785e-07,0.0,0.010000123940776953,0.010000123940776953,0.30536889742183215,-2.847881236584924e-08,-4.000049576310781,-6.6,6.6,INSURANCE_DTE_ROLL,I018
2024-12-20,I018,QQQ,18,insurance,OPEN,put,1,491.0,2025-03-21,7,518.66,8.720815532736538,8.502795144418124,8.93883592105495,8.93883592105495,0.21099145427824006,-0.2525429368332851,-6257.185144738465,-157.16427182288916,157.16427182288916,INSURANCE_MODEL_ENTRY_PUT_SPREAD,I018
2024-12-20,I018,QQQ,18,insurance,OPEN,put,-1,455.0,2025-03-21,7,518.66,3.010102326683878,2.934849768516781,3.085354884850975,2.934849768516781,0.23133161054178547,-0.1008555519110246,2054.394837961747,-57.2267907169678,57.2267907169678,INSURANCE_MODEL_ENTRY_PUT_SPREAD,I018
2025-03-10,I018,QQQ,18,insurance,CLOSE,put,1,491.0,2025-03-21,2,472.73,20.95827529328716,20.43431841095498,21.482232175619338,20.43431841095498,0.2884,-0.7609657687216563,4086.863682190996,-106.09137646643579,106.09137646643579,INSURANCE_PARTIAL_MONETIZATION,I018
2025-03-10,I018,QQQ,18,insurance,CLOSE,put,-1,455.0,2025-03-21,2,472.73,3.246506942893518,3.16534426932118,3.327669616465856,3.327669616465856,0.304624902164026,-0.22043093037427441,-665.5339232931711,-17.532534714467573,17.532534714467573,INSURANCE_PARTIAL_MONETIZATION,I018
2025-03-11,I018,QQQ,18,insurance,CLOSE,put,1,491.0,2025-03-21,5,471.6,21.51257076524962,20.97475649611838,22.05038503438086,20.97475649611838,0.287,-0.7889886149020718,10487.37824805919,-272.1571345656196,272.1571345656196,INSURANCE_DTE_ROLL,I018
2025-03-11,I018,QQQ,18,insurance,CLOSE,put,-1,455.0,2025-03-21,5,471.6,3.105462554501969,3.02782599063942,3.183099118364518,3.183099118364518,0.30215330788804073,-0.22301940849545324,-1591.5495591822591,-42.06828193127457,42.06828193127457,INSURANCE_DTE_ROLL,I018
2025-03-19,I018,QQQ,19,insurance,OPEN,put,1,450.0,2025-06-20,7,480.89,9.225521079912525,8.994883052914712,9.456159106910338,9.456159106910338,0.24253992809197364,-0.24740186388653915,-6619.311374837237,-165.99661889846897,165.99661889846897,INSURANCE_MODEL_ENTRY_PUT_SPREAD,I018
2025-03-19,I018,QQQ,19,insurance,OPEN,put,-1,412.0,2025-06-20,7,480.89,3.2923487222235295,3.2100400041679413,3.3746574402791176,3.2100400041679413,0.2687617041861317,-0.10048648028112332,2247.028002917559,-62.1661026389117,62.1661026389117,INSURANCE_MODEL_ENTRY_PUT_SPREAD,I018
2025-04-04,I018,QQQ,19,insurance,CLOSE,put,1,450.0,2025-06-20,2,422.67,36.499906980935805,35.58740930641241,37.4124046554592,35.58740930641241,0.28415192153667906,-0.638345950224253,7117.481861282482,-183.79953490467875,183.79953490467875,INSURANCE_PARTIAL_MONETIZATION,I018
2025-04-04,I018,QQQ,19,insurance,CLOSE,put,-1,412.0,2025-06-20,2,422.67,16.20026967212891,15.795262930325688,16.605276413932135,16.605276413932135,0.2949117377152452,-0.376729826939972,-3321.055282786427,-82.3013483606447,82.3013483606447,INSURANCE_PARTIAL_MONETIZATION,I018
2025-04-15,I018,QQQ,19,insurance,CLOSE,put,1,450.0,2025-06-20,1,457.99,26.441911165043564,25.780863385917474,27.102958944169654,25.780863385917474,0.41294595997059624,-0.4101572905620355,2578.0863385917473,-66.75477791260899,66.75477791260899,INSURANCE_PARTIAL_MONETIZATION,I018
2025-04-15,I018,QQQ,19,insurance,CLOSE,put,-1,412.0,2025-06-20,1,457.99,15.006301546388869,14.631144007729148,15.38145908504859,15.38145908504859,0.46302930423002275,-0.2512327962234185,-1538.145908504859,-38.1657538659721,38.1657538659721,INSURANCE_PARTIAL_MONETIZATION,I018
2025-06-10,I018,QQQ,19,insurance,CLOSE,put,1,450.0,2025-06-20,4,534.21,4.4464597483972156e-05,0.0,0.010044464597483971,0.0,0.24506477789633294,-9.535635321413638e-06,0.0,-2.617785838993589,2.617785838993589,INSURANCE_DTE_ROLL,I018
2025-06-10,I018,QQQ,19,insurance,CLOSE,put,-1,412.0,2025-06-20,4,534.21,5.355389558337906e-09,0.0,0.010000005355389559,0.010000005355389559,0.2662126410961982,-1.413008269792518e-09,-4.000002142155823,-6.6,6.6,INSURANCE_DTE_ROLL,I018
2025-08-06,I018,QQQ,20,insurance,OPEN,put,1,532.0,2025-11-21,7,567.32,11.262942685486792,10.981369118349622,11.54451625262396,11.54451625262396,0.22938904553011774,-0.25094561832166407,-8081.1613768367715,-201.65149699601835,201.65149699601835,INSURANCE_MODEL_ENTRY_PUT_SPREAD,I018
2025-08-06,I018,QQQ,20,insurance,OPEN,put,-1,485.0,2025-11-21,7,567.32,3.913182952100051,3.8153533782975497,4.011012525902553,3.8153533782975497,0.25546018483347627,-0.0994130316169515,2670.7473648082846,-73.03070166175102,73.03070166175102,INSURANCE_MODEL_ENTRY_PUT_SPREAD,I018
2025-11-11,I018,QQQ,20,insurance,CLOSE,put,1,532.0,2025-11-21,7,621.57,0.0020150492581717805,0.0,0.01201504925817178,0.0,0.2757021695062503,-0.00027654310763756566,0.0,-5.960534480720247,5.960534480720247,INSURANCE_DTE_ROLL,I018
2025-11-11,I018,QQQ,20,insurance,CLOSE,put,-1,485.0,2025-11-21,7,621.57,1.5267171394177945e-06,0.0,0.010001526717139417,0.010001526717139417,0.3014150417491192,-2.6237940197453295e-07,-7.001068701997593,-11.55,11.55,INSURANCE_DTE_ROLL,I018
2025-11-19,I018,QQQ,21,insurance,OPEN,put,1,559.0,2026-02-20,5,599.87,12.757924467253417,12.438976355572082,13.076872578934752,13.076872578934752,0.26133312664855496,-0.2518108348399401,-6538.436289467376,-162.72405584066755,162.72405584066755,INSURANCE_MODEL_ENTRY_PUT_SPREAD,I018
2025-11-19,I018,QQQ,21,insurance,OPEN,put,-1,506.0,2026-02-20,5,599.87,4.428845277376745,4.318124145442326,4.539566409311163,4.318124145442326,0.29275594748806055,-0.0992307179042609,2159.062072721163,-58.610565967209396,58.610565967209396,INSURANCE_MODEL_ENTRY_PUT_SPREAD,I018
2026-02-02,I018,QQQ,21,insurance,CLOSE,put,1,559.0,2026-02-20,5,626.14,0.2082681884563602,0.19826818845636018,0.2182681884563602,0.19826818845636018,0.24644688887469257,-0.01662726236696291,99.13409422818009,-8.250000000000004,8.250000000000004,INSURANCE_RECOVERY_EXIT,I018
2026-02-02,I018,QQQ,21,insurance,CLOSE,put,-1,506.0,2026-02-20,5,626.14,0.0017351991710991693,0.0,0.01173519917109917,0.01173519917109917,0.2734022822371993,-0.00018162301089617885,-5.867599585549584,-8.25,8.25,INSURANCE_RECOVERY_EXIT,I018
2026-04-01,I018,QQQ,22,insurance,OPEN,put,1,546.0,2026-06-18,7,584.31,11.190156390598446,10.910402480833485,11.469910300363408,11.469910300363408,0.2622615199978884,-0.249043971243966,-8028.937210254386,-200.37773683547306,200.37773683547306,INSURANCE_MODEL_ENTRY_PUT_SPREAD,I018
2026-04-01,I018,QQQ,22,insurance,OPEN,put,-1,500.0,2026-06-18,7,584.31,3.950890441050568,3.852118180024304,4.049662702076832,3.852118180024304,0.29045838787191636,-0.10036776647056779,2696.4827260170127,-73.69058271838482,73.69058271838482,INSURANCE_MODEL_ENTRY_PUT_SPREAD,I018
2026-06-08,I018,QQQ,22,insurance,CLOSE,put,1,546.0,2026-06-18,7,716.07,3.069388107842597e-05,0.0,0.010030693881078426,0.0,0.3678169173404835,-3.4042559954311795e-06,0.0,-4.571485716754898,4.571485716754898,INSURANCE_DTE_ROLL,I018
2026-06-08,I018,QQQ,22,insurance,CLOSE,put,-1,500.0,2026-06-18,7,716.07,1.1130990460670644e-07,0.0,0.010000111309904606,0.010000111309904606,0.39394955800410575,-1.3880339810587695e-08,-7.000077916933225,-11.55,11.55,INSURANCE_DTE_ROLL,I018
2017-05-19,I019,QQQ,1,insurance,OPEN,put,1,126.0,2017-11-17,8,137.84,1.8758913218723556,1.8289940388255468,1.9227886049191645,1.9227886049191645,0.16427213426527718,-0.19882607698391508,-1538.2308839353316,-42.71782643744708,42.71782643744708,INSURANCE_MODEL_ENTRY_PROTECTIVE_PUT,I019
2017-09-25,I019,QQQ,1,insurance,CLOSE,put,1,126.0,2017-11-17,8,142.8,0.11353831754092525,0.10353831754092525,0.12353831754092524,0.10353831754092525,0.17761811566413516,-0.02965713361682864,82.8306540327402,-13.199999999999996,13.199999999999996,INSURANCE_RECOVERY_EXIT,I019
2018-01-31,I019,QQQ,2,insurance,OPEN,put,1,155.0,2018-07-20,7,169.4,2.340350481499385,2.2818417194619007,2.3988592435368696,2.3988592435368696,0.17203061199993566,-0.1991704670427597,-1679.2014704758087,-45.50613342623912,45.50613342623912,INSURANCE_MODEL_ENTRY_PROTECTIVE_PUT,I019
2018-02-05,I019,QQQ,2,insurance,CLOSE,put,1,155.0,2018-07-20,2,158.12,6.535191251367806,6.37181147008361,6.698571032652001,6.37181147008361,0.19631786107511817,-0.4038605284165546,1274.362294016722,-33.9759562568391,33.9759562568391,INSURANCE_PARTIAL_MONETIZATION,I019
2018-02-14,I019,QQQ,2,insurance,CLOSE,put,1,155.0,2018-07-20,1,162.68,4.3413100149561075,4.232777264582205,4.44984276533001,4.232777264582205,0.1882485500716331,-0.31385560122896056,423.27772645822046,-11.503275037390287,11.503275037390287,INSURANCE_PARTIAL_MONETIZATION,I019
2018-07-10,I019,QQQ,2,insurance,CLOSE,put,1,155.0,2018-07-20,4,177.32,8.775053588688103e-05,0.0,0.010087750535886881,0.0,0.21279720279720277,-5.983335510130029e-05,0.0,-2.6351002143547526,2.6351002143547526,INSURANCE_DTE_ROLL,I019
2019-03-11,I019,QQQ,3,insurance,OPEN,put,1,156.0,2019-09-20,4,174.73,3.5732066107120346,3.483876445444234,3.6625367759798353,3.6625367759798353,0.2262889448060483,-0.20394411874247198,-1465.0147103919342,-38.332066107120276,38.332066107120276,INSURANCE_MODEL_ENTRY_PROTECTIVE_PUT,I019
2019-05-17,I019,QQQ,3,insurance,CLOSE,put,1,156.0,2019-09-20,2,183.04,1.1703895710351233,1.1411298317592453,1.1996493103110013,1.1411298317592453,0.2278023369249841,-0.09608431459602733,228.22596635184905,-7.151947855175599,7.151947855175599,INSURANCE_PARTIAL_MONETIZATION,I019
2019-09-10,I019,QQQ,3,insurance,CLOSE,put,1,156.0,2019-09-20,2,190.64,1.4633164585467874e-05,0.0,0.010014633164585469,0.0,0.28223066533053337,-7.698017358285666e-06,0.0,-1.3029266329170937,1.3029266329170937,INSURANCE_DTE_ROLL,I019
2019-10-03,I019,QQQ,4,insurance,OPEN,put,1,164.0,2020-03-20,1,186.07,3.8672387302343125,3.7705577619784547,3.9639196984901703,3.9639196984901703,0.2534767039139052,-0.19856424798989253,-396.391969849017,-10.318096825585782,10.318096825585782,INSURANCE_MODEL_ENTRY_PROTECTIVE_PUT,I019
2020-03-10,I019,QQQ,4,insurance,CLOSE,put,1,164.0,2020-03-20,1,204.11,0.11119122491048605,0.10119122491048606,0.12119122491048605,0.10119122491048606,0.6198628281856864,-0.014530097640454856,10.119122491048605,-1.6499999999999995,1.6499999999999995,INSURANCE_DTE_ROLL,I019
2020-03-18,I019,QQQ,5,insurance,OPEN,put,1,140.0,2020-09-18,2,176.6,7.979289885070877,7.779807637944105,8.178772132197649,8.178772132197649,0.48169086132339994,-0.19907216711792994,-1635.7544264395297,-41.196449425354416,41.196449425354416,INSURANCE_MODEL_ENTRY_PROTECTIVE_PUT,I019
2020-03-19,I019,QQQ,5,insurance,CLOSE,put,1,140.0,2020-09-18,1,177.66,7.931323703591076,7.733040611001299,8.129606796180854,7.733040611001299,0.48662579009072776,-0.1959493819065343,773.30406110013,-20.47830925897767,20.47830925897767,INSURANCE_PARTIAL_MONETIZATION,I019
2020-09-08,I019,QQQ,5,insurance,CLOSE,put,1,140.0,2020-09-18,1,269.95,3.7652283374593855e-08,0.0,0.010000037652283375,0.0,0.7063964623078347,-7.019205237267337e-09,0.0,-0.6500037652283375,0.6500037652283375,INSURANCE_DTE_ROLL,I019
2020-09-22,I019,QQQ,6,insurance,OPEN,put,1,225.0,2021-03-19,1,272.48,9.277104711435015,9.04517709364914,9.50903232922089,9.50903232922089,0.38273354131429865,-0.19962204663149347,-950.903232922089,-23.842761778587466,23.842761778587466,INSURANCE_MODEL_ENTRY_PROTECTIVE_PUT,I019
2021-03-09,I019,QQQ,6,insurance,CLOSE,put,1,225.0,2021-03-19,1,311.77,3.26060487826599e-05,0.0,0.01003260604878266,0.0,0.4557169949000866,-6.504892008212289e-06,0.0,-0.653260604878266,0.653260604878266,INSURANCE_DTE_ROLL,I019
2021-03-17,I019,QQQ,7,insurance,OPEN,put,1,264.0,2021-09-17,2,321.9,11.811685979157659,11.516393829678718,12.1069781286366,12.1069781286366,0.3975927309898332,-0.20150672034675848,-2421.39562572732,-60.35842989578822,60.35842989578822,INSURANCE_MODEL_ENTRY_PROTECTIVE_PUT,I019
2021-09-07,I019,QQQ,7,insurance,CLOSE,put,1,264.0,2021-09-17,2,382.11,3.6388685028170566e-13,0.0,0.010000000000363886,0.0,0.30678087461725684,-1.3864954673325264e-13,0.0,-1.3000000000727774,1.3000000000727774,INSURANCE_DTE_ROLL,I019
2022-01-03,I019,QQQ,8,insurance,OPEN,put,1,345.0,2022-07-15,2,401.68,10.020526022557718,9.770012871993774,10.271039173121661,10.271039173121661,0.27887805812775457,-0.19943743460940735,-2054.207834624332,-51.40263011278866,51.40263011278866,INSURANCE_MODEL_ENTRY_PROTECTIVE_PUT,I019
2022-01-21,I019,QQQ,8,insurance,CLOSE,put,1,345.0,2022-07-15,1,351.69,22.0920191779731,21.53971869852377,22.64431965742243,21.53971869852377,0.26110525241849514,-0.42432230677928195,2153.971869852377,-55.88004794493289,55.88004794493289,INSURANCE_PARTIAL_MONETIZATION,I019
2022-07-05,I019,QQQ,8,insurance,CLOSE,put,1,345.0,2022-07-15,1,286.96,57.931171703970165,56.48289241137091,59.37945099656942,56.48289241137091,0.3486,-0.9990287409672054,5648.289241137091,-145.47792925992528,145.47792925992528,INSURANCE_DTE_ROLL,I019
2023-03-14,I019,QQQ,9,insurance,OPEN,put,1,250.0,2023-09-15,2,297.37,10.505736629273443,10.243093213541608,10.768380045005278,10.768380045005278,0.38851495670661423,-0.19924944124987237,-2153.6760090010557,-53.82868314636707,53.82868314636707,INSURANCE_MODEL_ENTRY_PROTECTIVE_PUT,I019
2023-07-19,I019,QQQ,9,insurance,CLOSE,put,1,250.0,2023-09-15,2,385.65,0.011301849054841329,0.0013018490548413284,0.02130184905484133,0.0013018490548413284,0.35603438548897615,-0.0007347141555384501,0.26036981096826567,-3.3,3.3,INSURANCE_RECOVERY_EXIT,I019
2024-08-06,I019,QQQ,10,insurance,OPEN,put,1,398.0,2025-01-17,3,439.53,8.52205767868739,8.309006236720204,8.735109120654574,8.735109120654574,0.2375981422275279,-0.20120933420099346,-2620.5327361963723,-65.86543259015542,65.86543259015542,INSURANCE_MODEL_ENTRY_PROTECTIVE_PUT,I019
2024-08-09,I019,QQQ,10,insurance,CLOSE,put,1,398.0,2025-01-17,1,450.41,6.714174129249017,6.546319776017791,6.8820284824802425,6.546319776017791,0.24153018731579065,-0.16294517794518582,654.6319776017791,-17.435435323122576,17.435435323122576,INSURANCE_PARTIAL_MONETIZATION,I019
2024-11-27,I019,QQQ,10,insurance,CLOSE,put,1,398.0,2025-01-17,2,505.3,0.036553921211046614,0.026553921211046612,0.046553921211046616,0.026553921211046612,0.2382411467812036,-0.002650986907587348,5.310784242209323,-3.3000000000000007,3.3000000000000007,INSURANCE_RECOVERY_EXIT,I019
2025-01-02,I019,QQQ,11,insurance,OPEN,put,1,464.0,2025-06-20,3,510.23,8.939418682473033,8.715933215411207,9.162904149534858,9.162904149534858,0.21536002100994978,-0.19942282278633947,-2748.8712448604574,-68.99564011854774,68.99564011854774,INSURANCE_MODEL_ENTRY_PROTECTIVE_PUT,I019
2025-04-03,I019,QQQ,11,insurance,CLOSE,put,1,464.0,2025-06-20,1,450.66,26.022025702482836,25.371475059920765,26.672576345044906,25.371475059920765,0.24814960282985624,-0.550468722322195,2537.1475059920767,-65.70506425620702,65.70506425620702,INSURANCE_PARTIAL_MONETIZATION,I019
2025-06-10,I019,QQQ,11,insurance,CLOSE,put,1,464.0,2025-06-20,2,534.21,0.0007193146240631471,0.0,0.010719314624063147,0.0,0.23727345987532997,-0.00013926243811148497,0.0,-1.4438629248126293,1.4438629248126293,INSURANCE_DTE_ROLL,I019
2017-05-19,I020,QQQ,1,insurance,OPEN,put,1,126.0,2017-11-17,11,137.84,1.8758913218723556,1.8289940388255468,1.9227886049191645,1.9227886049191645,0.16427213426527718,-0.19882607698391508,-2115.067465411081,-58.73701135148973,58.73701135148973,INSURANCE_MODEL_ENTRY_PROTECTIVE_PUT,I020
2017-09-25,I020,QQQ,1,insurance,CLOSE,put,1,126.0,2017-11-17,11,142.8,0.11353831754092525,0.10353831754092525,0.12353831754092524,0.10353831754092525,0.17761811566413516,-0.02965713361682864,113.89214929501777,-18.149999999999995,18.149999999999995,INSURANCE_RECOVERY_EXIT,I020
2018-01-31,I020,QQQ,2,insurance,OPEN,put,1,155.0,2018-07-20,9,169.4,2.340350481499385,2.2818417194619007,2.3988592435368696,2.3988592435368696,0.17203061199993566,-0.1991704670427597,-2158.973319183183,-58.507885833736005,58.507885833736005,INSURANCE_MODEL_ENTRY_PROTECTIVE_PUT,I020
2018-02-05,I020,QQQ,2,insurance,CLOSE,put,1,155.0,2018-07-20,2,158.12,6.535191251367806,6.37181147008361,6.698571032652001,6.37181147008361,0.19631786107511817,-0.4038605284165546,1274.362294016722,-33.9759562568391,33.9759562568391,INSURANCE_PARTIAL_MONETIZATION,I020
2018-02-14,I020,QQQ,2,insurance,CLOSE,put,1,155.0,2018-07-20,2,162.68,4.3413100149561075,4.232777264582205,4.44984276533001,4.232777264582205,0.1882485500716331,-0.31385560122896056,846.5554529164409,-23.006550074780574,23.006550074780574,INSURANCE_PARTIAL_MONETIZATION,I020
2018-07-10,I020,QQQ,2,insurance,CLOSE,put,1,155.0,2018-07-20,5,177.32,8.775053588688103e-05,0.0,0.010087750535886881,0.0,0.21279720279720277,-5.983335510130029e-05,0.0,-3.2938752679434407,3.2938752679434407,INSURANCE_DTE_ROLL,I020
2019-03-11,I020,QQQ,3,insurance,OPEN,put,1,156.0,2019-09-20,6,174.73,3.5732066107120346,3.483876445444234,3.6625367759798353,3.6625367759798353,0.2262889448060483,-0.20394411874247198,-2197.522065587901,-57.49809916068041,57.49809916068041,INSURANCE_MODEL_ENTRY_PROTECTIVE_PUT,I020
2019-05-17,I020,QQQ,3,insurance,CLOSE,put,1,156.0,2019-09-20,3,183.04,1.1703895710351233,1.1411298317592453,1.1996493103110013,1.1411298317592453,0.2278023369249841,-0.09608431459602733,342.3389495277736,-10.7279217827634,10.7279217827634,INSURANCE_PARTIAL_MONETIZATION,I020
2019-09-10,I020,QQQ,3,insurance,CLOSE,put,1,156.0,2019-09-20,3,190.64,1.4633164585467874e-05,0.0,0.010014633164585469,0.0,0.28223066533053337,-7.698017358285666e-06,0.0,-1.9543899493756405,1.9543899493756405,INSURANCE_DTE_ROLL,I020
2019-10-21,I020,QQQ,4,insurance,OPEN,put,1,171.0,2020-04-17,1,193.39,3.8098799815464943,3.714632982007832,3.9051269810851568,3.9051269810851568,0.2368825136287245,-0.19684900392065133,-390.5126981085157,-10.174699953866245,10.174699953866245,INSURANCE_MODEL_ENTRY_PROTECTIVE_PUT,I020
2020-04-07,I020,QQQ,4,insurance,CLOSE,put,1,171.0,2020-04-17,1,196.4,3.4453130149552678,3.359180189581386,3.5314458403291495,3.359180189581386,1.0034719284489362,-0.17986376971450233,335.9180189581386,-9.263282537388179,9.263282537388179,INSURANCE_DTE_ROLL,I020
2020-09-11,I020,QQQ,5,insurance,OPEN,put,1,223.0,2021-03-19,3,270.45,9.467471086769706,9.230784309600462,9.70415786393895,9.70415786393895,0.37784578060263624,-0.20086898181341928,-2911.2473591816847,-72.95603315077301,72.95603315077301,INSURANCE_MODEL_ENTRY_PROTECTIVE_PUT,I020
2020-09-14,I020,QQQ,5,insurance,CLOSE,put,1,223.0,2021-03-19,1,275.16,8.61067601536542,8.395409114981286,8.825942915749556,8.395409114981286,0.38183117353578755,-0.18393626034396296,839.5409114981286,-22.176690038413497,22.176690038413497,INSURANCE_PARTIAL_MONETIZATION,I020
2021-03-09,I020,QQQ,5,insurance,CLOSE,put,1,223.0,2021-03-19,2,311.77,2.1433720121203726e-05,0.0,0.010021433720121204,0.0,0.4588106216120858,-4.321128722596806e-06,0.0,-1.3042867440242407,1.3042867440242407,INSURANCE_DTE_ROLL,I020
2021-03-17,I020,QQQ,6,insurance,OPEN,put,1,264.0,2021-09-17,3,321.9,11.811685979157659,11.516393829678718,12.1069781286366,12.1069781286366,0.3975927309898332,-0.20150672034675848,-3632.0934385909795,-90.53764484368234,90.53764484368234,INSURANCE_MODEL_ENTRY_PROTECTIVE_PUT,I020
2021-09-07,I020,QQQ,6,insurance,CLOSE,put,1,264.0,2021-09-17,3,382.11,3.6388685028170566e-13,0.0,0.010000000000363886,0.0,0.30678087461725684,-1.3864954673325264e-13,0.0,-1.9500000001091662,1.9500000001091662,INSURANCE_DTE_ROLL,I020
2022-01-03,I020,QQQ,7,insurance,OPEN,put,1,345.0,2022-07-15,3,401.68,10.020526022557718,9.770012871993774,10.271039173121661,10.271039173121661,0.27887805812775457,-0.19943743460940735,-3081.311751936498,-77.10394516918299,77.10394516918299,INSURANCE_MODEL_ENTRY_PROTECTIVE_PUT,I020
2022-01-21,I020,QQQ,7,insurance,CLOSE,put,1,345.0,2022-07-15,1,351.69,22.0920191779731,21.53971869852377,22.64431965742243,21.53971869852377,0.26110525241849514,-0.42432230677928195,2153.971869852377,-55.88004794493289,55.88004794493289,INSURANCE_PARTIAL_MONETIZATION,I020
2022-07-05,I020,QQQ,7,insurance,CLOSE,put,1,345.0,2022-07-15,2,286.96,57.931171703970165,56.48289241137091,59.37945099656942,56.48289241137091,0.3486,-0.9990287409672054,11296.578482274183,-290.95585851985055,290.95585851985055,INSURANCE_DTE_ROLL,I020
2023-03-14,I020,QQQ,8,insurance,OPEN,put,1,250.0,2023-09-15,3,297.37,10.505736629273443,10.243093213541608,10.768380045005278,10.768380045005278,0.38851495670661423,-0.19924944124987237,-3230.5140135015836,-80.7430247195506,80.7430247195506,INSURANCE_MODEL_ENTRY_PROTECTIVE_PUT,I020
2023-07-19,I020,QQQ,8,insurance,CLOSE,put,1,250.0,2023-09-15,3,385.65,0.011301849054841329,0.0013018490548413284,0.02130184905484133,0.0013018490548413284,0.35603438548897615,-0.0007347141555384501,0.3905547164523985,-4.95,4.95,INSURANCE_RECOVERY_EXIT,I020
2024-08-06,I020,QQQ,9,insurance,OPEN,put,1,398.0,2025-01-17,4,439.53,8.52205767868739,8.309006236720204,8.735109120654574,8.735109120654574,0.2375981422275279,-0.20120933420099346,-3494.0436482618297,-87.82057678687389,87.82057678687389,INSURANCE_MODEL_ENTRY_PROTECTIVE_PUT,I020
2024-08-09,I020,QQQ,9,insurance,CLOSE,put,1,398.0,2025-01-17,2,450.41,6.714174129249017,6.546319776017791,6.8820284824802425,6.546319776017791,0.24153018731579065,-0.16294517794518582,1309.2639552035582,-34.87087064624515,34.87087064624515,INSURANCE_PARTIAL_MONETIZATION,I020
2024-11-27,I020,QQQ,9,insurance,CLOSE,put,1,398.0,2025-01-17,2,505.3,0.036553921211046614,0.026553921211046612,0.046553921211046616,0.026553921211046612,0.2382411467812036,-0.002650986907587348,5.310784242209323,-3.3000000000000007,3.3000000000000007,INSURANCE_RECOVERY_EXIT,I020
2025-01-02,I020,QQQ,10,insurance,OPEN,put,1,464.0,2025-06-20,4,510.23,8.939418682473033,8.715933215411207,9.162904149534858,9.162904149534858,0.21536002100994978,-0.19942282278633947,-3665.1616598139435,-91.99418682473032,91.99418682473032,INSURANCE_MODEL_ENTRY_PROTECTIVE_PUT,I020
2025-04-03,I020,QQQ,10,insurance,CLOSE,put,1,464.0,2025-06-20,1,450.66,26.022025702482836,25.371475059920765,26.672576345044906,25.371475059920765,0.24814960282985624,-0.550468722322195,2537.1475059920767,-65.70506425620702,65.70506425620702,INSURANCE_PARTIAL_MONETIZATION,I020
2025-04-15,I020,QQQ,10,insurance,CLOSE,put,1,464.0,2025-06-20,1,457.99,32.77798014466924,31.958530641052512,33.597429648285974,31.958530641052512,0.40241527784868,-0.4801988979609245,3195.853064105251,-82.59495036167311,82.59495036167311,INSURANCE_PARTIAL_MONETIZATION,I020
2025-06-10,I020,QQQ,10,insurance,CLOSE,put,1,464.0,2025-06-20,2,534.21,0.0007193146240631471,0.0,0.010719314624063147,0.0,0.23727345987532997,-0.00013926243811148497,0.0,-1.4438629248126293,1.4438629248126293,INSURANCE_DTE_ROLL,I020
2025-09-03,I020,QQQ,11,insurance,OPEN,put,1,513.0,2026-02-20,1,570.07,11.28723431454516,11.00505345668153,11.569415172408789,11.569415172408789,0.238221595998229,-0.2010385779876129,-1156.941517240879,-28.868085786362933,28.868085786362933,INSURANCE_MODEL_ENTRY_PROTECTIVE_PUT,I020
2026-01-13,I020,QQQ,11,insurance,CLOSE,put,1,513.0,2026-02-20,1,626.24,0.10932743476183582,0.09932743476183582,0.11932743476183581,0.09932743476183582,0.2565489102142331,-0.0063576266404981084,9.932743476183582,-1.6499999999999995,1.6499999999999995,INSURANCE_RECOVERY_EXIT,I020
2017-05-19,I021,QQQ,1,insurance,OPEN,put,1,126.0,2017-11-17,13,137.84,1.8758913218723556,1.8289940388255468,1.9227886049191645,1.9227886049191645,0.16427213426527718,-0.19882607698391508,-2499.6251863949137,-69.4164679608515,69.4164679608515,INSURANCE_MODEL_ENTRY_PROTECTIVE_PUT,I021
2017-09-25,I021,QQQ,1,insurance,CLOSE,put,1,126.0,2017-11-17,13,142.8,0.11353831754092525,0.10353831754092525,0.12353831754092524,0.10353831754092525,0.17761811566413516,-0.02965713361682864,134.59981280320284,-21.449999999999996,21.449999999999996,INSURANCE_RECOVERY_EXIT,I021
2018-01-31,I021,QQQ,2,insurance,OPEN,put,1,155.0,2018-07-20,11,169.4,2.340350481499385,2.2818417194619007,2.3988592435368696,2.3988592435368696,0.17203061199993566,-0.1991704670427597,-2638.7451678905563,-71.5096382412329,71.5096382412329,INSURANCE_MODEL_ENTRY_PROTECTIVE_PUT,I021
2018-02-05,I021,QQQ,2,insurance,CLOSE,put,1,155.0,2018-07-20,3,158.12,6.535191251367806,6.37181147008361,6.698571032652001,6.37181147008361,0.19631786107511817,-0.4038605284165546,1911.543441025083,-50.96393438525865,50.96393438525865,INSURANCE_PARTIAL_MONETIZATION,I021
2018-02-14,I021,QQQ,2,insurance,CLOSE,put,1,155.0,2018-07-20,2,162.68,4.3413100149561075,4.232777264582205,4.44984276533001,4.232777264582205,0.1882485500716331,-0.31385560122896056,846.5554529164409,-23.006550074780574,23.006550074780574,INSURANCE_PARTIAL_MONETIZATION,I021
2018-07-10,I021,QQQ,2,insurance,CLOSE,put,1,155.0,2018-07-20,6,177.32,8.775053588688103e-05,0.0,0.010087750535886881,0.0,0.21279720279720277,-5.983335510130029e-05,0.0,-3.952650321532129,3.952650321532129,INSURANCE_DTE_ROLL,I021
2018-07-18,I021,QQQ,3,insurance,OPEN,put,1,164.0,2019-01-18,3,179.93,2.9105640975869704,2.837799995147296,2.983328200026645,2.983328200026645,0.18507397139962836,-0.20510975115454094,-894.9984600079936,-23.779230731902306,23.779230731902306,INSURANCE_MODEL_ENTRY_PROTECTIVE_PUT,I021
2018-10-12,I021,QQQ,3,insurance,CLOSE,put,1,164.0,2019-01-18,1,174.32,3.2406559633414034,3.1596395642578683,3.3216723624249385,3.1596395642578683,0.21491820764636035,-0.2604833676706237,315.9639564257868,-8.751639908353509,8.751639908353509,INSURANCE_PARTIAL_MONETIZATION,I021
2019-01-08,I021,QQQ,3,insurance,CLOSE,put,1,164.0,2019-01-18,2,159.52,6.46998719863862,6.308237518672654,6.631736878604586,6.308237518672654,0.3628486642189505,-0.6640484140337172,1261.6475037345308,-33.64993599319313,33.64993599319313,INSURANCE_DTE_ROLL,I021
2019-03-11,I021,QQQ,4,insurance,OPEN,put,1,156.0,2019-09-20,9,174.73,3.5732066107120346,3.483876445444234,3.6625367759798353,3.6625367759798353,0.2262889448060483,-0.20394411874247198,-3296.2830983818517,-86.24714874102061,86.24714874102061,INSURANCE_MODEL_ENTRY_PROTECTIVE_PUT,I021
2019-05-17,I021,QQQ,4,insurance,CLOSE,put,1,156.0,2019-09-20,4,183.04,1.1703895710351233,1.1411298317592453,1.1996493103110013,1.1411298317592453,0.2278023369249841,-0.09608431459602733,456.4519327036981,-14.303895710351197,14.303895710351197,INSURANCE_PARTIAL_MONETIZATION,I021
2019-09-10,I021,QQQ,4,insurance,CLOSE,put,1,156.0,2019-09-20,5,190.64,1.4633164585467874e-05,0.0,0.010014633164585469,0.0,0.28223066533053337,-7.698017358285666e-06,0.0,-3.257316582292734,3.257316582292734,INSURANCE_DTE_ROLL,I021
2019-10-03,I021,QQQ,5,insurance,OPEN,put,1,164.0,2020-03-20,1,186.07,3.8672387302343125,3.7705577619784547,3.9639196984901703,3.9639196984901703,0.2534767039139052,-0.19856424798989253,-396.391969849017,-10.318096825585782,10.318096825585782,INSURANCE_MODEL_ENTRY_PROTECTIVE_PUT,I021
2020-03-10,I021,QQQ,5,insurance,CLOSE,put,1,164.0,2020-03-20,1,204.11,0.11119122491048605,0.10119122491048606,0.12119122491048605,0.10119122491048606,0.6198628281856864,-0.014530097640454856,10.119122491048605,-1.6499999999999995,1.6499999999999995,INSURANCE_DTE_ROLL,I021
2020-03-18,I021,QQQ,6,insurance,OPEN,put,1,140.0,2020-09-18,4,176.6,7.979289885070877,7.779807637944105,8.178772132197649,8.178772132197649,0.48169086132339994,-0.19907216711792994,-3271.5088528790593,-82.39289885070883,82.39289885070883,INSURANCE_MODEL_ENTRY_PROTECTIVE_PUT,I021
2020-03-19,I021,QQQ,6,insurance,CLOSE,put,1,140.0,2020-09-18,2,177.66,7.931323703591076,7.733040611001299,8.129606796180854,7.733040611001299,0.48662579009072776,-0.1959493819065343,1546.60812220026,-40.95661851795534,40.95661851795534,INSURANCE_PARTIAL_MONETIZATION,I021
2020-09-08,I021,QQQ,6,insurance,CLOSE,put,1,140.0,2020-09-18,2,269.95,3.7652283374593855e-08,0.0,0.010000037652283375,0.0,0.7063964623078347,-7.019205237267337e-09,0.0,-1.300007530456675,1.300007530456675,INSURANCE_DTE_ROLL,I021
2020-09-16,I021,QQQ,7,insurance,OPEN,put,1,226.0,2021-03-19,1,274.61,9.47713800926256,9.240209559030996,9.714066459494125,9.714066459494125,0.3827483595490371,-0.19879467013126653,-971.4066459494126,-24.34284502315647,24.34284502315647,INSURANCE_MODEL_ENTRY_PROTECTIVE_PUT,I021
2021-03-09,I021,QQQ,7,insurance,CLOSE,put,1,226.0,2021-03-19,1,311.77,4.01162503372624e-05,0.0,0.010040116250337263,0.0,0.45417018154408695,-7.960560213665718e-06,0.0,-0.6540116250337262,0.6540116250337262,INSURANCE_DTE_ROLL,I021
2021-03-17,I021,QQQ,8,insurance,OPEN,put,1,264.0,2021-09-17,4,321.9,11.811685979157659,11.516393829678718,12.1069781286366,12.1069781286366,0.3975927309898332,-0.20150672034675848,-4842.79125145464,-120.71685979157644,120.71685979157644,INSURANCE_MODEL_ENTRY_PROTECTIVE_PUT,I021
2021-09-07,I021,QQQ,8,insurance,CLOSE,put,1,264.0,2021-09-17,4,382.11,3.6388685028170566e-13,0.0,0.010000000000363886,0.0,0.30678087461725684,-1.3864954673325264e-13,0.0,-2.6000000001455548,2.6000000001455548,INSURANCE_DTE_ROLL,I021
2021-10-20,I021,QQQ,9,insurance,OPEN,put,1,321.0,2022-04-14,1,374.98,9.547508212221757,9.308820506916213,9.786195917527301,9.786195917527301,0.2984111053916925,-0.19891024461386397,-978.6195917527301,-24.518770530554427,24.518770530554427,INSURANCE_MODEL_ENTRY_PROTECTIVE_PUT,I021
2022-04-04,I021,QQQ,9,insurance,CLOSE,put,1,321.0,2022-04-14,1,369.3,0.03707673627652319,0.02707673627652319,0.047076736276523194,0.02707673627652319,0.3371465825259533,-0.005542682316432594,2.7076736276523192,-1.6500000000000004,1.6500000000000004,INSURANCE_DTE_ROLL,I021
2022-08-23,I021,QQQ,10,insurance,OPEN,put,1,265.0,2023-02-17,4,314.1,10.102830024732725,9.850259274114407,10.355400775351043,10.355400775351043,0.3633048802277972,-0.19997878144415482,-4142.160310140417,-103.62830024732725,103.62830024732725,INSURANCE_MODEL_ENTRY_PROTECTIVE_PUT,I021
2022-09-09,I021,QQQ,10,insurance,CLOSE,put,1,265.0,2023-02-17,2,307.09,10.17298608049947,9.918661428486983,10.427310732511957,9.918661428486983,0.35842276997584266,-0.2160236775510057,1983.7322856973965,-52.16493040249742,52.16493040249742,INSURANCE_PARTIAL_MONETIZATION,I021
2023-02-07,I021,QQQ,10,insurance,CLOSE,put,1,265.0,2023-02-17,2,309.88,0.004349829079671408,0.0,0.014349829079671408,0.0,0.3099106751000387,-0.0009768474052044614,0.0,-2.1699658159342814,2.1699658159342814,INSURANCE_DTE_ROLL,I021
2023-03-14,I021,QQQ,11,insurance,OPEN,put,1,250.0,2023-09-15,4,297.37,10.505736629273443,10.243093213541608,10.768380045005278,10.768380045005278,0.38851495670661423,-0.19924944124987237,-4307.352018002111,-107.65736629273414,107.65736629273414,INSURANCE_MODEL_ENTRY_PROTECTIVE_PUT,I021
2023-07-19,I021,QQQ,11,insurance,CLOSE,put,1,250.0,2023-09-15,4,385.65,0.011301849054841329,0.0013018490548413284,0.02130184905484133,0.0013018490548413284,0.35603438548897615,-0.0007347141555384501,0.5207396219365313,-6.6,6.6,INSURANCE_RECOVERY_EXIT,I021
2023-09-27,I021,QQQ,12,insurance,OPEN,put,1,315.0,2024-03-15,1,355.04,8.30537575249231,8.097741358680002,8.513010146304618,8.513010146304618,0.2803944096952528,-0.19934221645236336,-851.3010146304617,-21.413439381230774,21.413439381230774,INSURANCE_MODEL_ENTRY_PROTECTIVE_PUT,I021
2023-12-11,I021,QQQ,12,insurance,CLOSE,put,1,315.0,2024-03-15,1,395.52,0.6795434818396267,0.6625548947936359,0.6965320688856174,0.6625548947936359,0.26266539086605567,-0.0313492919294773,66.25548947936359,-2.348858704599071,2.348858704599071,INSURANCE_RECOVERY_EXIT,I021
2024-08-06,I021,QQQ,13,insurance,OPEN,put,1,398.0,2025-01-17,6,439.53,8.52205767868739,8.309006236720204,8.735109120654574,8.735109120654574,0.2375981422275279,-0.20120933420099346,-5241.065472392745,-131.73086518031084,131.73086518031084,INSURANCE_MODEL_ENTRY_PROTECTIVE_PUT,I021
2024-08-09,I021,QQQ,13,insurance,CLOSE,put,1,398.0,2025-01-17,3,450.41,6.714174129249017,6.546319776017791,6.8820284824802425,6.546319776017791,0.24153018731579065,-0.16294517794518582,1963.8959328053375,-52.306305969367735,52.306305969367735,INSURANCE_PARTIAL_MONETIZATION,I021
2024-11-27,I021,QQQ,13,insurance,CLOSE,put,1,398.0,2025-01-17,3,505.3,0.036553921211046614,0.026553921211046612,0.046553921211046616,0.026553921211046612,0.2382411467812036,-0.002650986907587348,7.966176363313984,-4.950000000000001,4.950000000000001,INSURANCE_RECOVERY_EXIT,I021
2024-12-20,I021,QQQ,14,insurance,OPEN,put,1,471.0,2025-06-20,1,518.66,9.634006642502442,9.39315647643988,9.874856808565003,9.874856808565003,0.21647590297028257,-0.20145815262445874,-987.4856808565003,-24.735016606256103,24.735016606256103,INSURANCE_MODEL_ENTRY_PROTECTIVE_PUT,I021
2025-06-10,I021,QQQ,14,insurance,CLOSE,put,1,471.0,2025-06-20,1,534.21,0.0025832530642407314,0.0,0.012583253064240732,0.0,0.23337780086482848,-0.0004716855687805458,0.0,-0.9083253064240732,0.9083253064240732,INSURANCE_DTE_ROLL,I021
2025-08-06,I021,QQQ,15,insurance,OPEN,put,1,510.0,2026-01-16,6,567.32,11.277936523625556,10.995988110534917,11.559884936716195,11.559884936716195,0.24479793592703325,-0.20062385342836614,-6935.930962029716,-173.06904785438334,173.06904785438334,INSURANCE_MODEL_ENTRY_PROTECTIVE_PUT,I021
2026-01-06,I021,QQQ,15,insurance,CLOSE,put,1,510.0,2026-01-16,6,623.42,2.0931346000179754e-06,0.0,0.010002093134600019,0.0,0.24859695710756793,-4.2826933384204215e-07,0.0,-3.901255880760011,3.901255880760011,INSURANCE_DTE_ROLL,I021
2017-05-19,I022,QQQ,1,insurance,OPEN,put,1,126.0,2017-11-17,13,137.84,1.8758913218723556,1.8289940388255468,1.9227886049191645,1.9227886049191645,0.16427213426527718,-0.19882607698391508,-2499.6251863949137,-69.4164679608515,69.4164679608515,INSURANCE_MODEL_ENTRY_PROTECTIVE_PUT,I022
2017-09-25,I022,QQQ,1,insurance,CLOSE,put,1,126.0,2017-11-17,13,142.8,0.11353831754092525,0.10353831754092525,0.12353831754092524,0.10353831754092525,0.17761811566413516,-0.02965713361682864,134.59981280320284,-21.449999999999996,21.449999999999996,INSURANCE_RECOVERY_EXIT,I022
2018-01-31,I022,QQQ,2,insurance,OPEN,put,1,155.0,2018-07-20,11,169.4,2.340350481499385,2.2818417194619007,2.3988592435368696,2.3988592435368696,0.17203061199993566,-0.1991704670427597,-2638.7451678905563,-71.5096382412329,71.5096382412329,INSURANCE_MODEL_ENTRY_PROTECTIVE_PUT,I022
2018-02-05,I022,QQQ,2,insurance,CLOSE,put,1,155.0,2018-07-20,3,158.12,6.535191251367806,6.37181147008361,6.698571032652001,6.37181147008361,0.19631786107511817,-0.4038605284165546,1911.543441025083,-50.96393438525865,50.96393438525865,INSURANCE_PARTIAL_MONETIZATION,I022
2018-02-14,I022,QQQ,2,insurance,CLOSE,put,1,155.0,2018-07-20,2,162.68,4.3413100149561075,4.232777264582205,4.44984276533001,4.232777264582205,0.1882485500716331,-0.31385560122896056,846.5554529164409,-23.006550074780574,23.006550074780574,INSURANCE_PARTIAL_MONETIZATION,I022
2018-07-10,I022,QQQ,2,insurance,CLOSE,put,1,155.0,2018-07-20,6,177.32,8.775053588688103e-05,0.0,0.010087750535886881,0.0,0.21279720279720277,-5.983335510130029e-05,0.0,-3.952650321532129,3.952650321532129,INSURANCE_DTE_ROLL,I022
2018-07-18,I022,QQQ,3,insurance,OPEN,put,1,164.0,2019-01-18,7,179.93,2.9105640975869704,2.837799995147296,2.983328200026645,2.983328200026645,0.18507397139962836,-0.20510975115454094,-2088.3297400186516,-55.484871707772044,55.484871707772044,INSURANCE_MODEL_ENTRY_PROTECTIVE_PUT,I022
2018-10-12,I022,QQQ,3,insurance,CLOSE,put,1,164.0,2019-01-18,2,174.32,3.2406559633414034,3.1596395642578683,3.3216723624249385,3.1596395642578683,0.21491820764636035,-0.2604833676706237,631.9279128515736,-17.503279816707018,17.503279816707018,INSURANCE_PARTIAL_MONETIZATION,I022
2018-10-18,I022,QQQ,3,insurance,CLOSE,put,1,164.0,2019-01-18,1,173.18,3.5422196850208394,3.4536641928953182,3.6307751771463606,3.4536641928953182,0.2212968274978234,-0.2800947896101419,345.36641928953185,-9.505549212552117,9.505549212552117,INSURANCE_PARTIAL_MONETIZATION,I022
2019-01-08,I022,QQQ,3,insurance,CLOSE,put,1,164.0,2019-01-18,4,159.52,6.46998719863862,6.308237518672654,6.631736878604586,6.308237518672654,0.3628486642189505,-0.6640484140337172,2523.2950074690616,-67.29987198638626,67.29987198638626,INSURANCE_DTE_ROLL,I022
2019-03-11,I022,QQQ,4,insurance,OPEN,put,1,156.0,2019-09-20,12,174.73,3.5732066107120346,3.483876445444234,3.6625367759798353,3.6625367759798353,0.2262889448060483,-0.20394411874247198,-4395.044131175802,-114.99619832136082,114.99619832136082,INSURANCE_MODEL_ENTRY_PROTECTIVE_PUT,I022
2019-05-17,I022,QQQ,4,insurance,CLOSE,put,1,156.0,2019-09-20,6,183.04,1.1703895710351233,1.1411298317592453,1.1996493103110013,1.1411298317592453,0.2278023369249841,-0.09608431459602733,684.6778990555472,-21.4558435655268,21.4558435655268,INSURANCE_PARTIAL_MONETIZATION,I022
2019-09-10,I022,QQQ,4,insurance,CLOSE,put,1,156.0,2019-09-20,6,190.64,1.4633164585467874e-05,0.0,0.010014633164585469,0.0,0.28223066533053337,-7.698017358285666e-06,0.0,-3.908779898751281,3.908779898751281,INSURANCE_DTE_ROLL,I022
2019-10-03,I022,QQQ,5,insurance,OPEN,put,1,164.0,2020-03-20,1,186.07,3.8672387302343125,3.7705577619784547,3.9639196984901703,3.9639196984901703,0.2534767039139052,-0.19856424798989253,-396.391969849017,-10.318096825585782,10.318096825585782,INSURANCE_MODEL_ENTRY_PROTECTIVE_PUT,I022
2020-03-10,I022,QQQ,5,insurance,CLOSE,put,1,164.0,2020-03-20,1,204.11,0.11119122491048605,0.10119122491048606,0.12119122491048605,0.10119122491048606,0.6198628281856864,-0.014530097640454856,10.119122491048605,-1.6499999999999995,1.6499999999999995,INSURANCE_DTE_ROLL,I022
2020-03-18,I022,QQQ,6,insurance,OPEN,put,1,140.0,2020-09-18,6,176.6,7.979289885070877,7.779807637944105,8.178772132197649,8.178772132197649,0.48169086132339994,-0.19907216711792994,-4907.263279318589,-123.58934827606326,123.58934827606326,INSURANCE_MODEL_ENTRY_PROTECTIVE_PUT,I022
2020-03-19,I022,QQQ,6,insurance,CLOSE,put,1,140.0,2020-09-18,3,177.66,7.931323703591076,7.733040611001299,8.129606796180854,7.733040611001299,0.48662579009072776,-0.1959493819065343,2319.91218330039,-61.43492777693302,61.43492777693302,INSURANCE_PARTIAL_MONETIZATION,I022
2020-09-08,I022,QQQ,6,insurance,CLOSE,put,1,140.0,2020-09-18,3,269.95,3.7652283374593855e-08,0.0,0.010000037652283375,0.0,0.7063964623078347,-7.019205237267337e-09,0.0,-1.9500112956850126,1.9500112956850126,INSURANCE_DTE_ROLL,I022
2020-09-16,I022,QQQ,7,insurance,OPEN,put,1,226.0,2021-03-19,2,274.61,9.47713800926256,9.240209559030996,9.714066459494125,9.714066459494125,0.3827483595490371,-0.19879467013126653,-1942.8132918988251,-48.68569004631294,48.68569004631294,INSURANCE_MODEL_ENTRY_PROTECTIVE_PUT,I022
2020-09-17,I022,QQQ,7,insurance,CLOSE,put,1,226.0,2021-03-19,1,270.32,10.088452521575384,9.836241208535998,10.34066383461477,9.836241208535998,0.37885721180705834,-0.213347551795719,983.6241208535998,-25.871131303938547,25.871131303938547,INSURANCE_PARTIAL_MONETIZATION,I022
2021-03-09,I022,QQQ,7,insurance,CLOSE,put,1,226.0,2021-03-19,1,311.77,4.01162503372624e-05,0.0,0.010040116250337263,0.0,0.45417018154408695,-7.960560213665718e-06,0.0,-0.6540116250337262,0.6540116250337262,INSURANCE_DTE_ROLL,I022
2021-03-17,I022,QQQ,8,insurance,OPEN,put,1,264.0,2021-09-17,6,321.9,11.811685979157659,11.516393829678718,12.1069781286366,12.1069781286366,0.3975927309898332,-0.20150672034675848,-7264.186877181959,-181.0752896873647,181.0752896873647,INSURANCE_MODEL_ENTRY_PROTECTIVE_PUT,I022
2021-09-07,I022,QQQ,8,insurance,CLOSE,put,1,264.0,2021-09-17,6,382.11,3.6388685028170566e-13,0.0,0.010000000000363886,0.0,0.30678087461725684,-1.3864954673325264e-13,0.0,-3.9000000002183324,3.9000000002183324,INSURANCE_DTE_ROLL,I022
2022-01-03,I022,QQQ,9,insurance,OPEN,put,1,345.0,2022-07-15,7,401.68,10.020526022557718,9.770012871993774,10.271039173121661,10.271039173121661,0.27887805812775457,-0.19943743460940735,-7189.727421185162,-179.9092053947603,179.9092053947603,INSURANCE_MODEL_ENTRY_PROTECTIVE_PUT,I022
2022-01-21,I022,QQQ,9,insurance,CLOSE,put,1,345.0,2022-07-15,2,351.69,22.0920191779731,21.53971869852377,22.64431965742243,21.53971869852377,0.26110525241849514,-0.42432230677928195,4307.943739704754,-111.76009588986578,111.76009588986578,INSURANCE_PARTIAL_MONETIZATION,I022
2022-01-27,I022,QQQ,9,insurance,CLOSE,put,1,345.0,2022-07-15,1,341.1,26.4781147866139,25.816161916948552,27.14006765627925,25.816161916948552,0.2608878399419678,-0.4922028409395856,2581.6161916948554,-66.8452869665349,66.8452869665349,INSURANCE_PARTIAL_MONETIZATION,I022
2022-07-05,I022,QQQ,9,insurance,CLOSE,put,1,345.0,2022-07-15,4,286.96,57.931171703970165,56.48289241137091,59.37945099656942,56.48289241137091,0.3486,-0.9990287409672054,22593.156964548365,-581.9117170397011,581.9117170397011,INSURANCE_DTE_ROLL,I022
2023-03-14,I022,QQQ,10,insurance,OPEN,put,1,250.0,2023-09-15,6,297.37,10.505736629273443,10.243093213541608,10.768380045005278,10.768380045005278,0.38851495670661423,-0.19924944124987237,-6461.028027003167,-161.4860494391012,161.4860494391012,INSURANCE_MODEL_ENTRY_PROTECTIVE_PUT,I022
2023-07-19,I022,QQQ,10,insurance,CLOSE,put,1,250.0,2023-09-15,6,385.65,0.011301849054841329,0.0013018490548413284,0.02130184905484133,0.0013018490548413284,0.35603438548897615,-0.0007347141555384501,0.781109432904797,-9.9,9.9,INSURANCE_RECOVERY_EXIT,I022
2023-09-27,I022,QQQ,11,insurance,OPEN,put,1,315.0,2024-03-15,1,355.04,8.30537575249231,8.097741358680002,8.513010146304618,8.513010146304618,0.2803944096952528,-0.19934221645236336,-851.3010146304617,-21.413439381230774,21.413439381230774,INSURANCE_MODEL_ENTRY_PROTECTIVE_PUT,I022
2023-12-11,I022,QQQ,11,insurance,CLOSE,put,1,315.0,2024-03-15,1,395.52,0.6795434818396267,0.6625548947936359,0.6965320688856174,0.6625548947936359,0.26266539086605567,-0.0313492919294773,66.25548947936359,-2.348858704599071,2.348858704599071,INSURANCE_RECOVERY_EXIT,I022
2024-08-06,I022,QQQ,12,insurance,OPEN,put,1,398.0,2025-01-17,8,439.53,8.52205767868739,8.309006236720204,8.735109120654574,8.735109120654574,0.2375981422275279,-0.20120933420099346,-6988.0872965236595,-175.64115357374777,175.64115357374777,INSURANCE_MODEL_ENTRY_PROTECTIVE_PUT,I022
2024-08-09,I022,QQQ,12,insurance,CLOSE,put,1,398.0,2025-01-17,4,450.41,6.714174129249017,6.546319776017791,6.8820284824802425,6.546319776017791,0.24153018731579065,-0.16294517794518582,2618.5279104071165,-69.7417412924903,69.7417412924903,INSURANCE_PARTIAL_MONETIZATION,I022
2024-11-27,I022,QQQ,12,insurance,CLOSE,put,1,398.0,2025-01-17,4,505.3,0.036553921211046614,0.026553921211046612,0.046553921211046616,0.026553921211046612,0.2382411467812036,-0.002650986907587348,10.621568484418646,-6.600000000000001,6.600000000000001,INSURANCE_RECOVERY_EXIT,I022
2024-12-20,I022,QQQ,13,insurance,OPEN,put,1,471.0,2025-06-20,1,518.66,9.634006642502442,9.39315647643988,9.874856808565003,9.874856808565003,0.21647590297028257,-0.20145815262445874,-987.4856808565003,-24.735016606256103,24.735016606256103,INSURANCE_MODEL_ENTRY_PROTECTIVE_PUT,I022
2025-06-10,I022,QQQ,13,insurance,CLOSE,put,1,471.0,2025-06-20,1,534.21,0.0025832530642407314,0.0,0.012583253064240732,0.0,0.23337780086482848,-0.0004716855687805458,0.0,-0.9083253064240732,0.9083253064240732,INSURANCE_DTE_ROLL,I022
2025-08-06,I022,QQQ,14,insurance,OPEN,put,1,510.0,2026-01-16,7,567.32,11.277936523625556,10.995988110534917,11.559884936716195,11.559884936716195,0.24479793592703325,-0.20062385342836614,-8091.919455701336,-201.91388916344724,201.91388916344724,INSURANCE_MODEL_ENTRY_PROTECTIVE_PUT,I022
2026-01-06,I022,QQQ,14,insurance,CLOSE,put,1,510.0,2026-01-16,7,623.42,2.0931346000179754e-06,0.0,0.010002093134600019,0.0,0.24859695710756793,-4.2826933384204215e-07,0.0,-4.551465194220013,4.551465194220013,INSURANCE_DTE_ROLL,I022
2017-05-19,I023,QQQ,1,insurance,OPEN,put,1,126.0,2017-11-17,13,137.84,1.8758913218723556,1.8289940388255468,1.9227886049191645,1.9227886049191645,0.16427213426527718,-0.19882607698391508,-2499.6251863949137,-69.4164679608515,69.4164679608515,INSURANCE_MODEL_ENTRY_PROTECTIVE_PUT,I023
2017-09-25,I023,QQQ,1,insurance,CLOSE,put,1,126.0,2017-11-17,13,142.8,0.11353831754092525,0.10353831754092525,0.12353831754092524,0.10353831754092525,0.17761811566413516,-0.02965713361682864,134.59981280320284,-21.449999999999996,21.449999999999996,INSURANCE_RECOVERY_EXIT,I023
2018-01-31,I023,QQQ,2,insurance,OPEN,put,1,155.0,2018-07-20,11,169.4,2.340350481499385,2.2818417194619007,2.3988592435368696,2.3988592435368696,0.17203061199993566,-0.1991704670427597,-2638.7451678905563,-71.5096382412329,71.5096382412329,INSURANCE_MODEL_ENTRY_PROTECTIVE_PUT,I023
2018-02-05,I023,QQQ,2,insurance,CLOSE,put,1,155.0,2018-07-20,3,158.12,6.535191251367806,6.37181147008361,6.698571032652001,6.37181147008361,0.19631786107511817,-0.4038605284165546,1911.543441025083,-50.96393438525865,50.96393438525865,INSURANCE_PARTIAL_MONETIZATION,I023
2018-02-14,I023,QQQ,2,insurance,CLOSE,put,1,155.0,2018-07-20,2,162.68,4.3413100149561075,4.232777264582205,4.44984276533001,4.232777264582205,0.1882485500716331,-0.31385560122896056,846.5554529164409,-23.006550074780574,23.006550074780574,INSURANCE_PARTIAL_MONETIZATION,I023
2018-07-10,I023,QQQ,2,insurance,CLOSE,put,1,155.0,2018-07-20,6,177.32,8.775053588688103e-05,0.0,0.010087750535886881,0.0,0.21279720279720277,-5.983335510130029e-05,0.0,-3.952650321532129,3.952650321532129,INSURANCE_DTE_ROLL,I023
2018-07-18,I023,QQQ,3,insurance,OPEN,put,1,164.0,2019-01-18,11,179.93,2.9105640975869704,2.837799995147296,2.983328200026645,2.983328200026645,0.18507397139962836,-0.20510975115454094,-3281.6610200293094,-87.19051268364178,87.19051268364178,INSURANCE_MODEL_ENTRY_PROTECTIVE_PUT,I023
2018-10-12,I023,QQQ,3,insurance,CLOSE,put,1,164.0,2019-01-18,3,174.32,3.2406559633414034,3.1596395642578683,3.3216723624249385,3.1596395642578683,0.21491820764636035,-0.2604833676706237,947.8918692773605,-26.254919725060525,26.254919725060525,INSURANCE_PARTIAL_MONETIZATION,I023
2018-10-18,I023,QQQ,3,insurance,CLOSE,put,1,164.0,2019-01-18,2,173.18,3.5422196850208394,3.4536641928953182,3.6307751771463606,3.4536641928953182,0.2212968274978234,-0.2800947896101419,690.7328385790637,-19.011098425104233,19.011098425104233,INSURANCE_PARTIAL_MONETIZATION,I023
2019-01-08,I023,QQQ,3,insurance,CLOSE,put,1,164.0,2019-01-18,6,159.52,6.46998719863862,6.308237518672654,6.631736878604586,6.308237518672654,0.3628486642189505,-0.6640484140337172,3784.9425112035924,-100.94980797957942,100.94980797957942,INSURANCE_DTE_ROLL,I023
2019-03-11,I023,QQQ,4,insurance,OPEN,put,1,156.0,2019-09-20,12,174.73,3.5732066107120346,3.483876445444234,3.6625367759798353,3.6625367759798353,0.2262889448060483,-0.20394411874247198,-4395.044131175802,-114.99619832136082,114.99619832136082,INSURANCE_MODEL_ENTRY_PROTECTIVE_PUT,I023
2019-05-17,I023,QQQ,4,insurance,CLOSE,put,1,156.0,2019-09-20,6,183.04,1.1703895710351233,1.1411298317592453,1.1996493103110013,1.1411298317592453,0.2278023369249841,-0.09608431459602733,684.6778990555472,-21.4558435655268,21.4558435655268,INSURANCE_PARTIAL_MONETIZATION,I023
2019-09-10,I023,QQQ,4,insurance,CLOSE,put,1,156.0,2019-09-20,6,190.64,1.4633164585467874e-05,0.0,0.010014633164585469,0.0,0.28223066533053337,-7.698017358285666e-06,0.0,-3.908779898751281,3.908779898751281,INSURANCE_DTE_ROLL,I023
2019-10-03,I023,QQQ,5,insurance,OPEN,put,1,164.0,2020-03-20,5,186.07,3.8672387302343125,3.7705577619784547,3.9639196984901703,3.9639196984901703,0.2534767039139052,-0.19856424798989253,-1981.959849245085,-51.5904841279289,51.5904841279289,INSURANCE_MODEL_ENTRY_PROTECTIVE_PUT,I023
2020-02-27,I023,QQQ,5,insurance,CLOSE,put,1,164.0,2020-03-20,1,205.64,0.41095689250552336,0.4006829701928853,0.42123081481816144,0.4006829701928853,0.5345312196070803,-0.03645001591780153,40.06829701928853,-1.6773922312638074,1.6773922312638074,INSURANCE_PARTIAL_MONETIZATION,I023
2020-03-10,I023,QQQ,5,insurance,CLOSE,put,1,164.0,2020-03-20,4,204.11,0.11119122491048605,0.10119122491048606,0.12119122491048605,0.10119122491048606,0.6198628281856864,-0.014530097640454856,40.47648996419442,-6.599999999999998,6.599999999999998,INSURANCE_DTE_ROLL,I023
2020-03-18,I023,QQQ,6,insurance,OPEN,put,1,140.0,2020-09-18,7,176.6,7.979289885070877,7.779807637944105,8.178772132197649,8.178772132197649,0.48169086132339994,-0.19907216711792994,-5725.140492538354,-144.18757298874047,144.18757298874047,INSURANCE_MODEL_ENTRY_PROTECTIVE_PUT,I023
2020-03-19,I023,QQQ,6,insurance,CLOSE,put,1,140.0,2020-09-18,3,177.66,7.931323703591076,7.733040611001299,8.129606796180854,7.733040611001299,0.48662579009072776,-0.1959493819065343,2319.91218330039,-61.43492777693302,61.43492777693302,INSURANCE_PARTIAL_MONETIZATION,I023
2020-09-08,I023,QQQ,6,insurance,CLOSE,put,1,140.0,2020-09-18,4,269.95,3.7652283374593855e-08,0.0,0.010000037652283375,0.0,0.7063964623078347,-7.019205237267337e-09,0.0,-2.60001506091335,2.60001506091335,INSURANCE_DTE_ROLL,I023
2020-09-16,I023,QQQ,7,insurance,OPEN,put,1,226.0,2021-03-19,2,274.61,9.47713800926256,9.240209559030996,9.714066459494125,9.714066459494125,0.3827483595490371,-0.19879467013126653,-1942.8132918988251,-48.68569004631294,48.68569004631294,INSURANCE_MODEL_ENTRY_PROTECTIVE_PUT,I023
2020-09-17,I023,QQQ,7,insurance,CLOSE,put,1,226.0,2021-03-19,1,270.32,10.088452521575384,9.836241208535998,10.34066383461477,9.836241208535998,0.37885721180705834,-0.213347551795719,983.6241208535998,-25.871131303938547,25.871131303938547,INSURANCE_PARTIAL_MONETIZATION,I023
2021-03-09,I023,QQQ,7,insurance,CLOSE,put,1,226.0,2021-03-19,1,311.77,4.01162503372624e-05,0.0,0.010040116250337263,0.0,0.45417018154408695,-7.960560213665718e-06,0.0,-0.6540116250337262,0.6540116250337262,INSURANCE_DTE_ROLL,I023
2021-03-17,I023,QQQ,8,insurance,OPEN,put,1,264.0,2021-09-17,7,321.9,11.811685979157659,11.516393829678718,12.1069781286366,12.1069781286366,0.3975927309898332,-0.20150672034675848,-8474.88469004562,-211.2545046352588,211.2545046352588,INSURANCE_MODEL_ENTRY_PROTECTIVE_PUT,I023
2021-09-07,I023,QQQ,8,insurance,CLOSE,put,1,264.0,2021-09-17,7,382.11,3.6388685028170566e-13,0.0,0.010000000000363886,0.0,0.30678087461725684,-1.3864954673325264e-13,0.0,-4.5500000002547205,4.5500000002547205,INSURANCE_DTE_ROLL,I023
2021-09-23,I023,QQQ,9,insurance,OPEN,put,1,317.0,2022-03-18,1,372.98,10.072688045401861,9.820870844266814,10.324505246536908,10.324505246536908,0.3146282620341574,-0.19893790211232407,-1032.4505246536908,-25.831720113504723,25.831720113504723,INSURANCE_MODEL_ENTRY_PROTECTIVE_PUT,I023
2022-03-08,I023,QQQ,9,insurance,CLOSE,put,1,317.0,2022-03-18,1,323.35,5.487331800391033,5.350148505381257,5.624515095400809,5.350148505381257,0.39139964434822955,-0.36765704116634457,535.0148505381256,-14.3683295009776,14.3683295009776,INSURANCE_DTE_ROLL,I023
2022-08-23,I023,QQQ,10,insurance,OPEN,put,1,265.0,2023-02-17,8,314.1,10.102830024732725,9.850259274114407,10.355400775351043,10.355400775351043,0.3633048802277972,-0.19997878144415482,-8284.320620280834,-207.2566004946545,207.2566004946545,INSURANCE_MODEL_ENTRY_PROTECTIVE_PUT,I023
2022-09-09,I023,QQQ,10,insurance,CLOSE,put,1,265.0,2023-02-17,4,307.09,10.17298608049947,9.918661428486983,10.427310732511957,9.918661428486983,0.35842276997584266,-0.2160236775510057,3967.464571394793,-104.32986080499484,104.32986080499484,INSURANCE_PARTIAL_MONETIZATION,I023
2023-02-07,I023,QQQ,10,insurance,CLOSE,put,1,265.0,2023-02-17,4,309.88,0.004349829079671408,0.0,0.014349829079671408,0.0,0.3099106751000387,-0.0009768474052044614,0.0,-4.339931631868563,4.339931631868563,INSURANCE_DTE_ROLL,I023
2023-03-14,I023,QQQ,11,insurance,OPEN,put,1,250.0,2023-09-15,7,297.37,10.505736629273443,10.243093213541608,10.768380045005278,10.768380045005278,0.38851495670661423,-0.19924944124987237,-7537.866031503695,-188.40039101228476,188.40039101228476,INSURANCE_MODEL_ENTRY_PROTECTIVE_PUT,I023
2023-07-19,I023,QQQ,11,insurance,CLOSE,put,1,250.0,2023-09-15,7,385.65,0.011301849054841329,0.0013018490548413284,0.02130184905484133,0.0013018490548413284,0.35603438548897615,-0.0007347141555384501,0.9112943383889298,-11.55,11.55,INSURANCE_RECOVERY_EXIT,I023
2023-09-27,I023,QQQ,12,insurance,OPEN,put,1,315.0,2024-03-15,1,355.04,8.30537575249231,8.097741358680002,8.513010146304618,8.513010146304618,0.2803944096952528,-0.19934221645236336,-851.3010146304617,-21.413439381230774,21.413439381230774,INSURANCE_MODEL_ENTRY_PROTECTIVE_PUT,I023
2023-12-11,I023,QQQ,12,insurance,CLOSE,put,1,315.0,2024-03-15,1,395.52,0.6795434818396267,0.6625548947936359,0.6965320688856174,0.6625548947936359,0.26266539086605567,-0.0313492919294773,66.25548947936359,-2.348858704599071,2.348858704599071,INSURANCE_RECOVERY_EXIT,I023
2024-08-06,I023,QQQ,13,insurance,OPEN,put,1,398.0,2025-01-17,7,439.53,8.52205767868739,8.309006236720204,8.735109120654574,8.735109120654574,0.2375981422275279,-0.20120933420099346,-6114.576384458202,-153.68600937702934,153.68600937702934,INSURANCE_MODEL_ENTRY_PROTECTIVE_PUT,I023
2024-08-09,I023,QQQ,13,insurance,CLOSE,put,1,398.0,2025-01-17,3,450.41,6.714174129249017,6.546319776017791,6.8820284824802425,6.546319776017791,0.24153018731579065,-0.16294517794518582,1963.8959328053375,-52.306305969367735,52.306305969367735,INSURANCE_PARTIAL_MONETIZATION,I023
2024-11-27,I023,QQQ,13,insurance,CLOSE,put,1,398.0,2025-01-17,4,505.3,0.036553921211046614,0.026553921211046612,0.046553921211046616,0.026553921211046612,0.2382411467812036,-0.002650986907587348,10.621568484418646,-6.600000000000001,6.600000000000001,INSURANCE_RECOVERY_EXIT,I023
2024-12-20,I023,QQQ,14,insurance,OPEN,put,1,471.0,2025-06-20,4,518.66,9.634006642502442,9.39315647643988,9.874856808565003,9.874856808565003,0.21647590297028257,-0.20145815262445874,-3949.942723426001,-98.94006642502441,98.94006642502441,INSURANCE_MODEL_ENTRY_PROTECTIVE_PUT,I023
2025-03-13,I023,QQQ,14,insurance,CLOSE,put,1,471.0,2025-06-20,1,468.34,20.75960074696357,20.240610728289482,21.27859076563766,20.240610728289482,0.22493430151935476,-0.460654041445937,2024.0610728289482,-52.549001867408855,52.549001867408855,INSURANCE_PARTIAL_MONETIZATION,I023
2025-04-15,I023,QQQ,14,insurance,CLOSE,put,1,471.0,2025-06-20,1,457.99,36.7104369932114,35.79267606838112,37.628197918041685,35.79267606838112,0.40241527784868,-0.5150550345768087,3579.267606838112,-92.4260924830283,92.4260924830283,INSURANCE_PARTIAL_MONETIZATION,I023
2025-06-10,I023,QQQ,14,insurance,CLOSE,put,1,471.0,2025-06-20,2,534.21,0.0025832530642407314,0.0,0.012583253064240732,0.0,0.23337780086482848,-0.0004716855687805458,0.0,-1.8166506128481463,1.8166506128481463,INSURANCE_DTE_ROLL,I023
2025-08-06,I023,QQQ,15,insurance,OPEN,put,1,510.0,2026-01-16,7,567.32,11.277936523625556,10.995988110534917,11.559884936716195,11.559884936716195,0.24479793592703325,-0.20062385342836614,-8091.919455701336,-201.91388916344724,201.91388916344724,INSURANCE_MODEL_ENTRY_PROTECTIVE_PUT,I023
2026-01-06,I023,QQQ,15,insurance,CLOSE,put,1,510.0,2026-01-16,7,623.42,2.0931346000179754e-06,0.0,0.010002093134600019,0.0,0.24859695710756793,-4.2826933384204215e-07,0.0,-4.551465194220013,4.551465194220013,INSURANCE_DTE_ROLL,I023
2017-05-19,I024,QQQ,1,insurance,OPEN,put,1,126.0,2017-11-17,13,137.84,1.8758913218723556,1.8289940388255468,1.9227886049191645,1.9227886049191645,0.16427213426527718,-0.19882607698391508,-2499.6251863949137,-69.4164679608515,69.4164679608515,INSURANCE_MODEL_ENTRY_PROTECTIVE_PUT,I024
2017-09-25,I024,QQQ,1,insurance,CLOSE,put,1,126.0,2017-11-17,13,142.8,0.11353831754092525,0.10353831754092525,0.12353831754092524,0.10353831754092525,0.17761811566413516,-0.02965713361682864,134.59981280320284,-21.449999999999996,21.449999999999996,INSURANCE_RECOVERY_EXIT,I024
2018-01-31,I024,QQQ,2,insurance,OPEN,put,1,155.0,2018-07-20,11,169.4,2.340350481499385,2.2818417194619007,2.3988592435368696,2.3988592435368696,0.17203061199993566,-0.1991704670427597,-2638.7451678905563,-71.5096382412329,71.5096382412329,INSURANCE_MODEL_ENTRY_PROTECTIVE_PUT,I024
2018-02-05,I024,QQQ,2,insurance,CLOSE,put,1,155.0,2018-07-20,3,158.12,6.535191251367806,6.37181147008361,6.698571032652001,6.37181147008361,0.19631786107511817,-0.4038605284165546,1911.543441025083,-50.96393438525865,50.96393438525865,INSURANCE_PARTIAL_MONETIZATION,I024
2018-02-14,I024,QQQ,2,insurance,CLOSE,put,1,155.0,2018-07-20,2,162.68,4.3413100149561075,4.232777264582205,4.44984276533001,4.232777264582205,0.1882485500716331,-0.31385560122896056,846.5554529164409,-23.006550074780574,23.006550074780574,INSURANCE_PARTIAL_MONETIZATION,I024
2018-07-10,I024,QQQ,2,insurance,CLOSE,put,1,155.0,2018-07-20,6,177.32,8.775053588688103e-05,0.0,0.010087750535886881,0.0,0.21279720279720277,-5.983335510130029e-05,0.0,-3.952650321532129,3.952650321532129,INSURANCE_DTE_ROLL,I024
2018-07-18,I024,QQQ,3,insurance,OPEN,put,1,164.0,2019-01-18,11,179.93,2.9105640975869704,2.837799995147296,2.983328200026645,2.983328200026645,0.18507397139962836,-0.20510975115454094,-3281.6610200293094,-87.19051268364178,87.19051268364178,INSURANCE_MODEL_ENTRY_PROTECTIVE_PUT,I024
2018-10-12,I024,QQQ,3,insurance,CLOSE,put,1,164.0,2019-01-18,3,174.32,3.2406559633414034,3.1596395642578683,3.3216723624249385,3.1596395642578683,0.21491820764636035,-0.2604833676706237,947.8918692773605,-26.254919725060525,26.254919725060525,INSURANCE_PARTIAL_MONETIZATION,I024
2018-10-18,I024,QQQ,3,insurance,CLOSE,put,1,164.0,2019-01-18,2,173.18,3.5422196850208394,3.4536641928953182,3.6307751771463606,3.4536641928953182,0.2212968274978234,-0.2800947896101419,690.7328385790637,-19.011098425104233,19.011098425104233,INSURANCE_PARTIAL_MONETIZATION,I024
2019-01-08,I024,QQQ,3,insurance,CLOSE,put,1,164.0,2019-01-18,6,159.52,6.46998719863862,6.308237518672654,6.631736878604586,6.308237518672654,0.3628486642189505,-0.6640484140337172,3784.9425112035924,-100.94980797957942,100.94980797957942,INSURANCE_DTE_ROLL,I024
2019-03-11,I024,QQQ,4,insurance,OPEN,put,1,156.0,2019-09-20,12,174.73,3.5732066107120346,3.483876445444234,3.6625367759798353,3.6625367759798353,0.2262889448060483,-0.20394411874247198,-4395.044131175802,-114.99619832136082,114.99619832136082,INSURANCE_MODEL_ENTRY_PROTECTIVE_PUT,I024
2019-05-17,I024,QQQ,4,insurance,CLOSE,put,1,156.0,2019-09-20,6,183.04,1.1703895710351233,1.1411298317592453,1.1996493103110013,1.1411298317592453,0.2278023369249841,-0.09608431459602733,684.6778990555472,-21.4558435655268,21.4558435655268,INSURANCE_PARTIAL_MONETIZATION,I024
2019-09-10,I024,QQQ,4,insurance,CLOSE,put,1,156.0,2019-09-20,6,190.64,1.4633164585467874e-05,0.0,0.010014633164585469,0.0,0.28223066533053337,-7.698017358285666e-06,0.0,-3.908779898751281,3.908779898751281,INSURANCE_DTE_ROLL,I024
2019-10-03,I024,QQQ,5,insurance,OPEN,put,1,164.0,2020-03-20,8,186.07,3.8672387302343125,3.7705577619784547,3.9639196984901703,3.9639196984901703,0.2534767039139052,-0.19856424798989253,-3171.135758792136,-82.54477460468625,82.54477460468625,INSURANCE_MODEL_ENTRY_PROTECTIVE_PUT,I024
2020-02-27,I024,QQQ,5,insurance,CLOSE,put,1,164.0,2020-03-20,2,205.64,0.41095689250552336,0.4006829701928853,0.42123081481816144,0.4006829701928853,0.5345312196070803,-0.03645001591780153,80.13659403857706,-3.354784462527615,3.354784462527615,INSURANCE_PARTIAL_MONETIZATION,I024
2020-03-10,I024,QQQ,5,insurance,CLOSE,put,1,164.0,2020-03-20,6,204.11,0.11119122491048605,0.10119122491048606,0.12119122491048605,0.10119122491048606,0.6198628281856864,-0.014530097640454856,60.71473494629163,-9.899999999999999,9.899999999999999,INSURANCE_DTE_ROLL,I024
2020-03-18,I024,QQQ,6,insurance,OPEN,put,1,140.0,2020-09-18,9,176.6,7.979289885070877,7.779807637944105,8.178772132197649,8.178772132197649,0.48169086132339994,-0.19907216711792994,-7360.894918977883,-185.3840224140949,185.3840224140949,INSURANCE_MODEL_ENTRY_PROTECTIVE_PUT,I024
2020-03-19,I024,QQQ,6,insurance,CLOSE,put,1,140.0,2020-09-18,4,177.66,7.931323703591076,7.733040611001299,8.129606796180854,7.733040611001299,0.48662579009072776,-0.1959493819065343,3093.21624440052,-81.91323703591068,81.91323703591068,INSURANCE_PARTIAL_MONETIZATION,I024
2020-09-08,I024,QQQ,6,insurance,CLOSE,put,1,140.0,2020-09-18,5,269.95,3.7652283374593855e-08,0.0,0.010000037652283375,0.0,0.7063964623078347,-7.019205237267337e-09,0.0,-3.2500188261416874,3.2500188261416874,INSURANCE_DTE_ROLL,I024
2020-09-16,I024,QQQ,7,insurance,OPEN,put,1,226.0,2021-03-19,3,274.61,9.47713800926256,9.240209559030996,9.714066459494125,9.714066459494125,0.3827483595490371,-0.19879467013126653,-2914.219937848238,-73.02853506946941,73.02853506946941,INSURANCE_MODEL_ENTRY_PROTECTIVE_PUT,I024
2020-09-17,I024,QQQ,7,insurance,CLOSE,put,1,226.0,2021-03-19,1,270.32,10.088452521575384,9.836241208535998,10.34066383461477,9.836241208535998,0.37885721180705834,-0.213347551795719,983.6241208535998,-25.871131303938547,25.871131303938547,INSURANCE_PARTIAL_MONETIZATION,I024
2021-03-09,I024,QQQ,7,insurance,CLOSE,put,1,226.0,2021-03-19,2,311.77,4.01162503372624e-05,0.0,0.010040116250337263,0.0,0.45417018154408695,-7.960560213665718e-06,0.0,-1.3080232500674525,1.3080232500674525,INSURANCE_DTE_ROLL,I024
2021-03-17,I024,QQQ,8,insurance,OPEN,put,1,264.0,2021-09-17,9,321.9,11.811685979157659,11.516393829678718,12.1069781286366,12.1069781286366,0.3975927309898332,-0.20150672034675848,-10896.28031577294,-271.612934531047,271.612934531047,INSURANCE_MODEL_ENTRY_PROTECTIVE_PUT,I024
2021-09-07,I024,QQQ,8,insurance,CLOSE,put,1,264.0,2021-09-17,9,382.11,3.6388685028170566e-13,0.0,0.010000000000363886,0.0,0.30678087461725684,-1.3864954673325264e-13,0.0,-5.850000000327499,5.850000000327499,INSURANCE_DTE_ROLL,I024
2022-01-03,I024,QQQ,9,insurance,OPEN,put,1,345.0,2022-07-15,11,401.68,10.020526022557718,9.770012871993774,10.271039173121661,10.271039173121661,0.27887805812775457,-0.19943743460940735,-11298.143090433827,-282.7144656203376,282.7144656203376,INSURANCE_MODEL_ENTRY_PROTECTIVE_PUT,I024
2022-01-21,I024,QQQ,9,insurance,CLOSE,put,1,345.0,2022-07-15,3,351.69,22.0920191779731,21.53971869852377,22.64431965742243,21.53971869852377,0.26110525241849514,-0.42432230677928195,6461.915609557131,-167.64014383479866,167.64014383479866,INSURANCE_PARTIAL_MONETIZATION,I024
2022-01-27,I024,QQQ,9,insurance,CLOSE,put,1,345.0,2022-07-15,2,341.1,26.4781147866139,25.816161916948552,27.14006765627925,25.816161916948552,0.2608878399419678,-0.4922028409395856,5163.232383389711,-133.6905739330698,133.6905739330698,INSURANCE_PARTIAL_MONETIZATION,I024
2022-07-05,I024,QQQ,9,insurance,CLOSE,put,1,345.0,2022-07-15,6,286.96,57.931171703970165,56.48289241137091,59.37945099656942,56.48289241137091,0.3486,-0.9990287409672054,33889.735446822546,-872.8675755595516,872.8675755595516,INSURANCE_DTE_ROLL,I024
2023-03-14,I024,QQQ,10,insurance,OPEN,put,1,250.0,2023-09-15,9,297.37,10.505736629273443,10.243093213541608,10.768380045005278,10.768380045005278,0.38851495670661423,-0.19924944124987237,-9691.542040504752,-242.22907415865183,242.22907415865183,INSURANCE_MODEL_ENTRY_PROTECTIVE_PUT,I024
2023-07-19,I024,QQQ,10,insurance,CLOSE,put,1,250.0,2023-09-15,9,385.65,0.011301849054841329,0.0013018490548413284,0.02130184905484133,0.0013018490548413284,0.35603438548897615,-0.0007347141555384501,1.1716641493571955,-14.850000000000001,14.850000000000001,INSURANCE_RECOVERY_EXIT,I024
2023-09-27,I024,QQQ,11,insurance,OPEN,put,1,315.0,2024-03-15,1,355.04,8.30537575249231,8.097741358680002,8.513010146304618,8.513010146304618,0.2803944096952528,-0.19934221645236336,-851.3010146304617,-21.413439381230774,21.413439381230774,INSURANCE_MODEL_ENTRY_PROTECTIVE_PUT,I024
2023-12-11,I024,QQQ,11,insurance,CLOSE,put,1,315.0,2024-03-15,1,395.52,0.6795434818396267,0.6625548947936359,0.6965320688856174,0.6625548947936359,0.26266539086605567,-0.0313492919294773,66.25548947936359,-2.348858704599071,2.348858704599071,INSURANCE_RECOVERY_EXIT,I024
2024-08-06,I024,QQQ,12,insurance,OPEN,put,1,398.0,2025-01-17,8,439.53,8.52205767868739,8.309006236720204,8.735109120654574,8.735109120654574,0.2375981422275279,-0.20120933420099346,-6988.0872965236595,-175.64115357374777,175.64115357374777,INSURANCE_MODEL_ENTRY_PROTECTIVE_PUT,I024
2024-08-09,I024,QQQ,12,insurance,CLOSE,put,1,398.0,2025-01-17,4,450.41,6.714174129249017,6.546319776017791,6.8820284824802425,6.546319776017791,0.24153018731579065,-0.16294517794518582,2618.5279104071165,-69.7417412924903,69.7417412924903,INSURANCE_PARTIAL_MONETIZATION,I024
2024-11-27,I024,QQQ,12,insurance,CLOSE,put,1,398.0,2025-01-17,4,505.3,0.036553921211046614,0.026553921211046612,0.046553921211046616,0.026553921211046612,0.2382411467812036,-0.002650986907587348,10.621568484418646,-6.600000000000001,6.600000000000001,INSURANCE_RECOVERY_EXIT,I024
2024-12-20,I024,QQQ,13,insurance,OPEN,put,1,471.0,2025-06-20,6,518.66,9.634006642502442,9.39315647643988,9.874856808565003,9.874856808565003,0.21647590297028257,-0.20145815262445874,-5924.914085139002,-148.41009963753663,148.41009963753663,INSURANCE_MODEL_ENTRY_PROTECTIVE_PUT,I024
2025-03-13,I024,QQQ,13,insurance,CLOSE,put,1,471.0,2025-06-20,2,468.34,20.75960074696357,20.240610728289482,21.27859076563766,20.240610728289482,0.22493430151935476,-0.460654041445937,4048.1221456578965,-105.09800373481771,105.09800373481771,INSURANCE_PARTIAL_MONETIZATION,I024
2025-04-15,I024,QQQ,13,insurance,CLOSE,put,1,471.0,2025-06-20,1,457.99,36.7104369932114,35.79267606838112,37.628197918041685,35.79267606838112,0.40241527784868,-0.5150550345768087,3579.267606838112,-92.4260924830283,92.4260924830283,INSURANCE_PARTIAL_MONETIZATION,I024
2025-06-10,I024,QQQ,13,insurance,CLOSE,put,1,471.0,2025-06-20,3,534.21,0.0025832530642407314,0.0,0.012583253064240732,0.0,0.23337780086482848,-0.0004716855687805458,0.0,-2.72497591927222,2.72497591927222,INSURANCE_DTE_ROLL,I024
2025-08-06,I024,QQQ,14,insurance,OPEN,put,1,510.0,2026-01-16,7,567.32,11.277936523625556,10.995988110534917,11.559884936716195,11.559884936716195,0.24479793592703325,-0.20062385342836614,-8091.919455701336,-201.91388916344724,201.91388916344724,INSURANCE_MODEL_ENTRY_PROTECTIVE_PUT,I024
2026-01-06,I024,QQQ,14,insurance,CLOSE,put,1,510.0,2026-01-16,7,623.42,2.0931346000179754e-06,0.0,0.010002093134600019,0.0,0.24859695710756793,-4.2826933384204215e-07,0.0,-4.551465194220013,4.551465194220013,INSURANCE_DTE_ROLL,I024
